step,Df,Da,EeIndex8,Rudder,TrueVwr,Me1Sw_com_temp,Me1Nms,Me1Load,Me1Main_brg_lo_in_press,Me1Axial_vib,Me1Main_brg_lo_in_temp,Me1Thrust_bearing_pad_temp
0,0.961726,0.601504,0.964725,0.498683,0.287677,0.828571,0.195373,0.070805,0.200000,0.876289,0.563750,0.047231
1,0.976384,0.586466,0.962203,0.498654,0.256106,0.826071,0.195509,0.070805,0.200000,0.875430,0.562500,0.053478
2,0.962541,0.570175,0.959533,0.497196,0.250512,0.821429,0.195373,0.070805,0.200000,0.874570,0.562500,0.053478
3,0.962541,0.577694,0.957323,0.497196,0.216173,0.837500,0.194907,0.070805,0.200000,0.875430,0.562500,0.053478
4,0.958469,0.606516,0.956344,0.497196,0.201385,0.821429,0.194325,0.071003,0.200000,0.874570,0.562500,0.053478
5,0.946254,0.634085,0.875380,0.497300,0.172861,0.821429,0.395353,0.000082,0.200000,0.176117,0.562500,0.059442
6,0.938111,0.666667,0.904462,0.498579,0.138355,0.821429,0.406771,0.000000,0.200000,0.000000,0.562500,0.062944
7,0.923453,0.685464,0.933544,0.498609,0.258211,0.821429,0.406771,0.000000,0.200000,0.000000,0.609375,0.065310
8,0.941368,0.646617,0.962626,0.461256,0.276156,0.821429,0.445399,0.017751,0.200000,0.129725,0.625000,0.067866
9,0.961726,0.645363,0.991708,0.021540,0.302077,0.821429,0.649192,0.105137,0.200000,0.863402,0.625000,0.067676
10,0.986971,0.639098,0.991990,0.004165,0.308003,0.821429,0.642208,0.092425,0.200000,0.831615,0.625000,0.079981
11,0.984528,0.641604,0.985908,0.067864,0.389587,0.821429,0.597022,0.068714,0.200000,0.731959,0.625000,0.092570
12,0.998371,0.661654,0.979655,0.500171,0.373415,0.821429,0.407091,0.000000,0.200000,0.002577,0.625000,0.109796
13,0.981270,0.649123,0.973403,0.500171,0.339130,0.821429,0.406771,0.000000,0.200000,0.000000,0.625000,0.110270
14,0.966612,0.647870,0.967150,0.499755,0.307671,0.836071,0.406771,0.000000,0.200000,0.000000,0.686250,0.105632
15,0.974756,0.642857,0.960898,0.596061,0.311327,0.857143,0.544589,0.069241,0.200000,0.462199,0.687500,0.100805
16,0.983713,0.639098,0.935250,0.994600,0.322238,0.838214,0.453548,0.015182,0.200000,0.235395,0.683125,0.096356
17,0.979642,0.646617,0.937355,1.000000,0.287953,0.821429,0.406771,0.000000,0.200000,0.000000,0.625000,0.100805
18,0.977199,0.647870,0.939459,1.000000,0.283412,0.821429,0.406771,0.000000,0.200000,0.000000,0.625000,0.095599
19,0.976384,0.650376,0.941564,0.999851,0.295431,0.821429,0.406771,0.000000,0.200000,0.000000,0.625000,0.090204
20,0.973127,0.664160,0.943669,0.998736,0.278150,0.821429,0.406771,0.000000,0.200000,0.000000,0.614375,0.081874
21,0.986156,0.657895,0.945773,0.703941,0.314927,0.821429,0.406771,0.000000,0.200000,0.000000,0.562500,0.080549
22,0.973941,0.641604,0.947878,0.493774,0.321241,0.822500,0.406771,0.000000,0.200000,0.000000,0.562500,0.072409
23,0.982899,0.645363,0.949983,0.167383,0.264414,0.837500,0.406771,0.000000,0.200000,0.000000,0.562500,0.070232
24,0.978013,0.639098,0.952087,0.000000,0.307560,0.838214,0.406771,0.000000,0.200000,0.000000,0.512500,0.062944
25,0.971498,0.645363,0.954192,0.000937,0.330435,0.855357,0.406771,0.000000,0.200000,0.000000,0.500000,0.061524
26,0.988599,0.660401,0.956297,0.005296,0.309000,0.876071,0.406771,0.000000,0.200000,0.000000,0.500000,0.053478
27,0.986971,0.657895,0.958401,0.016750,0.274495,0.892857,0.406771,0.000000,0.200000,0.000000,0.500000,0.053478
28,0.978827,0.642857,0.960506,0.015843,0.315536,0.860714,0.406771,0.000000,0.200000,0.000000,0.500000,0.053478
29,0.986156,0.640351,0.962611,0.010755,0.311603,0.876071,0.406771,0.000000,0.200000,0.000000,0.500000,0.053478
30,0.982899,0.651629,0.964715,0.008970,0.260870,0.888571,0.406771,0.000000,0.200000,0.000000,0.500000,0.044297
31,0.982899,0.657895,0.966820,0.007676,0.299695,0.880357,0.406771,0.000000,0.200000,0.000000,0.500000,0.044013
32,0.969055,0.645363,0.968925,0.015218,0.272611,0.892857,0.406771,0.000000,0.200000,0.000000,0.500000,0.044013
33,0.978827,0.649123,0.971029,0.132425,0.271725,0.892857,0.565601,0.082529,0.200000,0.518041,0.505000,0.044013
34,0.982899,0.635338,0.981354,0.398807,0.280919,0.892857,0.649726,0.115017,0.200000,0.855670,0.562500,0.044960
35,0.980456,0.644110,0.982793,0.484135,0.261811,0.858929,0.785071,0.479170,0.200000,0.780069,0.562500,0.060767
36,0.960098,0.627820,0.975198,0.446068,0.280864,0.890357,0.810516,0.463527,0.200000,0.712199,0.581250,0.097018
37,0.966612,0.616541,0.965748,0.426759,0.290390,0.861786,0.810642,0.487156,0.200000,0.690722,0.625000,0.155513
38,0.951140,0.619048,0.956848,0.439894,0.290944,0.892857,0.810060,0.468467,0.200000,0.693299,0.670000,0.214576
39,0.933225,0.620301,0.948215,0.426774,0.253226,0.892857,0.814008,0.451918,0.200000,0.700172,0.715625,0.262660
40,0.917752,0.619048,0.940531,0.436324,0.292440,0.864286,0.811728,0.434052,0.200000,0.705326,0.801250,0.305064
41,0.907980,0.612782,0.933247,0.451646,0.322459,0.840357,0.814105,0.420550,0.200000,0.713058,0.868750,0.339139
42,0.899837,0.639098,0.927091,0.419380,0.322127,0.823929,0.812262,0.406965,0.200000,0.717354,0.945000,0.362328
43,0.881922,0.651629,0.920831,0.472710,0.288673,0.821429,0.812262,0.389840,0.200000,0.707904,1.000000,0.388547
44,0.866450,0.647870,0.915239,0.446410,0.297314,0.821429,0.812718,0.385312,0.200000,0.710481,1.000000,0.404638
45,0.842020,0.655388,0.910032,0.455142,0.284575,0.838214,0.812456,0.372798,0.200000,0.706186,1.000000,0.424515
46,0.835505,0.664160,0.905582,0.464439,0.275824,0.821429,0.812262,0.367364,0.200000,0.705326,1.000000,0.442972
47,0.824104,0.679198,0.901325,0.435491,0.239657,0.821429,0.812883,0.360860,0.200000,0.706186,0.969375,0.451018
48,0.816775,0.669173,0.897468,0.466016,0.246026,0.836429,0.812165,0.351358,0.200000,0.698454,0.937500,0.460483
49,0.804560,0.686717,0.893819,0.459560,0.245361,0.823214,0.812359,0.347028,0.200000,0.696735,0.933125,0.474965
50,0.784202,0.682957,0.890555,0.469557,0.259153,0.837143,0.811815,0.339256,0.200000,0.695017,0.875000,0.480170
51,0.783388,0.682957,0.887588,0.445160,0.197120,0.843571,0.811680,0.337889,0.200000,0.695017,0.834375,0.488878
52,0.778502,0.721805,0.847834,0.457477,0.158183,0.881429,0.700626,0.142631,0.200000,0.802405,0.801875,0.490298
53,0.777687,0.775689,0.809844,0.493893,0.211133,0.876071,0.649871,0.059279,0.200000,0.810137,0.750000,0.488121
54,0.784202,0.723058,0.813078,0.425241,0.192412,0.876071,0.649774,0.057220,0.200000,0.812715,0.750000,0.458306
55,0.786645,0.750627,0.796211,0.378576,0.219884,0.892857,0.614852,0.036687,0.200000,0.764605,0.693750,0.430005
56,0.791531,0.788221,0.619065,0.489535,0.249958,0.841786,0.517844,0.000000,0.200000,0.649485,0.615625,0.397539
57,0.805375,0.751880,0.590302,0.390967,0.247798,0.854286,0.506223,0.000000,0.200000,0.648625,0.562500,0.366966
58,0.815147,0.765664,0.557207,0.356202,0.262033,0.864643,0.496018,0.000000,0.200000,0.610825,0.533750,0.329389
59,0.830619,0.764411,0.528370,0.369591,0.289560,0.838214,0.487316,0.000000,0.200000,0.583333,0.456250,0.295031
60,0.841205,0.758145,0.480397,0.388796,0.251232,0.821429,0.476966,0.000000,0.200000,0.553265,0.420000,0.264931
61,0.848534,0.739348,0.516232,0.160451,0.251399,0.821429,0.417219,0.000000,0.200000,0.134021,0.375000,0.241079
62,0.856678,0.758145,0.552066,0.235321,0.210357,0.821429,0.406771,0.000000,0.200000,0.000000,0.320000,0.223379
63,0.853420,0.745614,0.587901,0.469051,0.249128,0.821429,0.406771,0.000000,0.200000,0.000000,0.273125,0.207099
64,0.872964,0.743108,0.623735,0.482424,0.236278,0.821429,0.406771,0.000000,0.200000,0.000000,0.250000,0.193753
65,0.873779,0.723058,0.659570,0.431638,0.297868,0.821429,0.406771,0.000000,0.040000,0.000000,0.229375,0.183152
66,0.876221,0.726817,0.695404,0.328742,0.287067,0.821429,0.406771,0.000000,0.200000,0.000000,0.187500,0.167724
67,0.883550,0.740602,0.731239,0.404623,0.283578,0.838214,0.264752,0.063889,0.200000,0.558419,0.187500,0.158069
68,0.904723,0.774436,0.874060,0.500126,0.256549,0.821429,0.163060,0.116088,0.200000,0.932131,0.217500,0.147941
69,0.905537,0.734336,0.907481,0.500394,0.202160,0.821429,0.093292,0.195406,0.200000,0.986254,0.221875,0.138192
70,0.911238,0.329574,0.936733,0.500513,0.224093,0.821429,0.002522,0.376025,0.200000,0.834192,0.260000,0.129200
71,0.925896,0.404762,0.945782,0.501242,0.157297,0.821429,0.000000,0.401515,0.200000,0.859107,0.312500,0.122953
72,0.951954,0.319549,0.956804,0.500201,0.113653,0.821429,0.000378,0.356496,0.200000,0.866838,0.398750,0.116422
73,0.966612,0.521303,0.961269,0.500840,0.147272,0.821429,0.061231,0.232258,0.200000,0.958763,0.495000,0.110270
74,0.982085,0.442356,0.961921,0.500201,0.168430,0.855357,0.123432,0.124831,0.200000,0.970790,0.586875,0.110270
75,0.982899,0.502506,0.969768,0.500543,0.177015,0.831071,0.122734,0.136671,0.200000,0.993127,0.708125,0.114245
76,0.982899,0.466165,0.974515,0.500171,0.181224,0.804286,0.152418,0.111757,0.200000,0.953608,0.816875,0.119735
77,0.994300,0.572682,0.969590,0.447198,0.202548,0.785714,0.261435,0.048609,0.200000,0.793814,0.875000,0.120492
78,0.995114,0.615288,0.969714,0.025363,0.209526,0.791786,0.406771,0.000000,0.200000,0.000000,0.875000,0.130525
79,0.981270,0.631579,0.969838,0.027624,0.203988,0.795714,0.406771,0.000000,0.200000,0.000000,0.875000,0.144912
80,0.978013,0.621554,0.969961,0.030094,0.203988,0.801786,0.406771,0.000000,0.200000,0.000000,0.859375,0.154472
81,0.970684,0.635338,0.970085,0.031105,0.221435,0.802500,0.406771,0.000000,0.200000,0.000000,0.791875,0.157596
82,0.970684,0.666667,0.970209,0.035152,0.212517,0.820000,0.406771,0.000000,0.200000,0.000000,0.729375,0.157596
83,0.976384,0.654135,0.970332,0.036907,0.190141,0.803929,0.406771,0.000000,0.200000,0.000000,0.648750,0.157596
84,0.974756,0.611529,0.970456,0.042947,0.182886,0.804643,0.406771,0.000000,0.200000,0.000000,0.584375,0.151727
85,0.978013,0.624060,0.970579,0.056945,0.239823,0.821429,0.406771,0.000000,0.200000,0.000000,0.538750,0.148131
86,0.974756,0.656642,0.970703,0.054297,0.245694,0.821429,0.406771,0.000000,0.200000,0.000000,0.437500,0.148131
87,0.966612,0.664160,0.970827,0.051232,0.220271,0.821429,0.406771,0.000000,0.200000,0.000000,0.381250,0.139896
88,0.967427,0.661654,0.970950,0.051262,0.239435,0.821429,0.406771,0.000000,0.200000,0.000000,0.342500,0.137908
89,0.970684,0.634085,0.971074,0.050965,0.217834,0.821429,0.406771,0.000000,0.200000,0.000000,0.305000,0.129200
90,0.964169,0.612782,0.971197,0.455053,0.196234,0.821429,0.406771,0.000000,0.080000,0.000000,0.250000,0.129200
91,0.958469,0.674185,0.971321,0.500067,0.245417,0.813571,0.406771,0.000000,0.120000,0.000000,0.250000,0.123048
92,0.960912,0.625313,0.971445,0.500171,0.264359,0.785714,0.406771,0.000000,0.200000,0.000000,0.295000,0.119735
93,0.964984,0.637845,0.971568,0.500171,0.253115,0.798929,0.406771,0.000000,0.200000,0.000000,0.312500,0.112825
94,0.962541,0.636591,0.971692,0.500171,0.256937,0.821429,0.406771,0.000000,0.200000,0.000000,0.312500,0.110270
95,0.959283,0.637845,0.971816,0.500141,0.238660,0.803571,0.406771,0.000000,0.200000,0.000000,0.363750,0.102887
96,0.962541,0.670426,0.971939,0.499650,0.246469,0.802143,0.406771,0.000000,0.200000,0.000000,0.375000,0.100805
97,0.965798,0.652882,0.972063,0.498713,0.222764,0.785714,0.406771,0.000000,0.200000,0.000000,0.426250,0.098912
98,0.969055,0.651629,0.972186,0.498713,0.278261,0.794643,0.406771,0.000000,0.200000,0.000000,0.437500,0.091339
99,0.958469,0.687970,0.972310,0.498683,0.252229,0.810714,0.406771,0.000000,0.200000,0.000000,0.493750,0.091339
100,0.962541,0.657895,0.972434,0.498683,0.229078,0.815357,0.406771,0.000000,0.200000,0.000000,0.500000,0.087553
101,0.966612,0.636591,0.972557,0.498683,0.268070,0.804643,0.406771,0.000000,0.200000,0.000000,0.529375,0.081874
102,0.962541,0.640351,0.972681,0.498683,0.304016,0.804643,0.406771,0.000000,0.200000,0.000000,0.562500,0.081874
103,0.962541,0.680451,0.972804,0.499383,0.297757,0.804643,0.406771,0.000000,0.200000,0.000000,0.562500,0.077331
104,0.962541,0.641604,0.972928,0.500171,0.291332,0.821429,0.406771,0.000000,0.200000,0.000000,0.592500,0.072409
105,0.962541,0.657895,0.973052,0.500171,0.283523,0.796429,0.406771,0.000000,0.200000,0.000000,0.598125,0.072409
106,0.962541,0.640351,0.973175,0.500171,0.308779,0.785714,0.406771,0.000000,0.200000,0.000000,0.625000,0.072409
107,0.962541,0.674185,0.973299,0.500171,0.337524,0.802500,0.406771,0.000000,0.200000,0.000000,0.625000,0.071652
108,0.962541,0.674185,0.973423,0.500171,0.335586,0.785714,0.406771,0.000000,0.200000,0.000000,0.625000,0.062944
109,0.966612,0.664160,0.973546,0.500171,0.306785,0.785714,0.406771,0.000000,0.200000,0.000000,0.625000,0.062944
110,0.970684,0.641604,0.973670,0.500171,0.325118,0.785714,0.406771,0.000000,0.200000,0.000000,0.625000,0.062944
111,0.962541,0.665414,0.973793,0.500171,0.327942,0.785714,0.406771,0.000000,0.200000,0.000000,0.625000,0.062944
112,0.969055,0.611529,0.973917,0.500171,0.313210,0.785714,0.406771,0.000000,0.200000,0.000000,0.625000,0.062944
113,0.962541,0.630326,0.974041,0.500171,0.343229,0.795714,0.406771,0.000000,0.200000,0.000000,0.625000,0.056507
114,0.960912,0.681704,0.974164,0.500171,0.366491,0.808929,0.406771,0.000000,0.200000,0.000000,0.604375,0.059915
115,0.966612,0.666667,0.974288,0.500171,0.331376,0.785714,0.406771,0.000000,0.200000,0.000000,0.562500,0.053478
116,0.962541,0.639098,0.974411,0.500171,0.375464,0.802857,0.406771,0.000000,0.200000,0.000000,0.562500,0.053478
117,0.959283,0.660401,0.974535,0.500171,0.370202,0.801786,0.406771,0.000000,0.200000,0.000000,0.535625,0.053478
118,0.961726,0.672932,0.974659,0.500171,0.326392,0.785714,0.406771,0.000000,0.200000,0.000000,0.530625,0.053478
119,0.962541,0.676692,0.974782,0.500171,0.383993,0.802857,0.406771,0.000000,0.200000,0.000000,0.529375,0.053478
120,0.965798,0.684211,0.974906,0.500171,0.364110,0.785714,0.406771,0.000000,0.200000,0.000000,0.500000,0.053478
121,0.962541,0.676692,0.975030,0.500171,0.366657,0.815000,0.406771,0.000000,0.200000,0.000000,0.500000,0.048557
122,0.966612,0.691729,0.975153,0.500171,0.398338,0.821429,0.406771,0.000000,0.200000,0.000000,0.500000,0.048462
123,0.962541,0.652882,0.975277,0.500171,0.383218,0.804643,0.406771,0.000000,0.200000,0.000000,0.500000,0.044013
124,0.966612,0.637845,0.975400,0.500097,0.347549,0.785714,0.406771,0.000000,0.200000,0.000000,0.500000,0.044013
125,0.967427,0.626566,0.975524,0.500067,0.357629,0.807143,0.406771,0.000000,0.200000,0.000000,0.500000,0.044013
126,0.970684,0.620301,0.975648,0.499829,0.382221,0.804643,0.406771,0.000000,0.200000,0.000000,0.500000,0.044013
127,0.961726,0.635338,0.975771,0.499829,0.366325,0.821429,0.406771,0.000000,0.200000,0.000000,0.500000,0.044013
128,0.963355,0.624060,0.975895,0.499948,0.368374,0.805000,0.406771,0.000000,0.200000,0.000000,0.500000,0.044013
129,0.969870,0.598997,0.976018,0.500067,0.346331,0.821429,0.406771,0.000000,0.200000,0.000000,0.500000,0.036252
130,0.971498,0.611529,0.976142,0.500037,0.376516,0.821429,0.406771,0.000000,0.200000,0.000000,0.500000,0.034548
131,0.970684,0.651629,0.976266,0.499918,0.365550,0.821429,0.406771,0.000000,0.200000,0.000000,0.556250,0.034548
132,0.962541,0.636591,0.976389,0.500022,0.392467,0.821429,0.406771,0.000000,0.200000,0.000000,0.562500,0.034548
133,0.966612,0.651629,0.976513,0.500022,0.366713,0.821429,0.406771,0.000000,0.200000,0.000000,0.562500,0.034548
134,0.964169,0.660401,0.976637,0.500052,0.354362,0.821429,0.406771,0.000000,0.200000,0.000000,0.562500,0.034548
135,0.964169,0.650376,0.976760,0.500052,0.380061,0.821429,0.406771,0.000000,0.200000,0.000000,0.562500,0.034548
136,0.968241,0.636591,0.976884,0.500052,0.353032,0.821429,0.406771,0.000000,0.200000,0.000000,0.593750,0.030099
137,0.968241,0.615288,0.977007,0.499918,0.351869,0.821429,0.406771,0.000000,0.200000,0.000000,0.625000,0.034264
138,0.969870,0.657895,0.977131,0.499918,0.339241,0.821429,0.406771,0.000000,0.200000,0.000000,0.625000,0.025367
139,0.970684,0.656642,0.977255,0.500022,0.351759,0.821429,0.406771,0.000000,0.200000,0.000000,0.625000,0.029342
140,0.970684,0.634085,0.977378,0.499948,0.339020,0.821429,0.406771,0.000000,0.200000,0.000000,0.625000,0.026029
141,0.974756,0.634085,0.977502,0.499978,0.340847,0.821429,0.406771,0.000000,0.200000,0.000000,0.625000,0.028869
142,0.962541,0.675439,0.977625,0.499948,0.333093,0.821429,0.406771,0.000000,0.200000,0.000000,0.625000,0.025083
143,0.960098,0.657895,0.977749,0.500067,0.355857,0.821429,0.406771,0.000000,0.200000,0.000000,0.625000,0.025083
144,0.965798,0.641604,0.977873,0.499993,0.352479,0.821429,0.406771,0.000000,0.200000,0.000000,0.625000,0.025083
145,0.961726,0.650376,0.977996,0.499874,0.334478,0.821429,0.406771,0.000000,0.200000,0.000000,0.625000,0.025083
146,0.962541,0.671679,0.978120,0.500052,0.339352,0.821429,0.406771,0.000000,0.200000,0.000000,0.625000,0.025083
147,0.961726,0.671679,0.978244,0.500052,0.357574,0.821429,0.406771,0.000000,0.200000,0.000000,0.625000,0.025083
148,0.964984,0.674185,0.978367,0.500022,0.331819,0.821429,0.406771,0.000000,0.200000,0.000000,0.625000,0.025083
149,0.960098,0.636591,0.978491,0.500022,0.344835,0.821429,0.406771,0.000000,0.200000,0.000000,0.604375,0.025083
150,0.960912,0.665414,0.978614,0.499844,0.337026,0.821429,0.406771,0.000000,0.200000,0.000000,0.582500,0.025083
151,0.966612,0.676692,0.978738,0.499948,0.319358,0.821429,0.406771,0.000000,0.200000,0.000000,0.571875,0.025083
152,0.959283,0.631579,0.978862,0.499918,0.346164,0.821429,0.406771,0.000000,0.200000,0.000000,0.562500,0.025083
153,0.957655,0.662907,0.978985,0.498683,0.343229,0.838214,0.406771,0.000000,0.200000,0.000000,0.562500,0.025083
154,0.962541,0.662907,0.979109,0.498683,0.335530,0.821429,0.406771,0.000000,0.200000,0.000000,0.562500,0.025083
155,0.962541,0.646617,0.979232,0.498683,0.338632,0.821429,0.406771,0.000000,0.200000,0.000000,0.562500,0.025083
156,0.966612,0.615288,0.979356,0.498683,0.330047,0.821429,0.406771,0.000000,0.200000,0.000000,0.562500,0.025083
157,0.958469,0.665414,0.979480,0.498683,0.327056,0.821429,0.406771,0.000000,0.200000,0.000000,0.562500,0.025083
158,0.961726,0.711779,0.979603,0.498683,0.333426,0.821429,0.406771,0.000000,0.200000,0.000000,0.562500,0.020350
159,0.959283,0.657895,0.979727,0.498683,0.321684,0.821429,0.406771,0.000000,0.200000,0.000000,0.562500,0.024610
160,0.958469,0.664160,0.979851,0.498683,0.341734,0.821429,0.406771,0.000000,0.200000,0.000000,0.562500,0.015618
161,0.962541,0.641604,0.979974,0.498683,0.324398,0.821429,0.406771,0.000000,0.200000,0.000000,0.562500,0.016564
162,0.964169,0.631579,0.980098,0.498713,0.324675,0.821429,0.406771,0.000000,0.200000,0.000000,0.562500,0.019404
163,0.955212,0.697995,0.980221,0.498683,0.337746,0.821429,0.406771,0.000000,0.200000,0.000000,0.562500,0.015618
164,0.958469,0.650376,0.980345,0.498683,0.305732,0.821429,0.406771,0.000000,0.200000,0.000000,0.562500,0.015618
165,0.962541,0.664160,0.980469,0.498683,0.350429,0.839286,0.406771,0.000000,0.200000,0.000000,0.562500,0.015618
166,0.964169,0.675439,0.980592,0.498683,0.326779,0.836786,0.406771,0.000000,0.200000,0.000000,0.562500,0.015618
167,0.960098,0.664160,0.980716,0.498683,0.356854,0.821429,0.406771,0.000000,0.200000,0.000000,0.562500,0.015618
168,0.960912,0.657895,0.980840,0.498683,0.367377,0.821429,0.406771,0.000000,0.200000,0.000000,0.562500,0.015618
169,0.959283,0.671679,0.980963,0.498683,0.371587,0.821429,0.406771,0.000000,0.200000,0.000000,0.562500,0.015618
170,0.961726,0.655388,0.981087,0.498683,0.349986,0.821429,0.406771,0.000000,0.200000,0.000000,0.562500,0.015618
171,0.962541,0.669173,0.981210,0.498683,0.350097,0.821429,0.406771,0.000000,0.200000,0.000000,0.562500,0.015618
172,0.969870,0.650376,0.981334,0.498683,0.358239,0.821429,0.406771,0.000000,0.200000,0.000000,0.562500,0.015618
173,0.963355,0.650376,0.981458,0.498683,0.373470,0.838571,0.406771,0.000000,0.200000,0.000000,0.562500,0.015618
174,0.966612,0.669173,0.981581,0.498683,0.381778,0.826786,0.406771,0.000000,0.200000,0.000000,0.562500,0.015618
175,0.959283,0.675439,0.981705,0.498683,0.356854,0.840357,0.406771,0.000000,0.200000,0.000000,0.562500,0.015618
176,0.973941,0.625313,0.981828,0.498713,0.369870,0.847143,0.406771,0.000000,0.200000,0.000000,0.562500,0.015618
177,0.966612,0.674185,0.981952,0.498683,0.409471,0.821429,0.406771,0.000000,0.200000,0.000000,0.562500,0.015618
178,0.962541,0.671679,0.982076,0.498683,0.357242,0.821429,0.406771,0.000000,0.200000,0.000000,0.565625,0.015618
179,0.960912,0.672932,0.982199,0.498683,0.380836,0.821429,0.406771,0.000000,0.200000,0.000000,0.625000,0.015618
180,0.956026,0.676692,0.982323,0.498683,0.390861,0.821429,0.406771,0.000000,0.200000,0.000000,0.625000,0.015618
181,0.962541,0.659148,0.982447,0.498683,0.392689,0.821429,0.406771,0.000000,0.200000,0.000000,0.625000,0.014671
182,0.964984,0.646617,0.982570,0.498683,0.381889,0.821429,0.406771,0.000000,0.200000,0.000000,0.625000,0.011832
183,0.964984,0.639098,0.982694,0.498683,0.394904,0.821429,0.406771,0.000000,0.200000,0.000000,0.625000,0.010885
184,0.966612,0.634085,0.982817,0.498683,0.340792,0.833929,0.406771,0.000000,0.200000,0.000000,0.625000,0.015618
185,0.966612,0.687970,0.982941,0.498683,0.357463,0.825714,0.406771,0.000000,0.200000,0.000000,0.625000,0.015618
186,0.969870,0.624060,0.983065,0.498683,0.392744,0.822143,0.406771,0.000000,0.200000,0.000000,0.625000,0.015618
187,0.956840,0.670426,0.983188,0.498683,0.395126,0.837500,0.406771,0.000000,0.200000,0.000000,0.625000,0.008708
188,0.957655,0.635338,0.983312,0.498683,0.392301,0.821429,0.406771,0.000000,0.200000,0.000000,0.625000,0.010885
189,0.962541,0.649123,0.983435,0.498683,0.414068,0.821429,0.406771,0.000000,0.200000,0.000000,0.625000,0.006152
190,0.966612,0.652882,0.983559,0.498683,0.384270,0.821429,0.406771,0.000000,0.200000,0.000000,0.625000,0.006152
191,0.966612,0.617794,0.983683,0.498683,0.363113,0.833214,0.406771,0.000000,0.200000,0.000000,0.625000,0.011074
192,0.967427,0.674185,0.983806,0.498683,0.365162,0.840357,0.406771,0.000000,0.200000,0.000000,0.625000,0.006152
193,0.970684,0.615288,0.983930,0.498683,0.359956,0.823571,0.406771,0.000000,0.200000,0.000000,0.625000,0.011642
194,0.962541,0.657895,0.984054,0.498683,0.353863,0.838214,0.406771,0.000000,0.200000,0.000000,0.625000,0.010601
195,0.964169,0.630326,0.984177,0.498683,0.368208,0.821429,0.406771,0.000000,0.200000,0.000000,0.625000,0.010128
196,0.964984,0.635338,0.984301,0.498683,0.342509,0.845357,0.406771,0.000000,0.200000,0.000000,0.625000,0.006815
197,0.966612,0.611529,0.984424,0.498683,0.342564,0.840357,0.406771,0.000000,0.200000,0.000000,0.625000,0.006152
198,0.964169,0.670426,0.984548,0.498683,0.349432,0.828571,0.406771,0.000000,0.200000,0.000000,0.625000,0.010601
199,0.964169,0.661654,0.984672,0.498683,0.320687,0.838214,0.406771,0.000000,0.200000,0.000000,0.595625,0.010506
200,0.964169,0.667920,0.984795,0.498683,0.305843,0.823214,0.406771,0.000000,0.200000,0.000000,0.590000,0.006152
201,0.966612,0.682957,0.984919,0.498683,0.338687,0.852143,0.406771,0.000000,0.200000,0.000000,0.562500,0.006152
202,0.962541,0.666667,0.985042,0.498683,0.303739,0.838214,0.406771,0.000000,0.200000,0.000000,0.562500,0.006152
203,0.969870,0.657895,0.985166,0.498683,0.297314,0.831429,0.406771,0.000000,0.200000,0.000000,0.562500,0.006152
204,0.967427,0.664160,0.985290,0.498683,0.320742,0.830000,0.406771,0.000000,0.200000,0.000000,0.562500,0.006152
205,0.967427,0.639098,0.985413,0.498683,0.290557,0.840357,0.406771,0.000000,0.200000,0.000000,0.562500,0.006152
206,0.970684,0.660401,0.985537,0.498683,0.336306,0.837500,0.406771,0.000000,0.000000,0.000000,0.562500,0.006152
207,0.967427,0.647870,0.985661,0.498683,0.332650,0.821429,0.406771,0.000000,0.200000,0.000000,0.562500,0.006152
208,0.968241,0.629073,0.985784,0.498683,0.336140,0.821429,0.406771,0.000000,0.200000,0.000000,0.562500,0.006152
209,0.968241,0.649123,0.985908,0.498683,0.352589,0.829286,0.406771,0.000000,0.200000,0.000000,0.562500,0.006152
210,0.972313,0.641604,0.986031,0.498683,0.323345,0.831071,0.406771,0.000000,0.200000,0.000000,0.562500,0.006152
211,0.966612,0.626566,0.986155,0.498683,0.280809,0.821429,0.406771,0.000000,0.200000,0.000000,0.562500,0.006152
212,0.962541,0.661654,0.986279,0.498683,0.312767,0.821429,0.406771,0.000000,0.200000,0.000000,0.562500,0.006152
213,0.956026,0.659148,0.986402,0.498683,0.309499,0.821429,0.406771,0.000000,0.200000,0.000000,0.562500,0.006152
214,0.972313,0.655388,0.986526,0.498683,0.293492,0.821429,0.406771,0.000000,0.200000,0.000000,0.562500,0.006152
215,0.967427,0.641604,0.986649,0.498683,0.321019,0.821429,0.406771,0.000000,0.200000,0.000000,0.562500,0.006152
216,0.972313,0.646617,0.986773,0.498683,0.336361,0.821429,0.406771,0.000000,0.200000,0.000000,0.562500,0.006152
217,0.966612,0.636591,0.986897,0.498696,0.345278,0.821429,0.406771,0.000000,0.200000,0.000000,0.562500,0.006152
218,0.967427,0.645363,0.987020,0.498709,0.314982,0.827857,0.406771,0.000000,0.200000,0.000000,0.562500,0.006152
219,0.973941,0.664160,0.987144,0.498721,0.328164,0.826071,0.406771,0.000000,0.200000,0.000000,0.562500,0.006152
220,0.959283,0.661654,0.987268,0.498734,0.337746,0.838214,0.406771,0.000000,0.200000,0.000000,0.562500,0.006152
221,0.962541,0.667920,0.987391,0.498746,0.304957,0.840357,0.406771,0.000000,0.200000,0.000000,0.562500,0.006152
222,0.962541,0.619048,0.987515,0.498759,0.329715,0.835714,0.406771,0.000000,0.200000,0.000000,0.568750,0.006152
223,0.962541,0.645363,0.987638,0.498771,0.296871,0.821429,0.406771,0.000000,0.200000,0.000000,0.587500,0.006152
224,0.973941,0.655388,0.987762,0.498784,0.277707,0.821429,0.406771,0.000000,0.200000,0.000000,0.570000,0.006152
225,0.973127,0.651629,0.987886,0.498796,0.282803,0.821429,0.406771,0.000000,0.200000,0.000000,0.584375,0.006152
226,0.969055,0.647870,0.988009,0.498809,0.298754,0.821429,0.406771,0.000000,0.200000,0.000000,0.562500,0.006152
227,0.964169,0.676692,0.988133,0.498821,0.297812,0.821429,0.406771,0.000000,0.200000,0.000000,0.607500,0.006152
228,0.964169,0.624060,0.988256,0.498834,0.283024,0.821429,0.406771,0.000000,0.200000,0.000000,0.625000,0.006152
229,0.962541,0.661654,0.988380,0.498847,0.318194,0.821429,0.406771,0.000000,0.200000,0.000000,0.579375,0.006152
230,0.962541,0.660401,0.988504,0.498859,0.341512,0.821429,0.406771,0.000000,0.200000,0.000000,0.577500,0.006152
231,0.974756,0.646617,0.988627,0.498872,0.310385,0.847143,0.406771,0.000000,0.200000,0.000000,0.625000,0.006152
232,0.970684,0.651629,0.988751,0.498884,0.303129,0.829286,0.406771,0.000000,0.200000,0.000000,0.625000,0.006152
233,0.966612,0.675439,0.988875,0.498897,0.292661,0.821429,0.406771,0.000000,0.200000,0.000000,0.625000,0.006152
234,0.962541,0.641604,0.988998,0.498909,0.285849,0.821429,0.406771,0.000000,0.200000,0.000000,0.625000,0.006152
235,0.962541,0.690476,0.989122,0.498922,0.294544,0.821429,0.406771,0.000000,0.200000,0.000000,0.625000,0.006152
236,0.962541,0.664160,0.989245,0.498934,0.294489,0.821429,0.406771,0.000000,0.200000,0.000000,0.625000,0.006152
237,0.964169,0.660401,0.989369,0.498947,0.287732,0.821429,0.406771,0.000000,0.200000,0.000000,0.625000,0.006152
238,0.964984,0.645363,0.989493,0.498959,0.308059,0.821429,0.406771,0.000000,0.200000,0.000000,0.625000,0.006152
239,0.964169,0.624060,0.989616,0.498972,0.281141,0.821429,0.406771,0.000000,0.200000,0.000000,0.625000,0.006152
240,0.964984,0.655388,0.989740,0.498985,0.295597,0.821429,0.406771,0.000000,0.200000,0.000000,0.625000,0.006152
241,0.960098,0.669173,0.989863,0.498997,0.312822,0.838214,0.406771,0.000000,0.200000,0.000000,0.625000,0.006152
242,0.960912,0.661654,0.989987,0.499010,0.294766,0.821429,0.406771,0.000000,0.120000,0.000000,0.625000,0.006152
243,0.976384,0.617794,0.990111,0.499022,0.298421,0.842857,0.406771,0.000000,0.000000,0.000000,0.654375,0.006152
244,0.969055,0.659148,0.990234,0.499035,0.326779,0.833214,0.406771,0.000000,0.080000,0.000000,0.625000,0.006152
245,0.951954,0.659148,0.990358,0.499047,0.290280,0.821429,0.406771,0.000000,0.200000,0.000000,0.625000,0.006152
246,0.960912,0.609023,0.990482,0.499060,0.295098,0.821429,0.406771,0.000000,0.200000,0.000000,0.625000,0.006152
247,0.969870,0.634085,0.990605,0.499072,0.287732,0.821429,0.406771,0.000000,0.200000,0.000000,0.625000,0.006152
248,0.966612,0.651629,0.990729,0.499085,0.288064,0.821429,0.406771,0.000000,0.200000,0.000000,0.625000,0.006152
249,0.958469,0.645363,0.990852,0.499097,0.270950,0.821429,0.406771,0.000000,0.200000,0.000000,0.625000,0.006152
250,0.966612,0.649123,0.990976,0.499110,0.248851,0.821429,0.406771,0.000000,0.200000,0.000000,0.625000,0.006152
251,0.958469,0.650376,0.991100,0.499122,0.309056,0.821429,0.406771,0.000000,0.200000,0.000000,0.625000,0.006152
252,0.968241,0.650376,0.991223,0.499135,0.326669,0.821429,0.406771,0.000000,0.200000,0.000000,0.605000,0.006152
253,0.966612,0.667920,0.991347,0.499148,0.286901,0.821429,0.406771,0.000000,0.000000,0.000000,0.592500,0.006152
254,0.955212,0.664160,0.991470,0.499160,0.302132,0.821429,0.406771,0.000000,0.200000,0.000000,0.562500,0.006152
255,0.971498,0.664160,0.991594,0.499173,0.234450,0.821429,0.406771,0.000000,0.200000,0.000000,0.562500,0.006152
256,0.962541,0.660401,0.991718,0.499185,0.250235,0.821429,0.406771,0.000000,0.200000,0.000000,0.593750,0.006152
257,0.966612,0.642857,0.991841,0.499198,0.312323,0.821429,0.406771,0.000000,0.200000,0.000000,0.562500,0.006152
258,0.967427,0.637845,0.991965,0.499210,0.263639,0.821429,0.406771,0.000000,0.200000,0.000000,0.562500,0.006152
259,0.954397,0.660401,0.992089,0.499223,0.250568,0.821429,0.406771,0.000000,0.200000,0.000000,0.562500,0.006152
260,0.969870,0.632832,0.992212,0.499235,0.273775,0.821429,0.406771,0.000000,0.200000,0.000000,0.562500,0.006152
261,0.963355,0.660401,0.992336,0.499248,0.255552,0.821429,0.406771,0.000000,0.200000,0.000000,0.562500,0.006152
262,0.961726,0.640351,0.992459,0.499260,0.225367,0.821429,0.406771,0.000000,0.200000,0.000000,0.562500,0.006152
263,0.966612,0.656642,0.992583,0.499273,0.257214,0.821429,0.406771,0.000000,0.200000,0.000000,0.562500,0.006152
264,0.974756,0.617794,0.992707,0.499286,0.279147,0.821429,0.406771,0.000000,0.200000,0.000000,0.562500,0.006152
265,0.973941,0.646617,0.992830,0.499298,0.250568,0.838214,0.406771,0.000000,0.200000,0.000000,0.562500,0.006152
266,0.970684,0.676692,0.992954,0.499311,0.220327,0.839286,0.406771,0.000000,0.200000,0.000000,0.562500,0.006152
267,0.963355,0.649123,0.993077,0.499323,0.244752,0.821429,0.406771,0.000000,0.200000,0.000000,0.562500,0.001136
268,0.965798,0.636591,0.993201,0.499336,0.236998,0.821429,0.406771,0.000000,0.200000,0.000000,0.562500,0.003313
269,0.969055,0.676692,0.993325,0.499348,0.207754,0.821429,0.406771,0.000000,0.200000,0.000000,0.562500,0.006152
270,0.969055,0.686717,0.993448,0.499361,0.242038,0.821429,0.406771,0.000000,0.200000,0.000000,0.562500,0.006152
271,0.962541,0.642857,0.993572,0.499373,0.256106,0.821429,0.406771,0.000000,0.200000,0.000000,0.593750,0.006152
272,0.964169,0.617794,0.993696,0.499386,0.255552,0.821429,0.406771,0.000000,0.200000,0.000000,0.614375,0.006152
273,0.964984,0.641604,0.993819,0.499398,0.270562,0.821429,0.406771,0.000000,0.200000,0.000000,0.625000,0.003029
274,0.964984,0.641604,0.993943,0.499411,0.264414,0.821429,0.406771,0.000000,0.200000,0.000000,0.625000,0.000000
275,0.964169,0.600251,0.994066,0.499423,0.248518,0.851786,0.406771,0.000000,0.200000,0.000000,0.625000,0.006152
276,0.962541,0.607769,0.994190,0.499436,0.199778,0.840357,0.406771,0.000000,0.200000,0.000000,0.625000,0.006152
277,0.962541,0.634085,0.994314,0.499449,0.192689,0.822143,0.406771,0.000000,0.200000,0.000000,0.625000,0.006152
278,0.963355,0.640351,0.994437,0.499461,0.276378,0.821429,0.406771,0.000000,0.200000,0.000000,0.625000,0.006152
279,0.964984,0.655388,0.994561,0.499474,0.243146,0.821429,0.406771,0.000000,0.200000,0.000000,0.625000,0.001420
280,0.963355,0.650376,0.994685,0.499486,0.215951,0.821429,0.406771,0.000000,0.200000,0.000000,0.625000,0.001420
281,0.958469,0.671679,0.994808,0.499499,0.226142,0.821429,0.406771,0.000000,0.200000,0.000000,0.625000,0.006152
282,0.959283,0.676692,0.994932,0.499511,0.249017,0.821429,0.406771,0.000000,0.200000,0.000000,0.625000,0.006152
283,0.967427,0.697995,0.995055,0.499524,0.269454,0.821429,0.406771,0.000000,0.200000,0.000000,0.630000,0.006152
284,0.968241,0.629073,0.995179,0.499536,0.246525,0.838214,0.406771,0.000000,0.200000,0.000000,0.680000,0.006152
285,0.959283,0.657895,0.995303,0.499549,0.278593,0.821429,0.406771,0.000000,0.200000,0.000000,0.625000,0.006152
286,0.962541,0.657895,0.995426,0.499561,0.255386,0.821429,0.406771,0.000000,0.200000,0.000000,0.625000,0.006152
287,0.964169,0.655388,0.995550,0.499574,0.210634,0.821429,0.406771,0.000000,0.200000,0.000000,0.667500,0.006152
288,0.966612,0.620301,0.995673,0.499587,0.231515,0.821429,0.406771,0.000000,0.200000,0.000000,0.687500,0.006152
289,0.974756,0.646617,0.995797,0.499599,0.241595,0.821429,0.406771,0.000000,0.200000,0.000000,0.673125,0.006152
290,0.961726,0.656642,0.995921,0.499612,0.213182,0.821429,0.406771,0.000000,0.200000,0.000000,0.641875,0.006152
291,0.964169,0.652882,0.996044,0.499624,0.249903,0.821429,0.406771,0.000000,0.200000,0.000000,0.657500,0.006152
292,0.963355,0.652882,0.996168,0.499637,0.202880,0.821429,0.406771,0.000000,0.200000,0.000000,0.656250,0.006152
293,0.966612,0.645363,0.996292,0.499649,0.237220,0.840000,0.406771,0.000000,0.200000,0.000000,0.636250,0.006152
294,0.962541,0.669173,0.996415,0.499662,0.213127,0.831429,0.406771,0.000000,0.200000,0.000000,0.625000,0.006152
295,0.962541,0.665414,0.996539,0.499674,0.207366,0.821429,0.406771,0.000000,0.200000,0.000000,0.625000,0.006152
296,0.969870,0.670426,0.996662,0.499687,0.249626,0.821429,0.406771,0.000000,0.200000,0.000000,0.625000,0.006152
297,0.965798,0.641604,0.996786,0.499699,0.197951,0.821429,0.406771,0.000000,0.200000,0.000000,0.625000,0.006152
298,0.959283,0.651629,0.996910,0.499712,0.160233,0.821429,0.406771,0.000000,0.200000,0.000000,0.625000,0.006152
299,0.965798,0.662907,0.997033,0.499725,0.197674,0.821429,0.406771,0.000000,0.200000,0.000000,0.625000,0.006152
300,0.971498,0.650376,0.997157,0.499737,0.201606,0.821429,0.406771,0.000000,0.200000,0.000000,0.625000,0.006152
301,0.964984,0.649123,0.997280,0.499750,0.202271,0.821429,0.406771,0.000000,0.200000,0.000000,0.625000,0.006152
302,0.966612,0.636591,0.997404,0.499762,0.224093,0.838214,0.406771,0.000000,0.200000,0.000000,0.595625,0.006152
303,0.965798,0.655388,0.997528,0.499775,0.192246,0.821429,0.406771,0.000000,0.200000,0.000000,0.625000,0.006152
304,0.969055,0.650376,0.997651,0.499787,0.199003,0.821429,0.406771,0.000000,0.200000,0.000000,0.625000,0.006152
305,0.969870,0.627820,0.997775,0.499800,0.182719,0.821429,0.406771,0.000000,0.200000,0.000000,0.625000,0.006152
306,0.968241,0.642857,0.997899,0.499812,0.188867,0.821429,0.406771,0.000000,0.200000,0.000000,0.625000,0.006152
307,0.966612,0.655388,0.998022,0.499825,0.231736,0.821429,0.406771,0.000000,0.200000,0.000000,0.613750,0.006152
308,0.955212,0.674185,0.998146,0.499837,0.201551,0.821429,0.406771,0.000000,0.200000,0.000000,0.562500,0.006152
309,0.972313,0.645363,0.998269,0.499850,0.200997,0.821429,0.406771,0.000000,0.200000,0.000000,0.608125,0.006152
310,0.968241,0.649123,0.998393,0.499862,0.204376,0.834643,0.406771,0.000000,0.200000,0.000000,0.625000,0.006152
311,0.959283,0.674185,0.998517,0.499875,0.201274,0.825000,0.406771,0.000000,0.200000,0.000000,0.595625,0.006152
312,0.962541,0.666667,0.998640,0.499888,0.196178,0.837500,0.406771,0.000000,0.200000,0.000000,0.625000,0.006152
313,0.969870,0.671679,0.998764,0.499900,0.184492,0.821429,0.406771,0.000000,0.200000,0.000000,0.625000,0.006152
314,0.958469,0.664160,0.998887,0.499913,0.128053,0.821429,0.406771,0.000000,0.200000,0.000000,0.625000,0.006152
315,0.967427,0.656642,0.999011,0.499925,0.149598,0.838214,0.406771,0.000000,0.200000,0.000000,0.625000,0.006152
316,0.960912,0.672932,0.999135,0.499938,0.170258,0.831429,0.406771,0.000000,0.200000,0.000000,0.625000,0.006152
317,0.959283,0.665414,0.999258,0.499950,0.141512,0.828214,0.406771,0.000000,0.200000,0.000000,0.625000,0.001136
318,0.970684,0.650376,0.999382,0.499963,0.114207,0.853571,0.406771,0.000000,0.200000,0.000000,0.625000,0.006152
319,0.964984,0.660401,0.999506,0.500141,0.106120,0.825000,0.406771,0.000000,0.200000,0.000000,0.625000,0.006152
320,0.969055,0.650376,0.999629,0.499353,0.133592,0.835714,0.406771,0.000000,0.200000,0.000000,0.625000,0.006152
321,0.968241,0.632832,0.999753,0.499130,0.105622,0.821429,0.406771,0.000000,0.200000,0.000000,0.625000,0.006152
322,0.958469,0.669173,0.999876,0.499026,0.104514,0.821429,0.406771,0.000000,0.200000,0.000000,0.625000,0.006152
323,0.962541,0.637845,1.000000,0.498936,0.114151,0.822143,0.471426,0.021933,0.200000,0.352234,0.625000,0.006152
324,0.966612,0.669173,0.999732,0.498683,0.121185,0.837500,0.406771,0.000000,0.200000,0.000000,0.625000,0.006152
325,0.962541,0.687970,0.999463,0.498713,0.102299,0.821429,0.406771,0.000000,0.200000,0.000000,0.632500,0.006152
326,0.962541,0.637845,0.999195,0.498683,0.089781,0.821429,0.406771,0.000000,0.200000,0.000000,0.687500,0.006152
327,0.973941,0.627820,0.998926,0.498683,0.075215,0.821429,0.406771,0.000000,0.200000,0.000000,0.687500,0.006152
328,0.958469,0.670426,0.998658,0.498683,0.081861,0.821429,0.406771,0.000000,0.200000,0.000000,0.687500,0.006152
329,0.969055,0.631579,0.998389,0.498728,0.086292,0.837500,0.406771,0.000000,0.200000,0.000000,0.687500,0.006152
330,0.958469,0.675439,0.998121,0.498728,0.079590,0.821429,0.406771,0.000000,0.200000,0.000000,0.687500,0.006152
331,0.971498,0.627820,0.997853,0.498728,0.090944,0.825000,0.406771,0.000000,0.200000,0.000000,0.687500,0.006152
332,0.978013,0.635338,0.997584,0.498728,0.108779,0.833929,0.406771,0.000000,0.200000,0.000000,0.687500,0.006152
333,0.970684,0.621554,0.997316,0.498802,0.088950,0.821429,0.406771,0.000000,0.200000,0.000000,0.687500,0.006152
334,0.981270,0.610276,0.997047,0.498758,0.076045,0.838214,0.406771,0.000000,0.200000,0.000000,0.687500,0.006152
335,0.973941,0.656642,0.996779,0.498713,0.112157,0.821429,0.406771,0.000000,0.200000,0.000000,0.687500,0.006152
336,0.974756,0.651629,0.996510,0.499011,0.107117,0.821429,0.406771,0.000000,0.200000,0.000000,0.634375,0.006152
337,0.982899,0.632832,0.996242,0.499085,0.091443,0.823214,0.406771,0.000000,0.200000,0.000000,0.625000,0.006152
338,0.976384,0.616541,0.995974,0.499085,0.073608,0.836429,0.406771,0.000000,0.200000,0.000000,0.625000,0.006152
339,0.972313,0.631579,0.995705,0.147256,0.058986,0.821429,0.406771,0.000000,0.200000,0.000000,0.625000,0.006152
340,0.987785,0.642857,0.995437,0.025453,0.091387,0.821429,0.406771,0.000000,0.200000,0.000000,0.625000,0.006152
341,0.990228,0.602757,0.995168,0.026182,0.084298,0.821429,0.406771,0.000000,0.200000,0.000000,0.625000,0.006152
342,0.972313,0.612782,0.994900,0.029350,0.064359,0.835714,0.406771,0.000000,0.200000,0.000000,0.625000,0.006152
343,0.994300,0.614035,0.994632,0.028755,0.079036,0.840000,0.407867,0.000000,0.200000,0.000000,0.625000,0.006152
344,0.978827,0.614035,0.994363,0.028800,0.056993,0.821429,0.654673,0.121439,0.200000,0.846220,0.625000,0.006152
345,0.978827,0.637845,0.989127,0.029305,0.072058,0.821429,0.648882,0.108958,0.200000,0.839347,0.587500,0.012305
346,0.973127,0.619048,0.983371,0.030094,0.093326,0.837500,0.649600,0.105846,0.200000,0.809278,0.562500,0.032371
347,0.968241,0.670426,0.978891,0.029529,0.070174,0.821429,0.649095,0.103112,0.360000,0.808419,0.604375,0.055845
348,0.982899,0.646617,0.977467,0.029648,0.083024,0.821429,0.686783,0.210884,0.600000,0.813574,0.625000,0.072409
349,0.974756,0.598997,0.979737,0.027788,0.110828,0.821429,0.812776,0.401367,0.600000,0.700172,0.625000,0.088310
350,0.964169,0.610276,0.971489,0.027788,0.113431,0.840357,0.812456,0.423020,0.600000,0.697595,0.625000,0.129011
351,0.956026,0.586466,0.964606,0.026925,0.091387,0.835000,0.812019,0.402190,0.600000,0.693299,0.645000,0.179082
352,0.952769,0.624060,0.959592,0.025735,0.099640,0.790000,0.811292,0.397826,0.600000,0.695017,0.745000,0.227828
353,0.961726,0.634085,0.956047,0.032444,0.139241,0.740000,0.812524,0.395933,0.600000,0.696735,0.801250,0.268150
354,0.956026,0.622807,0.953436,0.038975,0.209748,0.687143,0.811001,0.403458,0.600000,0.711340,0.800000,0.296924
355,0.950326,0.595238,0.952576,0.209184,0.194184,0.678571,0.812097,0.400856,0.600000,0.721649,0.870625,0.333743
356,0.957655,0.596491,0.951048,0.365098,0.153309,0.675000,0.813426,0.396756,0.600000,0.716495,0.875000,0.354472
357,0.952769,0.600251,0.948497,0.583729,0.105732,0.657500,0.812077,0.387798,0.600000,0.714777,0.920625,0.376053
358,0.931596,0.616541,0.945589,0.640540,0.043534,0.665357,0.812291,0.398897,0.600000,0.720790,0.937500,0.398296
359,0.911238,0.605263,0.943112,0.552103,0.029189,0.678571,0.839424,0.535403,0.320000,0.702749,0.937500,0.417416
360,0.894137,0.586466,0.941643,0.532229,0.032678,0.706429,0.881428,0.692409,0.200000,0.731100,0.937500,0.440606
361,0.876221,0.588972,0.932965,0.496155,0.007588,0.727857,0.882495,0.683188,0.200000,0.687285,0.911250,0.470232
362,0.847720,0.632832,0.925296,0.498683,0.029299,0.766071,0.882980,0.655360,0.200000,0.681271,0.937500,0.509986
363,0.823290,0.635338,0.918102,0.483510,0.001052,0.785714,0.881234,0.634695,0.200000,0.679553,0.937500,0.540937
364,0.802117,0.657895,0.911842,0.476161,0.018111,0.806429,0.881428,0.612136,0.200000,0.676976,0.937500,0.566020
365,0.769544,0.645363,0.906101,0.500141,0.000000,0.813571,0.882495,0.593776,0.200000,0.722509,0.917500,0.583814
366,0.750814,0.657895,0.901013,0.460110,0.037164,0.785714,0.882738,0.582085,0.200000,0.697595,0.875000,0.601041
367,0.725570,0.652882,0.896400,0.487735,0.034838,0.816071,0.880283,0.562572,0.200000,0.712199,0.871875,0.616469
368,0.701140,0.677945,0.892187,0.498207,0.057602,0.821429,0.882689,0.546764,0.200000,0.736254,0.812500,0.622338
369,0.684039,0.670426,0.901132,0.467980,0.065467,0.821429,0.949333,0.896229,0.520000,0.731959,0.801250,0.632466
370,0.645765,0.650376,0.899797,0.493298,0.092606,0.821429,0.969220,0.961057,0.600000,0.721649,0.750000,0.655655
371,0.615635,0.680451,0.894516,0.480535,0.069454,0.838571,0.969481,0.934711,0.600000,0.719931,0.750000,0.692191
372,0.571661,0.734336,0.889947,0.485756,0.030795,0.821429,0.970064,0.906060,0.600000,0.708763,0.771875,0.726929
373,0.534202,0.685464,0.886164,0.495485,0.046635,0.821429,0.970781,0.894978,0.600000,0.708763,0.812500,0.749834
374,0.508958,0.661654,0.883049,0.500216,0.082858,0.838571,0.973274,0.890746,0.600000,0.714777,0.780000,0.775674
375,0.468241,0.705514,0.880364,0.498014,0.064414,0.821429,0.974458,0.890993,0.600000,0.725945,0.812500,0.792239
376,0.456840,0.701754,0.877991,0.492168,0.031293,0.838214,0.977077,0.893792,0.600000,0.736254,0.812500,0.806436
377,0.440554,0.719298,0.875825,0.486783,0.058433,0.821429,0.980957,0.893381,0.600000,0.749141,0.812500,0.818079
378,0.419381,0.735589,0.873926,0.486485,0.082027,0.821429,0.981200,0.888111,0.600000,0.768041,0.812500,0.831708
379,0.412052,0.758145,0.871909,0.485221,0.070618,0.821429,0.980152,0.875185,0.600000,0.764605,0.763750,0.845244
380,0.388436,0.785714,0.870144,0.492703,0.093381,0.821429,0.983014,0.862918,0.600000,0.759450,0.750000,0.851775
381,0.363192,0.785714,0.868616,0.494816,0.062088,0.821429,0.981394,0.854685,0.600000,0.756873,0.750000,0.858022
382,0.357492,0.785714,0.867340,0.497003,0.063417,0.821429,0.981675,0.846600,0.600000,0.755155,0.750000,0.866067
383,0.355863,0.730576,0.866198,0.497791,0.045251,0.821429,0.980880,0.842170,0.600000,0.753436,0.750000,0.867487
384,0.346091,0.758145,0.865145,0.497196,0.057269,0.821429,0.980016,0.836489,0.600000,0.747423,0.717500,0.876668
385,0.328990,0.810777,0.864225,0.492986,0.031903,0.821429,0.981588,0.837395,0.600000,0.752577,0.687500,0.876952
386,0.335505,0.848371,0.863498,0.494176,0.074328,0.821429,0.981084,0.829903,0.600000,0.755155,0.687500,0.877236
387,0.327362,0.809524,0.862742,0.499680,0.076599,0.821429,0.980637,0.819529,0.600000,0.750000,0.687500,0.886417
388,0.330619,0.818296,0.862148,0.501926,0.087455,0.821429,0.981316,0.818870,0.600000,0.749141,0.678125,0.886417
389,0.312704,0.770677,0.861644,0.501198,0.108003,0.826429,0.980715,0.818640,0.600000,0.750000,0.625000,0.886417
390,0.306189,0.759398,0.861229,0.497642,0.145389,0.833571,0.983227,0.804232,0.600000,0.752577,0.625000,0.886417
391,0.296417,0.809524,0.860991,0.514571,0.173193,0.821429,0.983412,0.802404,0.600000,0.752577,0.625000,0.888027
392,0.303746,0.793233,0.860650,0.514214,0.217059,0.821429,0.980783,0.808579,0.600000,0.748282,0.625000,0.895883
393,0.312704,0.791980,0.860413,0.500781,0.246968,0.821429,0.981103,0.814754,0.600000,0.750000,0.625000,0.895883
394,0.285016,0.775689,0.860057,0.501421,0.263805,0.821429,0.982393,0.808661,0.600000,0.753436,0.625000,0.895883
395,0.287459,0.773183,0.859849,0.508293,0.290446,0.821429,0.982830,0.799275,0.600000,0.752577,0.625000,0.895883
396,0.285831,0.791980,0.859775,0.515017,0.255442,0.821429,0.981510,0.801169,0.600000,0.750000,0.625000,0.900142
397,0.292345,0.786967,0.859626,0.491841,0.267294,0.790000,0.980841,0.805862,0.600000,0.753436,0.625000,0.895883
398,0.320033,0.790727,0.859478,0.505869,0.317197,0.785714,0.981510,0.801745,0.600000,0.747423,0.567500,0.899479
399,0.289088,0.768170,0.859107,0.468575,0.340460,0.767857,0.982345,0.824798,0.600000,0.761168,0.562500,0.905348
400,0.294788,0.817043,0.858989,0.491008,0.329106,0.714286,0.981219,0.809172,0.600000,0.748282,0.562500,0.905348
401,0.280945,0.854637,0.858722,0.463011,0.280310,0.711429,0.980987,0.821093,0.600000,0.758591,0.562500,0.905348
402,0.277687,0.701754,0.858425,0.456510,0.255719,0.678571,0.981763,0.784456,0.600000,0.747423,0.529375,0.905348
403,0.261401,0.756892,0.858544,0.510792,0.298920,0.678571,0.982345,0.764861,0.600000,0.739691,0.500000,0.906010
404,0.257329,0.825815,0.858751,0.501659,0.308336,0.702857,0.980928,0.764614,0.600000,0.737113,0.500000,0.909134
405,0.267101,0.822055,0.859033,0.501406,0.302631,0.714286,0.981316,0.808250,0.600000,0.743986,0.500000,0.905348
406,0.274430,0.834586,0.858707,0.446826,0.312711,0.704643,0.981248,0.825539,0.600000,0.756014,0.500000,0.905348
407,0.269544,0.749373,0.858425,0.460973,0.277541,0.664286,0.982364,0.781574,0.600000,0.747423,0.500000,0.905348
408,0.256515,0.813283,0.858469,0.502373,0.349155,0.673929,0.982461,0.755228,0.400000,0.736254,0.500000,0.907998
409,0.281759,0.828321,0.858944,0.539339,0.292994,0.693571,0.981035,0.756381,0.600000,0.729381,0.500000,0.907052
410,0.304560,0.745614,0.859152,0.548324,0.284796,0.714286,0.980084,0.828339,0.600000,0.740550,0.555000,0.905348
411,0.281759,0.794486,0.858573,0.452777,0.271116,0.697143,0.982354,0.864005,0.360000,0.774055,0.562500,0.905348
412,0.254886,0.857143,0.858321,0.402809,0.254389,0.676071,0.981860,0.825786,0.480000,0.775773,0.557500,0.914624
413,0.277687,0.781955,0.858573,0.482945,0.255774,0.660000,0.980240,0.756035,0.320000,0.744845,0.535000,0.919735
414,0.265472,0.735589,0.858751,0.507386,0.205483,0.683214,0.981957,0.754075,0.400000,0.741409,0.562500,0.914813
415,0.264658,0.662907,0.858944,0.505898,0.127721,0.714286,0.979725,0.773753,0.360000,0.746564,0.562500,0.914813
416,0.280945,0.730576,0.858974,0.497791,0.122791,0.721429,0.982345,0.787090,0.600000,0.746564,0.562500,0.914813
417,0.267101,0.814536,0.858900,0.490740,0.187427,0.726429,0.981016,0.786662,0.600000,0.747423,0.562500,0.914813
418,0.269544,0.711779,0.858885,0.486113,0.218942,0.714286,0.982442,0.790548,0.600000,0.748282,0.562500,0.914813
419,0.267101,0.857143,0.858692,0.490695,0.307782,0.702143,0.981219,0.783632,0.400000,0.746564,0.562500,0.914813
420,0.276059,0.854637,0.858736,0.491290,0.411963,0.695357,0.980599,0.803886,0.600000,0.749141,0.538750,0.914813
421,0.269544,0.883459,0.858366,0.472160,0.383218,0.678571,0.981054,0.814425,0.400000,0.756873,0.526250,0.914813
422,0.251629,0.812030,0.858380,0.467043,0.406314,0.678571,0.980599,0.779351,0.400000,0.744845,0.536250,0.923142
423,0.287459,0.755639,0.858573,0.493938,0.393243,0.678571,0.983324,0.775169,0.600000,0.738832,0.528750,0.924278
424,0.263029,0.745614,0.858469,0.498356,0.382609,0.696429,0.980909,0.792277,0.600000,0.747423,0.562500,0.924278
425,0.241857,0.796992,0.858306,0.477560,0.347383,0.714286,0.982199,0.789807,0.600000,0.747423,0.562500,0.924278
426,0.238599,0.666667,0.858573,0.480728,0.401883,0.714286,0.981617,0.786020,0.600000,0.743986,0.562500,0.924278
427,0.260586,0.718045,0.858647,0.482394,0.328773,0.714286,0.982170,0.774082,0.600000,0.743127,0.562500,0.924278
428,0.248371,0.903509,0.858811,0.505794,0.307006,0.714286,0.980860,0.780438,0.600000,0.737113,0.522500,0.922953
429,0.220684,0.953634,0.858811,0.473424,0.268901,0.731429,0.980589,0.795324,0.600000,0.743127,0.500000,0.921628
430,0.240228,0.794486,0.858766,0.495723,0.265079,0.725714,0.981860,0.802157,0.600000,0.744845,0.500000,0.924278
431,0.238599,0.893484,0.859048,0.459248,0.272556,0.736429,0.982160,0.806158,0.600000,0.745704,0.522500,0.924278
432,0.250000,0.812030,0.858944,0.480654,0.307339,0.731429,0.983072,0.766096,0.600000,0.735395,0.539375,0.924278
433,0.258143,0.929825,0.859374,0.494578,0.291498,0.728214,0.982151,0.765437,0.600000,0.731959,0.518750,0.924278
434,0.243485,0.890977,0.859300,0.491201,0.294157,0.750000,0.982335,0.770377,0.600000,0.732818,0.562500,0.924278
435,0.240228,0.774436,0.859656,0.496006,0.270839,0.785714,0.983383,0.771777,0.600000,0.734536,0.562500,0.924278
436,0.257329,0.758145,0.859790,0.496348,0.226918,0.785714,0.981132,0.776799,0.600000,0.733677,0.561250,0.924278
437,0.277687,0.536341,0.859908,0.489014,0.242204,0.781429,0.981510,0.790960,0.600000,0.739691,0.529375,0.924278
438,0.250000,0.689223,0.859626,0.495515,0.226087,0.750000,0.980492,0.787914,0.600000,0.737973,0.535625,0.924278
439,0.253257,0.809524,0.859701,0.490517,0.223761,0.750000,0.982025,0.784884,0.600000,0.739691,0.524375,0.924278
440,0.219055,0.741855,0.859552,0.495203,0.228469,0.760357,0.981394,0.785411,0.600000,0.737113,0.529375,0.924278
441,0.261401,0.622807,0.859552,0.492614,0.252174,0.757857,0.980589,0.780257,0.600000,0.731959,0.500000,0.924278
442,0.252443,0.774436,0.859552,0.494756,0.247134,0.778929,0.981831,0.777787,0.600000,0.731100,0.500000,0.924278
443,0.232085,0.785714,0.859552,0.495426,0.235780,0.785714,0.983344,0.776437,0.600000,0.727663,0.500000,0.924278
444,0.221498,0.751880,0.859463,0.491989,0.230352,0.757143,0.984799,0.789577,0.600000,0.733677,0.500000,0.924278
445,0.246743,0.622807,0.859434,0.488568,0.213237,0.714286,0.983383,0.784044,0.600000,0.735395,0.500000,0.924278
446,0.246743,0.641604,0.859345,0.490174,0.186264,0.714286,0.980715,0.785114,0.600000,0.734536,0.500000,0.924278
447,0.245928,0.705514,0.859241,0.490651,0.164996,0.731429,0.982849,0.789725,0.600000,0.731100,0.500000,0.924278
448,0.254886,0.601504,0.859345,0.486604,0.124232,0.716786,0.983266,0.793677,0.600000,0.735395,0.500000,0.924278
449,0.235342,0.770677,0.859196,0.474510,0.087621,0.729286,0.980860,0.790713,0.600000,0.733677,0.500000,0.924278
450,0.245114,0.463659,0.858722,0.481100,0.107616,0.714286,0.981006,0.771118,0.600000,0.729381,0.500000,0.924278
451,0.245114,0.656642,0.859122,0.493447,0.089283,0.714286,0.980356,0.768483,0.600000,0.724227,0.500000,0.924278
452,0.243485,0.986216,0.859152,0.495441,0.066242,0.741071,0.982063,0.772600,0.600000,0.722509,0.445000,0.924278
453,0.223127,0.636591,0.859137,0.494771,0.064747,0.740357,0.979842,0.781821,0.600000,0.725945,0.473125,0.924278
454,0.212541,0.695489,0.859196,0.492689,0.098809,0.714286,0.980133,0.776881,0.600000,0.727663,0.462500,0.924278
455,0.201140,0.682957,0.859137,0.484522,0.100249,0.731429,0.982752,0.795735,0.600000,0.725945,0.437500,0.924278
456,0.254886,0.761905,0.859018,0.480312,0.121185,0.731429,0.982704,0.781986,0.600000,0.725945,0.478125,0.924278
457,0.235342,0.785714,0.858944,0.494102,0.092938,0.714286,0.981219,0.774329,0.600000,0.720790,0.458125,0.924278
458,0.205212,0.511278,0.858900,0.487378,0.159956,0.714286,0.983257,0.779516,0.600000,0.721649,0.437500,0.924278
459,0.230456,0.675439,0.858944,0.487125,0.117197,0.714286,0.983994,0.778281,0.600000,0.722509,0.453125,0.924278
460,0.241857,0.593985,0.858929,0.490323,0.074495,0.748214,0.983257,0.784867,0.600000,0.721649,0.451250,0.924278
461,0.222313,0.535088,0.858929,0.480937,0.075658,0.714286,0.982189,0.783056,0.600000,0.723368,0.437500,0.924278
462,0.271173,0.520050,0.858722,0.481234,0.079369,0.714286,0.981860,0.775646,0.600000,0.719931,0.437500,0.924278
463,0.256515,0.541353,0.858900,0.486976,0.075713,0.714286,0.981569,0.767660,0.600000,0.719072,0.437500,0.924278
464,0.214169,0.863409,0.858796,0.500617,0.090723,0.714286,0.982092,0.771530,0.600000,0.719072,0.437500,0.924278
465,0.214169,0.601504,0.859181,0.496601,0.080975,0.714286,0.981607,0.787667,0.600000,0.720790,0.437500,0.924278
466,0.266287,0.478697,0.859196,0.489163,0.092329,0.714286,0.982413,0.791800,0.600000,0.726804,0.437500,0.924278
467,0.237785,0.592732,0.858885,0.486604,0.100969,0.714286,0.982364,0.794665,0.600000,0.726804,0.437500,0.924278
468,0.243485,0.754386,0.858677,0.486232,0.103462,0.714286,0.981200,0.791289,0.600000,0.724227,0.437500,0.924278
469,0.253257,0.731830,0.858677,0.487750,0.071061,0.714286,0.982917,0.786135,0.600000,0.722509,0.469375,0.924278
470,0.233713,0.689223,0.858618,0.485712,0.100692,0.714286,0.982257,0.787650,0.600000,0.726804,0.500000,0.924278
471,0.235342,0.652882,0.858499,0.492287,0.077319,0.714286,0.981132,0.780998,0.600000,0.719072,0.500000,0.924278
472,0.222313,0.739348,0.858455,0.496720,0.081418,0.714286,0.982752,0.778693,0.600000,0.721649,0.500000,0.924278
473,0.197068,0.982456,0.858469,0.490814,0.094323,0.714286,0.982044,0.789066,0.600000,0.719931,0.500000,0.924278
474,0.219055,0.923559,0.858484,0.484075,0.067128,0.714286,0.982995,0.800757,0.600000,0.725086,0.500000,0.924278
475,0.236156,0.853383,0.858143,0.474927,0.093714,0.714286,0.981860,0.803145,0.600000,0.724227,0.500000,0.924278
476,0.188925,0.556391,0.858232,0.469795,0.088064,0.714286,0.981520,0.802486,0.600000,0.728522,0.500000,0.930620
477,0.252443,0.872180,0.858024,0.470092,0.077319,0.741786,0.981569,0.798946,0.600000,0.726804,0.513750,0.933743
478,0.222313,0.766917,0.857698,0.477932,0.135918,0.722143,0.980618,0.786761,0.600000,0.721649,0.562500,0.933743
479,0.233713,0.710526,0.857787,0.486084,0.235281,0.714286,0.980860,0.788161,0.600000,0.720790,0.516875,0.933743
480,0.261401,0.759398,0.857728,0.489431,0.209139,0.714286,0.982219,0.787420,0.600000,0.720790,0.500000,0.933743
481,0.263029,0.781955,0.857654,0.488345,0.141678,0.714286,0.980521,0.794253,0.600000,0.718213,0.500000,0.933743
482,0.223127,0.786967,0.857639,0.484075,0.182775,0.714286,0.981801,0.801416,0.600000,0.724227,0.500000,0.933743
483,0.274430,0.600251,0.857476,0.473796,0.224979,0.714286,0.979793,0.805615,0.600000,0.725945,0.500000,0.933743
484,0.214169,0.810777,0.857045,0.468441,0.219718,0.714286,0.983140,0.800099,0.600000,0.725086,0.500000,0.933743
485,0.259772,0.719298,0.857134,0.474213,0.264747,0.714286,0.981540,0.786679,0.600000,0.720790,0.500000,0.933743
486,0.207655,0.553885,0.856793,0.481680,0.255442,0.714286,0.981559,0.781080,0.600000,0.714777,0.500000,0.933743
487,0.277687,0.598997,0.857105,0.483287,0.292827,0.708214,0.982461,0.779845,0.600000,0.715636,0.500000,0.933743
488,0.251629,0.808271,0.856986,0.483317,0.296871,0.703571,0.981151,0.782891,0.600000,0.715636,0.468750,0.933743
489,0.198697,0.745614,0.857045,0.481844,0.261590,0.714286,0.981520,0.784867,0.600000,0.718213,0.470000,0.933743
490,0.236971,0.949875,0.857209,0.475403,0.307449,0.714286,0.982025,0.785707,0.600000,0.715636,0.470625,0.933743
491,0.234528,0.505013,0.857075,0.481829,0.272224,0.714286,0.981297,0.780092,0.600000,0.716495,0.492500,0.933743
492,0.228827,0.869674,0.857194,0.499011,0.308502,0.714286,0.980637,0.780339,0.600000,0.711340,0.437500,0.933743
493,0.216612,0.575188,0.857120,0.486991,0.312933,0.692857,0.980201,0.806125,0.600000,0.718213,0.437500,0.933743
494,0.233713,0.791980,0.856956,0.456034,0.328441,0.714286,0.982025,0.803968,0.600000,0.725945,0.437500,0.933743
495,0.206026,0.914787,0.857179,0.466046,0.331653,0.701429,0.981646,0.786119,0.600000,0.714777,0.437500,0.933743
496,0.219055,0.776942,0.857120,0.472978,0.340294,0.714286,0.982122,0.783715,0.600000,0.709622,0.437500,0.933743
497,0.186482,0.798246,0.856942,0.474436,0.374245,0.714286,0.982189,0.783056,0.600000,0.711340,0.437500,0.933743
498,0.198697,0.828321,0.856571,0.476816,0.402437,0.714286,0.982296,0.779845,0.600000,0.709622,0.437500,0.933743
499,0.201954,0.799499,0.857312,0.480535,0.392523,0.714286,0.981976,0.776552,0.600000,0.709622,0.437500,0.929011
500,0.175081,0.842105,0.857772,0.475373,0.384436,0.714286,0.982752,0.785938,0.600000,0.707904,0.437500,0.933743
501,0.238599,0.784461,0.857565,0.465852,0.453282,0.714286,0.981510,0.788819,0.600000,0.708763,0.437500,0.930715
502,0.207655,0.796992,0.857550,0.467266,0.438217,0.714286,0.982102,0.784703,0.600000,0.711340,0.437500,0.932040
503,0.201954,0.788221,0.857713,0.475626,0.478039,0.703929,0.982471,0.780504,0.600000,0.706186,0.437500,0.930431
504,0.222313,0.593985,0.857817,0.486039,0.431238,0.707143,0.982927,0.778610,0.600000,0.706186,0.437500,0.928727
505,0.179153,0.790727,0.857891,0.483034,0.474328,0.714286,0.981122,0.790960,0.600000,0.707045,0.437500,0.924278
506,0.192182,0.754386,0.858084,0.467801,0.512434,0.714286,0.981210,0.793381,0.600000,0.710481,0.437500,0.924278
507,0.180782,0.899749,0.857772,0.476147,0.545168,0.714286,0.982005,0.783385,0.600000,0.707045,0.437500,0.928538
508,0.181596,0.872180,0.857935,0.482261,0.527832,0.714286,0.982306,0.782101,0.600000,0.705326,0.437500,0.933743
509,0.211726,0.624060,0.858039,0.484031,0.610468,0.714286,0.981928,0.781657,0.600000,0.707904,0.437500,0.929011
510,0.201140,0.699248,0.858113,0.456525,0.604652,0.714286,0.982257,0.774016,0.600000,0.706186,0.437500,0.924468
511,0.219055,0.758145,0.858069,0.488523,0.611077,0.714286,0.981811,0.766014,0.600000,0.702749,0.437500,0.924278
512,0.210912,0.824561,0.858217,0.481353,0.658765,0.714286,0.980133,0.772353,0.600000,0.701031,0.437500,0.924278
513,0.171010,0.624060,0.858262,0.481621,0.615785,0.714286,0.981559,0.778363,0.600000,0.702749,0.437500,0.924278
514,0.180782,0.652882,0.858514,0.483108,0.594628,0.714286,0.981035,0.777128,0.600000,0.701890,0.437500,0.924278
515,0.171824,0.669173,0.858351,0.472547,0.596455,0.714286,0.981637,0.791536,0.600000,0.705326,0.437500,0.924278
516,0.190554,0.586466,0.858277,0.468441,0.614844,0.714286,0.981084,0.795077,0.600000,0.709622,0.437500,0.924278
517,0.218241,0.506266,0.858351,0.476117,0.612905,0.714286,0.979890,0.785674,0.600000,0.701890,0.437500,0.924278
518,0.219870,0.879699,0.858336,0.472859,0.599723,0.714286,0.981666,0.793875,0.600000,0.702749,0.437500,0.924278
519,0.196254,0.842105,0.858143,0.452494,0.662697,0.714286,0.982102,0.779697,0.600000,0.707904,0.489375,0.924278
520,0.200326,0.615288,0.858188,0.491588,0.650402,0.714286,0.982025,0.767825,0.600000,0.700172,0.479375,0.929011
521,0.192997,0.488722,0.858262,0.488880,0.681307,0.714286,0.981918,0.782233,0.600000,0.701031,0.462500,0.924278
522,0.122964,0.581454,0.858143,0.481383,0.651620,0.714286,0.982413,0.790878,0.600000,0.704467,0.473750,0.924278
523,0.214984,0.699248,0.858024,0.480237,0.678815,0.697857,0.981675,0.792491,0.600000,0.704467,0.437500,0.924278
524,0.196254,0.612782,0.858113,0.476504,0.698366,0.678571,0.981151,0.794961,0.600000,0.702749,0.437500,0.924278
525,0.224756,0.538847,0.857921,0.479241,0.725007,0.678571,0.980346,0.791948,0.600000,0.702749,0.437500,0.924278
526,0.171824,0.701754,0.857995,0.470464,0.658599,0.678571,0.983868,0.795653,0.600000,0.705326,0.437500,0.924468
527,0.189739,0.631579,0.858010,0.471178,0.705677,0.678571,0.982995,0.787420,0.600000,0.699313,0.437500,0.933743
528,0.206840,0.577694,0.858010,0.467786,0.744558,0.678571,0.982092,0.791372,0.600000,0.700172,0.437500,0.929295
529,0.214984,0.719298,0.858099,0.469006,0.652174,0.707857,0.981569,0.785114,0.600000,0.700172,0.437500,0.932797
530,0.203583,0.838346,0.858024,0.468828,0.709222,0.700714,0.982092,0.788572,0.600000,0.705326,0.437500,0.929768
531,0.200326,0.843358,0.858128,0.468887,0.710994,0.710714,0.981442,0.787996,0.600000,0.695876,0.437500,0.929011
532,0.192182,0.901003,0.858202,0.472160,0.679147,0.714286,0.980957,0.785608,0.600000,0.701031,0.437500,0.933743
533,0.173453,0.716792,0.858514,0.475150,0.744835,0.714286,0.981054,0.788408,0.600000,0.699313,0.437500,0.929011
534,0.191368,0.845865,0.858410,0.466462,0.759679,0.714286,0.983266,0.793973,0.600000,0.702749,0.437500,0.928064
535,0.215798,0.708020,0.858633,0.459292,0.733259,0.714286,0.981995,0.788902,0.600000,0.700172,0.437500,0.933743
536,0.198697,0.818296,0.858558,0.462208,0.759790,0.714286,0.980016,0.777869,0.600000,0.695876,0.484375,0.933743
537,0.176710,0.815789,0.858781,0.471758,0.775519,0.714286,0.982044,0.775646,0.600000,0.696735,0.451875,0.933743
538,0.207655,0.650376,0.858855,0.470479,0.766381,0.693929,0.981442,0.786366,0.600000,0.696735,0.437500,0.932229
539,0.179967,0.803258,0.858885,0.462029,0.748712,0.688929,0.979919,0.791586,0.600000,0.700172,0.437500,0.924278
540,0.204397,0.639098,0.858840,0.460973,0.782830,0.678571,0.981345,0.788655,0.600000,0.702749,0.437500,0.932040
541,0.206840,0.456140,0.858707,0.465540,0.701800,0.678571,0.980472,0.789066,0.600000,0.699313,0.437500,0.933743
542,0.243485,0.703008,0.858796,0.465540,0.777402,0.678571,0.981258,0.795324,0.600000,0.700172,0.437500,0.933743
543,0.225570,0.513784,0.858662,0.457953,0.810579,0.678571,0.981287,0.800692,0.600000,0.706186,0.437500,0.933743
544,0.232899,0.577694,0.858751,0.460527,0.796566,0.678571,0.981540,0.792689,0.600000,0.700172,0.496875,0.933743
545,0.217427,0.652882,0.858647,0.461762,0.815619,0.678571,0.981345,0.794665,0.600000,0.700172,0.500000,0.933743
546,0.236971,0.532581,0.858796,0.455737,0.829798,0.678571,0.981704,0.799111,0.600000,0.703608,0.438750,0.933743
547,0.258143,0.631579,0.858736,0.452643,0.854389,0.678571,0.980725,0.803458,0.600000,0.703608,0.437500,0.933743
548,0.248371,0.922306,0.858603,0.449177,0.802326,0.678571,0.982607,0.801087,0.600000,0.705326,0.437500,0.933743
549,0.207655,0.515038,0.858677,0.460051,0.763223,0.678571,0.982568,0.793512,0.600000,0.699313,0.437500,0.933743
550,0.211726,0.533835,0.858440,0.467980,0.925007,0.678571,0.981898,0.796394,0.600000,0.698454,0.437500,0.933743
551,0.267101,0.659148,0.858484,0.461866,0.912157,0.678571,0.982073,0.803639,0.600000,0.700172,0.437500,0.933743
552,0.223127,0.463659,0.858573,0.449147,0.952091,0.678571,0.983363,0.814013,0.600000,0.703608,0.437500,0.933743
553,0.254072,0.617794,0.858366,0.445949,0.953365,0.678571,0.981530,0.807081,0.600000,0.707904,0.437500,0.933743
554,0.219870,0.751880,0.858410,0.448373,0.925727,0.678571,0.982248,0.796641,0.600000,0.701890,0.437500,0.933743
555,0.209283,0.810777,0.858291,0.450634,0.927610,0.678571,0.982151,0.792607,0.600000,0.696735,0.437500,0.933743
556,0.222313,0.681704,0.858024,0.457745,0.918637,0.678571,0.982025,0.789857,0.600000,0.692440,0.437500,0.933743
557,0.137622,0.735589,0.858054,0.460036,0.913874,0.678571,0.981734,0.793924,0.600000,0.690722,0.437500,0.933743
558,0.240228,0.609023,0.857995,0.458727,0.908557,0.678571,0.981879,0.789741,0.600000,0.693299,0.437500,0.933743
559,0.193811,0.479950,0.858306,0.458296,0.933924,0.678571,0.981268,0.788655,0.600000,0.693299,0.437500,0.933743
560,0.175081,0.763158,0.858188,0.446469,0.906397,0.678571,0.981928,0.796065,0.600000,0.699313,0.437500,0.933743
561,0.208469,0.768170,0.858603,0.447481,0.889338,0.678571,0.982044,0.792854,0.600000,0.698454,0.437500,0.933743
562,0.153909,0.780702,0.858722,0.444982,0.875104,0.678571,0.981637,0.788325,0.600000,0.695017,0.437500,0.933743
563,0.188111,0.710526,0.858840,0.448968,0.894877,0.678571,0.981540,0.784620,0.600000,0.695876,0.437500,0.933743
564,0.175896,0.672932,0.858870,0.456258,0.894988,0.678571,0.981054,0.774609,0.600000,0.692440,0.437500,0.933743
565,0.166124,0.842105,0.859315,0.455395,0.924010,0.678571,0.982102,0.783221,0.600000,0.695017,0.437500,0.933743
566,0.169381,0.601504,0.859537,0.453907,0.923456,0.678571,0.981472,0.792030,0.600000,0.697595,0.437500,0.929200
567,0.209283,0.813283,0.859359,0.440474,0.909554,0.678571,0.981491,0.800049,0.600000,0.703608,0.437500,0.929106
568,0.210098,0.849624,0.859775,0.447079,0.941734,0.678571,0.982548,0.796690,0.600000,0.698454,0.437500,0.929389
569,0.228013,0.827068,0.859671,0.452896,0.908059,0.678571,0.982092,0.790713,0.600000,0.697595,0.437500,0.933743
570,0.171824,0.759398,0.859745,0.451110,0.908557,0.678571,0.981122,0.789560,0.600000,0.695876,0.437500,0.933743
571,0.202769,0.963659,0.859819,0.454904,0.978842,0.695714,0.981957,0.791619,0.600000,0.693299,0.437500,0.933743
572,0.225570,0.873434,0.860250,0.449638,0.957020,0.695714,0.983063,0.798205,0.600000,0.696735,0.437500,0.933743
573,0.250000,0.903509,0.859953,0.432813,0.956356,0.681071,0.981316,0.800675,0.600000,0.699313,0.437500,0.933743
574,0.236971,0.874687,0.860146,0.433230,0.906009,0.710714,0.980880,0.786843,0.600000,0.697595,0.437500,0.933743
575,0.260586,0.626566,0.860235,0.440965,0.934312,0.701071,0.982170,0.781739,0.600000,0.695876,0.437500,0.933743
576,0.153909,0.709273,0.860413,0.447406,0.907505,0.714286,0.982189,0.783468,0.600000,0.696735,0.466875,0.933743
577,0.206840,0.620301,0.860457,0.453476,0.913376,0.714286,0.981540,0.783879,0.600000,0.691581,0.437500,0.933743
578,0.201140,0.834586,0.860146,0.457596,0.954749,0.714286,0.984227,0.791372,0.600000,0.694158,0.437500,0.933743
579,0.185668,0.691729,0.859953,0.459486,0.943561,0.714286,0.981714,0.792524,0.600000,0.696735,0.437500,0.933743
580,0.200326,0.794486,0.859953,0.450813,0.888452,0.714286,0.982044,0.798617,0.600000,0.700172,0.437500,0.933743
581,0.222313,0.760652,0.859893,0.443048,0.916921,0.714286,0.981831,0.804709,0.600000,0.698454,0.437500,0.933743
582,0.232899,0.695489,0.859686,0.445279,0.933703,0.704286,0.982995,0.798518,0.600000,0.701031,0.437500,0.933743
583,0.217427,0.556391,0.859537,0.438778,0.921074,0.678571,0.981336,0.797728,0.600000,0.700172,0.437500,0.933743
584,0.252443,0.781955,0.859612,0.452345,0.905123,0.678571,0.983121,0.800428,0.600000,0.697595,0.437500,0.933743
585,0.190554,0.774436,0.859641,0.434613,0.974578,0.678571,0.983160,0.816153,0.600000,0.702749,0.437500,0.933743
586,0.183225,0.641604,0.859552,0.426863,0.888673,0.678571,0.981753,0.807673,0.600000,0.703608,0.437500,0.933743
587,0.247557,0.738095,0.859656,0.428202,0.922902,0.678571,0.982219,0.797876,0.600000,0.696735,0.437500,0.933743
588,0.245114,0.799499,0.859760,0.443896,1.000000,0.678571,0.981365,0.786020,0.600000,0.693299,0.437500,0.933743
589,0.239414,0.770677,0.859923,0.444729,0.951315,0.678571,0.981520,0.783879,0.600000,0.691581,0.437500,0.933743
590,0.231270,0.714286,0.860027,0.445011,0.970091,0.678571,0.981714,0.784785,0.600000,0.694158,0.437500,0.933743
591,0.229642,0.685464,0.859953,0.435342,0.967987,0.678571,0.981831,0.793924,0.600000,0.691581,0.437500,0.933743
592,0.198697,0.908521,0.860012,0.435803,0.965771,0.678571,0.982830,0.793430,0.600000,0.695876,0.437500,0.933743
593,0.160423,0.865915,0.860086,0.444387,0.883578,0.665000,0.981763,0.790384,0.600000,0.689003,0.437500,0.933743
594,0.236971,0.847118,0.859834,0.448939,0.912323,0.675357,0.981375,0.792985,0.600000,0.690722,0.423125,0.933743
595,0.224756,0.610276,0.859745,0.439210,0.915148,0.678571,0.981928,0.797794,0.600000,0.696735,0.423750,0.933743
596,0.251629,0.551378,0.859849,0.428291,0.972251,0.657857,0.981365,0.798419,0.600000,0.698454,0.437500,0.933743
597,0.223127,0.656642,0.859879,0.433587,0.940737,0.659643,0.982519,0.795603,0.600000,0.698454,0.437500,0.933743
598,0.235342,0.428571,0.859597,0.438362,0.963445,0.663214,0.982122,0.792030,0.600000,0.693299,0.437500,0.933743
599,0.260586,0.563910,0.859567,0.447927,0.945943,0.660714,0.979677,0.792689,0.600000,0.692440,0.437500,0.933743
600,0.179967,0.591479,0.859241,0.447034,0.881363,0.660714,0.981442,0.795900,0.600000,0.695017,0.437500,0.933743
601,0.197883,0.697995,0.859018,0.448254,0.957297,0.678571,0.982461,0.798781,0.600000,0.691581,0.437500,0.933743
602,0.214169,0.703008,0.858944,0.447853,0.898809,0.670357,0.982636,0.795406,0.600000,0.692440,0.437500,0.933743
603,0.199511,0.746867,0.859078,0.442631,0.885184,0.669643,0.982364,0.800757,0.600000,0.693299,0.437500,0.933743
604,0.206840,0.799499,0.859300,0.433007,0.878205,0.678571,0.982946,0.802980,0.600000,0.695876,0.437500,0.933743
605,0.238599,0.687970,0.859300,0.428945,0.901357,0.661429,0.982170,0.801581,0.600000,0.700172,0.437500,0.933743
606,0.267915,0.729323,0.859285,0.434197,0.948158,0.678571,0.981345,0.793677,0.600000,0.694158,0.437500,0.933743
607,0.227199,0.807018,0.859167,0.448879,0.936804,0.678571,0.981734,0.787831,0.600000,0.689863,0.437500,0.933743
608,0.164495,0.750627,0.859256,0.442557,0.924896,0.678571,0.981734,0.796065,0.600000,0.692440,0.437500,0.933743
609,0.263029,0.650376,0.859374,0.442423,0.894212,0.678571,0.982607,0.793265,0.600000,0.691581,0.437500,0.933743
610,0.168567,0.825815,0.859345,0.456258,0.908502,0.678571,0.981831,0.792936,0.600000,0.692440,0.407500,0.932513
611,0.197883,0.646617,0.859374,0.449623,0.914207,0.675714,0.982025,0.816483,0.600000,0.694158,0.437500,0.930241
612,0.250000,0.845865,0.859448,0.430671,0.891221,0.642857,0.982025,0.810967,0.600000,0.698454,0.437500,0.933743
613,0.210912,0.720551,0.859582,0.437945,0.925948,0.660714,0.982102,0.800263,0.600000,0.692440,0.437500,0.933743
614,0.184853,0.778195,0.859523,0.449593,0.894821,0.678571,0.982577,0.790548,0.600000,0.693299,0.437500,0.933743
615,0.174267,0.854637,0.859597,0.447585,0.893326,0.661429,0.981035,0.789643,0.600000,0.690722,0.437500,0.933743
616,0.198697,0.892231,0.859864,0.453193,0.926281,0.678571,0.981287,0.787963,0.600000,0.688144,0.437500,0.933743
617,0.178339,0.779449,0.859790,0.453982,0.893714,0.661786,0.981423,0.791882,0.600000,0.689003,0.413750,0.933743
618,0.255700,0.650376,0.859982,0.458028,0.906176,0.661786,0.981025,0.788325,0.600000,0.688144,0.400000,0.933743
619,0.208469,0.637845,0.859968,0.460631,0.915037,0.661429,0.982025,0.798963,0.600000,0.689003,0.382500,0.925603
620,0.209283,0.634085,0.860071,0.458920,0.872667,0.661429,0.982073,0.801416,0.600000,0.696735,0.403125,0.932608
621,0.272801,0.740602,0.859626,0.454458,0.871559,0.661429,0.982674,0.803474,0.600000,0.691581,0.378125,0.933743
622,0.176710,0.775689,0.859359,0.455573,0.910606,0.659643,0.981685,0.804084,0.600000,0.695017,0.375000,0.929579
623,0.246743,0.636591,0.859701,0.455201,0.858876,0.676071,0.980502,0.796394,0.600000,0.691581,0.406250,0.933743
624,0.197883,0.753133,0.859478,0.457671,0.905622,0.660000,0.981831,0.801004,0.600000,0.691581,0.404375,0.933743
625,0.234528,0.829574,0.859508,0.453119,0.988147,0.648571,0.981122,0.805599,0.600000,0.695876,0.379375,0.933743
626,0.285016,0.624060,0.859374,0.453610,0.967488,0.654643,0.981637,0.806932,0.600000,0.697595,0.437500,0.933743
627,0.263029,0.745614,0.859330,0.461122,0.933259,0.642857,0.981831,0.802157,0.600000,0.698454,0.437500,0.933743
628,0.240228,0.858396,0.859330,0.455826,0.840100,0.642857,0.981569,0.804808,0.600000,0.695876,0.437500,0.933743
629,0.210912,0.805764,0.859389,0.465629,0.940515,0.642857,0.983218,0.797053,0.600000,0.695876,0.428125,0.933743
630,0.209283,0.819549,0.858959,0.462133,0.943395,0.642857,0.981540,0.802733,0.600000,0.691581,0.417500,0.933743
631,0.274430,0.588972,0.858825,0.453833,0.890501,0.642857,0.979648,0.805121,0.600000,0.698454,0.437500,0.933743
632,0.221498,0.572682,0.858514,0.443866,0.903074,0.642857,0.981860,0.797711,0.600000,0.698454,0.437500,0.933743
633,0.201954,0.728070,0.858573,0.457284,0.892107,0.642857,0.979667,0.788078,0.600000,0.693299,0.437500,0.933743
634,0.254886,0.804511,0.858796,0.467697,0.934146,0.659643,0.981569,0.796065,0.600000,0.694158,0.407500,0.933743
635,0.214984,0.703008,0.858796,0.467548,0.894212,0.661429,0.981637,0.803310,0.600000,0.690722,0.437500,0.929200
636,0.225570,0.755639,0.858707,0.466924,0.907173,0.659643,0.981084,0.803639,0.600000,0.689863,0.437500,0.933743
637,0.253257,0.593985,0.858410,0.469839,0.865522,0.663571,0.982219,0.802733,0.600000,0.690722,0.437500,0.933743
638,0.265472,0.685464,0.858188,0.471133,0.824702,0.661429,0.981734,0.804298,0.600000,0.691581,0.437500,0.933743
639,0.231270,0.830827,0.858113,0.475209,0.917087,0.672143,0.982966,0.804545,0.600000,0.691581,0.437500,0.933743
640,0.219870,0.735589,0.857995,0.463309,0.867571,0.650714,0.981753,0.818788,0.600000,0.694158,0.437500,0.933743
641,0.236971,0.679198,0.857787,0.446499,0.877652,0.652500,0.981831,0.824222,0.600000,0.701890,0.437500,0.933743
642,0.222313,0.898496,0.857802,0.453714,0.837275,0.670714,0.981248,0.799769,0.680000,0.690722,0.437500,0.933743
643,0.223941,0.602757,0.857624,0.462981,0.958848,0.672143,0.981666,0.795291,1.000000,0.687285,0.437500,0.933743
644,0.201954,0.615288,0.857639,0.472770,0.869842,0.642857,0.982025,0.771612,1.000000,0.689003,0.437500,0.933743
645,0.267101,0.701754,0.857639,0.498936,0.833675,0.642857,0.982480,0.782809,1.000000,0.686426,0.437500,0.933743
646,0.222313,0.587719,0.857713,0.481175,0.854943,0.642857,0.981181,0.807015,1.000000,0.688144,0.428125,0.932608
647,0.245114,0.714286,0.858010,0.469214,0.901745,0.642857,0.981666,0.812284,0.960000,0.695876,0.375000,0.930147
648,0.206026,0.798246,0.857461,0.458995,0.860759,0.642857,0.981666,0.805697,0.640000,0.694158,0.375000,0.929200
649,0.216612,0.804511,0.857298,0.456362,0.886569,0.642857,0.982025,0.797695,0.600000,0.695876,0.375000,0.933743
650,0.241857,0.793233,0.857639,0.459143,0.908391,0.642857,0.981442,0.797464,0.600000,0.690722,0.392500,0.933743
651,0.202769,0.684211,0.857787,0.461152,0.827749,0.642857,0.979289,0.798288,0.600000,0.687285,0.437500,0.933743
652,0.233713,0.701754,0.857995,0.458995,0.871061,0.660000,0.981491,0.794583,0.600000,0.686426,0.383125,0.933743
653,0.236971,0.422306,0.857817,0.467771,0.907228,0.642857,0.980831,0.788737,0.600000,0.688144,0.406250,0.933743
654,0.219055,0.809524,0.857906,0.464216,0.866630,0.670714,0.982054,0.795159,0.600000,0.690722,0.430000,0.930147
655,0.229642,0.807018,0.858366,0.468009,0.822764,0.678571,0.982539,0.798288,0.600000,0.691581,0.437500,0.928064
656,0.226384,0.655388,0.858247,0.459010,0.923456,0.665357,0.982393,0.798205,0.600000,0.691581,0.408125,0.925035
657,0.189739,0.754386,0.858796,0.460676,0.880255,0.642857,0.982413,0.793512,0.600000,0.689863,0.435625,0.924278
658,0.201140,0.703008,0.858885,0.456778,0.886680,0.642857,0.981860,0.793595,0.600000,0.694158,0.406250,0.928822
659,0.122964,0.807018,0.858929,0.455662,0.877430,0.642857,0.981656,0.793759,0.600000,0.692440,0.437500,0.924278
660,0.217427,0.878446,0.859122,0.461687,0.882304,0.660000,0.981928,0.787584,0.600000,0.690722,0.437500,0.924278
661,0.197068,0.640351,0.859122,0.467444,0.870285,0.642857,0.980831,0.783797,0.600000,0.689863,0.437500,0.924278
662,0.192997,0.756892,0.859315,0.473499,0.801551,0.642857,0.981540,0.778199,0.600000,0.687285,0.437500,0.924278
663,0.190554,0.690476,0.859686,0.475730,0.883689,0.642857,0.982122,0.783715,0.600000,0.687285,0.437500,0.924278
664,0.201140,0.523810,0.859834,0.470791,0.875436,0.642857,0.981510,0.792030,0.600000,0.689003,0.398125,0.924278
665,0.206840,0.578947,0.859879,0.457001,0.871393,0.642857,0.981704,0.799028,0.600000,0.690722,0.375000,0.924278
666,0.216612,0.496241,0.860012,0.456704,0.836167,0.642857,0.981801,0.801498,0.600000,0.691581,0.375000,0.924278
667,0.244300,0.730576,0.860294,0.461167,0.891055,0.642857,0.981025,0.796229,0.600000,0.688144,0.375000,0.924278
668,0.243485,0.661654,0.860175,0.466819,0.862420,0.642857,0.981792,0.794006,0.600000,0.689863,0.405625,0.924278
669,0.210098,0.585213,0.860279,0.470241,0.880753,0.642857,0.981734,0.789676,0.600000,0.685567,0.375000,0.924278
670,0.220684,0.601504,0.860457,0.474748,0.826364,0.642857,0.982122,0.789643,0.600000,0.682990,0.375000,0.924278
671,0.227199,0.807018,0.860279,0.461048,0.908003,0.658571,0.982025,0.805533,0.600000,0.689003,0.375000,0.924278
672,0.235342,0.758145,0.860413,0.461628,0.838272,0.644643,0.981734,0.810884,0.600000,0.691581,0.375000,0.924278
673,0.201140,0.944862,0.860279,0.458935,0.833121,0.659643,0.981831,0.813601,0.600000,0.690722,0.375000,0.924278
674,0.239414,0.413534,0.860294,0.460795,0.875658,0.642857,0.982025,0.806027,0.600000,0.689003,0.375000,0.924278
675,0.153909,0.619048,0.860665,0.468456,0.891443,0.642857,0.980977,0.804347,0.600000,0.689003,0.375000,0.929957
676,0.276059,0.596491,0.860413,0.470702,0.840210,0.661429,0.982141,0.804298,0.600000,0.691581,0.375000,0.932986
677,0.295603,0.654135,0.860190,0.467652,0.783993,0.661786,0.981714,0.805813,0.600000,0.689003,0.375000,0.929295
678,0.229642,0.542607,0.859923,0.475150,0.849183,0.678571,0.981734,0.806850,0.600000,0.691581,0.406250,0.928822
679,0.228013,0.764411,0.859493,0.471014,0.835835,0.678571,0.981248,0.808414,0.600000,0.687285,0.437500,0.933460
680,0.218241,0.805764,0.859359,0.466299,0.881307,0.649286,0.981831,0.810720,0.600000,0.689003,0.437500,0.933743
681,0.148208,0.672932,0.859582,0.456332,0.821878,0.672500,0.981637,0.811625,0.600000,0.695017,0.437500,0.933743
682,0.239414,0.677945,0.859463,0.458266,0.829466,0.647143,0.981879,0.811872,0.600000,0.690722,0.437500,0.933743
683,0.197068,0.709273,0.859359,0.464588,0.877153,0.658214,0.980395,0.801334,0.600000,0.688144,0.408125,0.933743
684,0.206026,0.631579,0.859330,0.469333,0.907726,0.643929,0.982878,0.789313,0.600000,0.687285,0.437500,0.933743
685,0.250814,0.639098,0.859523,0.475135,0.911437,0.642857,0.981928,0.792030,0.600000,0.690722,0.437500,0.933743
686,0.219870,0.374687,0.859775,0.464216,0.892717,0.642857,0.981200,0.795324,0.600000,0.688144,0.437500,0.933743
687,0.194625,0.802005,0.860161,0.462312,0.828690,0.642857,0.981782,0.794583,0.600000,0.691581,0.437500,0.933743
688,0.194625,0.718045,0.860428,0.477188,0.783550,0.642857,0.981248,0.791372,0.600000,0.689003,0.389375,0.931566
689,0.162866,0.755639,0.860858,0.465555,0.813680,0.642857,0.981928,0.807015,0.600000,0.691581,0.375000,0.924278
690,0.228013,0.888471,0.861451,0.456510,0.865079,0.642857,0.980890,0.800922,0.600000,0.688144,0.395000,0.924278
691,0.306189,0.644110,0.861318,0.449251,0.868402,0.642857,0.980181,0.801334,0.600000,0.691581,0.416875,0.924278
692,0.253257,0.775689,0.861555,0.459828,0.850623,0.632857,0.981345,0.800346,0.600000,0.694158,0.375000,0.924278
693,0.217427,0.682957,0.862044,0.458801,0.847245,0.624286,0.981540,0.801004,0.600000,0.695017,0.375000,0.927591
694,0.245928,0.685464,0.861674,0.465927,0.895320,0.593929,0.981879,0.798617,0.600000,0.690722,0.375000,0.929295
695,0.231270,0.686717,0.861792,0.468813,0.829189,0.585714,0.981054,0.799934,0.600000,0.688144,0.375000,0.929011
696,0.206840,0.842105,0.862059,0.464365,0.849072,0.591786,0.981976,0.808908,0.600000,0.693299,0.375000,0.925035
697,0.254886,0.862155,0.861659,0.462357,0.863916,0.571429,0.981248,0.809238,0.600000,0.695017,0.375000,0.929011
698,0.282573,0.601504,0.861614,0.457700,0.914982,0.589286,0.981442,0.808744,0.600000,0.691581,0.375000,0.933460
699,0.215798,0.843358,0.861392,0.463770,0.852451,0.573929,0.981637,0.799687,0.600000,0.700172,0.375000,0.924468
700,0.221498,0.672932,0.861748,0.466284,0.852395,0.590000,0.982025,0.796312,0.600000,0.691581,0.375000,0.929011
701,0.232899,0.808271,0.862030,0.460869,0.871005,0.602500,0.981957,0.803063,0.600000,0.690722,0.375000,0.929011
702,0.246743,0.649123,0.861822,0.467667,0.840764,0.594643,0.981510,0.798370,0.600000,0.686426,0.375000,0.924278
703,0.272801,0.870927,0.862356,0.460125,0.841374,0.607143,0.981656,0.807509,0.600000,0.686426,0.375000,0.924278
704,0.202769,0.561404,0.862015,0.450887,0.810966,0.580357,0.981637,0.810802,0.600000,0.693299,0.375000,0.924278
705,0.184039,0.822055,0.862163,0.457552,0.858931,0.589286,0.982704,0.800593,0.600000,0.689003,0.375000,0.924278
706,0.175081,0.818296,0.861926,0.460155,0.868402,0.600714,0.981248,0.795324,0.400000,0.688144,0.375000,0.928822
707,0.249186,0.764411,0.862475,0.473573,0.800222,0.592143,0.981442,0.784950,0.600000,0.685567,0.375000,0.926929
708,0.219055,0.510025,0.862712,0.478869,0.778289,0.604643,0.981831,0.785032,0.600000,0.685567,0.375000,0.926361
709,0.181596,0.550125,0.862964,0.477723,0.931376,0.572857,0.981821,0.794533,0.600000,0.684708,0.375000,0.924278
710,0.225570,0.697995,0.862979,0.467057,0.826142,0.571429,0.980899,0.795752,0.600000,0.689003,0.375000,0.924278
711,0.230456,0.834586,0.863216,0.460066,0.815176,0.571429,0.981821,0.802453,0.600000,0.684708,0.375000,0.924278
712,0.236156,0.863409,0.863305,0.451259,0.802105,0.571429,0.982189,0.804874,0.600000,0.691581,0.375000,0.924278
713,0.214984,0.860902,0.863424,0.457269,0.751260,0.571429,0.982044,0.803557,0.600000,0.687285,0.431875,0.924278
714,0.210098,0.749373,0.863632,0.463234,0.770258,0.577857,0.981637,0.801663,0.600000,0.689003,0.408125,0.924278
715,0.299674,0.664160,0.863231,0.470122,0.824204,0.582143,0.981442,0.800263,0.600000,0.693299,0.375000,0.924278
716,0.227199,0.666667,0.863795,0.449221,0.873664,0.571429,0.981345,0.819529,0.600000,0.697595,0.375000,0.924278
717,0.201140,0.609023,0.863335,0.462208,0.803212,0.589286,0.981637,0.805121,0.600000,0.692440,0.405000,0.924278
718,0.182410,0.832080,0.863513,0.473350,0.821601,0.571429,0.981413,0.794171,0.600000,0.695017,0.375000,0.924278
719,0.213355,0.630326,0.863513,0.476399,0.791803,0.588571,0.981122,0.792195,0.600000,0.686426,0.375000,0.928727
720,0.239414,0.558897,0.863661,0.480565,0.767101,0.571429,0.981510,0.795818,0.600000,0.689003,0.382500,0.924278
721,0.235342,0.567669,0.863706,0.474763,0.859263,0.604643,0.981442,0.803392,0.600000,0.694158,0.398750,0.924278
722,0.263844,0.666667,0.863365,0.468009,0.800997,0.590000,0.981734,0.814260,0.600000,0.696735,0.375000,0.924278
723,0.233713,0.674185,0.863112,0.464499,0.801662,0.571429,0.982170,0.815001,0.600000,0.695876,0.375000,0.924278
724,0.267101,0.743108,0.863157,0.455350,0.866851,0.574286,0.981714,0.819364,0.600000,0.697595,0.417500,0.924278
725,0.216612,0.601504,0.863023,0.454829,0.878815,0.589286,0.981734,0.805615,0.600000,0.693299,0.437500,0.931093
726,0.201954,0.739348,0.862994,0.462758,0.817502,0.584643,0.982122,0.801004,0.600000,0.689003,0.437500,0.933743
727,0.226384,0.588972,0.863068,0.457805,0.769261,0.578571,0.981588,0.802239,0.600000,0.689003,0.407500,0.929200
728,0.289088,0.636591,0.863038,0.467191,0.924730,0.590000,0.982461,0.795982,0.600000,0.685567,0.437500,0.926171
729,0.267915,0.740602,0.863557,0.472799,0.919358,0.580357,0.981540,0.794336,0.600000,0.689003,0.384375,0.924278
730,0.210098,0.675439,0.863543,0.476771,0.853559,0.571429,0.981811,0.794665,0.600000,0.689863,0.375000,0.924278
731,0.166938,0.739348,0.863913,0.475001,0.821379,0.571429,0.981442,0.800675,0.600000,0.689003,0.375000,0.924278
732,0.248371,0.718045,0.864166,0.467697,0.892772,0.571429,0.981181,0.798617,0.600000,0.688144,0.375000,0.924278
733,0.137622,0.842105,0.864388,0.466254,0.925062,0.571429,0.982122,0.802322,0.600000,0.690722,0.375000,0.924278
734,0.171010,0.810777,0.864492,0.469631,0.848020,0.571429,0.981151,0.799440,0.600000,0.684708,0.405000,0.924278
735,0.161238,0.646617,0.864818,0.474436,0.891000,0.571429,0.982995,0.810143,0.600000,0.699313,0.407500,0.924278
736,0.165309,0.847118,0.865263,0.458861,0.810579,0.591786,0.984886,0.830479,0.640000,0.729381,0.404375,0.924278
737,0.214984,0.818296,0.866391,0.461762,0.840155,0.585714,0.986875,0.841841,1.000000,0.747423,0.375000,0.929768
738,0.177524,0.550125,0.866435,0.463100,0.899086,0.571429,0.989077,0.855261,0.880000,0.752577,0.375000,0.933743
739,0.256515,0.783208,0.866717,0.463011,0.879867,0.571429,0.992695,0.862671,0.600000,0.765464,0.375000,0.933743
740,0.175896,0.604010,0.867310,0.476890,0.847909,0.571429,0.993665,0.862424,0.760000,0.778351,0.375000,0.935826
741,0.084691,0.604010,0.867281,0.482930,0.848518,0.581429,0.997235,0.866903,0.640000,0.791237,0.375000,0.943209
742,0.155537,0.659148,0.867830,0.487408,0.840543,0.579286,0.997061,0.880372,0.760000,0.796392,0.393750,0.943209
743,0.184853,0.825815,0.867414,0.469378,0.794461,0.583214,0.997255,0.900214,0.800000,0.804124,0.387500,0.943209
744,0.156352,0.639098,0.867577,0.460542,0.831626,0.577143,0.998002,0.899094,0.960000,0.807560,0.428750,0.951065
745,0.204397,0.893484,0.867370,0.466373,0.749765,0.586429,0.997837,0.889593,0.600000,0.802405,0.437500,0.955703
746,0.243485,0.807018,0.867488,0.476474,0.925450,0.590000,0.997740,0.879137,0.640000,0.800687,0.437500,0.957880
747,0.191368,0.739348,0.867296,0.483882,0.897868,0.607143,0.997934,0.875103,0.760000,0.798110,0.437500,0.961855
748,0.158795,0.803258,0.866628,0.480788,0.744004,0.590000,0.997788,0.869340,0.600000,0.798969,0.437500,0.962139
749,0.206840,0.748120,0.867103,0.475284,0.804376,0.607143,0.997837,0.878396,0.600000,0.800687,0.437500,0.962139
750,0.214984,0.738095,0.866732,0.467593,0.800222,0.607143,0.997400,0.886135,0.880000,0.805842,0.437500,0.962139
751,0.149837,0.650376,0.866183,0.472532,0.806536,0.590000,0.997352,0.875762,0.680000,0.800687,0.437500,0.962139
752,0.231270,0.585213,0.866213,0.471966,0.818610,0.607143,0.996770,0.884159,0.600000,0.802405,0.437500,0.962139
753,0.201954,0.783208,0.866109,0.474659,0.815619,0.632143,0.997352,0.878726,0.600000,0.802405,0.437500,0.962139
754,0.188111,0.844612,0.865738,0.471014,0.834395,0.642857,0.996673,0.871480,0.600000,0.798110,0.437500,0.962139
755,0.197883,0.588972,0.865961,0.469869,0.866962,0.642857,0.998225,0.872551,0.600000,0.795533,0.406250,0.962139
756,0.197883,0.756892,0.865827,0.459976,0.860703,0.642857,0.997546,0.874280,0.600000,0.798969,0.437500,0.962139
757,0.142508,0.741855,0.865723,0.460051,0.896871,0.642857,0.997934,0.872798,0.600000,0.797251,0.437500,0.962139
758,0.204397,0.607769,0.865961,0.465778,0.863140,0.642857,0.997061,0.874691,0.600000,0.802405,0.418750,0.962139
759,0.245928,0.769424,0.866064,0.465852,0.850402,0.642857,0.997934,0.880043,0.600000,0.798110,0.375000,0.962139
760,0.198697,0.647870,0.865797,0.469155,0.809416,0.642857,0.997226,0.875943,0.600000,0.797251,0.375000,0.962139
761,0.150651,0.907268,0.865946,0.458385,0.739297,0.642857,0.997905,0.876321,0.600000,0.797251,0.399375,0.962139
762,0.205212,0.721805,0.865723,0.452330,0.786763,0.642857,0.997342,0.877573,0.640000,0.802405,0.413125,0.962139
763,0.173453,0.838346,0.865872,0.463800,0.710551,0.642857,0.998234,0.868928,0.760000,0.796392,0.375000,0.962139
764,0.148208,0.785714,0.866183,0.462773,0.697148,0.642857,0.997652,0.868467,0.600000,0.794674,0.375000,0.962139
765,0.244300,0.808271,0.866242,0.458043,0.757685,0.642857,0.997352,0.874362,0.680000,0.795533,0.375000,0.962139
766,0.192997,0.610276,0.866346,0.461196,0.823484,0.642857,0.997546,0.875185,0.760000,0.792955,0.375000,0.962139
767,0.178339,0.610276,0.866317,0.448031,0.805926,0.642857,0.998002,0.884571,0.600000,0.804124,0.375000,0.962139
768,0.194625,0.542607,0.865901,0.453535,0.787593,0.626071,0.998031,0.871892,0.600000,0.799828,0.375000,0.962139
769,0.172638,0.761905,0.866198,0.461375,0.829078,0.628214,0.997905,0.870031,0.600000,0.797251,0.375000,0.962139
770,0.127850,0.687970,0.866331,0.458340,0.846358,0.640000,0.997313,0.880833,0.600000,0.799828,0.375000,0.962139
771,0.254886,0.718045,0.866346,0.442973,0.783384,0.642857,0.997546,0.885806,0.600000,0.800687,0.375000,0.966872
772,0.174267,0.705514,0.866465,0.451274,0.728884,0.642857,0.997934,0.872715,0.600000,0.797251,0.375000,0.962139
773,0.191368,0.679198,0.866480,0.460527,0.659873,0.623214,0.996867,0.861930,0.600000,0.792955,0.375000,0.964032
774,0.160423,0.765664,0.866851,0.466924,0.638604,0.611429,0.998031,0.865058,0.600000,0.793814,0.375000,0.964789
775,0.174267,0.724311,0.867340,0.466924,0.649626,0.608214,0.996964,0.869257,0.600000,0.795533,0.375000,0.962139
776,0.135993,0.888471,0.867755,0.460185,0.720964,0.619643,0.998031,0.874938,0.600000,0.798969,0.375000,0.962139
777,0.122964,0.786967,0.867696,0.459292,0.777569,0.582143,0.997740,0.871727,0.600000,0.798110,0.375000,0.962139
778,0.184039,0.815789,0.867622,0.453163,0.784990,0.624643,0.997614,0.870031,0.600000,0.798969,0.375000,0.962139
779,0.264658,0.738095,0.867652,0.451914,0.814954,0.595714,0.997507,0.872616,0.600000,0.795533,0.375000,0.962139
780,0.254072,0.458647,0.867518,0.456124,0.720521,0.607143,0.997352,0.869669,0.600000,0.798110,0.375000,0.962139
781,0.175081,0.726817,0.868141,0.458548,0.667239,0.576786,0.997352,0.871151,0.600000,0.798110,0.375000,0.962139
782,0.211726,0.650376,0.868067,0.463249,0.835336,0.588214,0.996886,0.864976,0.600000,0.798110,0.375000,0.962139
783,0.175081,0.634085,0.868126,0.462520,0.799446,0.588214,0.997517,0.867446,0.800000,0.795533,0.375000,0.962139
784,0.122964,0.724311,0.868260,0.460081,0.803877,0.591786,0.997546,0.873950,0.600000,0.794674,0.375000,0.962139
785,0.226384,0.522556,0.868304,0.468337,0.768928,0.605357,0.998545,0.863000,0.600000,0.796392,0.375000,0.962139
786,0.217427,0.810777,0.868245,0.464826,0.811520,0.575000,0.997885,0.873950,0.600000,0.791237,0.375000,0.962139
787,0.179967,0.824561,0.868379,0.460348,0.670562,0.602500,0.998031,0.881607,0.600000,0.799828,0.375000,0.962139
788,0.250814,0.786967,0.868497,0.452791,0.672224,0.571429,0.997158,0.882266,0.600000,0.799828,0.367500,0.962896
789,0.132736,0.736842,0.868646,0.462639,0.733259,0.578571,0.997546,0.865882,0.720000,0.795533,0.342500,0.966115
790,0.247557,0.773183,0.868660,0.478229,0.775408,0.581071,0.997400,0.859295,0.680000,0.792096,0.312500,0.962139
791,0.105049,0.803258,0.868631,0.470033,0.777790,0.581429,0.996964,0.873621,0.600000,0.793814,0.323750,0.962139
792,0.176710,0.572682,0.868527,0.454621,0.748768,0.590000,0.997352,0.886465,0.600000,0.795533,0.363750,0.962139
793,0.188111,0.510025,0.868838,0.450337,0.873830,0.577500,0.997934,0.886876,0.600000,0.801546,0.357500,0.962139
794,0.193811,0.665414,0.868705,0.446722,0.912323,0.571429,0.997740,0.885312,0.600000,0.804983,0.375000,0.962139
795,0.140065,0.785714,0.868838,0.457745,0.890114,0.571429,0.997934,0.879384,0.600000,0.803265,0.375000,0.962139
796,0.150651,0.731830,0.869239,0.453922,0.835226,0.604643,0.997158,0.883748,0.600000,0.801546,0.375000,0.966872
797,0.220684,0.740602,0.868927,0.468530,0.746663,0.574286,0.997352,0.881113,0.600000,0.797251,0.375000,0.962139
798,0.188925,0.690476,0.868482,0.467251,0.770036,0.604286,0.998031,0.880537,0.800000,0.797251,0.375000,0.966682
799,0.175896,0.907268,0.868468,0.468679,0.818277,0.588571,0.997837,0.883583,0.760000,0.799828,0.345000,0.966682
800,0.219055,0.497494,0.868304,0.454621,0.779119,0.576786,0.997255,0.894286,0.600000,0.807560,0.375000,0.962139
801,0.234528,0.820802,0.868171,0.450530,0.798283,0.583214,0.997672,0.890993,0.600000,0.805842,0.375000,0.970847
802,0.200326,0.859649,0.867755,0.457626,0.779175,0.571429,0.997691,0.881607,0.600000,0.800687,0.375000,0.971604
803,0.228013,0.670426,0.867889,0.444699,0.759402,0.571429,0.997061,0.883583,0.600000,0.805842,0.375000,0.971604
804,0.224756,0.588972,0.867221,0.459634,0.824758,0.582143,0.997352,0.875844,0.800000,0.797251,0.375000,0.971604
805,0.169381,0.854637,0.867533,0.466299,0.848629,0.601786,0.997740,0.868599,0.680000,0.795533,0.375000,0.971604
806,0.184039,0.704261,0.867637,0.461717,0.773913,0.612500,0.997449,0.874609,0.720000,0.799828,0.375000,0.971604
807,0.169381,0.561404,0.867696,0.465183,0.772750,0.638571,0.996964,0.872221,0.600000,0.793814,0.375000,0.967061
808,0.246743,0.829574,0.867978,0.469943,0.813514,0.609643,0.997740,0.874280,0.720000,0.799828,0.375000,0.971604
809,0.157980,0.847118,0.868304,0.473365,0.713487,0.591071,0.996624,0.876667,0.680000,0.795533,0.375000,0.967061
810,0.153909,0.610276,0.868156,0.453952,0.699363,0.642857,0.997061,0.890252,0.720000,0.808419,0.375000,0.967156
811,0.205212,0.674185,0.867844,0.441337,0.791027,0.642857,0.997449,0.890581,0.800000,0.810137,0.375000,0.967061
812,0.206026,0.572682,0.867815,0.462446,0.768208,0.639286,0.997614,0.866442,0.680000,0.801546,0.375000,0.971604
813,0.175896,0.775689,0.868097,0.475165,0.733924,0.607143,0.997711,0.860662,0.600000,0.799828,0.375000,0.967250
814,0.194625,0.581454,0.868215,0.473945,0.688230,0.583214,0.997449,0.869093,0.600000,0.799828,0.375000,0.969238
815,0.150651,0.853383,0.868660,0.469527,0.701855,0.596429,0.996964,0.879466,0.600000,0.802405,0.375000,0.962139
816,0.158795,0.776942,0.868512,0.467295,0.813680,0.607143,0.997740,0.888605,0.800000,0.804983,0.375000,0.962139
817,0.130293,0.725564,0.868453,0.440906,0.849792,0.594286,0.997973,0.898205,0.600000,0.814433,0.375000,0.962139
818,0.173453,0.715539,0.868868,0.455276,0.842924,0.612500,0.996721,0.874313,0.600000,0.805842,0.375000,0.966966
819,0.099349,0.859649,0.868838,0.466507,0.845306,0.592500,0.997381,0.872370,0.640000,0.802405,0.375000,0.966398
820,0.166938,0.652882,0.869016,0.468188,0.736638,0.604286,0.997546,0.872798,0.960000,0.804983,0.375000,0.966398
821,0.192182,0.518797,0.869076,0.473067,0.695818,0.607143,0.997643,0.871069,0.600000,0.800687,0.375000,0.971320
822,0.244300,0.593985,0.869120,0.485325,0.685350,0.588571,0.997643,0.871316,0.600000,0.799828,0.375000,0.962328
823,0.184039,0.819549,0.869298,0.477679,0.721739,0.588214,0.996867,0.888770,0.880000,0.807560,0.375000,0.966682
824,0.202769,0.793233,0.868838,0.462758,0.749986,0.613214,0.997352,0.906801,1.000000,0.816151,0.337500,0.963086
825,0.219870,0.746867,0.869447,0.440251,0.847023,0.636786,0.998128,0.911740,0.680000,0.820447,0.354375,0.971604
826,0.241857,0.556391,0.869165,0.446514,0.755469,0.597143,0.997740,0.896344,0.600000,0.812715,0.375000,0.971604
827,0.183225,0.625313,0.869150,0.459218,0.789920,0.590357,0.997352,0.879713,0.600000,0.802405,0.375000,0.971604
828,0.193811,0.506266,0.869194,0.480044,0.809250,0.615357,0.997255,0.872880,0.600000,0.797251,0.375000,0.971604
829,0.271173,0.711779,0.869016,0.475730,0.909277,0.595357,0.997255,0.878149,0.600000,0.802405,0.375000,0.971604
830,0.201954,0.626566,0.868809,0.469899,0.899308,0.601786,0.997158,0.883830,0.600000,0.806701,0.375000,0.971604
831,0.202769,0.511278,0.868779,0.474986,0.834561,0.575000,0.997546,0.878067,0.600000,0.804983,0.375000,0.971604
832,0.172638,0.825815,0.868586,0.472576,0.848518,0.604643,0.997323,0.876256,0.600000,0.796392,0.375000,0.971604
833,0.201140,0.523810,0.868927,0.468887,0.882526,0.590000,0.997449,0.879878,0.600000,0.800687,0.375000,0.971604
834,0.132736,0.726817,0.868868,0.455603,0.805428,0.607143,0.997449,0.893463,0.600000,0.808419,0.375000,0.971604
835,0.174267,0.555138,0.869091,0.457507,0.771144,0.593571,0.996964,0.881195,0.600000,0.803265,0.375000,0.971604
836,0.128664,0.807018,0.868883,0.463576,0.807477,0.622143,0.997565,0.866376,0.600000,0.796392,0.375000,0.971604
837,0.195440,0.796992,0.869298,0.481279,0.777181,0.612500,0.997177,0.861765,0.600000,0.789519,0.375000,0.971604
838,0.197068,0.780702,0.869313,0.474495,0.820936,0.620714,0.997934,0.875778,0.600000,0.796392,0.375000,0.971604
839,0.134365,0.697995,0.869091,0.468634,0.795071,0.607143,0.997643,0.877820,0.600000,0.797251,0.375000,0.971604
840,0.198697,0.624060,0.868972,0.460943,0.886901,0.624286,0.996867,0.877902,0.600000,0.796392,0.375000,0.971604
841,0.206026,0.838346,0.869283,0.463130,0.828690,0.617857,0.997449,0.870163,0.600000,0.796392,0.375000,0.971604
842,0.185668,0.481203,0.869669,0.469646,0.832235,0.630357,0.997206,0.862012,0.600000,0.793814,0.375000,0.971604
843,0.100163,0.531328,0.869254,0.473320,0.806259,0.638571,0.997022,0.856973,0.600000,0.792096,0.375000,0.971604
844,0.162052,0.738095,0.869343,0.465332,0.760343,0.627857,0.996547,0.873127,0.600000,0.798110,0.375000,0.965452
845,0.134365,0.918546,0.870025,0.461524,0.802991,0.640357,0.997837,0.875679,0.600000,0.799828,0.375000,0.962139
846,0.188925,0.708020,0.870114,0.456600,0.823927,0.606429,0.997022,0.871200,0.600000,0.799828,0.375000,0.966493
847,0.140065,0.580201,0.870322,0.468932,0.836832,0.642857,0.997061,0.863000,0.600000,0.795533,0.330000,0.966588
848,0.170195,0.611529,0.870188,0.466061,0.849460,0.642857,0.996741,0.878067,0.600000,0.798110,0.359375,0.966682
849,0.171010,0.551378,0.870099,0.458891,0.767101,0.642857,0.997643,0.883007,0.600000,0.802405,0.345000,0.964695
850,0.134365,0.710526,0.870366,0.464365,0.832567,0.636786,0.997352,0.879055,0.600000,0.801546,0.375000,0.964221
851,0.174267,0.699248,0.870945,0.463428,0.883467,0.624286,0.997885,0.884571,0.800000,0.799828,0.343750,0.969711
852,0.131107,0.751880,0.870974,0.456287,0.859319,0.632500,0.997187,0.877902,0.800000,0.806701,0.375000,0.967250
853,0.160423,0.842105,0.870737,0.466879,0.896151,0.642857,0.997546,0.869916,0.600000,0.795533,0.375000,0.971604
854,0.195440,0.674185,0.870811,0.466314,0.853614,0.642857,0.997041,0.877359,1.000000,0.799828,0.375000,0.968954
855,0.102606,0.525063,0.871301,0.470181,0.857214,0.642857,0.997614,0.874510,0.600000,0.799828,0.375000,0.966682
856,0.167752,0.681704,0.871538,0.472799,0.830352,0.612500,0.997255,0.875021,0.840000,0.792955,0.375000,0.966682
857,0.178339,0.681704,0.872176,0.473737,0.816007,0.622143,0.997061,0.879960,0.800000,0.796392,0.345625,0.966588
858,0.155537,0.666667,0.872131,0.472904,0.848851,0.592143,0.997837,0.882348,1.000000,0.802405,0.343750,0.962139
859,0.176710,0.703008,0.872309,0.466358,0.890612,0.624286,0.997061,0.885065,0.720000,0.805842,0.341875,0.966872
860,0.160423,0.793233,0.871894,0.462907,0.853448,0.622500,0.997352,0.892804,0.600000,0.805842,0.312500,0.971604
861,0.209283,0.625313,0.872087,0.458147,0.773802,0.594643,0.997934,0.887864,0.600000,0.805842,0.312500,0.971604
862,0.192182,0.659148,0.872028,0.461360,0.899363,0.616786,0.997158,0.880619,0.600000,0.804124,0.312500,0.971604
863,0.214984,0.885965,0.871864,0.464767,0.904625,0.572143,0.997274,0.885855,0.600000,0.805842,0.312500,0.971604
864,0.272801,0.691729,0.871642,0.465674,0.873276,0.632500,0.997682,0.883270,0.920000,0.804124,0.375000,0.971604
865,0.137622,0.708020,0.871701,0.456168,0.861700,0.642857,0.996576,0.889017,0.800000,0.805842,0.343750,0.971604
866,0.174267,0.660401,0.871227,0.463770,0.831459,0.632857,0.997449,0.879302,0.880000,0.803265,0.343750,0.971604
867,0.106678,0.659148,0.871375,0.460229,0.792135,0.607143,0.996964,0.879549,0.600000,0.799828,0.375000,0.971604
868,0.184039,0.847118,0.871360,0.470747,0.871615,0.619643,0.997255,0.881689,0.600000,0.799828,0.375000,0.971604
869,0.232899,0.883459,0.871434,0.470345,0.874882,0.642857,0.997410,0.881920,0.600000,0.798969,0.375000,0.971604
870,0.189739,0.714286,0.871345,0.464290,0.874052,0.642857,0.997255,0.890005,0.600000,0.803265,0.375000,0.971604
871,0.149023,0.735589,0.871761,0.461910,0.819219,0.609643,0.997158,0.889017,0.600000,0.804124,0.375000,0.971604
872,0.168567,0.647870,0.871345,0.450218,0.832013,0.642143,0.997643,0.892640,0.600000,0.805842,0.375000,0.971604
873,0.203583,0.773183,0.871345,0.467652,0.814567,0.623571,0.997614,0.874642,0.600000,0.801546,0.375000,0.971604
874,0.197883,0.687970,0.871390,0.471297,0.793908,0.624643,0.997119,0.874889,0.600000,0.798110,0.375000,0.971604
875,0.218241,0.746867,0.871716,0.484819,0.935309,0.611429,0.997643,0.868599,0.600000,0.793814,0.375000,0.971604
876,0.188925,0.888471,0.871761,0.473320,0.889227,0.625714,0.997439,0.881130,0.600000,0.800687,0.315625,0.971604
877,0.267101,0.626566,0.871686,0.473692,0.886569,0.612143,0.997216,0.886531,0.600000,0.799828,0.341250,0.971604
878,0.144137,0.659148,0.871686,0.443613,0.824536,0.623929,0.997158,0.897497,0.600000,0.805842,0.375000,0.971604
879,0.154723,0.655388,0.871627,0.462639,0.830075,0.642857,0.997546,0.876997,0.600000,0.795533,0.375000,0.971604
880,0.179153,0.530075,0.871761,0.483733,0.879590,0.620357,0.997740,0.873127,0.600000,0.795533,0.375000,0.971604
881,0.213355,0.718045,0.871657,0.472770,0.793187,0.631071,0.997255,0.885971,0.600000,0.803265,0.375000,0.971604
882,0.260586,0.656642,0.871701,0.471669,0.761950,0.642857,0.996867,0.886053,0.600000,0.799828,0.375000,0.971604
883,0.194625,0.823308,0.871464,0.470642,0.905843,0.642857,0.997546,0.890911,0.600000,0.804124,0.375000,0.971604
884,0.200326,0.808271,0.871479,0.475492,0.875492,0.642857,0.997876,0.886679,0.600000,0.804124,0.375000,0.971604
885,0.232085,0.456140,0.871167,0.475923,0.814013,0.642857,0.997546,0.885724,0.600000,0.799828,0.345000,0.971604
886,0.197883,0.667920,0.871034,0.476266,0.779895,0.642857,0.998322,0.881113,0.600000,0.804983,0.375000,0.971604
887,0.205212,0.705514,0.871049,0.472115,0.825921,0.642857,0.997352,0.883665,0.600000,0.796392,0.375000,0.971604
888,0.266287,0.715539,0.870871,0.449920,0.881141,0.638214,0.996702,0.900873,0.960000,0.805842,0.375000,0.971604
889,0.168567,0.616541,0.870604,0.452866,0.881695,0.629643,0.997352,0.885559,1.000000,0.800687,0.375000,0.971604
890,0.251629,0.517544,0.871034,0.470970,0.826253,0.642857,0.997255,0.857649,1.000000,0.794674,0.375000,0.971604
891,0.234528,0.641604,0.871004,0.481770,0.870064,0.642857,0.996673,0.863906,1.000000,0.794674,0.375000,0.971604
892,0.218241,0.651629,0.871108,0.475819,0.771310,0.642857,0.996576,0.878314,0.600000,0.796392,0.375000,0.971604
893,0.164495,0.735589,0.871375,0.475968,0.853780,0.626786,0.997449,0.868269,0.600000,0.798969,0.375000,0.971604
894,0.194625,0.703008,0.871597,0.477143,0.826918,0.642857,0.997255,0.878726,0.600000,0.797251,0.320000,0.971604
895,0.201140,0.916040,0.871746,0.470315,0.853891,0.642857,0.996915,0.891240,0.600000,0.803265,0.312500,0.971604
896,0.269544,0.783208,0.871597,0.466581,0.872833,0.625714,0.997546,0.889017,0.600000,0.802405,0.341875,0.971604
897,0.181596,0.661654,0.871004,0.445770,0.848795,0.642857,0.997934,0.905977,0.600000,0.805842,0.375000,0.971604
898,0.212541,0.573935,0.870885,0.441709,0.878261,0.642857,0.998225,0.901120,0.600000,0.808419,0.375000,0.971604
899,0.215798,0.696742,0.870618,0.462654,0.830573,0.642857,0.997449,0.873127,0.600000,0.801546,0.375000,0.971604
900,0.264658,0.670426,0.870544,0.492778,0.791914,0.642857,0.996692,0.847604,0.600000,0.792955,0.375000,0.971604
901,0.182410,0.508772,0.870707,0.497746,0.787538,0.642857,0.996925,0.859872,0.600000,0.793814,0.375000,0.971604
902,0.101792,0.978697,0.870974,0.482841,0.785710,0.642857,0.997652,0.883204,0.600000,0.797251,0.375000,0.971604
903,0.134365,0.652882,0.870841,0.473603,0.899862,0.642857,0.997643,0.897909,0.600000,0.805842,0.375000,0.971604
904,0.302117,0.558897,0.871034,0.474585,0.875602,0.642857,0.997449,0.901202,0.600000,0.808419,0.375000,0.971604
905,0.270358,0.652882,0.870960,0.459099,0.820493,0.642857,0.997837,0.906801,0.600000,0.807560,0.375000,0.971604
906,0.209283,0.734336,0.870811,0.458786,0.811797,0.642857,0.997255,0.896344,0.600000,0.805842,0.375000,0.971604
907,0.215798,0.770677,0.870663,0.474406,0.829576,0.642857,0.997449,0.877820,0.600000,0.804124,0.375000,0.971604
908,0.119707,0.630326,0.870678,0.463011,0.820604,0.642857,0.998128,0.887041,0.600000,0.805842,0.375000,0.971604
909,0.131922,0.600251,0.870826,0.464097,0.829078,0.642857,0.997061,0.881113,0.600000,0.801546,0.375000,0.971604
910,0.179153,0.739348,0.870960,0.476994,0.808308,0.642857,0.997546,0.866293,0.600000,0.802405,0.375000,0.971604
911,0.217427,0.718045,0.871330,0.493254,0.840487,0.642857,0.997352,0.862424,0.600000,0.798110,0.375000,0.971604
912,0.198697,0.687970,0.872042,0.488642,0.794351,0.642857,0.996867,0.878067,0.600000,0.800687,0.375000,0.971604
913,0.188111,0.661654,0.871212,0.460185,0.723733,0.642857,0.997293,0.902256,0.600000,0.815292,0.375000,0.971604
914,0.179153,0.795739,0.871434,0.450039,0.848962,0.642857,0.997449,0.899061,0.600000,0.810137,0.375000,0.971604
915,0.179967,0.650376,0.870648,0.453863,0.862753,0.642857,0.997837,0.892804,0.600000,0.809278,0.375000,0.971604
916,0.171824,0.669173,0.870900,0.469899,0.793908,0.642857,0.998516,0.876173,0.600000,0.802405,0.375000,0.971604
917,0.197883,0.708020,0.871078,0.483183,0.875492,0.642857,0.997352,0.864070,0.600000,0.798110,0.375000,0.971604
918,0.116450,0.649123,0.871464,0.490903,0.877984,0.642857,0.997352,0.871645,0.600000,0.795533,0.375000,0.971604
919,0.181596,0.700501,0.871375,0.482737,0.796677,0.642857,0.996576,0.882842,0.600000,0.802405,0.345625,0.971604
920,0.175081,0.791980,0.871761,0.484180,0.799446,0.642857,0.997352,0.882677,0.600000,0.801546,0.321875,0.971604
921,0.228827,0.685464,0.871864,0.477158,0.755248,0.642857,0.997449,0.893134,0.600000,0.804124,0.337500,0.971604
922,0.215798,0.652882,0.871805,0.467266,0.832789,0.642857,0.998186,0.895027,0.600000,0.804983,0.345000,0.971604
923,0.171010,0.720551,0.871553,0.470449,0.891664,0.642857,0.997837,0.888935,0.600000,0.800687,0.343750,0.971604
924,0.187296,0.540100,0.871627,0.473677,0.844808,0.642857,0.997934,0.884077,0.600000,0.800687,0.345000,0.971604
925,0.157166,0.369674,0.871583,0.473365,0.793021,0.642857,0.997837,0.885888,0.600000,0.804124,0.373750,0.971604
926,0.232899,0.670426,0.871330,0.473290,0.780061,0.642857,0.997061,0.883665,0.680000,0.804124,0.375000,0.971604
927,0.137622,0.557644,0.871167,0.470821,0.871005,0.642857,0.997449,0.883665,1.000000,0.804124,0.375000,0.971604
928,0.231270,0.585213,0.871152,0.479538,0.811465,0.642857,0.996935,0.869257,1.000000,0.798110,0.338750,0.971604
929,0.197068,0.510025,0.871390,0.492480,0.780836,0.623929,0.997284,0.879631,0.720000,0.800687,0.318750,0.971604
930,0.205212,0.741855,0.871494,0.473558,0.779784,0.616786,0.997546,0.886580,0.600000,0.804124,0.345625,0.971604
931,0.129479,0.630326,0.871227,0.482989,0.855497,0.636786,0.997255,0.884406,0.600000,0.802405,0.375000,0.971604
932,0.229642,0.735589,0.871508,0.476742,0.768042,0.642857,0.998225,0.888935,0.600000,0.804983,0.363750,0.971604
933,0.177524,0.665414,0.871508,0.482989,0.777569,0.642857,0.997643,0.883336,0.600000,0.802405,0.325000,0.971604
934,0.122150,0.740602,0.871627,0.477218,0.707394,0.642857,0.997449,0.886959,0.600000,0.802405,0.331250,0.971604
935,0.171010,0.814536,0.871523,0.473216,0.742177,0.642857,0.997740,0.890664,0.600000,0.803265,0.358125,0.971604
936,0.206840,0.679198,0.871301,0.472829,0.806092,0.642857,0.997274,0.888638,0.600000,0.808419,0.375000,0.971604
937,0.214169,0.723058,0.871301,0.479018,0.825145,0.642857,0.997255,0.883583,0.600000,0.803265,0.343750,0.971604
938,0.143322,0.567669,0.871508,0.476310,0.893326,0.642857,0.997313,0.878248,0.600000,0.799828,0.375000,0.971604
939,0.167752,0.595238,0.871390,0.477902,0.914484,0.642857,0.997449,0.886465,0.600000,0.800687,0.354375,0.971604
940,0.184039,0.621554,0.870960,0.475284,0.857934,0.635000,0.998031,0.887700,0.600000,0.803265,0.335625,0.971604
941,0.132736,0.674185,0.870900,0.462877,0.868181,0.633214,0.997643,0.892887,0.600000,0.807560,0.375000,0.971604
942,0.102606,0.650376,0.870693,0.470553,0.875048,0.642857,0.998070,0.884192,0.600000,0.800687,0.375000,0.971604
943,0.138436,0.615288,0.870826,0.474480,0.897812,0.642857,0.997614,0.875646,0.600000,0.801546,0.375000,0.971604
944,0.172638,0.645363,0.870633,0.485489,0.870230,0.642857,0.996770,0.870410,0.600000,0.795533,0.375000,0.971604
945,0.185668,0.789474,0.870752,0.495411,0.899418,0.642857,0.997449,0.875185,0.600000,0.798110,0.375000,0.971604
946,0.188925,0.749373,0.870811,0.486307,0.867239,0.642857,0.997546,0.889758,0.600000,0.808419,0.375000,0.971604
947,0.173453,0.775689,0.871049,0.482960,0.793298,0.642857,0.996964,0.893134,0.600000,0.807560,0.375000,0.971604
948,0.181596,0.679198,0.870826,0.475581,0.828967,0.642857,0.998031,0.890664,0.600000,0.807560,0.375000,0.971604
949,0.179153,0.815789,0.870648,0.470583,0.807200,0.623214,0.997352,0.895768,0.600000,0.806701,0.375000,0.971604
950,0.215798,0.684211,0.870485,0.474198,0.875048,0.624286,0.995994,0.884983,0.600000,0.805842,0.375000,0.971604
951,0.282573,0.690476,0.870292,0.488122,0.875215,0.612143,0.997837,0.869257,0.600000,0.798110,0.375000,0.971604
952,0.205212,0.598997,0.870589,0.493893,0.799225,0.636786,0.997420,0.876420,0.600000,0.798110,0.375000,0.971604
953,0.170195,0.759398,0.870752,0.482930,0.777402,0.607143,0.996925,0.888227,0.320000,0.804124,0.371250,0.971604
954,0.098534,0.774436,0.870485,0.474510,0.777513,0.624643,0.997517,0.886201,0.600000,0.808419,0.329375,0.971604
955,0.115635,0.814536,0.870188,0.468709,0.798172,0.625000,0.997342,0.889610,0.600000,0.806701,0.354375,0.971604
956,0.161238,0.701754,0.870515,0.464261,0.835447,0.637500,0.997032,0.892969,0.600000,0.802405,0.331250,0.971604
957,0.175896,0.697995,0.870663,0.460839,0.790474,0.642857,0.997837,0.891981,0.600000,0.807560,0.375000,0.971604
958,0.187296,0.684211,0.870396,0.477218,0.808086,0.642857,0.997934,0.870575,0.600000,0.798969,0.375000,0.971604
959,0.144137,0.760652,0.870574,0.483659,0.845694,0.625714,0.997158,0.870739,0.600000,0.798110,0.375000,0.971604
960,0.184039,0.692982,0.871152,0.487051,0.927001,0.642857,0.997061,0.873621,0.600000,0.798969,0.375000,0.971604
961,0.129479,0.577694,0.871049,0.487839,0.841983,0.642857,0.996964,0.877079,0.600000,0.800687,0.375000,0.971604
962,0.188925,0.583960,0.870767,0.480059,0.751869,0.642857,0.997740,0.879713,0.600000,0.798969,0.375000,0.971604
963,0.171010,0.690476,0.871152,0.483867,0.775298,0.642857,0.997158,0.883418,0.600000,0.801546,0.375000,0.971604
964,0.200326,0.701754,0.871390,0.481770,0.710053,0.642857,0.997352,0.881607,0.600000,0.801546,0.375000,0.971604
965,0.179967,0.802005,0.871612,0.491379,0.771753,0.642857,0.997255,0.888276,0.600000,0.801546,0.375000,0.971604
966,0.142508,0.837093,0.871316,0.471847,0.820881,0.642857,0.997449,0.901861,0.600000,0.808419,0.375000,0.971604
967,0.163681,0.735589,0.871612,0.460125,0.769704,0.642857,0.997740,0.891569,0.600000,0.808419,0.375000,0.971604
968,0.121336,0.654135,0.871419,0.466656,0.776849,0.642857,0.997061,0.880948,0.600000,0.804124,0.375000,0.971604
969,0.114821,0.748120,0.871968,0.469110,0.782664,0.642857,0.996867,0.883007,0.600000,0.803265,0.375000,0.971604
970,0.087134,0.677945,0.872131,0.486961,0.713985,0.626071,0.996915,0.876585,0.600000,0.799828,0.375000,0.971604
971,0.190554,0.713033,0.872577,0.482127,0.716145,0.642857,0.997594,0.884653,0.840000,0.799828,0.375000,0.971604
972,0.179153,0.614035,0.872888,0.471981,0.766270,0.642857,0.997061,0.894039,0.600000,0.810137,0.423750,0.971604
973,0.168567,0.685464,0.872903,0.468039,0.844088,0.642857,0.997808,0.883501,0.600000,0.805842,0.387500,0.971604
974,0.074919,0.817043,0.872636,0.476295,0.897868,0.642857,0.996673,0.881689,0.600000,0.806701,0.375000,0.971604
975,0.186482,0.834586,0.873140,0.482290,0.912268,0.642857,0.998031,0.871151,0.600000,0.796392,0.375000,0.971604
976,0.141694,0.640351,0.872977,0.490011,0.893104,0.642857,0.997255,0.873209,0.600000,0.798110,0.375000,0.971604
977,0.130293,0.661654,0.873348,0.485548,0.813071,0.642857,0.997352,0.877244,0.800000,0.800687,0.375000,0.971604
978,0.131922,0.617794,0.873407,0.475284,0.791803,0.642857,0.996964,0.888523,0.600000,0.800687,0.375000,0.971604
979,0.156352,0.728070,0.873570,0.472026,0.842038,0.642857,0.997546,0.887535,0.600000,0.803265,0.375000,0.971604
980,0.215798,0.581454,0.873289,0.474361,0.837164,0.642857,0.996964,0.881936,0.600000,0.803265,0.375000,0.971604
981,0.174267,0.577694,0.873689,0.477813,0.851066,0.642857,0.997449,0.882513,0.800000,0.800687,0.375000,0.971604
982,0.138436,0.670426,0.873481,0.485950,0.803212,0.642857,0.997410,0.883830,0.600000,0.802405,0.375000,0.971604
983,0.153909,0.850877,0.873674,0.475150,0.822487,0.642857,0.997381,0.888902,0.600000,0.802405,0.375000,0.971604
984,0.258143,0.670426,0.873556,0.484522,0.836721,0.642857,0.997061,0.884341,0.840000,0.802405,0.343750,0.971604
985,0.113192,0.655388,0.873659,0.487006,0.821213,0.642857,0.997255,0.883912,0.600000,0.798969,0.338750,0.971604
986,0.214984,0.880952,0.873318,0.487631,0.830241,0.642857,0.997643,0.886300,0.680000,0.801546,0.318750,0.971604
987,0.126221,0.827068,0.873452,0.491290,0.886513,0.642857,0.997856,0.883929,1.000000,0.802405,0.375000,0.971604
988,0.188111,0.615288,0.872992,0.482112,0.827139,0.642857,0.997158,0.889923,0.680000,0.803265,0.375000,0.971604
989,0.245928,0.650376,0.872977,0.473216,0.836389,0.642857,0.997352,0.891816,0.720000,0.805842,0.375000,0.971604
990,0.173453,0.922306,0.872784,0.477441,0.803766,0.642857,0.997749,0.891520,0.680000,0.806701,0.375000,0.971604
991,0.210912,0.560150,0.872473,0.485593,0.729881,0.660000,0.997740,0.880043,0.600000,0.803265,0.375000,0.971604
992,0.148208,0.682957,0.872295,0.482989,0.728109,0.642857,0.997439,0.886069,0.600000,0.807560,0.375000,0.971604
993,0.147394,0.344612,0.871998,0.486857,0.718859,0.642857,0.997934,0.891981,0.600000,0.809278,0.375000,0.971604
994,0.189739,0.600251,0.871731,0.476221,0.702354,0.642857,0.997546,0.890664,0.600000,0.806701,0.375000,0.971604
995,0.155537,0.580201,0.871583,0.489490,0.636278,0.642857,0.998031,0.879796,0.600000,0.798110,0.355000,0.971604
996,0.225570,0.754386,0.871716,0.503444,0.690612,0.642857,0.997449,0.874938,0.600000,0.801546,0.365625,0.971604
997,0.229642,0.706767,0.871761,0.493001,0.592412,0.643571,0.997837,0.888441,0.800000,0.805842,0.375000,0.971604
998,0.177524,0.532581,0.871657,0.483257,0.712877,0.659643,0.997740,0.899885,0.600000,0.803265,0.375000,0.971604
999,0.235342,0.788221,0.871049,0.474778,0.839878,0.645714,0.997740,0.895686,0.600000,0.807560,0.375000,0.971604
1000,0.089577,0.652882,0.870796,0.455945,0.885738,0.657143,0.996964,0.891816,0.600000,0.804124,0.375000,0.971604
1001,0.144951,0.590226,0.870737,0.471252,0.891997,0.642857,0.997934,0.875103,0.600000,0.798969,0.375000,0.971604
1002,0.152280,0.546366,0.870485,0.482142,0.824813,0.642857,0.998099,0.870575,0.600000,0.797251,0.375000,0.971604
1003,0.113192,0.875940,0.870470,0.488895,0.796123,0.642857,0.997255,0.869340,0.600000,0.797251,0.375000,0.971604
1004,0.162052,0.645363,0.870529,0.481532,0.818388,0.642857,0.997177,0.874675,0.600000,0.793814,0.375000,0.971604
1005,0.175081,0.457393,0.870871,0.490755,0.756300,0.642857,0.997614,0.864894,0.600000,0.793814,0.375000,0.971604
1006,0.094463,0.807018,0.870678,0.489698,0.778344,0.642857,0.997274,0.880718,0.600000,0.798969,0.375000,0.971604
1007,0.201954,0.508772,0.870782,0.476459,0.812905,0.642857,0.997575,0.887963,0.600000,0.804983,0.365000,0.971604
1008,0.184039,0.602757,0.870440,0.471966,0.830573,0.642857,0.997643,0.885971,0.600000,0.801546,0.355000,0.971604
1009,0.178339,0.699248,0.870782,0.466805,0.752866,0.642857,0.997546,0.884900,0.600000,0.804124,0.375000,0.971604
1010,0.202769,0.634085,0.870856,0.470047,0.765107,0.642857,0.997643,0.882430,0.600000,0.797251,0.375000,0.971604
1011,0.220684,0.699248,0.870960,0.468039,0.783218,0.642857,0.997158,0.880866,0.600000,0.802405,0.375000,0.971604
1012,0.105049,1.000000,0.870589,0.472755,0.731487,0.642857,0.997352,0.877161,0.720000,0.797251,0.375000,0.971604
1013,0.104235,0.710526,0.870693,0.485965,0.789366,0.636786,0.997740,0.875926,0.800000,0.795533,0.375000,0.971604
1014,0.173453,0.677945,0.870960,0.490383,0.770590,0.631429,0.997449,0.872962,0.600000,0.795533,0.351875,0.971604
1015,0.152280,0.687970,0.870574,0.492555,0.856494,0.642857,0.997352,0.872304,0.600000,0.799828,0.366875,0.971604
1016,0.202769,0.650376,0.871479,0.494042,0.817114,0.642857,0.997643,0.881195,0.600000,0.802405,0.375000,0.971604
1017,0.069218,0.842105,0.871212,0.485697,0.797618,0.632143,0.998419,0.885477,0.600000,0.801546,0.375000,0.971604
1018,0.142508,0.728070,0.870945,0.477158,0.762891,0.636786,0.997478,0.890581,0.600000,0.806701,0.375000,0.971604
1019,0.186482,0.447368,0.870767,0.480312,0.781833,0.628571,0.998031,0.883830,0.600000,0.802405,0.375000,0.971604
1020,0.186482,0.659148,0.870440,0.490174,0.838604,0.622500,0.998031,0.879384,0.600000,0.799828,0.375000,0.971604
1021,0.192182,0.641604,0.870337,0.490874,0.865024,0.592143,0.997284,0.884077,0.600000,0.801546,0.375000,0.971604
1022,0.169381,0.788221,0.870233,0.484180,0.828801,0.571429,0.997643,0.888276,0.600000,0.805842,0.375000,0.971604
1023,0.265472,0.526316,0.869936,0.478854,0.878593,0.571429,0.998128,0.892475,0.600000,0.809278,0.375000,0.971604
1024,0.132736,0.710526,0.869506,0.477560,0.803822,0.592143,0.997255,0.882842,0.600000,0.803265,0.375000,0.971604
1025,0.122150,0.749373,0.869372,0.479866,0.769427,0.602500,0.996770,0.876420,0.600000,0.800687,0.375000,0.971604
1026,0.166938,0.466165,0.869447,0.477530,0.753586,0.577857,0.997158,0.884242,0.600000,0.802405,0.375000,0.971604
1027,0.082248,0.753133,0.869476,0.475581,0.820493,0.599286,0.997352,0.883912,0.600000,0.802405,0.375000,0.971604
1028,0.083062,0.681704,0.869536,0.470300,0.796123,0.615000,0.997061,0.883336,0.600000,0.805842,0.375000,0.971604
1029,0.210098,0.692982,0.869892,0.465540,0.771864,0.597143,0.997449,0.877820,0.600000,0.805842,0.375000,0.971604
1030,0.174267,0.664160,0.870010,0.479687,0.734478,0.617143,0.997449,0.862177,0.600000,0.795533,0.375000,0.971604
1031,0.139251,0.619048,0.870544,0.486813,0.717530,0.602857,0.997449,0.870739,0.600000,0.794674,0.375000,0.971604
1032,0.143322,0.641604,0.871167,0.485920,0.743451,0.611429,0.997158,0.876256,0.600000,0.799828,0.375000,0.971604
1033,0.202769,0.520050,0.870648,0.487318,0.695320,0.575000,0.997274,0.884571,0.600000,0.798969,0.375000,0.971604
1034,0.237785,0.540100,0.870485,0.475001,0.722182,0.622500,0.997740,0.894533,0.600000,0.802405,0.351250,0.971604
1035,0.184853,0.602757,0.870218,0.471089,0.815564,0.606071,0.997837,0.885477,0.600000,0.802405,0.341875,0.971604
1036,0.182410,0.735589,0.870129,0.476191,0.852063,0.608214,0.996867,0.873374,0.600000,0.795533,0.312500,0.971604
1037,0.124593,0.605263,0.869921,0.470732,0.851399,0.607143,0.997061,0.867446,0.800000,0.795533,0.312500,0.971604
1038,0.147394,0.723058,0.870396,0.487452,0.754583,0.629286,0.998516,0.865470,0.600000,0.793814,0.312500,0.971604
1039,0.167752,0.626566,0.870989,0.484403,0.793021,0.642857,0.997255,0.862753,0.600000,0.792955,0.343750,0.971604
1040,0.192997,0.543860,0.870960,0.492331,0.785101,0.625714,0.997158,0.866623,0.600000,0.791237,0.370625,0.971604
1041,0.182410,0.577694,0.871108,0.496422,0.679147,0.642857,0.997643,0.875432,0.600000,0.796392,0.342500,0.971604
1042,0.124593,0.778195,0.871360,0.489267,0.695984,0.642857,0.997546,0.888358,0.600000,0.798969,0.348750,0.971604
1043,0.167752,0.675439,0.871241,0.482677,0.734755,0.625000,0.997507,0.891240,0.600000,0.799828,0.375000,0.971604
1044,0.152280,0.497494,0.870826,0.473023,0.771531,0.625714,0.997061,0.889923,0.600000,0.805842,0.375000,0.971604
1045,0.105863,0.585213,0.870900,0.478899,0.787760,0.642857,0.997255,0.886547,0.600000,0.804124,0.375000,0.971604
1046,0.223127,0.669173,0.870900,0.478571,0.759623,0.642857,0.997837,0.887700,0.600000,0.801546,0.375000,0.971604
1047,0.138436,0.708020,0.871108,0.485102,0.745168,0.625714,0.998186,0.878940,0.600000,0.801546,0.375000,0.971604
1048,0.147394,0.840852,0.871330,0.491811,0.742509,0.642857,0.997158,0.881936,0.600000,0.798110,0.375000,0.971604
1049,0.077362,0.781955,0.871479,0.484998,0.707006,0.642857,0.997449,0.892063,0.600000,0.806701,0.375000,0.971604
1050,0.145765,0.790727,0.871123,0.469408,0.787372,0.642857,0.998031,0.895521,0.600000,0.807560,0.375000,0.971604
1051,0.151466,0.880952,0.870811,0.466403,0.770147,0.642857,0.997740,0.884818,0.600000,0.804983,0.375000,0.971604
1052,0.114007,0.785714,0.870915,0.476132,0.780282,0.642857,0.997905,0.869109,0.600000,0.798110,0.375000,0.971604
1053,0.201954,0.725564,0.871063,0.488568,0.723068,0.642857,0.997740,0.867084,0.600000,0.792096,0.375000,0.971604
1054,0.126221,0.829574,0.870811,0.498118,0.659596,0.642857,0.998380,0.864120,0.600000,0.793814,0.375000,0.971604
1055,0.112378,0.725564,0.870989,0.491082,0.734533,0.625357,0.997575,0.875696,0.600000,0.793814,0.375000,0.971604
1056,0.186482,0.735589,0.870693,0.479672,0.778898,0.642857,0.997449,0.885394,0.600000,0.798110,0.375000,0.971604
1057,0.140065,0.682957,0.870811,0.473796,0.782110,0.642857,0.997410,0.888045,0.880000,0.799828,0.375000,0.971604
1058,0.164495,0.555138,0.870500,0.482052,0.774024,0.642857,0.997546,0.880948,1.000000,0.793814,0.375000,0.971604
1059,0.135179,0.607769,0.870722,0.479375,0.716256,0.642857,0.997546,0.878232,0.720000,0.799828,0.375000,0.971604
1060,0.109121,0.586466,0.870129,0.481844,0.732207,0.642857,0.996673,0.879796,0.600000,0.797251,0.375000,0.971604
1061,0.113192,0.626566,0.870025,0.487527,0.752257,0.642857,0.997643,0.867611,0.920000,0.795533,0.383125,0.971604
1062,0.142508,0.621554,0.870203,0.487571,0.770202,0.642857,0.997449,0.873868,1.000000,0.791237,0.398125,0.971604
1063,0.151466,0.486216,0.870559,0.480535,0.775242,0.642857,0.997934,0.880454,0.880000,0.792096,0.375000,0.971604
1064,0.151466,0.721805,0.870203,0.477262,0.714040,0.642857,0.997740,0.879631,0.760000,0.794674,0.375000,0.971604
1065,0.074104,0.705514,0.870070,0.475700,0.660537,0.642857,0.997643,0.878479,0.640000,0.792955,0.375000,0.971604
1066,0.135993,0.692982,0.870648,0.485146,0.767654,0.642857,0.997061,0.868352,0.600000,0.795533,0.375000,0.971604
1067,0.134365,0.817043,0.870337,0.481130,0.780615,0.642857,0.996886,0.873456,0.600000,0.791237,0.375000,0.971604
1068,0.111564,0.701754,0.870500,0.486753,0.790474,0.642857,0.997759,0.865174,0.800000,0.789519,0.375000,0.971604
1069,0.081433,0.553885,0.870722,0.489654,0.710551,0.642857,0.997158,0.863988,0.600000,0.792955,0.375000,0.971604
1070,0.192182,0.810777,0.871093,0.491885,0.711050,0.642857,0.997837,0.869340,0.800000,0.794674,0.375000,0.971604
1071,0.170195,0.617794,0.871345,0.487348,0.710994,0.642857,0.997051,0.873802,0.600000,0.794674,0.375000,0.963559
1072,0.127850,0.634085,0.871434,0.491127,0.689781,0.642857,0.996925,0.866359,0.880000,0.789519,0.375000,0.970469
1073,0.236156,0.685464,0.871405,0.483064,0.654777,0.594286,0.997158,0.874889,0.600000,0.798110,0.353750,0.965925
1074,0.089577,0.655388,0.871375,0.483094,0.674162,0.586429,0.997371,0.875416,0.600000,0.797251,0.344375,0.967345
1075,0.172638,0.632832,0.871568,0.478199,0.773747,0.575714,0.997255,0.880537,0.600000,0.798969,0.375000,0.971604
1076,0.202769,0.893484,0.871686,0.481011,0.804542,0.601786,0.997206,0.874527,0.600000,0.795533,0.375000,0.971604
1077,0.146580,0.632832,0.871790,0.492242,0.752146,0.595357,0.997158,0.871398,0.600000,0.794674,0.375000,0.971604
1078,0.208469,0.601504,0.871731,0.492986,0.706729,0.599286,0.997255,0.871563,0.600000,0.796392,0.375000,0.971604
1079,0.095277,0.530075,0.871835,0.493611,0.678704,0.588214,0.997352,0.886300,0.600000,0.797251,0.375000,0.971604
1080,0.140879,0.690476,0.872072,0.476414,0.670174,0.588214,0.997158,0.893545,0.600000,0.804983,0.375000,0.971604
1081,0.158795,0.899749,0.872146,0.485474,0.699474,0.571429,0.996770,0.883254,0.600000,0.800687,0.375000,0.971604
1082,0.165309,0.692982,0.872384,0.480684,0.715370,0.571429,0.997332,0.883748,0.600000,0.797251,0.375000,0.971604
1083,0.151466,0.657895,0.872176,0.477575,0.654777,0.571429,0.997216,0.880586,0.600000,0.801546,0.375000,0.971604
1084,0.180782,0.858396,0.872280,0.484224,0.624481,0.587500,0.997255,0.869998,0.600000,0.792955,0.375000,0.971604
1085,0.141694,0.662907,0.872443,0.479449,0.726115,0.572143,0.996973,0.874164,0.600000,0.798110,0.356875,0.971604
1086,0.123779,0.563910,0.872636,0.475418,0.681086,0.590000,0.997546,0.881031,0.600000,0.800687,0.361250,0.971604
1087,0.205212,0.703008,0.872844,0.465689,0.669510,0.586786,0.996964,0.886300,0.600000,0.800687,0.375000,0.971604
1088,0.181596,0.434837,0.872740,0.475403,0.715536,0.610000,0.997643,0.873127,0.600000,0.798969,0.375000,0.971604
1089,0.173453,0.676692,0.872829,0.491617,0.710773,0.623929,0.997158,0.860448,0.600000,0.795533,0.375000,0.971604
1090,0.205212,0.642857,0.873096,0.498431,0.619773,0.582857,0.997255,0.866870,0.600000,0.792096,0.375000,0.971604
1091,0.151466,0.723058,0.872888,0.493819,0.665910,0.597143,0.997255,0.878232,0.600000,0.794674,0.375000,0.971604
1092,0.128664,0.807018,0.872784,0.484432,0.686126,0.579643,0.997303,0.881442,0.840000,0.799828,0.375000,0.971604
1093,0.140879,0.686717,0.872621,0.483659,0.649792,0.589286,0.997061,0.881031,1.000000,0.800687,0.375000,0.971604
1094,0.217427,0.571429,0.873036,0.481874,0.644586,0.571429,0.997546,0.882760,1.000000,0.792096,0.375000,0.971604
1095,0.184039,0.743108,0.873185,0.477590,0.732983,0.571429,0.997449,0.892146,0.920000,0.804983,0.375000,0.971604
1096,0.116450,0.690476,0.872710,0.466849,0.664414,0.571429,0.996876,0.892738,0.600000,0.801546,0.375000,0.971604
1097,0.118078,0.508772,0.873022,0.471505,0.595071,0.588571,0.997158,0.877161,0.600000,0.799828,0.375000,0.971604
1098,0.171010,0.592732,0.872784,0.477723,0.567433,0.571429,0.997682,0.869817,0.600000,0.796392,0.375000,0.971604
1099,0.134365,0.799499,0.872844,0.484581,0.643589,0.571429,0.997575,0.859131,0.600000,0.789519,0.375000,0.971604
1100,0.164495,0.527569,0.872918,0.489981,0.718582,0.571429,0.997352,0.864811,0.600000,0.791237,0.375000,0.971604
1101,0.213355,0.786967,0.873363,0.486589,0.710883,0.575714,0.997643,0.880784,0.760000,0.798110,0.375000,0.971604
1102,0.140879,0.651629,0.873214,0.480223,0.760620,0.583929,0.997274,0.881821,0.640000,0.797251,0.375000,0.971604
1103,0.157166,0.642857,0.873185,0.481606,0.784603,0.571429,0.997682,0.872979,0.600000,0.798110,0.375000,0.971604
1104,0.152280,0.657895,0.873244,0.487973,0.800942,0.571429,0.997255,0.870575,0.600000,0.795533,0.375000,0.971604
1105,0.175081,0.704261,0.873659,0.473915,0.751869,0.571429,0.998380,0.885411,0.600000,0.799828,0.355625,0.971604
1106,0.205212,0.506266,0.873734,0.479315,0.822875,0.571429,0.998060,0.877738,0.600000,0.799828,0.334375,0.971604
1107,0.153909,0.692982,0.873511,0.484284,0.712490,0.571429,0.997255,0.873539,0.600000,0.798110,0.351250,0.971604
1108,0.181596,0.555138,0.873689,0.493879,0.727998,0.571429,0.997934,0.869093,0.600000,0.797251,0.367500,0.971604
1109,0.176710,0.725564,0.873526,0.488092,0.755968,0.571429,0.997158,0.872386,0.640000,0.792955,0.375000,0.971604
1110,0.127850,0.458647,0.874001,0.476489,0.761119,0.571429,0.997274,0.882002,0.800000,0.795533,0.375000,0.971604
1111,0.162866,0.498747,0.874238,0.463115,0.720022,0.571429,0.997837,0.893232,0.600000,0.807560,0.375000,0.971604
1112,0.223941,0.612782,0.874698,0.472532,0.711880,0.571429,0.997255,0.877573,0.720000,0.804124,0.375000,0.971604
1113,0.078990,0.721805,0.874446,0.478110,0.709776,0.571429,0.997119,0.871629,0.600000,0.799828,0.375000,0.971604
1114,0.135993,0.516291,0.874223,0.476147,0.728995,0.571429,0.997255,0.872715,0.600000,0.798969,0.375000,0.971604
1115,0.179967,0.536341,0.874505,0.487408,0.732983,0.571429,0.997497,0.875350,0.600000,0.795533,0.375000,0.971604
1116,0.142508,0.639098,0.874223,0.481755,0.784603,0.571429,0.997643,0.877079,0.600000,0.799828,0.375000,0.971604
1117,0.139251,0.600251,0.874223,0.481368,0.703351,0.571429,0.997614,0.876733,0.600000,0.795533,0.375000,0.971604
1118,0.153094,0.692982,0.874134,0.481353,0.703462,0.571429,0.997158,0.881607,0.600000,0.797251,0.375000,0.971604
1119,0.150651,0.738095,0.874075,0.467147,0.708779,0.571429,0.997449,0.890417,0.600000,0.804124,0.375000,0.971604
1120,0.127850,0.749373,0.873986,0.460854,0.645251,0.571429,0.997740,0.885230,0.600000,0.801546,0.375000,0.971604
1121,0.182410,0.649123,0.874179,0.462342,0.793243,0.571429,0.997449,0.862836,0.600000,0.796392,0.375000,0.971604
1122,0.213355,0.697995,0.874001,0.495098,0.704182,0.571429,0.997032,0.852610,0.600000,0.788660,0.375000,0.971604
1123,0.159609,0.729323,0.874327,0.503161,0.670950,0.554286,0.997158,0.870328,0.600000,0.792955,0.375000,0.971604
1124,0.174267,0.667920,0.873912,0.491870,0.734866,0.554286,0.997643,0.873374,0.600000,0.799828,0.375000,0.971604
1125,0.114821,0.634085,0.873808,0.490323,0.733924,0.553571,0.997313,0.875729,0.600000,0.797251,0.375000,0.971604
1126,0.182410,0.728070,0.873941,0.485965,0.648352,0.549286,0.997012,0.878149,0.600000,0.798969,0.375000,0.971604
1127,0.102606,0.614035,0.873689,0.484135,0.653337,0.558929,0.997662,0.877573,0.600000,0.798110,0.375000,0.971604
1128,0.158795,0.716792,0.873378,0.483465,0.668845,0.563571,0.997546,0.874115,0.600000,0.797251,0.345000,0.971604
1129,0.169381,0.615288,0.873526,0.485741,0.623816,0.561429,0.997749,0.874971,0.600000,0.793814,0.373750,0.971604
1130,0.151466,0.614035,0.874045,0.478646,0.613127,0.571429,0.996964,0.877079,0.600000,0.802405,0.375000,0.971604
1131,0.192182,0.487469,0.873897,0.485399,0.646525,0.571429,0.997274,0.874675,0.480000,0.795533,0.375000,0.971604
1132,0.179967,0.754386,0.874045,0.485117,0.706951,0.571429,0.997740,0.877408,0.520000,0.796392,0.375000,0.971604
1133,0.171824,0.863409,0.873986,0.483659,0.745389,0.571429,0.997614,0.878742,0.600000,0.792955,0.375000,0.971604
1134,0.091205,0.735589,0.873882,0.490725,0.683135,0.571429,0.997594,0.874033,0.600000,0.795533,0.375000,0.971604
1135,0.135179,0.728070,0.873837,0.467667,0.630352,0.571429,0.997643,0.893628,0.600000,0.803265,0.375000,0.971604
1136,0.123779,0.847118,0.874030,0.472398,0.673664,0.571429,0.997643,0.879302,0.600000,0.804124,0.375000,0.971604
1137,0.171010,0.659148,0.873837,0.489505,0.670894,0.571429,0.997934,0.859048,0.600000,0.790378,0.375000,0.971604
1138,0.123779,0.708020,0.873793,0.493328,0.691055,0.566786,0.998128,0.854685,0.600000,0.787801,0.375000,0.971604
1139,0.209283,0.774436,0.874268,0.491617,0.699031,0.558929,0.997740,0.869340,0.600000,0.793814,0.375000,0.971604
1140,0.161238,0.611529,0.874713,0.488151,0.677153,0.571429,0.997449,0.871019,0.600000,0.795533,0.375000,0.971604
1141,0.148208,0.662907,0.874594,0.481918,0.702409,0.562500,0.997061,0.883748,0.600000,0.801546,0.375000,0.971604
1142,0.238599,0.828321,0.874876,0.465421,0.712213,0.552500,0.997575,0.881410,0.600000,0.799828,0.375000,0.971604
1143,0.162866,0.577694,0.874727,0.471416,0.692717,0.547143,0.997255,0.875185,0.600000,0.794674,0.375000,0.971604
1144,0.141694,0.641604,0.874831,0.468634,0.647521,0.571429,0.997400,0.871480,0.600000,0.797251,0.375000,0.971604
1145,0.126221,0.609023,0.874891,0.486039,0.740017,0.571429,0.997837,0.860366,0.600000,0.795533,0.404375,0.971604
1146,0.129479,0.714286,0.874579,0.492837,0.742121,0.571429,0.996896,0.864153,0.600000,0.791237,0.376250,0.971604
1147,0.127036,0.647870,0.874282,0.492168,0.686015,0.554286,0.997934,0.867611,0.600000,0.792955,0.375000,0.971604
1148,0.184039,0.735589,0.874416,0.497910,0.723401,0.536429,0.997546,0.864564,0.800000,0.792096,0.375000,0.971604
1149,0.138436,0.661654,0.874861,0.490472,0.651952,0.535714,0.996770,0.875432,0.720000,0.797251,0.375000,0.971604
1150,0.175081,0.706767,0.874772,0.491216,0.627859,0.535714,0.997837,0.879137,0.800000,0.798969,0.375000,0.971604
1151,0.206026,0.557644,0.874668,0.479241,0.709056,0.535714,0.997352,0.886135,0.600000,0.797251,0.375000,0.971604
1152,0.157980,0.775689,0.875009,0.470523,0.690889,0.535714,0.997643,0.893298,0.600000,0.802405,0.375000,0.971604
1153,0.151466,0.822055,0.874846,0.474079,0.626475,0.535714,0.997963,0.881854,0.800000,0.795533,0.375000,0.971604
1154,0.125407,0.602757,0.874905,0.496988,0.625478,0.535714,0.997381,0.875449,0.600000,0.794674,0.375000,0.971604
1155,0.164495,0.614035,0.874950,0.481442,0.602935,0.535714,0.997410,0.881640,0.600000,0.795533,0.375000,0.971604
1156,0.081433,0.731830,0.874742,0.481442,0.579507,0.518214,0.998448,0.880043,0.600000,0.791237,0.375000,0.971604
1157,0.144951,0.677945,0.874371,0.480922,0.615564,0.535714,0.997041,0.878149,0.600000,0.795533,0.375000,0.971604
1158,0.144137,0.641604,0.874149,0.475581,0.612130,0.517857,0.997643,0.878314,0.600000,0.793814,0.375000,0.971604
1159,0.215798,0.354637,0.874134,0.490398,0.563611,0.518571,0.997934,0.870739,0.600000,0.789519,0.375000,0.971604
1160,0.133550,0.724311,0.874549,0.482513,0.646801,0.501071,0.997837,0.875515,0.600000,0.792096,0.375000,0.971604
1161,0.119707,0.626566,0.874386,0.476295,0.657491,0.517143,0.997449,0.882513,0.600000,0.793814,0.375000,0.971604
1162,0.175896,0.822055,0.873926,0.483391,0.624038,0.520357,0.997711,0.867528,0.600000,0.792096,0.375000,0.971604
1163,0.193811,0.724311,0.874104,0.479494,0.629742,0.535714,0.997740,0.873045,0.640000,0.791237,0.375000,0.971604
1164,0.106678,0.620301,0.874001,0.483659,0.596732,0.535714,0.998399,0.865849,1.000000,0.792955,0.375000,0.971604
1165,0.254072,0.795739,0.874282,0.480505,0.600609,0.535714,0.997749,0.871036,1.000000,0.789519,0.375000,0.971604
1166,0.217427,0.407268,0.874624,0.480713,0.629299,0.535714,0.997449,0.871727,0.600000,0.790378,0.375000,0.971604
1167,0.157166,0.704261,0.874831,0.485042,0.609914,0.535714,0.998108,0.870624,0.600000,0.790378,0.375000,0.971604
1168,0.169381,0.686717,0.875009,0.480654,0.622819,0.535714,0.997158,0.877079,0.600000,0.793814,0.375000,0.971604
1169,0.155537,0.872180,0.874965,0.476295,0.631903,0.535714,0.997352,0.881195,0.600000,0.794674,0.375000,0.971604
1170,0.122150,0.848371,0.875054,0.477709,0.616893,0.535714,0.998002,0.881344,0.600000,0.790378,0.375000,0.971604
1171,0.186482,0.612782,0.875217,0.480758,0.624148,0.535714,0.998681,0.877738,0.600000,0.798969,0.375000,0.971604
1172,0.210912,0.617794,0.875677,0.478140,0.581279,0.535714,0.998545,0.878248,0.600000,0.796392,0.375000,0.971604
1173,0.177524,0.768170,0.875781,0.483689,0.674107,0.535714,0.998419,0.878643,0.600000,0.798969,0.375000,0.971604
1174,0.185668,0.428571,0.876033,0.482216,0.675547,0.535714,0.998516,0.886465,0.600000,0.796392,0.420625,0.971604
1175,0.153909,0.619048,0.876285,0.476994,0.619662,0.535714,0.999098,0.889758,0.600000,0.798969,0.389375,0.971604
1176,0.123779,0.874687,0.876166,0.483837,0.612185,0.535714,0.999088,0.880586,0.600000,0.798969,0.375000,0.971604
1177,0.164495,0.565163,0.875588,0.482320,0.625090,0.535714,0.998128,0.883665,0.600000,0.799828,0.375000,0.971604
1178,0.130293,0.543860,0.875632,0.476756,0.638161,0.535714,0.998516,0.892557,0.600000,0.800687,0.375000,0.971604
1179,0.206026,0.595238,0.875795,0.472695,0.549211,0.535714,0.998855,0.893381,1.000000,0.800687,0.375000,0.971604
1180,0.132736,0.760652,0.875410,0.480847,0.645361,0.535714,0.998419,0.883501,0.640000,0.798110,0.375000,0.971604
1181,0.152280,0.779449,0.875336,0.478765,0.594461,0.535714,0.997517,0.890795,0.760000,0.798969,0.375000,0.976242
1182,0.208469,0.739348,0.875232,0.470196,0.665300,0.548214,0.998419,0.890581,0.600000,0.800687,0.375000,0.976337
1183,0.199511,0.735589,0.874891,0.476861,0.661146,0.540357,0.998496,0.882266,0.640000,0.800687,0.375000,0.971604
1184,0.174267,0.654135,0.874965,0.482989,0.606369,0.535714,0.997546,0.883501,0.760000,0.803265,0.436250,0.976337
1185,0.191368,0.741855,0.874980,0.476801,0.593741,0.568929,0.997827,0.885329,0.600000,0.801546,0.375000,0.971604
1186,0.136808,0.558897,0.875172,0.450039,0.609416,0.553571,0.998710,0.869998,0.600000,0.801546,0.375000,0.971604
1187,0.159609,0.651629,0.875128,0.498282,0.623373,0.552857,0.998516,0.834513,0.600000,0.789519,0.375000,0.971604
1188,0.157980,0.774436,0.875543,0.528629,0.588923,0.535714,0.999098,0.855426,0.600000,0.792955,0.375000,0.971604
1189,0.167752,0.597744,0.875217,0.508903,0.600942,0.535714,0.998031,0.886135,0.720000,0.798969,0.375000,0.971604
1190,0.149837,0.794486,0.875247,0.479598,0.609028,0.552857,0.998419,0.898403,0.640000,0.805842,0.375000,0.971604
1191,0.202769,0.918546,0.874683,0.483406,0.665411,0.561786,0.998322,0.887864,0.600000,0.805842,0.375000,0.971604
1192,0.175896,0.786967,0.874638,0.480758,0.623872,0.571429,0.998904,0.886300,0.600000,0.803265,0.375000,0.971604
1193,0.207655,0.819549,0.874638,0.490457,0.596788,0.571429,0.998613,0.881442,0.600000,0.799828,0.375000,0.971604
1194,0.114821,0.578947,0.874727,0.491394,0.585932,0.571429,0.998031,0.887041,0.600000,0.806701,0.375000,0.971604
1195,0.190554,0.528822,0.874357,0.486560,0.619828,0.571429,0.998904,0.890828,0.600000,0.810997,0.375000,0.971604
1196,0.192182,0.758145,0.874401,0.477113,0.551592,0.571429,0.997905,0.887617,0.600000,0.808419,0.375000,0.979839
1197,0.184039,0.637845,0.874253,0.480431,0.632179,0.554286,0.999020,0.888523,0.600000,0.807560,0.432500,0.977473
1198,0.130293,0.557644,0.873778,0.472933,0.648518,0.570714,0.998011,0.886712,0.600000,0.807560,0.437500,0.980312
1199,0.174267,0.575188,0.873496,0.474614,0.560676,0.571429,0.997740,0.891075,0.600000,0.811856,0.378125,0.981070
1200,0.214169,0.751880,0.873407,0.476861,0.579396,0.571429,0.998419,0.884571,0.600000,0.808419,0.406250,0.981070
1201,0.122964,0.889724,0.873570,0.491216,0.535863,0.571429,0.998710,0.878890,0.600000,0.797251,0.405000,0.981070
1202,0.083062,0.630326,0.873556,0.490264,0.515702,0.571429,0.997352,0.878726,0.600000,0.801546,0.375000,0.976526
1203,0.175896,0.837093,0.873467,0.496110,0.513930,0.571429,0.998797,0.878495,0.600000,0.802405,0.404375,0.981070
1204,0.166938,0.832080,0.873274,0.497865,0.555248,0.554286,0.998758,0.880207,0.600000,0.804983,0.375000,0.980407
1205,0.177524,0.671679,0.873155,0.483614,0.632456,0.571429,0.998613,0.893381,0.600000,0.804124,0.375000,0.972362
1206,0.144951,0.704261,0.873081,0.481755,0.606425,0.560000,0.997934,0.892475,0.600000,0.809278,0.413750,0.981070
1207,0.219055,0.532581,0.872858,0.476667,0.618277,0.565357,0.997837,0.888441,0.600000,0.804124,0.428125,0.981070
1208,0.161238,0.612782,0.873096,0.486679,0.578012,0.554286,0.998419,0.881278,0.600000,0.797251,0.375000,0.981070
1209,0.121336,0.753133,0.873036,0.492064,0.632623,0.571429,0.998176,0.874280,0.600000,0.797251,0.387500,0.981070
1210,0.153094,0.595238,0.873140,0.496720,0.655940,0.571429,0.999030,0.872798,0.600000,0.798969,0.423750,0.981070
1211,0.180782,0.670426,0.873200,0.497434,0.638106,0.571429,0.997682,0.879532,0.600000,0.800687,0.375000,0.981070
1212,0.102606,0.585213,0.873170,0.490398,0.659153,0.571429,0.998157,0.890911,0.600000,0.803265,0.375000,0.976432
1213,0.145765,0.642857,0.873214,0.484670,0.663417,0.571429,0.998807,0.889264,0.600000,0.807560,0.375000,0.981070
1214,0.114821,0.827068,0.873022,0.472844,0.730822,0.566786,0.998875,0.894122,0.600000,0.800687,0.375000,0.976526
1215,0.211726,0.705514,0.873140,0.478259,0.701966,0.558929,0.999098,0.877985,0.600000,0.799828,0.375000,0.981070
1216,0.127036,0.745614,0.873170,0.493849,0.683578,0.571429,0.998613,0.866870,0.600000,0.797251,0.375000,0.981070
1217,0.058632,0.664160,0.873036,0.499799,0.656051,0.571429,0.997837,0.871892,0.600000,0.798110,0.375000,0.981070
1218,0.125407,0.677945,0.873036,0.496794,0.660980,0.571429,0.998807,0.878890,0.600000,0.799828,0.375000,0.972551
1219,0.150651,0.646617,0.872695,0.488836,0.709776,0.571429,0.997982,0.885147,0.600000,0.803265,0.375000,0.971604
1220,0.198697,0.843358,0.871909,0.483927,0.693824,0.571429,0.998613,0.885312,0.600000,0.802405,0.375000,0.976148
1221,0.167752,0.677945,0.872532,0.485548,0.685960,0.571429,0.998904,0.882513,0.600000,0.803265,0.375000,0.971794
1222,0.140879,0.802005,0.872829,0.482067,0.729382,0.571429,0.998516,0.886218,0.600000,0.802405,0.375000,0.972078
1223,0.118893,0.650376,0.872769,0.488241,0.744946,0.571429,0.998710,0.878973,0.600000,0.802405,0.375000,0.981070
1224,0.137622,0.685464,0.873007,0.495931,0.725062,0.571429,0.997187,0.877244,0.600000,0.798110,0.375000,0.981070
1225,0.177524,0.697995,0.872680,0.498118,0.713653,0.571429,0.997934,0.882183,0.600000,0.801546,0.375000,0.976337
1226,0.166938,0.634085,0.872606,0.491141,0.711548,0.571429,0.998710,0.892557,0.600000,0.804983,0.375000,0.976526
1227,0.137622,0.580201,0.872577,0.488270,0.722127,0.571429,0.998225,0.892557,0.600000,0.806701,0.375000,0.976526
1228,0.171824,0.551378,0.872636,0.483763,0.789477,0.571429,0.998516,0.889511,0.600000,0.806701,0.375000,0.981070
1229,0.222313,0.639098,0.872532,0.483465,0.736250,0.571429,0.998807,0.881689,0.360000,0.800687,0.375000,0.981070
1230,0.140065,0.686717,0.872265,0.492093,0.716810,0.571429,0.998516,0.881772,0.760000,0.803265,0.393750,0.981070
1231,0.128664,0.804511,0.872324,0.493447,0.721684,0.571429,0.998545,0.887123,0.600000,0.802405,0.386250,0.981070
1232,0.180782,0.805764,0.872458,0.498193,0.754140,0.571429,0.998322,0.885888,0.600000,0.804124,0.375000,0.981070
1233,0.149023,0.719298,0.872354,0.491127,0.770091,0.571429,0.998807,0.885888,0.600000,0.811856,0.375000,0.981070
1234,0.153094,0.736842,0.872146,0.498059,0.803489,0.571429,0.999001,0.885559,0.600000,0.801546,0.375000,0.981070
1235,0.122964,0.632832,0.871850,0.489535,0.757574,0.571429,0.998545,0.888194,0.600000,0.804124,0.375000,0.981070
1236,0.140065,0.753133,0.871850,0.486232,0.783329,0.571429,0.998613,0.882183,0.600000,0.807560,0.375000,0.981070
1237,0.121336,0.763158,0.871375,0.481130,0.781501,0.571429,0.998419,0.888605,0.600000,0.805842,0.375000,0.981070
1238,0.155537,0.748120,0.871612,0.484180,0.830186,0.571429,0.998807,0.882348,0.600000,0.800687,0.405000,0.981070
1239,0.124593,0.813283,0.871212,0.491945,0.762171,0.571429,0.999389,0.874642,0.600000,0.793814,0.375000,0.981070
1240,0.126221,0.587719,0.871597,0.487348,0.770036,0.571429,0.998584,0.880537,0.600000,0.799828,0.375000,0.981070
1241,0.197068,0.649123,0.871523,0.490130,0.758626,0.577500,0.999486,0.880454,0.600000,0.804983,0.375000,0.981070
1242,0.155537,0.857143,0.871152,0.492733,0.824592,0.582857,0.998807,0.879137,0.600000,0.799828,0.375000,0.981070
1243,0.203583,0.560150,0.871004,0.492510,0.762836,0.571429,0.998419,0.882348,0.600000,0.802405,0.375000,0.981070
1244,0.161238,0.632832,0.870885,0.491141,0.728275,0.571429,0.998613,0.882183,0.600000,0.799828,0.375000,0.981070
1245,0.129479,0.512531,0.871004,0.489044,0.777901,0.588571,0.998322,0.884489,0.600000,0.801546,0.375000,0.981070
1246,0.100977,0.652882,0.870826,0.494741,0.745500,0.571429,0.998807,0.881442,0.600000,0.804124,0.375000,0.981070
1247,0.132736,0.592732,0.871049,0.491766,0.707560,0.571429,0.999292,0.883254,0.600000,0.803265,0.375000,0.979366
1248,0.123779,0.647870,0.870930,0.490755,0.747106,0.571429,0.998952,0.884818,0.600000,0.801546,0.375000,0.978041
1249,0.153909,0.754386,0.870678,0.490174,0.774079,0.588214,0.998584,0.884818,0.640000,0.801546,0.375000,0.981070
1250,0.044788,0.726817,0.870633,0.488523,0.742066,0.571429,0.998584,0.886794,0.800000,0.804983,0.375000,0.981070
1251,0.173453,0.763158,0.870900,0.485295,0.706009,0.571429,0.998128,0.886382,0.600000,0.803265,0.375000,0.981070
1252,0.135179,0.726817,0.871212,0.489758,0.642038,0.571429,0.998807,0.887453,0.600000,0.805842,0.398125,0.981070
1253,0.186482,0.645363,0.870915,0.493596,0.693271,0.571429,0.999001,0.884736,0.600000,0.797251,0.380000,0.981070
1254,0.199511,0.706767,0.870945,0.489089,0.824979,0.571429,0.998904,0.890499,0.600000,0.804124,0.403125,0.981070
1255,0.184853,0.710526,0.870782,0.480609,0.749709,0.597500,0.998322,0.895521,0.600000,0.807560,0.407500,0.981070
1256,0.170195,0.462406,0.870945,0.484551,0.663473,0.597143,0.998467,0.889017,0.600000,0.803265,0.376250,0.981070
1257,0.142508,0.728070,0.870960,0.480937,0.664525,0.582857,0.998322,0.880043,0.600000,0.805842,0.437500,0.981070
1258,0.183225,0.774436,0.871227,0.501540,0.693714,0.577500,0.998613,0.870986,0.600000,0.793814,0.432500,0.981070
1259,0.187296,0.774436,0.870841,0.503161,0.655220,0.602857,0.998496,0.876503,0.600000,0.802405,0.405000,0.981070
1260,0.197068,0.804511,0.870930,0.500498,0.724342,0.574286,0.998419,0.883583,0.600000,0.799828,0.375000,0.981070
1261,0.198697,0.532581,0.871375,0.489877,0.622210,0.588571,0.998613,0.886629,0.600000,0.799828,0.404375,0.981070
1262,0.184853,0.526316,0.871405,0.487155,0.618776,0.589286,0.999263,0.890664,0.600000,0.802405,0.375000,0.981070
1263,0.147394,0.718045,0.871167,0.488970,0.596788,0.591071,0.999098,0.881113,0.600000,0.805842,0.417500,0.981070
1264,0.168567,0.736842,0.870841,0.491766,0.668901,0.603571,0.998710,0.883007,0.600000,0.801546,0.407500,0.981070
1265,0.114821,0.785714,0.871597,0.485756,0.679036,0.588571,0.998516,0.888358,0.600000,0.804124,0.391875,0.981070
1266,0.149837,0.637845,0.871701,0.485712,0.670507,0.595357,0.999098,0.885641,0.600000,0.803265,0.391875,0.981070
1267,0.135993,0.458647,0.871553,0.485414,0.730269,0.581429,0.998273,0.884324,0.800000,0.805842,0.437500,0.981070
1268,0.131922,0.677945,0.871286,0.487720,0.756854,0.597500,0.999098,0.879960,0.600000,0.804983,0.406250,0.981070
1269,0.157166,0.681704,0.871167,0.479613,0.737469,0.590357,0.998322,0.887453,0.600000,0.805842,0.437500,0.981070
1270,0.196254,0.616541,0.871212,0.481398,0.749211,0.590000,0.999195,0.887782,0.600000,0.804124,0.385625,0.981070
1271,0.073290,0.880952,0.870974,0.482409,0.681695,0.607143,0.997973,0.878940,0.600000,0.799828,0.375000,0.981070
1272,0.126221,0.854637,0.871434,0.486515,0.672058,0.592857,0.998419,0.876667,0.600000,0.804124,0.375000,0.981070
1273,0.137622,0.754386,0.871627,0.463160,0.686181,0.604286,0.998322,0.871974,0.600000,0.800687,0.375000,0.981070
1274,0.188111,0.620301,0.871583,0.504485,0.721684,0.590000,0.998807,0.830644,0.600000,0.786942,0.375000,0.981070
1275,0.035831,0.636591,0.871583,0.535888,0.678870,0.587143,0.998322,0.854635,0.600000,0.792096,0.375000,0.981070
1276,0.093648,0.798246,0.872117,0.501272,0.562005,0.571429,0.998205,0.883287,0.600000,0.801546,0.375000,0.971604
1277,0.079805,0.611529,0.871716,0.478913,0.669787,0.588929,0.998807,0.889758,0.600000,0.804124,0.375000,0.971604
1278,0.223941,0.419799,0.871731,0.485593,0.636167,0.571429,0.997740,0.886794,0.600000,0.803265,0.375000,0.971604
1279,0.188111,0.377193,0.872131,0.483227,0.689449,0.588214,0.999292,0.889132,0.600000,0.805842,0.375000,0.977851
1280,0.135179,0.843358,0.872428,0.453550,0.717807,0.571429,0.998419,0.856578,0.600000,0.798969,0.375000,0.981070
1281,0.188925,0.525063,0.872814,0.521607,0.709942,0.588214,0.998516,0.837807,0.600000,0.788660,0.375000,0.981070
1282,0.161238,0.697995,0.873541,0.493358,0.709000,0.582500,0.998399,0.845760,0.600000,0.792955,0.375000,0.973687
1283,0.207655,0.645363,0.874015,0.539562,0.626475,0.595357,0.998225,0.858966,0.600000,0.793814,0.375000,0.971604
1284,0.142508,0.724311,0.873630,0.527215,0.647023,0.588214,0.998593,0.889791,0.600000,0.797251,0.375000,0.971604
1285,0.140065,0.729323,0.873526,0.507088,0.609028,0.585714,0.998807,0.903343,0.600000,0.808419,0.375000,0.971604
1286,0.151466,0.845865,0.873496,0.494637,0.572916,0.591786,0.998516,0.905319,0.600000,0.810137,0.375000,0.971604
1287,0.177524,0.713033,0.873274,0.489594,0.627195,0.606071,0.999234,0.899720,0.600000,0.805842,0.375000,0.976337
1288,0.188111,0.677945,0.872903,0.489535,0.623262,0.590357,0.997274,0.894681,0.600000,0.804124,0.375000,0.981070
1289,0.135179,0.588972,0.872517,0.490145,0.606536,0.590000,0.998904,0.891075,0.600000,0.808419,0.375000,0.981070
1290,0.166938,0.525063,0.872235,0.493998,0.607311,0.589643,0.998904,0.896427,0.600000,0.808419,0.375000,0.981070
1291,0.166938,0.566416,0.871686,0.501436,0.636666,0.602500,0.998516,0.897826,0.600000,0.804124,0.375000,0.981070
1292,0.166938,0.570175,0.871419,0.507609,0.646414,0.571429,0.998904,0.934629,0.600000,0.819588,0.383125,0.981070
1293,0.132736,0.867168,0.871508,0.464335,0.626530,0.571429,0.997138,0.959328,0.600000,0.835052,0.393750,0.981070
1294,0.195440,0.606516,0.871835,0.467548,0.664857,0.597500,0.998225,0.976453,0.600000,0.838488,0.423750,0.988168
1295,0.175896,0.562657,0.871879,0.422207,0.664137,0.579643,0.998613,0.990614,0.600000,0.850515,0.437500,0.993658
1296,0.064332,0.695489,0.872547,0.389048,0.668181,0.571429,0.999292,0.959987,0.600000,0.844502,0.437500,1.000000
1297,0.236156,0.632832,0.872220,0.427131,0.644697,0.584643,0.998545,0.894945,0.600000,0.817869,0.437500,1.000000
1298,0.250814,0.665414,0.872517,0.480356,0.731266,0.576429,0.998390,0.862226,0.600000,0.798969,0.437500,1.000000
1299,0.157166,0.607769,0.872235,0.496184,0.683079,0.589643,0.998632,0.875745,0.600000,0.804983,0.458125,0.998486
1300,0.150651,0.492481,0.872265,0.493477,0.699695,0.588571,0.998128,0.892146,0.600000,0.803265,0.437500,0.990535
1301,0.229642,0.739348,0.871805,0.472457,0.661756,0.604643,0.998584,0.905154,0.600000,0.810997,0.437500,0.990535
1302,0.228013,0.630326,0.871390,0.466924,0.672002,0.574286,0.999001,0.892557,0.600000,0.811856,0.437500,0.990535
1303,0.223127,0.585213,0.871212,0.478973,0.701468,0.589286,0.999098,0.877820,0.600000,0.801546,0.437500,0.990535
1304,0.198697,0.629073,0.871182,0.490011,0.673885,0.601071,0.998700,0.882348,0.600000,0.805842,0.405625,0.990535
1305,0.146580,0.592732,0.871197,0.494846,0.680864,0.588571,0.999195,0.882677,0.600000,0.797251,0.383125,0.990535
1306,0.175081,0.704261,0.871123,0.475849,0.648186,0.579643,0.998613,0.898403,0.800000,0.806701,0.375000,0.990535
1307,0.150651,0.486216,0.870974,0.457849,0.702243,0.597500,0.998031,0.892557,0.800000,0.808419,0.375000,0.990535
1308,0.143322,0.571429,0.870707,0.466790,0.637497,0.588571,0.998031,0.862177,0.600000,0.798969,0.404375,0.986086
1309,0.232899,0.330827,0.870351,0.500692,0.752977,0.601071,0.998322,0.855179,0.600000,0.790378,0.375000,0.986086
1310,0.171824,0.506266,0.871093,0.501287,0.654445,0.607143,0.998419,0.873703,0.600000,0.793814,0.375000,0.981070
1311,0.241857,0.827068,0.871049,0.479791,0.625478,0.607143,0.998225,0.882924,0.600000,0.799828,0.375000,0.981070
1312,0.167752,0.848371,0.870945,0.484968,0.611631,0.606429,0.999282,0.882941,0.600000,0.798969,0.375000,0.981070
1313,0.062704,0.882206,0.870707,0.472963,0.599502,0.571429,0.998884,0.890203,0.600000,0.802405,0.375000,0.981070
1314,0.204397,0.750627,0.870633,0.471758,0.637386,0.603929,0.998283,0.884983,0.600000,0.803265,0.375000,0.981070
1315,0.050489,0.621554,0.870529,0.470375,0.716090,0.571429,0.998302,0.872123,0.600000,0.798110,0.375000,0.981070
1316,0.146580,0.819549,0.870856,0.491811,0.670008,0.593929,0.998904,0.860777,0.600000,0.796392,0.375000,0.981070
1317,0.151466,0.383459,0.871108,0.497791,0.650845,0.607143,0.997643,0.870657,0.600000,0.795533,0.375000,0.981070
1318,0.142508,0.794486,0.871108,0.491677,0.698588,0.582143,0.999030,0.886053,0.600000,0.801546,0.375000,0.981070
1319,0.127036,0.759398,0.870960,0.484269,0.731653,0.589286,0.998225,0.888441,0.600000,0.804983,0.375000,0.981070
1320,0.100977,0.756892,0.871271,0.475269,0.687400,0.629643,0.999088,0.893413,0.600000,0.806701,0.375000,0.981070
1321,0.184853,0.641604,0.871271,0.486708,0.744226,0.631071,0.998981,0.881772,0.600000,0.801546,0.375000,0.981070
1322,0.176710,0.681704,0.871523,0.485295,0.716200,0.602857,0.998060,0.872979,0.600000,0.798969,0.375000,0.981070
1323,0.125407,0.789474,0.871508,0.495827,0.672168,0.642857,0.998904,0.871069,0.600000,0.798969,0.375000,0.981070
1324,0.145765,0.766917,0.871657,0.496928,0.729493,0.625714,0.998031,0.883171,0.600000,0.799828,0.375000,0.981070
1325,0.153909,0.590226,0.871464,0.483242,0.777236,0.642857,0.998710,0.889511,0.600000,0.804124,0.375000,0.981070
1326,0.087948,0.665414,0.871345,0.480104,0.723788,0.642857,0.998545,0.896509,0.600000,0.804124,0.375000,0.981070
1327,0.186482,0.814536,0.871138,0.472353,0.740460,0.642857,0.998564,0.889099,0.600000,0.804983,0.375000,0.981070
1328,0.217427,0.647870,0.871152,0.481606,0.794184,0.642857,0.998060,0.875564,0.600000,0.799828,0.375000,0.981070
1329,0.163681,0.501253,0.871241,0.480312,0.787427,0.642857,0.998128,0.883830,0.600000,0.803265,0.375000,0.981070
1330,0.195440,0.710526,0.871553,0.478185,0.772307,0.642857,0.999001,0.881195,0.600000,0.804124,0.375000,0.981070
1331,0.163681,0.498747,0.871642,0.483019,0.812240,0.642857,0.998923,0.877738,0.600000,0.802405,0.375000,0.981070
1332,0.127036,0.528822,0.871464,0.495872,0.746331,0.616071,0.999379,0.876865,0.600000,0.798110,0.375000,0.981070
1333,0.144951,0.805764,0.871568,0.493804,0.649792,0.623929,0.996168,0.877820,0.600000,0.799828,0.375000,0.981070
1334,0.188925,0.794486,0.871197,0.488821,0.667737,0.636429,0.998031,0.891405,0.600000,0.805842,0.375000,0.981070
1335,0.170195,0.748120,0.870945,0.481249,0.759457,0.642857,0.997255,0.896097,0.600000,0.806701,0.375000,0.981070
1336,0.213355,0.691729,0.870648,0.478482,0.714040,0.610714,0.998002,0.893298,0.600000,0.806701,0.375000,0.981070
1337,0.198697,0.611529,0.870337,0.474019,0.737580,0.640357,0.999612,0.892146,0.600000,0.806701,0.375000,0.981070
1338,0.121336,0.679198,0.870292,0.478274,0.675935,0.625000,0.999098,0.881360,0.600000,0.801546,0.375000,0.981070
1339,0.166938,0.656642,0.870055,0.485117,0.686015,0.573214,0.998739,0.877244,0.600000,0.800687,0.375000,0.981070
1340,0.121336,0.647870,0.869877,0.487898,0.626918,0.607143,0.998487,0.884242,0.600000,0.807560,0.375000,0.981070
1341,0.175896,0.502506,0.869699,0.476489,0.679424,0.590000,0.998351,0.887288,0.600000,0.807560,0.375000,0.981070
1342,0.153094,0.572682,0.869536,0.474257,0.660371,0.584643,0.999001,0.890828,0.600000,0.807560,0.375000,0.981070
1343,0.097720,0.769424,0.869343,0.467548,0.698643,0.588571,0.998836,0.879466,0.600000,0.802405,0.375000,0.981070
1344,0.218241,0.768170,0.869328,0.488389,0.678981,0.588214,0.999292,0.870575,0.600000,0.796392,0.375000,0.981070
1345,0.203583,0.832080,0.869224,0.489208,0.695375,0.588214,0.998419,0.876173,0.600000,0.798110,0.375000,0.981070
1346,0.122150,0.530075,0.869091,0.493923,0.618887,0.571429,0.999292,0.876750,0.600000,0.798110,0.375000,0.981070
1347,0.163681,0.756892,0.869002,0.478378,0.690224,0.588571,0.998516,0.884489,0.600000,0.803265,0.375000,0.981070
1348,0.236971,0.721805,0.869550,0.478646,0.708557,0.571429,0.998322,0.884983,0.600000,0.801546,0.375000,0.981070
1349,0.121336,0.666667,0.869046,0.473692,0.638881,0.571429,0.998729,0.888605,0.600000,0.806701,0.375000,0.981070
1350,0.083876,0.467419,0.869031,0.478928,0.738244,0.571429,0.998322,0.882760,0.600000,0.804983,0.375000,0.981070
1351,0.170195,0.786967,0.868853,0.480580,0.665688,0.571429,0.999030,0.888688,0.600000,0.804983,0.375000,0.981070
1352,0.183225,0.798246,0.868735,0.475462,0.636278,0.571429,0.997934,0.895521,0.600000,0.808419,0.375000,0.981070
1353,0.166124,0.736842,0.868512,0.475819,0.685793,0.571429,0.998128,0.888358,0.600000,0.807560,0.375000,0.981070
1354,0.197883,0.700501,0.868527,0.470821,0.690224,0.571429,0.998031,0.893545,0.600000,0.806701,0.375000,0.981070
1355,0.203583,0.769424,0.868260,0.473618,0.685904,0.571429,0.998419,0.887535,0.600000,0.801546,0.375000,0.981070
1356,0.153094,0.474937,0.868215,0.478199,0.700249,0.571429,0.998710,0.879631,0.600000,0.800687,0.375000,0.981070
1357,0.190554,0.612782,0.867815,0.487229,0.656328,0.571429,0.997769,0.870081,0.600000,0.800687,0.375000,0.981070
1358,0.157980,0.873434,0.867548,0.492614,0.621545,0.571429,0.998564,0.875844,0.600000,0.796392,0.375000,0.981070
1359,0.170195,0.776942,0.867370,0.484328,0.663528,0.571429,0.998196,0.887947,0.600000,0.802405,0.375000,0.981070
1360,0.109121,0.758145,0.867310,0.471609,0.608585,0.571429,0.998807,0.890581,0.600000,0.809278,0.375000,0.981070
1361,0.175896,0.636591,0.867459,0.477113,0.683523,0.571429,0.998739,0.883254,0.600000,0.803265,0.375000,0.981070
1362,0.213355,0.644110,0.867340,0.481948,0.731210,0.571429,0.999195,0.873539,0.600000,0.796392,0.375000,0.981070
1363,0.163681,0.703008,0.867325,0.487705,0.751648,0.571429,0.998613,0.876585,0.600000,0.798969,0.375000,0.981070
1364,0.188925,0.629073,0.867103,0.486634,0.720078,0.570357,0.999001,0.881195,0.600000,0.802405,0.375000,0.981070
1365,0.166124,0.788221,0.867058,0.485533,0.691775,0.552143,0.999292,0.881014,0.600000,0.801546,0.375000,0.981070
1366,0.189739,0.679198,0.866865,0.484849,0.639158,0.553571,0.999166,0.877079,0.600000,0.798110,0.375000,0.981070
1367,0.176710,0.786967,0.866732,0.480981,0.729604,0.552500,0.998768,0.876272,0.600000,0.798969,0.375000,0.981070
1368,0.184853,0.818296,0.866702,0.478333,0.689837,0.559643,0.998584,0.880043,0.600000,0.797251,0.375000,0.981070
1369,0.245928,0.794486,0.867088,0.475671,0.717364,0.555357,0.999098,0.885888,0.880000,0.802405,0.375000,0.981070
1370,0.223941,0.562657,0.867192,0.478482,0.634284,0.571429,0.999292,0.884489,0.600000,0.806701,0.375000,0.981070
1371,0.133550,0.566416,0.867103,0.483064,0.592246,0.571429,0.998128,0.876091,0.600000,0.802405,0.375000,0.981070
1372,0.144951,0.537594,0.867533,0.479538,0.627361,0.571429,0.998516,0.881607,0.600000,0.803265,0.375000,0.981070
1373,0.171010,0.766917,0.867978,0.479642,0.660482,0.571429,0.998516,0.878067,0.600000,0.804983,0.375000,0.981070
1374,0.040717,0.541353,0.867711,0.472309,0.609693,0.571429,0.998875,0.892310,0.600000,0.810137,0.375000,0.981070
1375,0.201954,0.781955,0.868379,0.470836,0.697258,0.554286,0.998031,0.892804,0.600000,0.811856,0.375000,0.981070
1376,0.078176,0.815789,0.869194,0.486783,0.768319,0.571429,0.999001,0.879466,0.600000,0.804124,0.375000,0.981070
1377,0.175896,0.696742,0.869002,0.492019,0.635392,0.571429,0.998710,0.883254,0.600000,0.804124,0.421875,0.981070
1378,0.186482,0.502506,0.869239,0.492897,0.658709,0.571429,0.999001,0.880784,0.600000,0.804983,0.437500,0.981070
1379,0.188925,0.660401,0.869150,0.488092,0.634838,0.571429,0.998807,0.878808,0.600000,0.801546,0.437500,0.981070
1380,0.127036,0.824561,0.868735,0.479568,0.681141,0.571429,0.999195,0.889429,0.600000,0.799828,0.437500,0.981070
1381,0.194625,0.714286,0.868438,0.481621,0.666962,0.571429,0.997837,0.886465,0.600000,0.806701,0.407500,0.981070
1382,0.180782,0.496241,0.868838,0.482216,0.722515,0.571429,0.998419,0.878232,0.600000,0.802405,0.437500,0.981070
1383,0.104235,0.731830,0.868542,0.478631,0.703628,0.571429,0.997740,0.883254,0.600000,0.804983,0.437500,0.981070
1384,0.191368,0.893484,0.868008,0.481502,0.695486,0.571429,0.998710,0.879466,0.600000,0.803265,0.437500,0.981070
1385,0.162052,0.715539,0.868171,0.475001,0.673331,0.571429,0.998089,0.884077,0.600000,0.802405,0.417500,0.981070
1386,0.094463,0.708020,0.868705,0.474391,0.679922,0.571429,0.998807,0.889099,0.840000,0.808419,0.434375,0.981070
1387,0.152280,0.823308,0.868275,0.470761,0.733869,0.571429,0.998613,0.883583,1.000000,0.805842,0.437500,0.981070
1388,0.184039,0.447368,0.868304,0.480505,0.716477,0.571429,0.998807,0.874774,1.000000,0.804983,0.407500,0.981070
1389,0.148208,0.714286,0.868393,0.489029,0.678759,0.571429,0.998380,0.876717,1.000000,0.803265,0.401875,0.981070
1390,0.122150,0.849624,0.868468,0.476236,0.653115,0.571429,0.998681,0.880207,0.920000,0.804124,0.401875,0.981070
1391,0.148208,0.880952,0.868349,0.471981,0.621822,0.571429,0.998613,0.880125,0.800000,0.802405,0.375000,0.981070
1392,0.176710,0.719298,0.868334,0.477753,0.696871,0.571429,0.999185,0.870377,0.800000,0.798969,0.375000,0.981070
1393,0.144951,0.478697,0.868097,0.487125,0.714151,0.571429,0.998322,0.863823,0.600000,0.795533,0.375000,0.981070
1394,0.065961,0.479950,0.868497,0.483019,0.703849,0.571429,0.997963,0.871974,0.720000,0.800687,0.375000,0.981070
1395,0.179967,0.473684,0.868571,0.475775,0.682526,0.571429,0.998904,0.875597,0.880000,0.796392,0.375000,0.981070
1396,0.159609,0.781955,0.869283,0.478333,0.833398,0.571429,0.998225,0.876997,0.600000,0.798969,0.375000,0.976337
1397,0.146580,0.637845,0.869283,0.470538,0.767211,0.571429,0.998613,0.874362,0.960000,0.798969,0.375000,0.974255
1398,0.101792,0.442356,0.869328,0.478289,0.755026,0.571429,0.998322,0.873456,0.640000,0.799828,0.375000,0.971604
1399,0.131107,0.710526,0.869447,0.474317,0.738133,0.571429,0.998797,0.875482,0.600000,0.800687,0.375000,0.976432
1400,0.175081,0.636591,0.869758,0.486009,0.690778,0.554643,0.999020,0.861930,0.600000,0.792096,0.375000,0.976337
1401,0.191368,0.606516,0.869847,0.493298,0.679369,0.571429,0.997740,0.873209,0.800000,0.793814,0.375000,0.971604
1402,0.111564,0.786967,0.870277,0.483391,0.707283,0.571429,0.998807,0.882348,0.600000,0.801546,0.375000,0.971604
1403,0.000000,0.621554,0.869995,0.482677,0.757020,0.571429,0.998419,0.891899,0.640000,0.803265,0.375000,0.971604
1404,0.219870,0.505013,0.870084,0.477783,0.661977,0.571429,0.998186,0.892393,0.760000,0.804124,0.375000,0.971604
1405,0.162052,0.598997,0.869966,0.477113,0.665467,0.571429,0.998419,0.885641,0.600000,0.802405,0.406250,0.980312
1406,0.159609,0.461153,0.869951,0.482171,0.786430,0.571429,0.998419,0.882677,0.600000,0.799828,0.375000,0.981070
1407,0.126221,0.562657,0.869936,0.478958,0.789754,0.571429,0.998496,0.888622,0.840000,0.803265,0.375000,0.981070
1408,0.113192,0.766917,0.869966,0.471416,0.813680,0.571429,0.998351,0.887288,1.000000,0.804124,0.375000,0.981070
1409,0.134365,0.458647,0.869788,0.472710,0.754085,0.571429,0.998070,0.881920,1.000000,0.798969,0.375000,0.981070
1410,0.138436,0.650376,0.869550,0.476712,0.778067,0.571429,0.998681,0.870739,0.920000,0.796392,0.375000,0.981070
1411,0.145765,0.568922,0.869995,0.489684,0.730656,0.571429,0.998613,0.865799,0.600000,0.794674,0.375000,0.981070
1412,0.122150,0.847118,0.870366,0.490695,0.789698,0.571429,0.998613,0.868599,0.600000,0.792955,0.375000,0.979839
1413,0.174267,0.656642,0.870366,0.490546,0.771033,0.571429,0.999437,0.875844,0.600000,0.796392,0.375000,0.971604
1414,0.195440,0.715539,0.870529,0.487214,0.762337,0.571429,0.998652,0.882397,0.600000,0.799828,0.413125,0.971604
1415,0.170195,0.622807,0.870900,0.471639,0.732595,0.571429,0.998593,0.889050,0.760000,0.801546,0.394375,0.971604
1416,0.132736,0.631579,0.870604,0.474064,0.740183,0.571429,0.998108,0.885938,1.000000,0.801546,0.403750,0.976053
1417,0.195440,0.566416,0.870544,0.482052,0.769981,0.571429,0.998331,0.877902,1.000000,0.798110,0.375000,0.978798
1418,0.130293,0.818296,0.870440,0.479449,0.769981,0.571429,0.998904,0.879219,0.600000,0.801546,0.375000,0.981070
1419,0.204397,0.577694,0.870262,0.481576,0.716533,0.571429,0.999292,0.875926,0.800000,0.801546,0.375000,0.981070
1420,0.194625,0.510025,0.870440,0.486039,0.738743,0.571429,0.998710,0.867775,0.600000,0.797251,0.375000,0.981070
1421,0.165309,0.913534,0.870396,0.487884,0.796345,0.571429,0.998584,0.875696,0.840000,0.796392,0.375000,0.981070
1422,0.155537,0.421053,0.870529,0.483034,0.775630,0.571429,0.998807,0.880619,0.760000,0.797251,0.375000,0.977283
1423,0.135179,0.649123,0.870989,0.485697,0.748712,0.571429,0.998710,0.877079,0.600000,0.797251,0.375000,0.980596
1424,0.117264,0.606516,0.871019,0.485965,0.684187,0.571429,0.998157,0.877161,0.680000,0.799828,0.375000,0.976621
1425,0.192997,0.626566,0.871152,0.488330,0.664248,0.571429,0.998710,0.882924,0.800000,0.799828,0.375000,0.976148
1426,0.205212,0.645363,0.871657,0.483659,0.725616,0.571429,0.998613,0.886300,0.720000,0.802405,0.375000,0.980880
1427,0.137622,0.607769,0.871583,0.493551,0.762559,0.606071,0.998778,0.883583,0.600000,0.799828,0.375000,0.981070
1428,0.157166,0.660401,0.871553,0.491513,0.782332,0.571429,0.998855,0.883254,0.760000,0.798969,0.403125,0.980123
1429,0.145765,0.572682,0.871019,0.485593,0.763057,0.571429,0.999001,0.885971,0.680000,0.803265,0.413750,0.977094
1430,0.182410,0.735589,0.871063,0.478899,0.790917,0.571429,0.998496,0.890993,0.600000,0.799828,0.409375,0.981070
1431,0.172638,0.473684,0.870930,0.470300,0.772805,0.554286,0.999292,0.892640,0.600000,0.805842,0.437500,0.981070
1432,0.142508,0.671679,0.871078,0.475998,0.740072,0.553571,0.998904,0.885888,0.600000,0.804983,0.437500,0.981070
1433,0.171824,0.720551,0.870945,0.482499,0.753531,0.571429,0.998438,0.871530,0.600000,0.793814,0.437500,0.981070
1434,0.194625,0.536341,0.870900,0.488940,0.732373,0.571429,0.998516,0.874774,0.600000,0.797251,0.437500,0.981070
1435,0.164495,0.417293,0.871212,0.496601,0.688840,0.542857,0.998516,0.877326,0.600000,0.801546,0.437500,0.981070
1436,0.197883,0.624060,0.871227,0.486322,0.677984,0.535714,0.998836,0.879549,0.600000,0.802405,0.437500,0.981070
1437,0.131107,0.734336,0.871182,0.485846,0.677818,0.535714,0.999166,0.882595,0.600000,0.796392,0.407500,0.981070
1438,0.122150,0.695489,0.871301,0.478185,0.718084,0.535714,0.998157,0.887947,0.600000,0.802405,0.382500,0.981070
1439,0.205212,0.646617,0.871241,0.479300,0.656051,0.535714,0.998584,0.878396,0.600000,0.797251,0.404375,0.981070
1440,0.160423,0.542607,0.871197,0.479464,0.669344,0.535000,0.998690,0.872633,0.600000,0.794674,0.375000,0.981070
1441,0.147394,0.680451,0.871419,0.486381,0.713597,0.500000,0.998836,0.868352,0.600000,0.792955,0.375000,0.981070
1442,0.158795,0.676692,0.871820,0.489193,0.704126,0.500000,0.998516,0.870328,0.600000,0.796392,0.409375,0.981070
1443,0.143322,0.749373,0.871761,0.484507,0.745001,0.500000,0.998904,0.882019,0.600000,0.801546,0.401250,0.981070
1444,0.161238,0.583960,0.871360,0.482543,0.683079,0.500000,0.998807,0.882595,0.600000,0.800687,0.375000,0.981070
1445,0.129479,0.674185,0.871731,0.483138,0.639103,0.500000,0.999098,0.890087,0.600000,0.799828,0.375000,0.981070
1446,0.143322,0.586466,0.871894,0.484596,0.665467,0.500000,0.999534,0.890664,0.600000,0.804124,0.375000,0.981070
1447,0.179967,0.902256,0.871627,0.482811,0.640709,0.500000,0.999748,0.891322,0.600000,0.803265,0.375000,0.981070
1448,0.150651,0.857143,0.871850,0.486664,0.659706,0.500000,0.999098,0.892228,0.800000,0.804124,0.375000,0.981070
1449,0.225570,0.691729,0.871627,0.482127,0.698975,0.500000,0.998807,0.889264,0.600000,0.800687,0.375000,0.981070
1450,0.148208,0.739348,0.871212,0.484001,0.711160,0.513571,0.999166,0.885559,0.600000,0.799828,0.375000,0.981070
1451,0.187296,0.764411,0.871152,0.484031,0.758294,0.520714,0.998225,0.884900,0.600000,0.800687,0.405000,0.981070
1452,0.114007,0.670426,0.870915,0.487720,0.734201,0.533929,0.998807,0.879219,0.600000,0.798110,0.375000,0.981070
1453,0.165309,0.568922,0.870811,0.492808,0.737580,0.535714,0.998419,0.876914,0.600000,0.798110,0.375000,0.981070
1454,0.176710,0.538847,0.870515,0.491543,0.769925,0.518571,0.999001,0.873539,0.600000,0.798969,0.375000,0.981070
1455,0.130293,0.774436,0.870411,0.491915,0.698809,0.535714,0.998710,0.884324,0.600000,0.800687,0.375000,0.981070
1456,0.117264,0.766917,0.870440,0.493447,0.683689,0.514286,0.999098,0.876420,0.600000,0.800687,0.375000,0.981070
1457,0.206026,0.743108,0.870559,0.486203,0.758460,0.500000,0.997614,0.884604,0.600000,0.802405,0.375000,0.981070
1458,0.190554,0.531328,0.871034,0.487586,0.732927,0.500000,0.998807,0.888194,0.600000,0.803265,0.375000,0.981070
1459,0.172638,0.593985,0.870811,0.491960,0.716090,0.500000,0.998205,0.880784,0.600000,0.798969,0.375000,0.981070
1460,0.183225,0.516291,0.870648,0.495232,0.736860,0.500000,0.999001,0.879466,0.880000,0.795533,0.378125,0.981070
1461,0.188925,0.491228,0.870292,0.483763,0.691720,0.500000,0.999389,0.891899,0.720000,0.802405,0.401875,0.981070
1462,0.175081,0.592732,0.870366,0.474927,0.733758,0.448929,0.998855,0.895192,0.600000,0.805842,0.375000,0.981070
1463,0.128664,0.672932,0.869966,0.487184,0.726281,0.459643,0.998739,0.880043,0.600000,0.804983,0.375000,0.981070
1464,0.143322,0.681704,0.869580,0.496199,0.730656,0.479286,0.999098,0.879302,0.600000,0.800687,0.375000,0.981070
1465,0.106678,0.641604,0.869625,0.504232,0.687953,0.500000,0.999292,0.877408,0.600000,0.801546,0.375000,0.981070
1466,0.199511,0.619048,0.869625,0.490174,0.749155,0.500000,0.998419,0.888935,0.760000,0.806701,0.375000,0.981070
1467,0.140879,0.629073,0.869847,0.480267,0.696871,0.500000,0.998467,0.894945,0.840000,0.810997,0.406250,0.981070
1468,0.179967,0.573935,0.869506,0.482870,0.687677,0.457143,0.998448,0.887535,0.600000,0.804124,0.405000,0.981070
1469,0.166124,0.601504,0.869639,0.480907,0.684409,0.428571,0.998710,0.885559,0.600000,0.805842,0.375000,0.981070
1470,0.210098,0.669173,0.870144,0.491097,0.672611,0.435714,0.999001,0.878479,0.600000,0.804124,0.375000,0.981070
1471,0.145765,0.541353,0.869788,0.493804,0.648408,0.438571,0.999127,0.877408,0.640000,0.799828,0.375000,0.981070
1472,0.201140,0.726817,0.869877,0.499234,0.599945,0.428571,0.999263,0.879796,0.760000,0.800687,0.375000,0.981070
1473,0.160423,0.528822,0.869654,0.491766,0.698920,0.428571,0.998448,0.878561,0.800000,0.803265,0.375000,0.981070
1474,0.184853,0.573935,0.870159,0.489832,0.638604,0.428571,0.998128,0.885312,0.800000,0.801546,0.375000,0.981070
1475,0.187296,0.631579,0.870277,0.480356,0.654666,0.411429,0.998613,0.893957,0.600000,0.805842,0.375000,0.981070
1476,0.163681,0.604010,0.870233,0.475968,0.649571,0.428571,0.999195,0.890170,0.600000,0.800687,0.375000,0.981070
1477,0.131922,0.651629,0.870203,0.486411,0.622708,0.411429,0.998613,0.874774,0.800000,0.800687,0.375000,0.981070
1478,0.116450,0.775689,0.870203,0.494295,0.692772,0.393929,0.998613,0.875515,0.920000,0.800687,0.375000,0.981070
1479,0.171824,0.793233,0.869877,0.489981,0.667350,0.392857,0.997866,0.875762,0.680000,0.798969,0.375000,0.981070
1480,0.097720,0.783208,0.869936,0.492168,0.721961,0.392857,0.998225,0.875926,0.800000,0.798110,0.375000,0.981070
1481,0.165309,0.657895,0.869758,0.489713,0.700692,0.392857,0.998710,0.880784,0.600000,0.801546,0.375000,0.981070
1482,0.173453,0.833333,0.869461,0.487259,0.761783,0.392857,0.999292,0.875597,0.600000,0.799828,0.375000,0.976337
1483,0.127850,0.687970,0.869298,0.504411,0.724675,0.392857,0.998787,0.872616,0.720000,0.803265,0.375000,0.975201
1484,0.192182,0.796992,0.869417,0.496378,0.684686,0.392857,0.998225,0.887617,0.640000,0.805842,0.375000,0.973971
1485,0.160423,0.845865,0.868987,0.499472,0.620327,0.392857,0.998487,0.874510,0.600000,0.802405,0.375000,0.974349
1486,0.119707,0.756892,0.869269,0.497300,0.630518,0.392857,0.999098,0.872715,0.800000,0.798969,0.375000,0.981070
1487,0.116450,0.786967,0.869728,0.495441,0.668734,0.392857,0.999030,0.871974,0.600000,0.796392,0.396875,0.978041
1488,0.136808,0.714286,0.869684,0.495812,0.648851,0.392857,0.998545,0.868022,0.600000,0.798969,0.408125,0.979460
1489,0.131107,0.468672,0.869699,0.493641,0.680255,0.392857,0.998681,0.880553,0.600000,0.798110,0.413750,0.973119
1490,0.145765,0.844612,0.869639,0.485890,0.684907,0.392857,0.999098,0.880619,0.600000,0.807560,0.375000,0.971604
1491,0.144951,0.637845,0.869921,0.491171,0.618721,0.392857,0.998904,0.872057,0.600000,0.802405,0.401875,0.971604
1492,0.135993,0.833333,0.870099,0.494399,0.688009,0.392857,0.999292,0.869010,0.600000,0.797251,0.437500,0.980407
1493,0.123779,0.655388,0.870366,0.498609,0.634561,0.392857,0.998807,0.866705,0.600000,0.800687,0.437500,0.976337
1494,0.128664,0.545113,0.870292,0.501331,0.695431,0.392857,0.998128,0.873456,0.600000,0.798110,0.409375,0.972267
1495,0.205212,0.557644,0.870411,0.499591,0.672113,0.392857,0.999001,0.869998,0.600000,0.800687,0.437500,0.976053
1496,0.142508,0.854637,0.870737,0.495976,0.706729,0.392857,0.998613,0.874527,0.600000,0.804124,0.437500,0.971604
1497,0.162866,0.597744,0.871034,0.488538,0.724232,0.392857,0.998758,0.881936,0.600000,0.799828,0.437500,0.971604
1498,0.030130,0.735589,0.871004,0.498877,0.675215,0.392857,0.999001,0.876009,0.600000,0.804124,0.437500,0.972740
1499,0.142508,0.578947,0.871227,0.501926,0.614345,0.392857,0.998011,0.868599,0.600000,0.798969,0.437500,0.975201
1500,0.201140,0.642857,0.871716,0.494117,0.626918,0.392857,0.997546,0.884159,0.600000,0.804983,0.437500,0.976053
1501,0.109121,0.785714,0.871597,0.492778,0.648962,0.392857,0.998904,0.887041,0.600000,0.807560,0.437500,0.978041
1502,0.199511,0.614035,0.871316,0.491394,0.595292,0.392857,0.999001,0.886465,0.600000,0.806701,0.437500,0.981070
1503,0.105863,0.636591,0.871034,0.497464,0.621988,0.392857,0.998516,0.880784,0.600000,0.810137,0.437500,0.981070
1504,0.135993,0.631579,0.870856,0.495708,0.610523,0.392857,0.999098,0.881278,0.600000,0.808419,0.437500,0.981070
1505,0.119707,0.713033,0.870693,0.495872,0.602603,0.392857,0.998448,0.875515,0.600000,0.808419,0.437500,0.981070
1506,0.150651,0.543860,0.870618,0.505110,0.664691,0.392857,0.999069,0.872304,0.600000,0.805842,0.437500,0.981070
1507,0.179153,0.526316,0.870604,0.505571,0.679479,0.392857,0.998322,0.882019,0.800000,0.804124,0.437500,0.981070
1508,0.170195,0.785714,0.870885,0.498044,0.645749,0.392857,0.999243,0.882842,0.600000,0.804124,0.437500,0.981070
1509,0.114007,0.408521,0.871152,0.503102,0.656826,0.392857,0.998807,0.881689,0.600000,0.804983,0.437500,0.981070
1510,0.136808,0.672932,0.871019,0.494429,0.693381,0.402143,0.998991,0.887288,0.600000,0.807560,0.437500,0.981070
1511,0.207655,0.844612,0.870485,0.495991,0.705622,0.411429,0.998904,0.886300,0.600000,0.805842,0.437500,0.981070
1512,0.213355,0.359649,0.870455,0.495381,0.657657,0.399286,0.999486,0.886876,0.600000,0.806701,0.437500,0.981070
1513,0.176710,0.799499,0.869906,0.496274,0.617281,0.392857,0.998710,0.884242,0.800000,0.803265,0.437500,0.981070
1514,0.138436,0.472431,0.870262,0.496333,0.627749,0.392857,0.998807,0.883583,0.600000,0.807560,0.437500,0.981070
1515,0.176710,0.837093,0.870292,0.497672,0.612739,0.392857,0.998710,0.882842,0.600000,0.805842,0.437500,0.981070
1516,0.150651,0.649123,0.869625,0.498877,0.643534,0.392857,0.998322,0.880866,0.680000,0.804124,0.437500,0.981070
1517,0.203583,0.532581,0.869981,0.497821,0.699197,0.411429,0.998322,0.878149,0.800000,0.805842,0.437500,0.981070
1518,0.157980,0.596491,0.869402,0.503072,0.721739,0.426071,0.998807,0.874774,0.680000,0.806701,0.437500,0.981070
1519,0.135993,0.750627,0.869432,0.495783,0.653448,0.392857,0.998419,0.881772,0.600000,0.804124,0.437500,0.981070
1520,0.165309,0.825815,0.869417,0.496556,0.750318,0.392857,0.999389,0.879137,0.600000,0.804983,0.437500,0.981070
1521,0.145765,0.692982,0.869076,0.493194,0.762670,0.416786,0.998807,0.878973,0.600000,0.803265,0.437500,0.981070
1522,0.161238,0.369674,0.869328,0.487973,0.798560,0.428571,0.998322,0.881689,0.600000,0.802405,0.437500,0.981070
1523,0.099349,0.743108,0.869639,0.490859,0.724176,0.418929,0.999195,0.882430,0.600000,0.803265,0.437500,0.981070
1524,0.171824,0.576441,0.869625,0.496259,0.674716,0.392857,0.998904,0.870904,0.600000,0.801546,0.437500,0.981070
1525,0.183225,0.597744,0.869639,0.496765,0.681861,0.392857,0.998128,0.877408,0.600000,0.805842,0.420000,0.981070
1526,0.126221,0.615288,0.869803,0.496259,0.663528,0.392857,0.998710,0.887782,0.600000,0.804983,0.425000,0.981070
1527,0.106678,0.631579,0.869595,0.490576,0.664248,0.392857,0.998157,0.886218,0.600000,0.803265,0.406250,0.981070
1528,0.171824,0.610276,0.869476,0.484105,0.615508,0.392857,0.998390,0.890252,0.800000,0.804983,0.383125,0.981070
1529,0.136808,0.799499,0.869432,0.492480,0.623262,0.392857,0.999030,0.880043,0.800000,0.801546,0.406250,0.981070
1530,0.166938,0.808271,0.869046,0.495069,0.714594,0.392857,0.998807,0.870986,0.600000,0.796392,0.432500,0.981070
1531,0.179967,0.583960,0.869061,0.502507,0.738244,0.392857,0.999069,0.869916,0.600000,0.799828,0.407500,0.981070
1532,0.144951,0.733083,0.869076,0.499160,0.726502,0.392857,0.998419,0.878890,0.600000,0.797251,0.437500,0.981070
1533,0.171824,0.492481,0.868942,0.488642,0.661257,0.392857,0.998419,0.883171,0.600000,0.803265,0.407500,0.981070
1534,0.166938,0.566416,0.868215,0.492614,0.683024,0.392857,0.998516,0.878561,0.600000,0.798969,0.375000,0.981070
1535,0.142508,0.655388,0.867948,0.496259,0.617225,0.392857,0.998933,0.878232,0.600000,0.798110,0.407500,0.981070
1536,0.105049,0.849624,0.868156,0.488851,0.643367,0.383929,0.998390,0.881360,0.600000,0.799828,0.404375,0.981070
1537,0.078176,0.814536,0.868171,0.496080,0.614179,0.384643,0.998196,0.882101,0.600000,0.795533,0.375000,0.981070
1538,0.186482,0.660401,0.868423,0.494667,0.600554,0.392857,0.998613,0.875597,0.600000,0.800687,0.411250,0.981070
1539,0.121336,0.725564,0.868097,0.498014,0.694932,0.392857,0.999001,0.876173,0.600000,0.798969,0.437500,0.981070
1540,0.192997,0.414787,0.867993,0.494741,0.674661,0.392857,0.999166,0.880372,0.600000,0.799828,0.437500,0.981070
1541,0.175081,0.708020,0.867859,0.493893,0.601828,0.392857,0.998807,0.884983,0.600000,0.798110,0.437500,0.981070
1542,0.165309,0.561404,0.867948,0.492287,0.613957,0.392857,0.998855,0.884126,0.600000,0.801546,0.437500,0.981070
1543,0.149837,0.611529,0.868067,0.492852,0.671116,0.392857,0.998807,0.882595,0.600000,0.801546,0.437500,0.981070
1544,0.136808,0.572682,0.868052,0.494518,0.668901,0.392857,0.999195,0.884983,0.600000,0.800687,0.437500,0.981070
1545,0.123779,0.626566,0.868349,0.496229,0.717973,0.392857,0.998225,0.887123,0.600000,0.803265,0.437500,0.981070
1546,0.190554,0.786967,0.867696,0.487497,0.643035,0.392857,0.998322,0.891075,0.600000,0.799828,0.437500,0.981070
1547,0.206026,0.580201,0.868097,0.489431,0.664913,0.392857,0.998972,0.884159,0.600000,0.797251,0.437500,0.981070
1548,0.163681,0.563910,0.867741,0.492391,0.710274,0.376071,0.998807,0.881772,0.600000,0.801546,0.437500,0.981070
1549,0.131922,0.709273,0.867325,0.491573,0.729715,0.392857,0.998225,0.885888,0.600000,0.798969,0.437500,0.981070
1550,0.175081,0.779449,0.867310,0.486515,0.781778,0.392857,0.998807,0.883912,0.600000,0.798969,0.437500,0.981070
1551,0.155537,0.729323,0.866940,0.489460,0.740238,0.392857,0.999175,0.881031,0.600000,0.803265,0.437500,0.981070
1552,0.100977,0.746867,0.866821,0.492436,0.768873,0.375714,0.997905,0.876832,0.600000,0.803265,0.437500,0.981070
1553,0.175896,0.697995,0.866895,0.492733,0.685073,0.392857,0.998273,0.878396,0.600000,0.801546,0.437500,0.981070
1554,0.195440,0.496241,0.866302,0.493849,0.643201,0.392857,0.999292,0.877985,0.600000,0.798110,0.437500,0.981070
1555,0.099349,0.616541,0.866346,0.495336,0.703462,0.392857,0.999389,0.877573,0.600000,0.801546,0.437500,0.981070
1556,0.175896,0.547619,0.866242,0.490100,0.718416,0.375714,0.998322,0.885806,0.600000,0.804983,0.437500,0.981070
1557,0.235342,0.334586,0.866079,0.483332,0.682858,0.392857,0.998302,0.889791,0.680000,0.804124,0.437500,0.981070
1558,0.169381,0.625313,0.865827,0.483213,0.653282,0.392857,0.999292,0.881936,1.000000,0.805842,0.437500,0.981070
1559,0.166124,0.708020,0.865634,0.483689,0.597508,0.392857,0.999389,0.880537,1.000000,0.805842,0.437500,0.981070
1560,0.189739,0.503759,0.865634,0.483361,0.627305,0.392857,0.998787,0.878775,1.000000,0.805842,0.437500,0.981070
1561,0.171010,0.640351,0.865412,0.486738,0.656771,0.401071,0.999292,0.875432,1.000000,0.807560,0.437500,0.981070
1562,0.181596,0.619048,0.865100,0.483614,0.654500,0.411429,0.999098,0.878561,1.000000,0.805842,0.437500,0.981070
1563,0.140879,0.602757,0.865412,0.478110,0.689283,0.400714,0.999098,0.879302,1.000000,0.804124,0.437500,0.981070
1564,0.220684,0.572682,0.864893,0.478794,0.654943,0.410000,0.998031,0.873127,0.880000,0.800687,0.437500,0.981070
1565,0.105863,0.483709,0.865160,0.485771,0.723678,0.392857,0.998516,0.874856,0.600000,0.804124,0.437500,0.981070
1566,0.136808,0.610276,0.865174,0.482365,0.770701,0.408214,0.997691,0.879631,0.600000,0.804124,0.437500,0.981070
1567,0.129479,0.484962,0.865234,0.483882,0.690390,0.428571,0.999185,0.877491,0.600000,0.802405,0.437500,0.981070
1568,0.144951,0.571429,0.865071,0.481130,0.642371,0.392857,0.998322,0.877985,0.600000,0.805842,0.437500,0.981070
1569,0.171010,0.689223,0.865323,0.485489,0.619551,0.395714,0.998613,0.872304,0.600000,0.802405,0.437500,0.981070
1570,0.126221,0.731830,0.865412,0.486456,0.650623,0.407143,0.998254,0.871793,0.600000,0.803265,0.437500,0.981070
1571,0.108306,0.527569,0.865545,0.492034,0.689892,0.392857,0.998807,0.863412,0.600000,0.799828,0.437500,0.981070
1572,0.195440,0.659148,0.865382,0.488865,0.645638,0.392857,0.999001,0.870245,0.800000,0.799828,0.437500,0.981070
1573,0.109935,0.810777,0.865427,0.490874,0.647965,0.410000,0.999001,0.872468,0.600000,0.800687,0.437500,0.981070
1574,0.162866,0.516291,0.865605,0.485340,0.677264,0.392857,0.999389,0.867281,0.600000,0.797251,0.437500,0.981070
1575,0.154723,0.716792,0.865857,0.489758,0.703462,0.403571,0.999078,0.872221,0.600000,0.797251,0.437500,0.981070
1576,0.105049,0.819549,0.865812,0.492064,0.677042,0.428571,0.998904,0.870657,0.600000,0.796392,0.436250,0.981070
1577,0.179153,0.803258,0.865708,0.492763,0.624259,0.415000,0.998516,0.865552,0.600000,0.796392,0.376875,0.981070
1578,0.160423,0.744361,0.865708,0.491885,0.649682,0.425000,0.998079,0.865964,0.600000,0.798110,0.437500,0.981070
1579,0.174267,0.645363,0.866094,0.491439,0.599889,0.395357,0.999098,0.881689,0.600000,0.798969,0.437500,0.981070
1580,0.198697,0.662907,0.865827,0.493923,0.659042,0.410714,0.998904,0.876256,0.600000,0.805842,0.437500,0.981070
1581,0.134365,0.689223,0.865990,0.494221,0.673553,0.427500,0.998778,0.872304,0.600000,0.803265,0.437500,0.981070
1582,0.147394,0.736842,0.865946,0.500216,0.685849,0.409643,0.997546,0.879878,0.600000,0.801546,0.437500,0.981070
1583,0.120521,0.863409,0.866287,0.500171,0.660316,0.411429,0.998438,0.875679,0.600000,0.808419,0.437500,0.981070
1584,0.144951,0.675439,0.866064,0.500022,0.651509,0.423214,0.997546,0.880043,0.600000,0.805842,0.437500,0.981070
1585,0.171010,0.687970,0.865931,0.496631,0.651122,0.416786,0.998613,0.878726,0.600000,0.803265,0.437500,0.981070
1586,0.188925,0.780702,0.865783,0.495946,0.629078,0.428571,0.998904,0.878149,0.600000,0.799828,0.437500,0.981070
1587,0.162866,0.696742,0.865842,0.502075,0.694711,0.428571,0.997817,0.874691,0.600000,0.802405,0.437500,0.981070
1588,0.175896,0.958647,0.865812,0.505913,0.595901,0.428571,0.998613,0.873209,0.600000,0.801546,0.437500,0.981070
1589,0.134365,0.662907,0.865501,0.501912,0.650955,0.428571,0.999166,0.874691,0.600000,0.801546,0.437500,0.981070
1590,0.134365,0.690476,0.866124,0.498252,0.644974,0.428571,0.998720,0.880043,0.600000,0.804983,0.437500,0.981070
1591,0.141694,0.586466,0.866153,0.496943,0.654389,0.428571,0.999292,0.874609,0.600000,0.804983,0.437500,0.981070
1592,0.165309,0.848371,0.866079,0.500245,0.654445,0.428571,0.998516,0.871727,0.600000,0.802405,0.437500,0.981070
1593,0.142508,0.687970,0.866450,0.507877,0.658045,0.428571,0.999001,0.870739,1.000000,0.800687,0.437500,0.981070
1594,0.191368,0.493734,0.866346,0.499531,0.683910,0.428571,0.999195,0.875432,0.960000,0.800687,0.437500,0.981070
1595,0.129479,0.790727,0.866331,0.500067,0.624481,0.428571,0.998322,0.874691,0.600000,0.803265,0.437500,0.981070
1596,0.182410,0.570175,0.866272,0.498088,0.642481,0.428571,0.997885,0.876997,0.600000,0.802405,0.437500,0.981070
1597,0.219870,0.512531,0.866317,0.500409,0.605262,0.428571,0.996294,0.878479,0.840000,0.804124,0.437500,0.981070
1598,0.112378,0.635338,0.866495,0.504069,0.751315,0.428571,0.999098,0.875597,0.920000,0.800687,0.437500,0.981070
1599,0.115635,0.557644,0.866420,0.507490,0.701634,0.428571,0.998419,0.870081,0.680000,0.798110,0.437500,0.981070
1600,0.148208,0.766917,0.867162,0.514675,0.688729,0.428571,0.999078,0.876914,0.720000,0.800687,0.437500,0.981070
1601,0.155537,0.581454,0.867370,0.510956,0.658156,0.428571,0.998516,0.878726,0.800000,0.804983,0.437500,0.981070
1602,0.119707,0.665414,0.867325,0.506597,0.600498,0.428571,0.998807,0.890828,0.600000,0.807560,0.437500,0.981070
1603,0.171824,0.815789,0.867162,0.504188,0.626918,0.428571,0.998729,0.889099,0.600000,0.806701,0.437500,0.981070
1604,0.177524,0.849624,0.866895,0.505259,0.642038,0.428571,0.999292,0.884900,0.600000,0.801546,0.437500,0.981070
1605,0.154723,0.859649,0.866673,0.509736,0.653005,0.428571,0.998613,0.876338,0.800000,0.798969,0.437500,0.981070
1606,0.176710,0.750627,0.866717,0.506761,0.651842,0.428571,0.998710,0.886135,0.600000,0.801546,0.437500,0.981070
1607,0.209283,0.598997,0.866806,0.504411,0.642980,0.428571,0.999825,0.881525,0.800000,0.802405,0.437500,0.981070
1608,0.175081,0.699248,0.866880,0.511744,0.656383,0.445357,0.997662,0.875926,0.600000,0.802405,0.437500,0.981070
1609,0.130293,0.681704,0.866687,0.507564,0.586929,0.445714,0.998904,0.875926,0.600000,0.795533,0.437500,0.981070
1610,0.113192,0.647870,0.866880,0.510242,0.672722,0.428571,0.998584,0.877161,0.600000,0.801546,0.437500,0.981070
1611,0.100977,0.750627,0.867103,0.512102,0.668790,0.428571,0.999049,0.884324,0.600000,0.803265,0.437500,0.981070
1612,0.146580,0.506266,0.867637,0.513708,0.716754,0.428571,0.998710,0.880537,0.600000,0.800687,0.437500,0.981070
1613,0.092020,0.632832,0.867503,0.516133,0.623816,0.438571,0.998875,0.875021,0.600000,0.800687,0.437500,0.981070
1614,0.161238,0.729323,0.867251,0.509587,0.650125,0.436429,0.998419,0.881442,0.600000,0.800687,0.437500,0.981070
1615,0.090391,0.809524,0.867266,0.503548,0.701800,0.428571,0.999127,0.885147,0.600000,0.805842,0.437500,0.981070
1616,0.125407,0.805764,0.867177,0.503667,0.667128,0.428571,0.998739,0.878726,0.600000,0.803265,0.437500,0.981070
1617,0.157166,0.682957,0.867281,0.508249,0.609471,0.428571,0.998157,0.879302,0.600000,0.803265,0.437500,0.981070
1618,0.157166,0.864662,0.866984,0.506017,0.584658,0.428571,0.998419,0.881772,0.600000,0.803265,0.437500,0.981070
1619,0.115635,0.778195,0.867800,0.473811,0.564885,0.428571,0.999001,0.879055,0.600000,0.808419,0.437500,0.981070
1620,0.149837,0.342105,0.867830,0.515687,0.655165,0.428571,0.998710,0.822740,0.600000,0.791237,0.437500,0.981070
1621,0.170195,0.657895,0.869002,0.520611,0.593631,0.428571,0.998613,0.833114,0.600000,0.794674,0.437500,0.981070
1622,0.124593,0.778195,0.869966,0.551121,0.585433,0.428571,0.998419,0.832949,0.600000,0.791237,0.437500,0.979460
1623,0.172638,0.645363,0.871034,0.552356,0.581501,0.428571,0.997817,0.862836,0.600000,0.798110,0.423125,0.971604
1624,0.212541,0.473684,0.871004,0.509602,0.542620,0.428571,0.997497,0.835913,0.600000,0.796392,0.390625,0.971604
1625,0.207655,0.635338,0.871701,0.548443,0.558626,0.428571,0.998128,0.855590,0.600000,0.794674,0.406250,0.971604
1626,0.163681,0.644110,0.871850,0.530622,0.560454,0.428571,0.998613,0.883007,0.600000,0.803265,0.387500,0.971604
1627,0.145765,0.751880,0.872265,0.512845,0.578122,0.428571,0.999369,0.889709,0.600000,0.808419,0.375000,0.971604
1628,0.147394,0.547619,0.871508,0.511030,0.556300,0.428571,0.998923,0.871908,0.960000,0.803265,0.375000,0.975390
1629,0.182410,0.743108,0.871286,0.508754,0.562559,0.428571,0.999292,0.865635,0.600000,0.798969,0.432500,0.981070
1630,0.201954,0.492481,0.871316,0.520997,0.513154,0.428571,0.999243,0.864400,0.600000,0.802405,0.378125,0.981070
1631,0.186482,0.607769,0.871405,0.518766,0.533481,0.428571,0.999030,0.873127,0.600000,0.801546,0.437500,0.976621
1632,0.140065,0.809524,0.871256,0.517695,0.500138,0.428571,0.998797,0.882677,0.600000,0.801546,0.437500,0.980880
1633,0.145765,0.689223,0.870841,0.510465,0.567765,0.428571,0.999001,0.886218,0.800000,0.806701,0.437500,0.981070
1634,0.113192,0.735589,0.870515,0.498133,0.547549,0.428571,0.997575,0.879960,0.600000,0.801546,0.437500,0.981070
1635,0.145765,0.644110,0.870411,0.507564,0.547992,0.428571,0.997934,0.875268,0.600000,0.800687,0.437500,0.981070
1636,0.131922,0.571429,0.869966,0.514452,0.485960,0.428571,0.998419,0.870575,0.720000,0.798969,0.437500,0.981070
1637,0.130293,0.672932,0.869699,0.509617,0.520631,0.428571,0.999098,0.874527,0.680000,0.796392,0.437500,0.981070
1638,0.184853,0.636591,0.869491,0.511774,0.482913,0.428571,0.998555,0.871826,0.840000,0.801546,0.437500,0.981070
1639,0.140065,0.708020,0.869209,0.510064,0.506231,0.428571,0.998128,0.868763,0.800000,0.801546,0.437500,0.981070
1640,0.148208,0.503759,0.868898,0.513753,0.494157,0.428571,0.998322,0.868269,0.600000,0.794674,0.437500,0.981070
1641,0.163681,0.627820,0.868987,0.511016,0.523235,0.428571,0.998031,0.865141,0.600000,0.799828,0.437500,0.981070
1642,0.168567,0.754386,0.868735,0.511804,0.529327,0.428571,0.998710,0.867973,0.600000,0.798969,0.437500,0.981070
1643,0.163681,0.464912,0.868468,0.509320,0.519524,0.428571,0.999195,0.869916,0.600000,0.801546,0.437500,0.981070
1644,0.184039,0.715539,0.868468,0.506493,0.506176,0.445357,0.998244,0.875103,1.000000,0.804124,0.437500,0.981070
1645,0.122964,0.674185,0.868200,0.510257,0.606203,0.446429,0.998710,0.871892,0.600000,0.803265,0.437500,0.981070
1646,0.184039,0.609023,0.867785,0.512860,0.649571,0.428571,0.998060,0.871480,0.600000,0.803265,0.437500,0.981070
1647,0.124593,0.677945,0.867548,0.515761,0.571255,0.428571,0.999001,0.867528,0.800000,0.801546,0.437500,0.981070
1648,0.170195,0.612782,0.867355,0.513530,0.548214,0.445714,0.999660,0.879549,0.600000,0.807560,0.437500,0.981070
1649,0.210098,0.535088,0.867073,0.512250,0.579009,0.445714,0.999030,0.882842,0.600000,0.809278,0.437500,0.981070
1650,0.143322,0.605263,0.867014,0.509736,0.617557,0.428571,0.998031,0.885559,0.600000,0.807560,0.437500,0.981070
1651,0.123779,0.526316,0.866910,0.511700,0.540570,0.428571,0.998419,0.879384,0.600000,0.809278,0.437500,0.981070
1652,0.147394,0.728070,0.866658,0.506672,0.500138,0.438571,0.999001,0.880619,0.600000,0.804983,0.437500,0.981070
1653,0.155537,0.679198,0.866153,0.508978,0.519579,0.435000,0.998710,0.877161,0.600000,0.803265,0.437500,0.981070
1654,0.104235,0.708020,0.865857,0.509840,0.579064,0.441071,0.998516,0.876091,0.600000,0.803265,0.437500,0.981070
1655,0.127850,0.572682,0.865679,0.507237,0.557574,0.432857,0.997420,0.871645,0.680000,0.810137,0.437500,0.981070
1656,0.077362,0.763158,0.865456,0.507490,0.562060,0.445714,0.998031,0.870163,0.800000,0.806701,0.437500,0.981070
1657,0.157980,0.895990,0.865471,0.502655,0.553088,0.428571,0.999486,0.875350,1.000000,0.803265,0.437500,0.981070
1658,0.165309,0.674185,0.865160,0.499546,0.570590,0.446429,0.999486,0.876091,1.000000,0.804124,0.437500,0.981070
1659,0.162052,0.655388,0.864907,0.500543,0.503240,0.447143,0.999098,0.873456,1.000000,0.804124,0.437500,0.981070
1660,0.168567,0.537594,0.864507,0.503563,0.592412,0.443571,0.998516,0.882430,0.680000,0.804124,0.437500,0.981070
1661,0.143322,0.779449,0.864982,0.500543,0.570313,0.428571,0.997546,0.875350,0.800000,0.807560,0.437500,0.981070
1662,0.124593,0.780702,0.863765,0.505794,0.551925,0.428571,0.998128,0.869175,0.600000,0.795533,0.437500,0.981070
1663,0.127850,0.674185,0.864047,0.506597,0.524952,0.435714,0.998710,0.872633,0.600000,0.802405,0.437500,0.981070
1664,0.160423,0.562657,0.864017,0.500275,0.509831,0.438214,0.999418,0.872304,0.600000,0.803265,0.437500,0.981070
1665,0.157166,0.711779,0.863676,0.500513,0.509222,0.428571,0.998632,0.867528,0.600000,0.798110,0.437500,0.981070
1666,0.144951,0.609023,0.863839,0.502402,0.477485,0.417143,0.999486,0.873786,0.600000,0.798110,0.437500,0.981070
1667,0.120521,0.642857,0.864077,0.498564,0.531764,0.423214,0.998710,0.871069,0.600000,0.796392,0.437500,0.981070
1668,0.149837,0.800752,0.864240,0.496452,0.579009,0.428571,0.998467,0.873456,0.600000,0.802405,0.437500,0.981070
1669,0.118078,0.706767,0.864863,0.498639,0.516754,0.428571,0.999127,0.877326,0.600000,0.804983,0.437500,0.981070
1670,0.163681,0.606516,0.864922,0.499546,0.574799,0.428571,0.998613,0.872221,0.600000,0.799828,0.437500,0.981070
1671,0.140879,0.761905,0.864492,0.496184,0.628081,0.428571,0.998875,0.865799,0.600000,0.801546,0.437500,0.981070
1672,0.128664,0.654135,0.864626,0.497717,0.618887,0.445714,0.999845,0.859707,0.600000,0.800687,0.407500,0.981070
1673,0.124593,0.749373,0.864848,0.490145,0.648186,0.452500,0.998729,0.867133,0.600000,0.798110,0.437500,0.981070
1674,0.124593,0.647870,0.864863,0.489951,0.548103,0.500000,0.998254,0.860942,0.600000,0.794674,0.437500,0.981070
1675,0.105049,0.691729,0.865189,0.489654,0.549432,0.500000,0.998807,0.852873,0.600000,0.795533,0.470000,0.981070
1676,0.144137,0.695489,0.865308,0.490621,0.533647,0.500000,0.998952,0.852462,0.600000,0.796392,0.437500,0.981070
1677,0.135993,0.708020,0.865560,0.489416,0.499695,0.500000,0.997982,0.852379,0.600000,0.792955,0.437500,0.981070
1678,0.101792,0.783208,0.865486,0.491989,0.502299,0.500000,0.998128,0.854767,0.600000,0.795533,0.437500,0.979366
1679,0.090391,0.622807,0.865486,0.494474,0.515591,0.500000,0.998710,0.851721,0.600000,0.797251,0.437500,0.973497
1680,0.131922,0.745614,0.865768,0.494117,0.546441,0.500000,0.998002,0.854602,0.600000,0.797251,0.437500,0.974444
1681,0.137622,0.795739,0.865827,0.487794,0.552534,0.500000,0.998904,0.861024,0.600000,0.798969,0.437500,0.971604
1682,0.084691,0.686717,0.866435,0.482870,0.560122,0.500000,0.998700,0.865437,0.600000,0.800687,0.437500,0.971604
1683,0.130293,0.627820,0.866346,0.485771,0.490058,0.500000,0.998157,0.864070,0.760000,0.800687,0.437500,0.971604
1684,0.128664,0.670426,0.866376,0.495455,0.497646,0.500000,0.998904,0.860695,0.800000,0.799828,0.437500,0.974444
1685,0.161238,0.586466,0.866509,0.496824,0.510330,0.500000,0.997449,0.862506,0.600000,0.803265,0.437500,0.973213
1686,0.160423,0.696742,0.866376,0.494057,0.561507,0.500000,0.998671,0.867594,0.600000,0.798969,0.437500,0.971604
1687,0.145765,0.650376,0.866228,0.496407,0.501689,0.500000,0.998894,0.859987,0.600000,0.799828,0.437500,0.975106
1688,0.141694,0.639098,0.866673,0.491885,0.528441,0.500000,0.999195,0.859378,0.600000,0.798110,0.437500,0.977283
1689,0.109935,0.625313,0.866435,0.488151,0.509499,0.500000,0.997740,0.864070,0.600000,0.795533,0.437500,0.976053
1690,0.123779,0.751880,0.866865,0.487973,0.558460,0.500000,0.997672,0.865635,0.600000,0.798110,0.437500,0.976337
1691,0.131922,0.723058,0.866806,0.495441,0.497812,0.500000,0.998904,0.862424,0.600000,0.798110,0.437500,0.971604
1692,0.140879,0.748120,0.866747,0.493224,0.509388,0.500000,0.998739,0.863906,0.600000,0.798969,0.375000,0.971604
1693,0.122150,0.705514,0.866791,0.488389,0.535918,0.517143,0.998516,0.856578,0.600000,0.792096,0.408125,0.976148
1694,0.127850,0.592732,0.866717,0.491052,0.518748,0.515000,0.998419,0.860942,0.600000,0.796392,0.437500,0.971604
1695,0.132736,0.662907,0.866836,0.485846,0.500637,0.518214,0.999127,0.867528,0.600000,0.798969,0.437500,0.971604
1696,0.118078,0.828321,0.866658,0.487155,0.492107,0.535714,0.998050,0.864021,0.600000,0.799828,0.437500,0.972456
1697,0.118893,0.713033,0.867281,0.496303,0.499751,0.500000,0.996838,0.848921,0.600000,0.793814,0.429375,0.975390
1698,0.100163,0.731830,0.867399,0.498579,0.553254,0.520357,0.998923,0.848510,0.600000,0.794674,0.416875,0.971604
1699,0.126221,0.671679,0.868008,0.494756,0.589975,0.535714,0.999088,0.857220,0.600000,0.798110,0.425625,0.971604
1700,0.113192,0.602757,0.868171,0.494295,0.576239,0.535714,0.998584,0.854602,0.600000,0.797251,0.388750,0.971604
1701,0.119707,0.626566,0.868408,0.491692,0.532207,0.535714,0.998904,0.856414,0.600000,0.795533,0.437500,0.971604
1702,0.127036,0.604010,0.868898,0.488092,0.543284,0.535714,0.998972,0.854767,0.960000,0.797251,0.437500,0.971604
1703,0.164495,0.493734,0.868809,0.489505,0.579230,0.535714,0.998613,0.850815,1.000000,0.794674,0.437500,0.971604
1704,0.145765,0.746867,0.869298,0.489535,0.539407,0.535714,0.997643,0.854438,1.000000,0.792096,0.437500,0.971604
1705,0.153094,0.604010,0.869194,0.494682,0.466076,0.535714,0.998894,0.857896,1.000000,0.795533,0.437500,0.971604
1706,0.129479,0.632832,0.869417,0.495084,0.484907,0.535714,0.998584,0.855590,1.000000,0.796392,0.437500,0.971604
1707,0.136808,0.659148,0.869610,0.495530,0.478593,0.535714,0.998904,0.857484,1.000000,0.792955,0.437500,0.971604
1708,0.139251,0.676692,0.869817,0.498312,0.536250,0.535714,0.997478,0.862506,1.000000,0.798969,0.437500,0.971604
1709,0.127036,0.624060,0.869803,0.497523,0.549266,0.535714,0.999069,0.860201,1.000000,0.796392,0.437500,0.971604
1710,0.149023,0.704261,0.869832,0.497389,0.469731,0.535714,0.998535,0.860530,1.000000,0.799828,0.437500,0.971604
1711,0.153909,0.604010,0.869847,0.493626,0.558682,0.535714,0.996576,0.863000,1.000000,0.800687,0.437500,0.971604
1712,0.148208,0.582707,0.869758,0.493655,0.562005,0.535714,0.998826,0.863741,1.000000,0.802405,0.408125,0.971604
1713,0.124593,0.686717,0.869862,0.498118,0.547051,0.535714,0.998487,0.859625,1.000000,0.798110,0.437500,0.971604
1714,0.135993,0.705514,0.870188,0.500424,0.527112,0.535714,0.998933,0.861436,1.000000,0.802405,0.437500,0.971604
1715,0.118893,0.622807,0.870262,0.499234,0.489560,0.535714,0.998215,0.861732,0.720000,0.799828,0.437500,0.971604
1716,0.188111,0.585213,0.870604,0.499621,0.467405,0.509643,0.998322,0.864976,0.600000,0.803265,0.437500,0.971604
1717,0.153909,0.581454,0.870796,0.498356,0.565162,0.500000,0.998535,0.865305,0.600000,0.799828,0.437500,0.971604
1718,0.184039,0.760652,0.870885,0.497731,0.554805,0.500000,0.998991,0.869455,0.600000,0.804983,0.408125,0.971604
1719,0.118893,0.749373,0.870885,0.495084,0.554860,0.500000,0.999389,0.870739,0.720000,0.803265,0.437500,0.971604
1720,0.184853,0.666667,0.871271,0.492317,0.528995,0.485714,0.999389,0.875515,0.880000,0.802405,0.437500,0.971604
1721,0.155537,0.566416,0.871419,0.492912,0.566547,0.496429,0.998807,0.873786,0.600000,0.801546,0.437500,0.976337
1722,0.178339,0.621554,0.871568,0.497434,0.532927,0.500000,0.999137,0.864811,0.600000,0.799828,0.437500,0.971604
1723,0.149837,0.662907,0.871360,0.497196,0.653448,0.482857,0.998710,0.864400,0.600000,0.798110,0.437500,0.971604
1724,0.119707,0.600251,0.871138,0.495366,0.591194,0.483214,0.998807,0.869587,0.600000,0.800687,0.437500,0.971604
1725,0.176710,0.609023,0.871138,0.494072,0.548601,0.479643,0.998011,0.863823,0.600000,0.797251,0.437500,0.976148
1726,0.147394,0.522556,0.870974,0.496259,0.555082,0.470357,0.999292,0.866870,0.600000,0.798110,0.437500,0.974444
1727,0.154723,0.758145,0.871182,0.498044,0.515093,0.475714,0.998710,0.866705,0.600000,0.800687,0.416875,0.976337
1728,0.141694,0.625313,0.870945,0.503786,0.478870,0.438571,0.998293,0.875597,0.600000,0.799828,0.375000,0.973308
1729,0.134365,0.547619,0.870796,0.484879,0.513819,0.472500,0.997643,0.877655,0.600000,0.801546,0.430000,0.971604
1730,0.203583,0.654135,0.870856,0.489208,0.545057,0.492857,0.997982,0.873292,0.600000,0.801546,0.437500,0.975106
1731,0.152280,0.731830,0.870811,0.492510,0.507339,0.465357,0.998758,0.864729,0.600000,0.800687,0.437500,0.981070
1732,0.134365,0.686717,0.870811,0.491960,0.515591,0.486429,0.999195,0.856661,0.600000,0.797251,0.437500,0.981070
1733,0.179153,0.656642,0.870811,0.510807,0.477098,0.479286,0.996770,0.849662,0.600000,0.791237,0.437500,0.972362
1734,0.131107,0.590226,0.870841,0.505809,0.469676,0.482857,0.998584,0.865981,0.600000,0.796392,0.437500,0.971604
1735,0.162866,0.533835,0.871152,0.494325,0.510883,0.499286,0.999098,0.875515,0.600000,0.797251,0.437500,0.971604
1736,0.145765,0.609023,0.871479,0.490249,0.591581,0.500000,0.999098,0.866129,0.600000,0.799828,0.437500,0.976621
1737,0.130293,0.661654,0.871375,0.496155,0.555303,0.500000,0.999117,0.862671,0.600000,0.792955,0.437500,0.976053
1738,0.133550,0.740602,0.871123,0.496006,0.593741,0.504286,0.998923,0.864252,0.600000,0.799828,0.437500,0.971604
1739,0.165309,0.639098,0.871271,0.496229,0.530102,0.535714,0.997672,0.862836,0.600000,0.796392,0.437500,0.976148
1740,0.154723,0.596491,0.871464,0.499398,0.534921,0.535714,0.999175,0.862342,0.600000,0.798110,0.437500,0.971604
1741,0.161238,0.724311,0.871553,0.501807,0.499031,0.535714,0.997885,0.865635,0.600000,0.799828,0.437500,0.971604
1742,0.114821,0.700501,0.871701,0.491498,0.542786,0.535714,0.998196,0.875268,0.600000,0.802405,0.437500,0.971604
1743,0.144951,0.661654,0.871583,0.490903,0.542398,0.535714,0.999360,0.881607,0.600000,0.802405,0.437500,0.973308
1744,0.152280,0.740602,0.871479,0.476489,0.456217,0.535714,0.998419,0.881936,0.600000,0.804983,0.437500,0.976337
1745,0.142508,0.766917,0.871138,0.484477,0.491664,0.535714,0.998904,0.866211,0.600000,0.799828,0.437500,0.981070
1746,0.154723,0.571429,0.870930,0.494369,0.517917,0.535714,0.998613,0.861436,0.600000,0.799828,0.437500,0.981070
1747,0.113192,0.616541,0.870841,0.494191,0.587815,0.518571,0.998710,0.859131,0.600000,0.801546,0.437500,0.981070
1748,0.166938,0.624060,0.870618,0.502536,0.501911,0.534643,0.998671,0.865388,0.600000,0.801546,0.437500,0.981070
1749,0.155537,0.784461,0.870604,0.481323,0.618721,0.519643,0.998564,0.875926,0.600000,0.803265,0.437500,0.981070
1750,0.162866,0.708020,0.870693,0.475730,0.594904,0.535714,0.998710,0.872304,0.640000,0.803265,0.437500,0.981070
1751,0.169381,0.545113,0.870974,0.486262,0.587095,0.535714,0.998904,0.863576,0.760000,0.800687,0.437500,0.981070
1752,0.130293,0.704261,0.870574,0.491930,0.550872,0.512500,0.998593,0.855837,0.600000,0.796392,0.437500,0.977000
1753,0.171824,0.489975,0.870648,0.495441,0.547605,0.500000,0.997934,0.860119,0.600000,0.798110,0.437500,0.980786
1754,0.100977,0.754386,0.870841,0.492808,0.553032,0.500000,0.998632,0.865174,0.600000,0.798110,0.437500,0.976621
1755,0.149837,0.703008,0.870960,0.491617,0.521074,0.500000,0.998545,0.860695,0.600000,0.800687,0.437500,0.981070
1756,0.180782,0.454887,0.870693,0.491454,0.499474,0.479286,0.999020,0.866491,0.600000,0.804983,0.437500,0.981070
1757,0.164495,0.713033,0.870930,0.491603,0.474107,0.500000,0.998797,0.867693,0.800000,0.802405,0.437500,0.971604
1758,0.133550,0.615288,0.871078,0.491736,0.465411,0.500000,0.998739,0.871974,0.600000,0.806701,0.405000,0.971604
1759,0.131107,0.687970,0.871019,0.493001,0.444254,0.500000,0.998302,0.866458,0.640000,0.805842,0.437500,0.971604
1760,0.161238,0.670426,0.870915,0.492331,0.451454,0.500000,0.999195,0.866129,0.800000,0.803265,0.405000,0.973024
1761,0.159609,0.709273,0.870722,0.495857,0.477984,0.480000,0.998904,0.865108,0.680000,0.802405,0.375000,0.975769
1762,0.167752,0.689223,0.870470,0.490814,0.589754,0.483571,0.998952,0.868302,0.800000,0.804124,0.375000,0.979177
1763,0.132736,0.577694,0.870574,0.494250,0.575630,0.497143,0.998351,0.865388,0.600000,0.801546,0.375000,0.971604
1764,0.162052,0.629073,0.870396,0.495634,0.540958,0.464286,0.998002,0.866293,0.600000,0.801546,0.375000,0.973781
1765,0.188925,0.650376,0.870678,0.493893,0.534976,0.464286,0.999195,0.868434,0.600000,0.799828,0.391875,0.973971
1766,0.141694,0.710526,0.870604,0.493403,0.609693,0.464286,0.998739,0.867199,0.600000,0.801546,0.407500,0.976337
1767,0.134365,0.630326,0.870707,0.494399,0.613237,0.455357,0.998904,0.867611,0.600000,0.804983,0.386250,0.971604
1768,0.153909,0.617794,0.870440,0.496631,0.588203,0.438571,0.998584,0.861107,0.600000,0.800687,0.396875,0.971604
1769,0.100163,0.696742,0.870841,0.499502,0.615176,0.464286,0.999389,0.857649,0.600000,0.801546,0.437500,0.971604
1770,0.143322,0.665414,0.870856,0.499844,0.529881,0.464286,0.998972,0.859625,0.640000,0.800687,0.411250,0.971604
1771,0.148208,0.606516,0.870960,0.495887,0.488341,0.432857,0.997449,0.861683,1.000000,0.799828,0.431250,0.971604
1772,0.113192,0.555138,0.871108,0.494027,0.469731,0.461429,0.998225,0.858966,1.000000,0.800687,0.437500,0.971604
1773,0.157980,0.588972,0.871167,0.490606,0.507893,0.430357,0.999369,0.861765,1.000000,0.799828,0.437500,0.971604
1774,0.156352,0.725564,0.871597,0.493566,0.461756,0.427500,0.998884,0.861222,1.000000,0.798110,0.408125,0.971604
1775,0.151466,0.697995,0.871775,0.497642,0.479369,0.391071,0.998836,0.853120,1.000000,0.798110,0.406250,0.971604
1776,0.126221,0.657895,0.871538,0.494369,0.494101,0.357143,0.998904,0.854602,1.000000,0.797251,0.375000,0.971604
1777,0.169381,0.517544,0.871790,0.489609,0.469787,0.361786,0.998031,0.860201,0.920000,0.793814,0.375000,0.971604
1778,0.161238,0.631579,0.871494,0.486932,0.586652,0.392857,0.998584,0.855096,0.600000,0.794674,0.375000,0.971604
1779,0.144137,0.763158,0.871375,0.485176,0.558294,0.392857,0.999195,0.854685,0.600000,0.794674,0.375000,0.971604
1780,0.117264,0.563910,0.872013,0.492852,0.468734,0.367500,0.999049,0.849712,0.600000,0.792955,0.375000,0.971604
1781,0.133550,0.636591,0.872131,0.487378,0.462974,0.357143,0.999680,0.848460,0.600000,0.793814,0.375000,0.971604
1782,0.136808,0.720551,0.872354,0.492555,0.452672,0.374286,0.998419,0.844558,0.600000,0.791237,0.375000,0.971604
1783,0.159609,0.563910,0.872651,0.492555,0.485627,0.357143,0.998031,0.849909,0.600000,0.793814,0.375000,0.971604
1784,0.137622,0.636591,0.872784,0.487571,0.465300,0.357143,0.998904,0.851144,0.600000,0.791237,0.375000,0.971604
1785,0.150651,0.557644,0.872844,0.489505,0.446026,0.389286,0.997817,0.845496,0.600000,0.790378,0.375000,0.971604
1786,0.144137,0.669173,0.872710,0.488598,0.374135,0.392857,0.999437,0.846863,0.800000,0.792955,0.426250,0.968765
1787,0.122964,0.746867,0.872992,0.488375,0.420493,0.392857,0.999078,0.851474,0.600000,0.796392,0.437500,0.965263
1788,0.137622,0.706767,0.873333,0.490695,0.394074,0.395714,0.997594,0.852297,0.600000,0.798110,0.437500,0.971604
1789,0.140065,0.686717,0.873674,0.491930,0.377845,0.428571,0.998341,0.854536,0.600000,0.795533,0.437500,0.971604
1790,0.161238,0.729323,0.873867,0.489758,0.340570,0.428571,0.998196,0.862836,0.600000,0.803265,0.437500,0.966872
1791,0.114821,0.749373,0.873763,0.491275,0.391083,0.428571,0.998496,0.857649,0.600000,0.801546,0.437500,0.971604
1792,0.109121,0.793233,0.873926,0.484998,0.384492,0.446429,0.997032,0.861930,0.600000,0.798110,0.467500,0.971604
1793,0.147394,0.637845,0.874193,0.489014,0.406259,0.445357,0.998710,0.860448,0.600000,0.798969,0.468750,0.971604
1794,0.161238,0.473684,0.874327,0.488092,0.419939,0.445357,0.998836,0.862753,0.600000,0.798969,0.467500,0.971604
1795,0.129479,0.780702,0.874357,0.490651,0.332152,0.459643,0.997963,0.862506,0.600000,0.795533,0.466875,0.971604
1796,0.130293,0.696742,0.874579,0.494771,0.329272,0.449286,0.998613,0.861271,0.600000,0.800687,0.471875,0.971604
1797,0.155537,0.575188,0.874446,0.496675,0.381833,0.428571,0.998972,0.862095,0.600000,0.800687,0.493750,0.971604
1798,0.184853,0.700501,0.874342,0.492852,0.376239,0.428571,0.998778,0.860777,0.600000,0.801546,0.437500,0.971604
1799,0.169381,0.570175,0.874371,0.488300,0.424315,0.445357,0.998807,0.864153,0.600000,0.798969,0.446875,0.971604
1800,0.138436,0.758145,0.874535,0.488791,0.422764,0.431429,0.999418,0.867199,0.600000,0.806701,0.459375,0.971604
1801,0.150651,0.660401,0.874772,0.489074,0.420604,0.460000,0.998836,0.869949,0.600000,0.802405,0.437500,0.973403
1802,0.161238,0.701754,0.874787,0.484819,0.447078,0.428571,0.999486,0.864317,0.600000,0.804983,0.437500,0.976337
1803,0.147394,0.505013,0.874727,0.486426,0.381556,0.435714,0.998710,0.861848,0.600000,0.802405,0.437500,0.976337
1804,0.130293,0.741855,0.874846,0.489416,0.393741,0.456071,0.999098,0.858307,0.600000,0.802405,0.437500,0.978703
1805,0.125407,0.761905,0.874802,0.492465,0.415065,0.428571,0.999127,0.860827,0.600000,0.801546,0.437500,0.971604
1806,0.149837,0.592732,0.874757,0.492465,0.370590,0.456429,0.999389,0.859460,0.600000,0.801546,0.437500,0.976148
1807,0.144951,0.753133,0.874757,0.490978,0.336417,0.476786,0.998322,0.863659,0.600000,0.802405,0.437500,0.971604
1808,0.105049,0.566416,0.874816,0.490576,0.304237,0.486429,0.997808,0.861271,0.600000,0.799828,0.437500,0.974917
1809,0.131107,0.689223,0.874905,0.489951,0.348657,0.485357,0.998778,0.860119,0.600000,0.803265,0.437500,0.973119
1810,0.149023,0.666667,0.875261,0.492986,0.297148,0.448571,0.999059,0.860909,0.600000,0.804983,0.437500,0.971604
1811,0.157166,0.713033,0.875261,0.498683,0.323622,0.445357,0.998496,0.859542,0.600000,0.804124,0.437500,0.971604
1812,0.153094,0.617794,0.875202,0.497270,0.360897,0.464286,0.998613,0.858884,0.600000,0.804983,0.437500,0.971604
1813,0.159609,0.667920,0.874994,0.495738,0.342287,0.467143,0.998225,0.861930,0.600000,0.806701,0.437500,0.971604
1814,0.155537,0.626566,0.874802,0.491439,0.311714,0.479286,0.999466,0.866376,0.600000,0.810137,0.437500,0.971604
1815,0.148208,0.522556,0.874831,0.487259,0.322570,0.482143,0.998564,0.868187,0.600000,0.804983,0.437500,0.971604
1816,0.157980,0.525063,0.874994,0.491097,0.347438,0.457857,0.998778,0.864564,0.600000,0.808419,0.437500,0.971604
1817,0.150651,0.530075,0.875054,0.497672,0.374910,0.454286,0.998875,0.862424,0.600000,0.802405,0.437500,0.971604
1818,0.143322,0.670426,0.875113,0.498877,0.272611,0.490357,0.998904,0.866623,0.600000,0.807560,0.437500,0.971604
1819,0.100977,0.666667,0.875083,0.500126,0.266630,0.500000,0.998128,0.871069,0.600000,0.808419,0.437500,0.971604
1820,0.141694,0.637845,0.874846,0.483480,0.284409,0.500000,0.998613,0.885641,0.600000,0.807560,0.437500,0.976053
1821,0.161238,0.567669,0.874891,0.474019,0.286957,0.500000,0.999389,0.875432,0.600000,0.804124,0.437500,0.976053
1822,0.162052,0.703008,0.874713,0.491617,0.270894,0.500000,0.999195,0.862095,0.600000,0.806701,0.437500,0.977946
1823,0.159609,0.715539,0.874742,0.489208,0.289615,0.500000,0.999428,0.861386,0.600000,0.802405,0.437500,0.981070
1824,0.160423,0.607769,0.874297,0.496690,0.290501,0.500000,0.998128,0.858752,0.600000,0.804124,0.437500,0.981070
1825,0.153909,0.612782,0.874312,0.496779,0.300083,0.500000,0.998904,0.858060,0.600000,0.800687,0.437500,0.976337
1826,0.153094,0.565163,0.874505,0.494176,0.293437,0.500000,0.999030,0.861518,0.600000,0.799828,0.437500,0.973781
1827,0.163681,0.597744,0.874312,0.493819,0.286347,0.460714,0.997769,0.859048,0.600000,0.804124,0.437500,0.971604
1828,0.132736,0.496241,0.874386,0.497523,0.315591,0.447143,0.998778,0.861930,0.600000,0.801546,0.437500,0.971604
1829,0.136808,0.612782,0.874579,0.497464,0.319358,0.440000,0.998487,0.860777,0.600000,0.801546,0.437500,0.971604
1830,0.146580,0.619048,0.874475,0.498922,0.253946,0.428571,0.999486,0.858093,0.600000,0.801546,0.437500,0.976905
1831,0.144951,0.670426,0.874535,0.496750,0.292661,0.456071,0.999166,0.859723,0.600000,0.799828,0.410625,0.971604
1832,0.157166,0.676692,0.874223,0.490606,0.322570,0.475714,0.997934,0.855096,0.600000,0.797251,0.437500,0.971604
1833,0.175081,0.570175,0.874446,0.489698,0.277319,0.463571,0.998787,0.862243,0.600000,0.795533,0.437500,0.971604
1834,0.159609,0.699248,0.874638,0.497672,0.299640,0.445714,0.999583,0.859625,0.600000,0.800687,0.405000,0.971604
1835,0.121336,0.675439,0.874624,0.497761,0.289227,0.428571,0.998710,0.861107,0.600000,0.800687,0.406250,0.971604
1836,0.118893,0.602757,0.874742,0.498312,0.273331,0.445714,0.999001,0.863412,0.600000,0.802405,0.375000,0.971604
1837,0.163681,0.620301,0.874876,0.493893,0.309665,0.463214,0.999224,0.866129,0.600000,0.805842,0.409375,0.971604
1838,0.159609,0.617794,0.874861,0.495604,0.295984,0.432500,0.999195,0.865305,0.600000,0.803265,0.437500,0.971604
1839,0.173453,0.641604,0.874935,0.493328,0.291664,0.476071,0.999311,0.865470,0.600000,0.800687,0.437500,0.971604
1840,0.166938,0.566416,0.875054,0.497196,0.292107,0.433214,0.998079,0.863082,0.600000,0.802405,0.437500,0.971604
1841,0.154723,0.675439,0.875172,0.495307,0.256549,0.464286,0.996721,0.866376,0.600000,0.802405,0.437500,0.971604
1842,0.152280,0.585213,0.874935,0.498460,0.314927,0.440000,0.999195,0.860448,0.600000,0.802405,0.437500,0.971604
1843,0.150651,0.620301,0.874846,0.496229,0.279202,0.454286,0.998079,0.860695,0.600000,0.802405,0.437500,0.971604
1844,0.096091,0.538847,0.874920,0.499442,0.261036,0.454643,0.999282,0.858999,0.600000,0.799828,0.437500,0.971604
1845,0.142508,0.651629,0.875247,0.498088,0.234450,0.428571,0.999195,0.862012,0.920000,0.801546,0.437500,0.971604
1846,0.149023,0.764411,0.875143,0.495827,0.221268,0.437143,0.999117,0.862737,0.640000,0.798969,0.437500,0.971604
1847,0.143322,0.561404,0.874950,0.489312,0.260648,0.448929,0.998836,0.868780,0.600000,0.803265,0.437500,0.971604
1848,0.146580,0.575188,0.874816,0.492138,0.240820,0.461786,0.999389,0.862836,0.600000,0.803265,0.437500,0.971604
1849,0.162866,0.602757,0.874757,0.502730,0.231293,0.447143,0.997740,0.852956,0.600000,0.801546,0.437500,0.971604
1850,0.131922,0.687970,0.875143,0.501212,0.237718,0.445357,0.999360,0.857319,0.600000,0.801546,0.437500,0.971604
1851,0.171824,0.700501,0.875350,0.499799,0.238438,0.448929,0.999001,0.858637,0.600000,0.800687,0.437500,0.971604
1852,0.202769,0.602757,0.875439,0.498267,0.318028,0.447143,0.999117,0.864564,0.600000,0.798110,0.437500,0.971604
1853,0.176710,0.525063,0.875454,0.491974,0.357131,0.447143,0.999069,0.869422,0.600000,0.803265,0.437500,0.971604
1854,0.126221,0.685464,0.875721,0.497672,0.335198,0.471429,0.998448,0.861930,0.600000,0.802405,0.408125,0.971604
1855,0.126221,0.814536,0.875721,0.495515,0.298366,0.500000,0.999292,0.864927,0.600000,0.796392,0.437500,0.971604
1856,0.162866,0.586466,0.875647,0.493388,0.329715,0.500000,0.999195,0.863412,0.600000,0.804124,0.437500,0.971604
1857,0.159609,0.436090,0.875810,0.495946,0.336029,0.500000,0.998681,0.870081,0.600000,0.802405,0.437500,0.971604
1858,0.201140,0.631579,0.875810,0.495217,0.350928,0.500000,0.998632,0.865256,0.600000,0.809278,0.437500,0.971604
1859,0.127036,0.621554,0.875617,0.496913,0.359845,0.500000,0.997963,0.864235,0.600000,0.805842,0.437500,0.971604
1860,0.088762,0.682957,0.875677,0.498728,0.347328,0.500000,0.998438,0.867693,0.600000,0.805842,0.437500,0.971604
1861,0.160423,0.689223,0.875499,0.496184,0.339795,0.500000,0.999078,0.868105,0.600000,0.807560,0.437500,0.971604
1862,0.185668,0.546366,0.875499,0.494697,0.325782,0.500000,0.996867,0.868269,0.600000,0.805842,0.437500,0.973024
1863,0.172638,0.625313,0.875321,0.497003,0.288840,0.500000,0.997032,0.863576,0.600000,0.806701,0.437500,0.974728
1864,0.145765,0.659148,0.875692,0.497612,0.272833,0.500000,0.997526,0.864482,0.600000,0.804983,0.437500,0.971604
1865,0.159609,0.496241,0.875884,0.497598,0.280919,0.500000,0.999001,0.866705,0.600000,0.806701,0.437500,0.971604
1866,0.171824,0.464912,0.875944,0.501257,0.320908,0.500000,0.998516,0.870575,0.600000,0.809278,0.437500,0.976053
1867,0.223127,0.674185,0.875692,0.494756,0.290390,0.501429,0.999020,0.871036,0.600000,0.805842,0.437500,0.971604
1868,0.163681,0.585213,0.875632,0.493893,0.279424,0.518571,0.999806,0.870081,0.600000,0.804983,0.437500,0.971604
1869,0.183225,0.726817,0.875692,0.499293,0.236998,0.535714,0.999418,0.867117,0.600000,0.807560,0.437500,0.971604
1870,0.147394,0.808271,0.875588,0.493298,0.206369,0.525000,0.998613,0.874691,0.600000,0.808419,0.437500,0.971604
1871,0.153094,0.713033,0.875781,0.489014,0.212960,0.511786,0.998904,0.875432,0.600000,0.806701,0.437500,0.974917
1872,0.172638,0.570175,0.875662,0.490755,0.238217,0.505357,0.998632,0.872633,0.600000,0.813574,0.437500,0.976337
1873,0.171010,0.662907,0.875662,0.494593,0.214954,0.500000,0.998904,0.878643,0.600000,0.809278,0.437500,0.981070
1874,0.154723,0.689223,0.875128,0.505333,0.206037,0.517143,0.998933,0.869093,0.600000,0.807560,0.437500,0.981070
1875,0.171824,0.625313,0.874905,0.504857,0.241429,0.534643,0.999321,0.873637,0.600000,0.806701,0.437500,0.981070
1876,0.144951,0.691729,0.874653,0.496869,0.227527,0.554286,0.999078,0.878824,0.600000,0.808419,0.437500,0.981070
1877,0.174267,0.812030,0.874268,0.486902,0.260648,0.571429,0.998079,0.880207,0.600000,0.812715,0.437500,0.981070
1878,0.135179,0.642857,0.874075,0.483183,0.270285,0.571429,0.999292,0.874115,0.600000,0.807560,0.437500,0.981070
1879,0.142508,0.700501,0.873867,0.489341,0.257989,0.571429,0.999195,0.866376,0.600000,0.807560,0.437500,0.981070
1880,0.184853,0.570175,0.873793,0.493105,0.218554,0.571429,0.999195,0.860036,0.600000,0.801546,0.437500,0.981070
1881,0.114821,0.646617,0.873837,0.498044,0.238217,0.571429,0.997837,0.864153,0.600000,0.801546,0.437500,0.981070
1882,0.141694,0.602757,0.873378,0.495634,0.248518,0.571429,0.998807,0.864400,0.600000,0.803265,0.437500,0.974728
1883,0.152280,0.706767,0.873348,0.494369,0.244586,0.588571,0.998225,0.864317,0.600000,0.803265,0.437500,0.978041
1884,0.175081,0.662907,0.873378,0.491052,0.268845,0.571429,0.999098,0.870081,0.600000,0.806701,0.437500,0.981070
1885,0.133550,0.743108,0.873333,0.491766,0.251454,0.588571,0.998933,0.867281,0.600000,0.801546,0.437500,0.978893
1886,0.135179,0.748120,0.872933,0.493581,0.286403,0.571429,0.998225,0.862095,0.600000,0.796392,0.437500,0.978893
1887,0.172638,0.598997,0.872769,0.496571,0.292606,0.571429,0.999486,0.862177,0.600000,0.798969,0.437500,0.973687
1888,0.180782,0.533835,0.872888,0.492361,0.223982,0.571429,0.999757,0.864400,0.600000,0.803265,0.437500,0.974633
1889,0.152280,0.677945,0.872992,0.491573,0.269621,0.573214,0.999272,0.865552,0.600000,0.796392,0.437500,0.973497
1890,0.112378,0.669173,0.872888,0.493522,0.210690,0.587500,0.999069,0.862506,0.600000,0.798969,0.437500,0.971604
1891,0.146580,0.680451,0.872933,0.485771,0.241207,0.571429,0.998807,0.870081,0.600000,0.803265,0.437500,0.971604
1892,0.162052,0.536341,0.872769,0.493953,0.200000,0.571429,0.998254,0.861601,0.600000,0.804983,0.406250,0.971604
1893,0.162052,0.718045,0.872784,0.494712,0.143561,0.571429,0.998836,0.862095,0.600000,0.800687,0.409375,0.976148
1894,0.120521,0.755639,0.872725,0.497122,0.141457,0.571429,0.998904,0.862836,0.600000,0.798110,0.406250,0.976337
1895,0.133550,0.800752,0.872547,0.494771,0.144669,0.571429,0.997303,0.865799,0.600000,0.803265,0.437500,0.976337
1896,0.157980,0.754386,0.872636,0.493075,0.137303,0.571429,0.997672,0.867611,0.600000,0.798969,0.436250,0.971604
1897,0.153094,0.700501,0.872220,0.495589,0.163002,0.571429,0.998787,0.862259,0.600000,0.796392,0.409375,0.971604
1898,0.188111,0.606516,0.872532,0.495381,0.155580,0.571429,0.998904,0.859460,0.600000,0.799828,0.437500,0.971604
1899,0.127850,0.736842,0.872384,0.495857,0.173525,0.571429,0.999709,0.858884,0.600000,0.795533,0.400000,0.971604
1900,0.179153,0.614035,0.872398,0.492927,0.088895,0.571429,0.998807,0.866046,0.600000,0.801546,0.375000,0.971604
1901,0.171824,0.565163,0.872606,0.491766,0.211520,0.571429,0.999166,0.870081,0.600000,0.799828,0.375000,0.971604
1902,0.187296,0.639098,0.872517,0.490308,0.107228,0.571429,0.997478,0.865964,0.600000,0.796392,0.375000,0.971604
1903,0.166938,0.645363,0.872443,0.492212,0.238493,0.551786,0.998729,0.865717,0.600000,0.796392,0.375000,0.971604
1904,0.117264,0.749373,0.872591,0.493581,0.423484,0.552857,0.998419,0.866623,0.640000,0.797251,0.405000,0.971604
1905,0.177524,0.766917,0.872962,0.495247,0.448906,0.535714,0.999389,0.867265,0.840000,0.795533,0.375000,0.976242
1906,0.149023,0.667920,0.873200,0.495217,0.413847,0.535714,0.998031,0.870591,0.600000,0.801546,0.407500,0.971604
1907,0.202769,0.835840,0.873333,0.489059,0.380338,0.552857,0.998031,0.871151,0.440000,0.803265,0.425000,0.971604
1908,0.111564,0.735589,0.873600,0.494474,0.318084,0.535714,0.999340,0.869010,0.400000,0.801546,0.405000,0.971604
1909,0.131922,0.729323,0.873392,0.493358,0.392135,0.535714,0.998564,0.868187,0.600000,0.805842,0.437500,0.971604
1910,0.124593,0.674185,0.873570,0.487125,0.411410,0.535714,0.998613,0.872633,0.600000,0.798110,0.411250,0.971604
1911,0.192182,0.585213,0.873719,0.482722,0.462143,0.520714,0.999127,0.874362,0.600000,0.799828,0.432500,0.971604
1912,0.131107,0.731830,0.873912,0.483034,0.544060,0.516071,0.998351,0.876914,0.600000,0.803265,0.437500,0.971604
1913,0.160423,0.771930,0.874075,0.484432,0.531709,0.535000,0.998875,0.875021,0.600000,0.801546,0.407500,0.980312
1914,0.156352,0.684211,0.874149,0.492763,0.557851,0.500000,0.999389,0.870328,0.600000,0.804983,0.375000,0.976337
1915,0.195440,0.571429,0.874075,0.495485,0.560399,0.500000,0.998487,0.869422,0.600000,0.798110,0.375000,0.981070
1916,0.157980,0.586466,0.874090,0.493254,0.544946,0.500000,0.998516,0.875926,0.600000,0.799828,0.410625,0.976621
1917,0.206840,0.591479,0.874193,0.486113,0.554639,0.500000,0.999243,0.877820,0.600000,0.803265,0.437500,0.976526
1918,0.158795,0.730576,0.874327,0.486009,0.492440,0.500000,0.998419,0.873292,0.600000,0.803265,0.437500,0.981070
1919,0.168567,0.672932,0.874416,0.486887,0.479202,0.500000,0.999699,0.871974,0.600000,0.798110,0.437500,0.981070
1920,0.141694,0.760652,0.874520,0.494667,0.476489,0.500000,0.998535,0.872221,0.600000,0.798969,0.426875,0.981070
1921,0.175081,0.697995,0.874342,0.490546,0.472999,0.500000,0.998564,0.872880,0.800000,0.799828,0.417500,0.981070
1922,0.171010,0.591479,0.874327,0.487928,0.483135,0.482857,0.999098,0.869669,0.640000,0.800687,0.390625,0.981070
1923,0.184853,0.674185,0.874149,0.486366,0.476765,0.500000,0.997769,0.868434,0.600000,0.798110,0.375000,0.981070
1924,0.171010,0.708020,0.874179,0.484135,0.510330,0.500000,0.999292,0.870822,0.800000,0.798110,0.375000,0.981070
1925,0.162866,0.713033,0.874431,0.478571,0.519524,0.500000,0.999098,0.873374,0.800000,0.801546,0.375000,0.981070
1926,0.201954,0.563910,0.874594,0.481427,0.432290,0.498929,0.999728,0.870081,0.600000,0.796392,0.375000,0.978041
1927,0.152280,0.672932,0.874787,0.488494,0.447078,0.467857,0.996256,0.871563,0.600000,0.799828,0.375000,0.971604
1928,0.179153,0.602757,0.875795,0.485295,0.433841,0.500000,0.998807,0.882101,0.800000,0.796392,0.375000,0.971604
1929,0.171824,0.713033,0.875870,0.482662,0.427250,0.476786,0.999030,0.878149,0.600000,0.795533,0.375000,0.971604
1930,0.198697,0.636591,0.875677,0.487779,0.391083,0.472143,0.999680,0.875021,0.600000,0.797251,0.375000,0.971604
1931,0.192182,0.745614,0.875469,0.488151,0.397508,0.473929,0.999127,0.874609,0.600000,0.792955,0.375000,0.980407
1932,0.196254,0.624060,0.875439,0.481323,0.368984,0.492143,0.998545,0.876832,0.640000,0.797251,0.375000,0.976810
1933,0.149023,0.512531,0.875469,0.480654,0.455109,0.470714,0.998613,0.877820,0.760000,0.795533,0.375000,0.971604
1934,0.181596,0.666667,0.875484,0.483555,0.487233,0.452500,0.998729,0.874181,0.680000,0.793814,0.375000,0.976337
1935,0.165309,0.666667,0.875410,0.488196,0.503129,0.460000,0.999292,0.871316,0.720000,0.796392,0.375000,0.971604
1936,0.181596,0.728070,0.875617,0.489416,0.484132,0.464286,0.999292,0.873950,0.600000,0.799828,0.375000,0.971604
1937,0.184039,0.725564,0.875380,0.491290,0.516090,0.464286,0.998370,0.878149,0.600000,0.797251,0.375000,0.971604
1938,0.215798,0.669173,0.875454,0.490011,0.519247,0.447143,0.997759,0.878643,0.600000,0.799828,0.375000,0.971604
1939,0.206840,0.611529,0.875514,0.484551,0.509222,0.460714,0.999030,0.882760,0.600000,0.805842,0.375000,0.971604
1940,0.179967,0.729323,0.875588,0.483778,0.555968,0.428571,0.997711,0.881195,0.600000,0.802405,0.375000,0.973024
1941,0.183225,0.735589,0.875336,0.487854,0.591581,0.445714,0.996653,0.873127,0.600000,0.804983,0.375000,0.976621
1942,0.198697,0.598997,0.875677,0.488613,0.615231,0.428571,0.998060,0.873539,0.600000,0.798110,0.375000,0.974633
1943,0.161238,0.701754,0.875795,0.490472,0.562670,0.428571,0.998613,0.875185,0.600000,0.798969,0.375000,0.971604
1944,0.138436,0.677945,0.875573,0.499442,0.513210,0.428571,0.998933,0.892063,0.600000,0.801546,0.375000,0.971604
1945,0.214984,0.621554,0.875069,0.469452,0.540294,0.400000,0.998904,0.900049,0.600000,0.808419,0.375000,0.974160
1946,0.201954,0.829574,0.875692,0.466358,0.615010,0.392857,0.999049,0.886794,0.600000,0.807560,0.375000,0.981070
1947,0.153909,0.656642,0.875781,0.473990,0.713930,0.392857,0.998584,0.875515,0.600000,0.803265,0.375000,0.981070
1948,0.161238,0.720551,0.876062,0.488092,0.672224,0.392857,0.998613,0.871645,0.600000,0.798110,0.375000,0.981070
1949,0.162052,0.734336,0.876092,0.493819,0.648851,0.392857,0.999922,0.870245,0.800000,0.803265,0.375000,0.976621
1950,0.177524,0.625313,0.876359,0.490085,0.705954,0.392857,0.999263,0.879055,1.000000,0.801546,0.375000,0.976621
1951,0.179153,0.676692,0.876344,0.489728,0.718305,0.392857,0.998147,0.878643,1.000000,0.803265,0.375000,0.981070
1952,0.188925,0.632832,0.876433,0.485295,0.704237,0.372143,0.999069,0.880043,1.000000,0.804983,0.375000,0.976337
1953,0.214169,0.699248,0.876552,0.480699,0.660703,0.373571,0.998865,0.879154,1.000000,0.801546,0.375000,0.976716
1954,0.179153,0.630326,0.876552,0.476399,0.674993,0.357143,0.999195,0.882019,1.000000,0.802405,0.375000,0.976621
1955,0.195440,0.713033,0.876686,0.478110,0.685849,0.357143,0.998904,0.879796,0.760000,0.794674,0.375000,0.971604
1956,0.197068,0.607769,0.876789,0.483912,0.690058,0.357143,0.998254,0.878314,0.600000,0.801546,0.375000,0.980880
1957,0.195440,0.535088,0.876804,0.489758,0.670285,0.357143,0.999486,0.874856,0.600000,0.804124,0.375000,0.980786
1958,0.175896,0.585213,0.876953,0.493031,0.698643,0.341786,0.999360,0.876173,0.600000,0.800687,0.375000,0.972362
1959,0.181596,0.671679,0.876923,0.487794,0.715591,0.338571,0.998778,0.884653,0.600000,0.804124,0.375000,0.975201
1960,0.172638,0.692982,0.876834,0.478631,0.726779,0.286429,0.998952,0.889676,0.600000,0.802405,0.375000,0.973024
1961,0.186482,0.691729,0.877249,0.472502,0.715148,0.283214,0.999156,0.891619,0.600000,0.808419,0.375000,0.976337
1962,0.202769,0.666667,0.877027,0.472770,0.710330,0.266786,0.999195,0.887288,0.600000,0.803265,0.375000,0.981070
1963,0.230456,0.610276,0.877190,0.477322,0.678039,0.250000,0.999447,0.884308,0.600000,0.801546,0.375000,0.981070
1964,0.192997,0.605263,0.876923,0.485697,0.727167,0.266071,0.997866,0.877326,0.840000,0.797251,0.375000,0.981070
1965,0.207655,0.540100,0.877205,0.484551,0.697092,0.276071,0.997546,0.878973,0.600000,0.798969,0.375000,0.981070
1966,0.162052,0.692982,0.877205,0.483242,0.699640,0.296429,0.998613,0.877738,0.600000,0.801546,0.375000,0.981070
1967,0.152280,0.506266,0.877516,0.485072,0.668513,0.350000,0.997982,0.877491,0.600000,0.798969,0.375000,0.981070
1968,0.166938,0.789474,0.877487,0.485697,0.628081,0.357143,0.998875,0.875185,0.600000,0.795533,0.432500,0.977567
1969,0.144951,0.577694,0.877902,0.484998,0.710828,0.371429,0.998855,0.877655,0.600000,0.801546,0.437500,0.979934
1970,0.177524,0.568922,0.878095,0.478452,0.690944,0.375714,0.997546,0.880784,0.600000,0.804983,0.437500,0.981070
1971,0.192182,0.662907,0.878228,0.473499,0.691110,0.376071,0.998516,0.883336,0.600000,0.806701,0.437500,0.981070
1972,0.192182,0.729323,0.878258,0.471728,0.692551,0.356071,0.998225,0.880784,0.600000,0.808419,0.437500,0.976526
1973,0.184853,0.697995,0.878466,0.471282,0.689117,0.321429,0.998904,0.877985,0.600000,0.802405,0.437500,0.980880
1974,0.164495,0.586466,0.878540,0.474882,0.666242,0.304286,0.998807,0.866705,0.600000,0.800687,0.437500,0.981070
1975,0.191368,0.582707,0.878406,0.478080,0.680919,0.293571,0.998322,0.859378,0.600000,0.802405,0.437500,0.981070
1976,0.172638,0.765664,0.878273,0.480208,0.690003,0.250000,0.998031,0.866787,0.600000,0.801546,0.396875,0.981070
1977,0.214984,0.607769,0.878970,0.483361,0.748103,0.250000,0.998642,0.869093,0.600000,0.802405,0.375000,0.976148
1978,0.148208,0.694236,0.879178,0.484209,0.699917,0.250000,0.998710,0.871974,0.600000,0.804124,0.375000,0.974728
1979,0.200326,0.689223,0.878881,0.486113,0.758682,0.250000,0.997691,0.870245,0.600000,0.802405,0.375000,0.971604
1980,0.231270,0.666667,0.878955,0.482573,0.771531,0.250000,0.999728,0.868846,0.600000,0.805842,0.375000,0.971604
1981,0.210912,0.720551,0.879029,0.482513,0.736195,0.250000,0.997614,0.871151,0.600000,0.800687,0.375000,0.976526
1982,0.177524,0.721805,0.878955,0.485340,0.783163,0.250000,0.998584,0.864647,0.960000,0.803265,0.375000,0.971604
1983,0.194625,0.749373,0.879044,0.492629,0.757519,0.238571,0.998225,0.869669,1.000000,0.804983,0.375000,0.971604
1984,0.205212,0.705514,0.879133,0.491022,0.731598,0.214286,0.998545,0.872468,1.000000,0.801546,0.375000,0.971604
1985,0.227199,0.674185,0.879014,0.486664,0.703185,0.214286,0.999486,0.877655,1.000000,0.804983,0.375000,0.971604
1986,0.196254,0.824561,0.879014,0.483808,0.692883,0.214286,0.998341,0.878396,1.000000,0.804983,0.375000,0.971604
1987,0.184853,0.476190,0.879534,0.477604,0.672168,0.214286,0.998516,0.888441,1.000000,0.810997,0.375000,0.971604
1988,0.201954,0.763158,0.879652,0.477128,0.667737,0.214286,0.999185,0.884555,0.760000,0.804983,0.375000,0.976053
1989,0.213355,0.570175,0.879682,0.478080,0.687178,0.214286,0.997740,0.882760,0.600000,0.807560,0.375000,0.976053
1990,0.179967,0.659148,0.879504,0.482618,0.672390,0.214286,0.999486,0.881113,0.600000,0.802405,0.375000,0.976621
1991,0.193811,0.636591,0.879489,0.487199,0.668568,0.214286,1.000000,0.883007,0.600000,0.808419,0.375000,0.981070
1992,0.187296,0.671679,0.879281,0.490472,0.677707,0.214286,0.999195,0.886218,0.600000,0.805842,0.375000,0.981070
1993,0.197068,0.654135,0.879133,0.495232,0.680532,0.184643,0.999001,0.889099,0.600000,0.810997,0.375000,0.981070
1994,0.173453,0.644110,0.878718,0.498163,0.687510,0.178571,0.999127,0.887123,0.600000,0.810997,0.375000,0.981070
1995,0.188925,0.785714,0.878629,0.498059,0.694378,0.178571,0.999001,0.883254,0.800000,0.807560,0.375000,0.981070
1996,0.201140,0.630326,0.878288,0.491320,0.688397,0.195357,0.998690,0.886712,0.600000,0.801546,0.375000,0.981070
1997,0.193811,0.723058,0.878110,0.485622,0.679479,0.178571,0.998952,0.884818,0.600000,0.805842,0.375000,0.981070
1998,0.207655,0.776942,0.878110,0.486456,0.653669,0.178571,0.998807,0.879219,0.600000,0.802405,0.375000,0.981070
1999,0.200326,0.751880,0.878184,0.487705,0.693326,0.178571,0.999311,0.879434,0.600000,0.807560,0.375000,0.981070
2000,0.240228,0.606516,0.878021,0.486932,0.615287,0.178571,0.999195,0.874115,0.600000,0.804124,0.375000,0.981070
2001,0.166124,0.662907,0.877902,0.491841,0.661313,0.172143,0.998535,0.862918,0.960000,0.799828,0.395000,0.981070
2002,0.175896,0.581454,0.877917,0.496155,0.664636,0.150714,0.998807,0.867034,0.600000,0.798110,0.413750,0.981070
2003,0.157166,0.647870,0.877768,0.493849,0.693381,0.178571,0.998186,0.869257,1.000000,0.805842,0.375000,0.975390
2004,0.179153,0.513784,0.877813,0.487482,0.660039,0.178571,0.999379,0.872188,0.760000,0.799828,0.375000,0.977283
2005,0.207655,0.637845,0.877709,0.482513,0.634118,0.178571,0.997953,0.876239,0.600000,0.800687,0.375000,0.971604
2006,0.165309,0.716792,0.877798,0.487110,0.693603,0.178571,0.998710,0.869093,0.600000,0.795533,0.375000,0.976053
2007,0.228827,0.679198,0.877605,0.488910,0.673165,0.178571,0.998584,0.867940,0.880000,0.797251,0.406250,0.971604
2008,0.214984,0.646617,0.877694,0.489460,0.677596,0.178571,0.998778,0.869751,1.000000,0.798110,0.435625,0.980786
2009,0.209283,0.660401,0.877665,0.489535,0.686735,0.178571,0.999389,0.867693,0.920000,0.798969,0.408125,0.971604
2010,0.201140,0.651629,0.877754,0.485146,0.701080,0.178571,0.996721,0.868846,0.680000,0.799828,0.437500,0.976053
2011,0.219870,0.644110,0.877768,0.492867,0.686790,0.178571,0.999350,0.859658,1.000000,0.798969,0.437500,0.971604
2012,0.168567,0.550125,0.877783,0.489758,0.718637,0.198929,0.998807,0.860695,0.800000,0.796392,0.437500,0.971604
2013,0.214169,0.418546,0.878065,0.483138,0.687344,0.236786,0.999001,0.865635,1.000000,0.801546,0.437500,0.971604
2014,0.194625,0.669173,0.877976,0.483332,0.699529,0.250000,0.999466,0.863494,0.680000,0.793814,0.437500,0.971604
2015,0.177524,0.681704,0.877932,0.480118,0.688341,0.250000,0.999001,0.860119,0.600000,0.797251,0.437500,0.971604
2016,0.205212,0.667920,0.878080,0.480014,0.674550,0.250000,0.999098,0.861354,0.600000,0.794674,0.437500,0.971604
2017,0.173453,0.661654,0.878050,0.482097,0.692107,0.260714,0.998351,0.856084,0.600000,0.791237,0.437500,0.971604
2018,0.209283,0.592732,0.878006,0.488940,0.631072,0.285714,0.998419,0.851803,0.600000,0.789519,0.437500,0.971604
2019,0.192182,0.587719,0.878406,0.486813,0.659208,0.329643,0.997517,0.862177,0.600000,0.791237,0.485625,0.971604
2020,0.206026,0.557644,0.878451,0.485816,0.694101,0.357143,0.999486,0.866046,0.760000,0.797251,0.451250,0.971604
2021,0.221498,0.593985,0.878569,0.481948,0.661202,0.357143,0.998351,0.867281,0.600000,0.792096,0.487500,0.971604
2022,0.188925,0.744361,0.878584,0.480758,0.702465,0.357143,0.998739,0.859872,0.600000,0.792096,0.470000,0.971604
2023,0.197883,0.713033,0.878525,0.484001,0.683356,0.357143,0.997905,0.860942,0.640000,0.794674,0.476875,0.971604
2024,0.204397,0.788221,0.878540,0.484299,0.687843,0.357143,0.999030,0.856990,0.760000,0.793814,0.437500,0.971604
2025,0.175896,0.650376,0.878495,0.483138,0.682969,0.363571,0.997934,0.863741,0.600000,0.794674,0.437500,0.971604
2026,0.178339,0.852130,0.878377,0.478378,0.648851,0.392857,0.998419,0.863412,0.600000,0.791237,0.468750,0.971604
2027,0.196254,0.588972,0.878451,0.480728,0.667017,0.392857,0.999195,0.860613,0.600000,0.794674,0.437500,0.971604
2028,0.193811,0.672932,0.878525,0.484209,0.730213,0.392857,0.998390,0.858390,0.600000,0.797251,0.467500,0.971604
2029,0.179153,0.687970,0.878540,0.489118,0.728109,0.413214,0.997080,0.861765,0.600000,0.792955,0.470000,0.971604
2030,0.178339,0.674185,0.878510,0.492852,0.771421,0.428571,0.997274,0.863576,0.600000,0.796392,0.493750,0.971604
2031,0.208469,0.625313,0.878347,0.488642,0.737801,0.428571,0.998545,0.871974,0.600000,0.794674,0.470000,0.971604
2032,0.215798,0.680451,0.878317,0.488241,0.750318,0.428571,0.999030,0.876750,0.600000,0.800687,0.466875,0.971604
2033,0.198697,0.661654,0.878169,0.481874,0.771421,0.428571,0.998613,0.879302,0.600000,0.801546,0.437500,0.971604
2034,0.171010,0.587719,0.878199,0.482275,0.739518,0.428571,0.998584,0.881278,0.600000,0.805842,0.437500,0.973781
2035,0.183225,0.661654,0.878302,0.488047,0.750318,0.428571,0.999272,0.882183,0.600000,0.802405,0.437500,0.981070
2036,0.194625,0.691729,0.878021,0.493135,0.760122,0.428571,0.998564,0.885147,0.600000,0.804983,0.437500,0.981070
2037,0.192182,0.625313,0.877917,0.491617,0.741623,0.393571,0.999389,0.890005,0.600000,0.809278,0.437500,0.981070
2038,0.252443,0.567669,0.877516,0.490799,0.787593,0.290000,0.998487,0.890334,0.600000,0.807560,0.437500,0.981070
2039,0.221498,0.528822,0.877294,0.487779,0.746608,0.250000,0.999195,0.891075,0.600000,0.811856,0.411250,0.981070
2040,0.253257,0.453634,0.877027,0.489788,0.719468,0.218571,0.998807,0.890746,0.640000,0.812715,0.375000,0.981070
2041,0.218241,0.664160,0.876834,0.492034,0.739574,0.214286,0.998884,0.888276,0.960000,0.806701,0.375000,0.981070
2042,0.210912,0.733083,0.876582,0.492004,0.771642,0.184643,0.999389,0.880471,0.600000,0.805842,0.375000,0.981070
2043,0.199511,0.746867,0.876255,0.500171,0.771698,0.192143,0.999098,0.878808,0.600000,0.805842,0.375000,0.981070
2044,0.232899,0.730576,0.875899,0.495753,0.729659,0.229643,0.999166,0.881195,0.600000,0.808419,0.375000,0.981070
2045,0.235342,0.768170,0.875573,0.492034,0.749100,0.216071,0.998632,0.885806,0.600000,0.808419,0.375000,0.981070
2046,0.192997,0.735589,0.875425,0.485935,0.775187,0.214286,0.999243,0.890005,0.600000,0.810137,0.375000,0.981070
2047,0.249186,0.641604,0.874905,0.484224,0.755802,0.211429,0.999001,0.889511,0.720000,0.807560,0.375000,0.981070
2048,0.227199,0.864662,0.874891,0.496140,0.774633,0.157857,0.997002,0.887947,0.640000,0.812715,0.375000,0.981070
2049,0.224756,0.659148,0.874579,0.498609,0.760066,0.142857,0.999486,0.898567,0.760000,0.813574,0.375000,0.981070
2050,0.206840,0.740602,0.874401,0.475358,0.766879,0.142857,0.999030,0.895192,0.840000,0.811856,0.375000,0.981070
2051,0.184039,0.725564,0.874371,0.475998,0.774190,0.142857,0.999195,0.887123,0.600000,0.810137,0.357500,0.981070
2052,0.200326,0.604010,0.874238,0.490130,0.774024,0.142857,0.998632,0.877079,0.600000,0.809278,0.363750,0.981070
2053,0.210912,0.518797,0.874268,0.491246,0.822099,0.142857,0.998613,0.884406,0.800000,0.806701,0.375000,0.981070
2054,0.219055,0.590226,0.874698,0.491722,0.808806,0.142857,0.999321,0.885394,1.000000,0.808419,0.375000,0.981070
2055,0.181596,0.639098,0.874698,0.493060,0.853503,0.142857,0.997284,0.892393,0.600000,0.807560,0.375000,0.981070
2056,0.232085,0.728070,0.874727,0.492629,0.830019,0.142857,0.998865,0.897316,0.600000,0.810137,0.375000,0.981070
2057,0.205212,0.793233,0.874609,0.487110,0.858100,0.090357,0.998516,0.898073,0.800000,0.812715,0.375000,0.981070
2058,0.239414,0.656642,0.874193,0.487229,0.835558,0.070357,0.997643,0.896591,0.800000,0.812715,0.375000,0.981070
2059,0.219055,0.691729,0.874134,0.484284,0.782387,0.035714,0.998225,0.897991,0.600000,0.804983,0.375000,0.981070
2060,0.193811,0.585213,0.873882,0.487794,0.734644,0.035714,0.999001,0.892146,0.800000,0.807560,0.375000,0.985518
2061,0.202769,0.709273,0.873734,0.491989,0.794351,0.029643,0.999195,0.890087,0.600000,0.804983,0.375000,0.985613
2062,0.197883,0.771930,0.873467,0.491439,0.777790,0.024286,0.998933,0.891487,0.600000,0.806701,0.375000,0.981070
2063,0.182410,0.606516,0.873585,0.488627,0.764996,0.035714,0.997973,0.898106,0.600000,0.810997,0.375000,0.981070
2064,0.197068,0.665414,0.873496,0.493194,0.754472,0.035714,0.999030,0.883270,0.600000,0.808419,0.375000,0.981070
2065,0.171824,0.598997,0.873778,0.493849,0.703683,0.006429,0.998293,0.873703,0.600000,0.806701,0.383125,0.981070
2066,0.188925,0.776942,0.873719,0.489431,0.704625,0.020714,0.999137,0.871826,0.600000,0.800687,0.437500,0.981070
2067,0.174267,0.778195,0.873882,0.486991,0.748657,0.000000,0.998884,0.869389,0.600000,0.797251,0.391250,0.981070
2068,0.182410,0.700501,0.873941,0.486039,0.742232,0.000000,0.998710,0.873950,0.600000,0.798110,0.375000,0.981070
2069,0.136808,0.626566,0.874223,0.480758,0.717751,0.000000,0.999166,0.877326,0.600000,0.803265,0.375000,0.981070
2070,0.169381,0.649123,0.874520,0.482692,0.710717,0.000000,0.998710,0.878726,0.800000,0.804124,0.375000,0.981070
2071,0.150651,0.765664,0.874846,0.484284,0.675768,0.020357,0.999001,0.874856,0.800000,0.800687,0.375000,0.981070
2072,0.179967,0.780702,0.875054,0.487036,0.738743,0.040357,0.998225,0.865388,0.600000,0.793814,0.429375,0.981070
2073,0.175896,0.660401,0.875410,0.488970,0.669122,0.100000,0.999001,0.858554,0.600000,0.798110,0.437500,0.981070
2074,0.178339,0.825815,0.875425,0.491171,0.696594,0.202500,0.998584,0.865388,0.600000,0.796392,0.437500,0.981070
2075,0.184039,0.711779,0.875306,0.481651,0.695264,0.250000,0.998060,0.875597,0.600000,0.798969,0.495625,0.981070
2076,0.108306,0.803258,0.875855,0.481413,0.657491,0.250000,0.998244,0.885329,0.600000,0.802405,0.500000,0.981070
2077,0.168567,0.725564,0.876211,0.466581,0.664913,0.238571,0.998661,0.888770,0.600000,0.800687,0.500000,0.981070
2078,0.191368,0.686717,0.876537,0.469720,0.693935,0.201786,0.998807,0.884653,0.600000,0.802405,0.500000,0.981070
2079,0.194625,0.753133,0.876819,0.477753,0.665079,0.178571,0.998933,0.875926,0.600000,0.804124,0.500000,0.981070
2080,0.225570,0.672932,0.876982,0.480133,0.703462,0.147143,0.998516,0.877556,0.600000,0.801546,0.500000,0.981070
2081,0.217427,0.660401,0.876730,0.477143,0.726835,0.142857,0.998584,0.879351,0.600000,0.800687,0.489375,0.981070
2082,0.218241,0.666667,0.876849,0.482171,0.690667,0.177857,0.998690,0.874691,0.720000,0.799828,0.437500,0.981070
2083,0.205212,0.647870,0.876953,0.484745,0.685683,0.178571,0.999195,0.874033,0.640000,0.801546,0.451250,0.981070
2084,0.181596,0.583960,0.876834,0.480713,0.744448,0.178571,0.999389,0.882019,0.600000,0.803265,0.454375,0.981070
2085,0.211726,0.647870,0.876760,0.481398,0.725727,0.178571,0.999088,0.887634,0.600000,0.804124,0.437500,0.981070
2086,0.210098,0.749373,0.876359,0.479642,0.741623,0.178571,0.999185,0.885938,0.600000,0.805842,0.437500,0.981070
2087,0.171010,0.731830,0.876611,0.481204,0.722238,0.178571,0.998836,0.888441,0.600000,0.800687,0.437500,0.981070
2088,0.176710,0.632832,0.876448,0.479018,0.757629,0.178571,0.998836,0.889758,0.600000,0.807560,0.458125,0.981070
2089,0.200326,0.766917,0.876418,0.485146,0.733315,0.150000,0.996673,0.885971,0.600000,0.804983,0.448125,0.981070
2090,0.155537,0.770677,0.876315,0.491722,0.751925,0.155357,0.998739,0.884159,0.600000,0.806701,0.437500,0.981070
2091,0.240228,0.769424,0.876433,0.490740,0.740072,0.169286,0.998011,0.887634,0.600000,0.811856,0.437500,0.983531
2092,0.206026,0.561404,0.876522,0.484894,0.670950,0.175000,0.998981,0.898732,0.600000,0.817010,0.437500,0.990535
2093,0.215798,0.615288,0.876359,0.487869,0.690723,0.178571,0.997963,0.895933,0.600000,0.816151,0.437500,0.990535
2094,0.201954,0.657895,0.876077,0.483852,0.669011,0.161429,0.998584,0.897415,0.600000,0.814433,0.437500,0.990535
2095,0.206026,0.616541,0.876062,0.479419,0.680310,0.161429,0.998933,0.900543,0.600000,0.814433,0.437500,0.990535
2096,0.257329,0.666667,0.875973,0.485221,0.661977,0.157857,0.998904,0.892887,0.600000,0.808419,0.437500,0.990535
2097,0.236971,0.543860,0.875855,0.489877,0.725616,0.142857,0.999660,0.890170,0.600000,0.809278,0.437500,0.990535
2098,0.171824,0.783208,0.875870,0.491097,0.702354,0.142857,0.999263,0.893710,0.600000,0.810137,0.437500,0.990535
2099,0.190554,0.689223,0.875944,0.482216,0.713431,0.142857,0.996479,0.901449,0.600000,0.810997,0.437500,0.990535
2100,0.206026,0.666667,0.875751,0.481085,0.699695,0.142857,0.996605,0.903919,0.600000,0.814433,0.437500,0.990535
2101,0.186482,0.743108,0.875692,0.471654,0.700249,0.142857,0.999748,0.898238,0.600000,0.813574,0.448125,0.990535
2102,0.166124,0.543860,0.875870,0.474168,0.663417,0.142857,0.998904,0.889511,0.600000,0.812715,0.488750,0.990535
2103,0.164495,0.591479,0.875810,0.483332,0.592467,0.174286,0.998681,0.883418,0.600000,0.804983,0.467500,0.990535
2104,0.209283,0.675439,0.875795,0.493968,0.524730,0.178571,0.999554,0.883583,0.600000,0.804124,0.437500,0.990535
2105,0.241042,0.614035,0.875365,0.489341,0.505012,0.178571,0.998467,0.890499,0.600000,0.809278,0.437500,0.990535
2106,0.246743,0.669173,0.874816,0.486084,0.536583,0.178571,0.999098,0.909435,0.600000,0.812715,0.437500,0.990535
2107,0.214984,0.776942,0.874104,0.479836,0.543340,0.188214,0.999292,0.915116,0.600000,0.810997,0.437500,0.990535
2108,0.229642,0.624060,0.873659,0.477932,0.513597,0.214286,0.998419,0.910012,0.600000,0.813574,0.437500,0.990535
2109,0.230456,0.625313,0.873200,0.488017,0.487400,0.214286,0.998399,0.898337,0.600000,0.807560,0.437500,0.990535
2110,0.236971,0.571429,0.872502,0.497791,0.475935,0.229643,0.996372,0.874658,0.600000,0.793814,0.437500,0.995267
2111,0.192997,0.555138,0.871093,0.496036,0.449903,0.252500,0.990755,0.847357,0.600000,0.762887,0.442500,0.990535
2112,0.246743,0.620301,0.870129,0.495931,0.490501,0.312500,0.986215,0.817965,0.600000,0.737973,0.500000,0.990535
2113,0.208469,0.661654,0.869224,0.488419,0.467239,0.381429,0.981782,0.789231,0.440000,0.687285,0.500000,0.988831
2114,0.179153,0.705514,0.868289,0.480580,0.467959,0.407857,0.977077,0.767495,0.560000,0.644330,0.500000,0.981070
2115,0.201140,0.709273,0.867488,0.470672,0.497646,0.428571,0.972838,0.763297,0.600000,0.624570,0.500000,0.973781
2116,0.214169,0.794486,0.867266,0.469646,0.509942,0.428571,0.970190,0.740573,0.600000,0.606529,0.500000,0.968008
2117,0.252443,0.657895,0.867207,0.467444,0.486236,0.462857,0.969258,0.741067,0.600000,0.603952,0.500000,0.962139
2118,0.208469,0.670426,0.867889,0.473499,0.430961,0.464286,0.968347,0.732422,0.440000,0.600515,0.495000,0.957596
2119,0.267101,0.714286,0.868008,0.488895,0.464802,0.464286,0.968579,0.723843,0.600000,0.601375,0.473750,0.951065
2120,0.277687,0.598997,0.868438,0.512191,0.458931,0.481071,0.970093,0.733328,0.600000,0.598797,0.457500,0.943209
2121,0.272801,0.682957,0.867978,0.501480,0.422044,0.464286,0.969123,0.746666,0.600000,0.603093,0.437500,0.943209
2122,0.280945,0.588972,0.868660,0.488300,0.363168,0.477857,0.969996,0.751523,0.600000,0.604811,0.437500,0.936394
2123,0.323290,0.542607,0.868898,0.486069,0.375187,0.467143,0.968929,0.754899,0.600000,0.603093,0.437500,0.933743
2124,0.280945,0.535088,0.868927,0.486857,0.339020,0.482857,0.969317,0.749383,0.600000,0.600515,0.437500,0.933743
2125,0.277687,0.640351,0.868824,0.489044,0.343229,0.500000,0.970267,0.750305,0.600000,0.599656,0.437500,0.933743
2126,0.228013,0.570175,0.868883,0.492629,0.324121,0.500000,0.969491,0.747802,0.600000,0.598797,0.437500,0.933743
2127,0.247557,0.555138,0.868853,0.493403,0.378067,0.474286,0.968832,0.757039,0.600000,0.603952,0.437500,0.929957
2128,0.245928,0.362155,0.868423,0.489609,0.417557,0.492143,0.967958,0.764202,0.600000,0.604811,0.437500,0.924278
2129,0.254886,0.665414,0.868631,0.481085,0.372251,0.500000,0.969608,0.768813,0.600000,0.604811,0.437500,0.924278
2130,0.276873,0.770677,0.869105,0.476221,0.353919,0.500000,0.969802,0.763955,0.600000,0.603093,0.437500,0.924278
2131,0.335505,0.672932,0.869120,0.484730,0.380006,0.500000,0.968987,0.756134,0.600000,0.602234,0.437500,0.924278
2132,0.255700,0.646617,0.868675,0.490115,0.354417,0.503571,0.969802,0.754981,0.600000,0.597938,0.437500,0.924278
2133,0.258958,0.580201,0.868660,0.499189,0.414567,0.518929,0.968657,0.754322,0.600000,0.596220,0.437500,0.924278
2134,0.313518,0.714286,0.868527,0.498579,0.387261,0.526071,0.968424,0.761568,0.600000,0.601375,0.437500,0.924278
2135,0.292345,0.657895,0.868512,0.473647,0.347605,0.517143,0.970093,0.759921,0.600000,0.601375,0.437500,0.924278
2136,0.229642,0.774436,0.868586,0.490710,0.288230,0.500000,0.969384,0.741298,0.600000,0.596220,0.437500,0.924278
2137,0.257329,0.602757,0.868705,0.508769,0.230684,0.500000,0.970044,0.744607,0.600000,0.595361,0.437500,0.924278
2138,0.267101,0.665414,0.868349,0.511373,0.198505,0.500000,0.970287,0.753005,0.600000,0.601375,0.437500,0.924278
2139,0.297231,0.586466,0.868126,0.492183,0.179895,0.500000,0.969627,0.761321,0.600000,0.607388,0.437500,0.924278
2140,0.247557,0.827068,0.867548,0.491022,0.184160,0.506429,0.969802,0.757039,0.600000,0.603093,0.437500,0.924278
2141,0.259772,0.627820,0.867503,0.490130,0.134090,0.510000,0.969928,0.754652,0.600000,0.599656,0.437500,0.924278
2142,0.250000,0.686717,0.867310,0.488092,0.171531,0.516786,0.970384,0.753252,0.600000,0.600515,0.437500,0.924278
2143,0.285831,0.696742,0.867103,0.491781,0.167377,0.500000,0.969346,0.752478,0.600000,0.597938,0.437500,0.924278
2144,0.294788,0.691729,0.867414,0.493224,0.139574,0.517143,0.969026,0.748477,0.600000,0.601375,0.437500,0.919356
2145,0.193811,0.734336,0.866954,0.500885,0.151426,0.518929,0.970287,0.750206,0.600000,0.600515,0.437500,0.919546
2146,0.283388,0.426065,0.866776,0.499308,0.129327,0.513571,0.968929,0.751770,0.600000,0.599656,0.437500,0.915760
2147,0.249186,0.640351,0.866598,0.494667,0.136084,0.508214,0.969569,0.752248,0.600000,0.602234,0.437500,0.914813
2148,0.277687,0.692982,0.866554,0.489579,0.166214,0.518929,0.969918,0.753746,0.600000,0.600515,0.437500,0.914813
2149,0.272801,0.713033,0.866331,0.490755,0.207034,0.523214,0.969608,0.749877,0.600000,0.599656,0.437500,0.914813
2150,0.218241,0.547619,0.866317,0.490398,0.255829,0.531429,0.969705,0.747407,0.600000,0.598797,0.437500,0.914813
2151,0.254072,0.619048,0.866213,0.500022,0.228690,0.535714,0.969996,0.742796,0.600000,0.596220,0.437500,0.919546
2152,0.267915,0.522556,0.866317,0.502432,0.273110,0.535714,0.970190,0.749465,0.600000,0.598797,0.437500,0.914813
2153,0.311889,0.726817,0.866094,0.504113,0.232124,0.535714,0.969317,0.750288,0.600000,0.602234,0.437500,0.914813
2154,0.206840,0.669173,0.865797,0.504009,0.208973,0.535714,0.968638,0.759015,0.600000,0.601375,0.437500,0.914813
2155,0.260586,0.630326,0.865753,0.493031,0.257048,0.535714,0.968541,0.765602,0.600000,0.604811,0.437500,0.914813
2156,0.287459,0.721805,0.866198,0.491692,0.252562,0.535714,0.969608,0.757698,0.600000,0.595361,0.437500,0.914813
2157,0.265472,0.699248,0.865263,0.493135,0.239934,0.535714,0.969685,0.753252,0.600000,0.597938,0.437500,0.914813
2158,0.275244,0.641604,0.865234,0.504083,0.263473,0.569643,0.969899,0.749959,0.600000,0.597938,0.437500,0.914813
2159,0.280130,0.629073,0.865056,0.504961,0.334312,0.551429,0.969200,0.750107,0.600000,0.602234,0.437500,0.914813
2160,0.252443,0.705514,0.865056,0.500141,0.329493,0.566071,0.968851,0.755475,0.600000,0.601375,0.456250,0.914813
2161,0.253257,0.778195,0.864373,0.499249,0.334644,0.560714,0.969899,0.752923,0.600000,0.603093,0.448750,0.914813
2162,0.268730,0.710526,0.864388,0.500692,0.334035,0.554643,0.969782,0.752346,0.600000,0.601375,0.437500,0.914813
2163,0.234528,0.332080,0.864566,0.499978,0.375796,0.571429,0.969899,0.753911,0.600000,0.597079,0.437500,0.914813
2164,0.284202,0.591479,0.864195,0.500930,0.362780,0.571429,0.969996,0.751111,0.600000,0.599656,0.437500,0.914813
2165,0.265472,0.571429,0.864077,0.502521,0.368651,0.571429,0.968376,0.752511,0.600000,0.598797,0.437500,0.914813
2166,0.210912,0.759398,0.864091,0.502551,0.361783,0.571429,0.970228,0.752034,0.600000,0.600515,0.437500,0.914813
2167,0.265472,0.578947,0.864462,0.497612,0.345832,0.571429,0.969569,0.759987,0.600000,0.599656,0.437500,0.914813
2168,0.289088,0.526316,0.863839,0.496526,0.316367,0.571429,0.969705,0.753993,0.600000,0.603093,0.437500,0.914813
2169,0.231270,0.547619,0.863884,0.500647,0.362559,0.571429,0.969695,0.755409,0.600000,0.599656,0.437500,0.914813
2170,0.257329,0.561404,0.863038,0.498832,0.386818,0.571429,0.969317,0.753087,0.600000,0.601375,0.437500,0.914813
2171,0.256515,0.527569,0.863023,0.500811,0.414567,0.571429,0.969026,0.754075,0.600000,0.602234,0.437500,0.914813
2172,0.263844,0.695489,0.863365,0.493373,0.419662,0.571429,0.969346,0.761650,0.600000,0.608247,0.437500,0.914813
2173,0.259772,0.642857,0.858558,0.495113,0.409693,0.571429,0.945598,0.639437,0.480000,0.622852,0.437500,0.914813
2174,0.326547,0.728070,0.839630,0.489565,0.436887,0.571429,0.882107,0.376832,0.200000,0.605670,0.463750,0.911311
2175,0.355049,0.735589,0.842315,0.493730,0.440100,0.571429,0.882223,0.382019,0.200000,0.626289,0.500000,0.893327
2176,0.348534,0.708020,0.844911,0.502283,0.448186,0.571429,0.884794,0.388852,0.200000,0.630584,0.460625,0.861808
2177,0.407980,0.441103,0.847121,0.503414,0.379673,0.571429,0.881700,0.398238,0.200000,0.627148,0.416875,0.838807
2178,0.354235,0.848371,0.848738,0.498654,0.350983,0.588214,0.882301,0.405105,0.200000,0.636598,0.375000,0.817795
2179,0.388436,0.842105,0.828075,0.495307,0.286624,0.576429,0.814454,0.223975,0.200000,0.611684,0.375000,0.798486
2180,0.411238,0.700501,0.829425,0.495738,0.315093,0.607143,0.814037,0.224271,0.200000,0.578179,0.375000,0.779650
2181,0.480456,0.542607,0.832911,0.480609,0.306563,0.628571,0.813455,0.226577,0.200000,0.580756,0.326875,0.747279
2182,0.508958,0.595238,0.836575,0.475745,0.428856,0.595357,0.814396,0.217191,0.200000,0.576460,0.312500,0.720303
2183,0.539088,0.639098,0.843146,0.684498,0.378289,0.606071,0.812650,0.229294,0.200000,0.576460,0.256250,0.691245
2184,0.530945,0.580201,0.845356,0.533404,0.387150,0.638214,0.798700,0.228421,0.200000,0.608247,0.250000,0.671084
2185,0.575733,0.815789,0.754424,0.585187,0.384326,0.642857,0.650842,0.037708,0.200000,0.604811,0.250000,0.655750
2186,0.611564,0.660401,0.761708,0.653660,0.430130,0.659643,0.650454,0.051293,0.200000,0.640034,0.250000,0.613157
2187,0.634365,0.913534,0.772240,0.586273,0.389643,0.651071,0.650842,0.056364,0.200000,0.663230,0.220000,0.567440
2188,0.627036,0.448622,0.779434,0.645136,0.422542,0.651071,0.650842,0.057418,0.200000,0.677835,0.187500,0.512731
2189,0.644137,0.716792,0.788542,0.543043,0.394794,0.656071,0.651521,0.058291,0.200000,0.680412,0.136250,0.480360
2190,0.696254,0.582707,0.795203,0.436845,0.394572,0.646429,0.650745,0.048872,0.200000,0.702749,0.107500,0.450828
2191,0.732085,0.740602,0.800884,0.599482,0.432733,0.643571,0.650259,0.045200,0.200000,0.692440,0.062500,0.434737
2192,0.842834,0.817043,0.817557,0.940630,0.444974,0.656071,0.650259,0.058373,0.200000,0.713918,0.062500,0.410980
2193,0.790717,0.770677,0.830774,0.983190,0.382055,0.629643,0.650648,0.061502,0.200000,0.716495,0.062500,0.392333
2194,0.761401,0.414787,0.838369,0.724038,0.364331,0.642857,0.650143,0.062407,0.200000,0.718213,0.062500,0.384761
2195,0.780945,0.609023,0.840743,0.383232,0.344724,0.642857,0.651763,0.065207,0.200000,0.729381,0.062500,0.377662
2196,0.849349,0.872180,0.842167,0.487928,0.349820,0.642857,0.651133,0.055903,0.200000,0.722509,0.062500,0.375296
2197,0.773616,0.625313,0.843502,0.446663,0.345057,0.642857,0.650648,0.055409,0.200000,0.719931,0.114375,0.372267
2198,0.748371,0.681704,0.830062,0.524508,0.340294,0.642857,0.614755,0.039470,0.200000,0.695876,0.125000,0.362518
2199,0.802932,0.573935,0.628558,0.537242,0.354140,0.642857,0.502711,0.000329,0.200000,0.550687,0.180000,0.356365
2200,0.811889,0.641604,0.574711,0.519554,0.294988,0.642857,0.486191,0.000000,0.200000,0.517182,0.212500,0.348036
2201,0.798046,0.447368,0.524958,0.379260,0.308169,0.642857,0.481661,0.000000,0.200000,0.470790,0.250000,0.340464
2202,0.872964,0.421053,0.563467,0.531976,0.332373,0.642857,0.483601,0.000000,0.200000,0.487973,0.250000,0.332892
2203,0.900651,0.760652,0.390310,0.664415,0.310440,0.612500,0.367357,0.029969,0.200000,0.397766,0.250000,0.322007
2204,0.861564,0.863409,0.848293,0.542032,0.309443,0.607143,0.360819,0.083682,0.200000,0.728522,0.278125,0.312068
2205,0.864007,0.726817,0.914497,0.522336,0.291055,0.591071,0.779667,0.343866,0.200000,0.660653,0.250000,0.306484
2206,0.881922,0.368421,0.917850,0.484224,0.250402,0.590357,0.810807,0.376997,0.200000,0.615979,0.273750,0.314245
2207,0.881107,0.452381,0.912628,0.512176,0.229078,0.615357,0.811292,0.370245,0.200000,0.615120,0.343750,0.353336
2208,0.836319,0.493734,0.908104,0.484566,0.269787,0.625357,0.810739,0.363988,0.200000,0.614261,0.435000,0.390724
2209,0.817590,0.542607,0.903668,0.505928,0.320465,0.642857,0.811524,0.353861,0.200000,0.616838,0.491250,0.418079
2210,0.710912,0.434837,0.864373,0.474659,0.311714,0.642857,0.691837,0.141413,0.200000,0.728522,0.571250,0.447231
2211,0.784202,0.563910,0.835596,0.496482,0.317530,0.642857,0.649338,0.061749,0.200000,0.731959,0.670000,0.451018
2212,0.783388,0.812030,0.835047,0.534118,0.385876,0.642857,0.649289,0.056183,0.200000,0.728522,0.750000,0.435684
2213,0.756515,0.822055,0.838547,0.508546,0.432235,0.642857,0.649047,0.058472,0.200000,0.732818,0.812500,0.410790
2214,0.816775,0.756892,0.840980,0.535888,0.334478,0.642857,0.649386,0.055574,0.200000,0.733677,0.838750,0.390629
2215,0.820033,0.699248,0.843265,0.517278,0.289615,0.653571,0.648901,0.054421,0.200000,0.731100,0.816875,0.376242
2216,0.840391,0.561404,0.844911,0.514987,0.425976,0.661786,0.648513,0.056479,0.200000,0.731959,0.723125,0.362328
2217,0.842020,0.533835,0.846662,0.442959,0.454279,0.663571,0.648639,0.056973,0.200000,0.734536,0.687500,0.351917
2218,0.816775,0.684211,0.848664,0.494548,0.417447,0.658929,0.648707,0.056479,0.200000,0.735395,0.650000,0.340085
2219,0.835505,0.611529,0.759557,0.528792,0.425478,0.642857,0.540661,0.014523,0.200000,0.595361,0.565625,0.335069
2220,0.815961,0.748120,0.547075,0.528420,0.373913,0.665357,0.479915,0.000000,0.200000,0.496564,0.496875,0.325319
2221,0.846091,0.578947,0.263065,0.506196,0.292772,0.654286,0.444827,0.000000,0.200000,0.288660,0.437500,0.318504
2222,0.902280,0.701754,0.530662,0.410336,0.338687,0.670357,0.406771,0.000000,0.040000,0.000000,0.431250,0.304591
2223,0.849349,0.771930,0.798258,0.440504,0.372307,0.648929,0.596401,0.078380,0.040000,0.584192,0.362500,0.294179
2224,0.859935,0.651629,0.916648,0.455454,0.314594,0.642857,0.808449,0.375432,0.200000,0.609966,0.292500,0.284903
2225,0.877036,0.494987,0.915550,0.492465,0.250014,0.642857,0.820216,0.408480,0.200000,0.590206,0.250000,0.301656
2226,0.862378,0.409774,0.922389,0.543787,0.295708,0.622143,0.881651,0.615347,0.200000,0.616838,0.250000,0.337908
2227,0.827362,0.357143,0.915995,0.518186,0.291387,0.600714,0.880691,0.619990,0.200000,0.636598,0.295625,0.385140
2228,0.799674,0.488722,0.910284,0.514809,0.237940,0.588214,0.880846,0.601350,0.200000,0.636598,0.387500,0.438997
2229,0.786645,0.710526,0.904959,0.479419,0.213293,0.599286,0.880652,0.594928,0.200000,0.640034,0.459375,0.483010
2230,0.757329,0.652882,0.910373,0.519495,0.175464,0.607143,0.940632,0.897053,0.480000,0.670962,0.570625,0.518978
2231,0.706026,0.606516,0.909587,0.512756,0.181169,0.575000,0.967347,1.000000,0.600000,0.671821,0.654375,0.561761
2232,0.633550,0.593985,0.903238,0.486426,0.181833,0.586786,0.969220,0.973983,0.600000,0.671821,0.708125,0.618079
2233,0.621336,0.640351,0.897957,0.497627,0.221158,0.571429,0.968492,0.943175,0.600000,0.656357,0.798125,0.668907
2234,0.589577,0.552632,0.893181,0.518498,0.223982,0.571429,0.967716,0.921456,0.600000,0.649485,0.916875,0.712257
2235,0.552932,0.694236,0.889131,0.474213,0.225699,0.571429,0.967182,0.906801,0.600000,0.638316,0.937500,0.740653
2236,0.532573,0.596491,0.885719,0.503712,0.296317,0.571429,0.967153,0.883830,0.600000,0.634021,0.937500,0.764979
2237,0.512215,0.687970,0.882575,0.506002,0.292994,0.663571,0.967018,0.869998,0.600000,0.624570,0.945625,0.792049
2238,0.463355,0.669173,0.879741,0.502105,0.228192,0.736786,0.964592,0.860366,0.600000,0.619416,0.961250,0.807856
2239,0.478827,0.670426,0.877383,0.502402,0.256106,0.775000,0.968055,0.847439,0.600000,0.615979,0.937500,0.821865
2240,0.443811,0.593985,0.875425,0.504351,0.296760,0.785714,0.967503,0.834431,0.600000,0.609966,0.937500,0.836441
2241,0.421824,0.655388,0.873318,0.559779,0.340626,0.785714,0.967279,0.833443,0.600000,0.609107,0.937500,0.848557
2242,0.408795,0.662907,0.872013,0.417937,0.354971,0.785714,0.967503,0.825951,0.600000,0.623711,0.886250,0.851207
2243,0.387622,0.626566,0.870529,0.496645,0.373581,0.748929,0.968085,0.826363,0.600000,0.614261,0.875000,0.861145
2244,0.357492,0.676692,0.868972,0.501198,0.333703,0.710000,0.967473,0.825539,0.600000,0.619416,0.820625,0.867487
2245,0.355863,0.651629,0.867755,0.474451,0.357297,0.672143,0.967115,0.840853,0.600000,0.625430,0.812500,0.875722
2246,0.364007,0.676692,0.867474,0.445324,0.385046,0.633929,0.966455,0.828668,0.600000,0.626289,0.753125,0.881212
2247,0.354235,0.695489,0.867177,0.495054,0.348214,0.595000,0.966571,0.790252,0.600000,0.613402,0.719375,0.886417
2248,0.393322,0.654135,0.867147,0.559704,0.378842,0.601786,0.967376,0.787173,0.600000,0.606529,0.654375,0.891150
2249,0.386808,0.689223,0.866925,0.539190,0.378787,0.640000,0.966358,0.790548,0.600000,0.608247,0.625000,0.895883
2250,0.391694,0.736842,0.866317,0.516118,0.458100,0.678571,0.966940,0.783303,0.600000,0.605670,0.625000,0.895883
2251,0.355863,0.681704,0.865278,0.535412,0.451399,0.700000,0.967299,0.760991,0.600000,0.605670,0.625000,0.895883
2252,0.307003,0.646617,0.864017,0.525668,0.348601,0.714286,0.967212,0.736127,0.600000,0.598797,0.625000,0.895883
2253,0.308632,0.610276,0.863439,0.500766,0.341955,0.718571,0.968657,0.728569,0.600000,0.596220,0.625000,0.895883
2254,0.344463,0.659148,0.863646,0.467652,0.392855,0.721429,0.967988,0.736621,0.600000,0.599656,0.608125,0.895883
2255,0.360749,0.656642,0.863646,0.487437,0.404431,0.758214,0.967085,0.737033,0.600000,0.603952,0.562500,0.895883
2256,0.347720,0.709273,0.863127,0.498297,0.341734,0.798571,0.967958,0.743965,0.600000,0.604811,0.562500,0.895883
2257,0.320033,0.679198,0.862163,0.503221,0.322736,0.852143,0.968250,0.731352,0.600000,0.597938,0.562500,0.895883
2258,0.307003,0.646617,0.861436,0.508130,0.250900,0.915000,0.967299,0.730776,0.600000,0.595361,0.591875,0.895883
2259,0.307003,0.629073,0.861332,0.516490,0.303517,0.945714,0.966600,0.731187,0.600000,0.597079,0.625000,0.895883
2260,0.313518,0.687970,0.861347,0.512979,0.338687,0.901786,0.965533,0.733246,0.600000,0.594502,0.625000,0.895883
2261,0.336319,0.665414,0.861555,0.516802,0.293991,0.834643,0.966843,0.741067,0.600000,0.597938,0.592500,0.895883
2262,0.330619,0.685464,0.861288,0.527825,0.282858,0.821429,0.966183,0.741808,0.600000,0.603952,0.562500,0.895883
2263,0.319218,0.699248,0.860635,0.508680,0.304680,0.822500,0.967764,0.731187,0.600000,0.598797,0.562500,0.897965
2264,0.308632,0.718045,0.860709,0.498862,0.328662,0.859643,0.965601,0.725753,0.600000,0.597938,0.562500,0.899006
2265,0.312704,0.674185,0.860279,0.483272,0.366824,0.883214,0.968347,0.723366,0.600000,0.597079,0.562500,0.895883
2266,0.329805,0.676692,0.852447,0.472249,0.392855,0.813571,0.931047,0.560514,0.440000,0.621993,0.562500,0.895883
2267,0.372150,0.798246,0.838325,0.467905,0.382221,0.785714,0.882204,0.373621,0.200000,0.629725,0.562500,0.894652
2268,0.427524,0.849624,0.841826,0.474436,0.386652,0.754286,0.881137,0.392228,0.200000,0.656357,0.517500,0.870800
2269,0.451954,0.863409,0.844377,0.466061,0.375242,0.784643,0.881729,0.406751,0.200000,0.663230,0.437500,0.845338
2270,0.463355,0.819549,0.846217,0.434092,0.392911,0.785714,0.882107,0.412893,0.200000,0.661512,0.377500,0.826503
2271,0.473127,0.838346,0.847952,0.480520,0.409859,0.785714,0.882330,0.416433,0.200000,0.655498,0.365625,0.809560
2272,0.471498,0.827068,0.849480,0.449846,0.410413,0.785714,0.882883,0.420962,0.200000,0.653780,0.312500,0.793658
2273,0.495114,0.814536,0.838533,0.469527,0.434063,0.785714,0.842412,0.302766,0.200000,0.647766,0.266875,0.784950
2274,0.506515,0.793233,0.828653,0.501986,0.421324,0.785714,0.815832,0.231994,0.200000,0.586770,0.250000,0.771036
2275,0.525244,0.817043,0.832110,0.447154,0.436112,0.785714,0.816142,0.237115,0.200000,0.589347,0.213750,0.742735
2276,0.526873,0.827068,0.834676,0.474183,0.441761,0.785714,0.815851,0.243125,0.200000,0.584192,0.176875,0.718694
2277,0.545603,0.798246,0.837198,0.476206,0.436721,0.763929,0.816142,0.248345,0.200000,0.588488,0.104375,0.695883
2278,0.561889,0.791980,0.839437,0.477694,0.427749,0.743571,0.816142,0.255063,0.200000,0.593643,0.062500,0.673923
2279,0.563518,0.784461,0.841321,0.493893,0.413071,0.714286,0.815686,0.257039,0.200000,0.593643,0.062500,0.659726
2280,0.581433,0.799499,0.842923,0.472666,0.421656,0.714286,0.816220,0.262803,0.200000,0.595361,0.000000,0.645244
2281,0.592020,0.794486,0.818240,0.487408,0.468568,0.683929,0.744473,0.160629,0.200000,0.642612,0.000000,0.635305
2282,0.612378,0.838346,0.747660,0.482766,0.406369,0.678571,0.651424,0.050058,0.200000,0.677835,0.000000,0.617132
2283,0.634365,0.820802,0.757302,0.454145,0.423151,0.678571,0.653626,0.055524,0.200000,0.692440,0.000000,0.576621
2284,0.651466,0.791980,0.764793,0.418562,0.360620,0.668214,0.652462,0.058917,0.200000,0.684708,0.000000,0.528348
2285,0.682410,0.756892,0.768650,0.614090,0.377402,0.667500,0.642858,0.048032,0.200000,0.668385,0.011875,0.493327
2286,0.700326,0.775689,0.693056,0.610178,0.346829,0.678571,0.576922,0.000000,0.200000,0.664948,0.017500,0.453857
2287,0.724756,0.776942,0.676131,0.573911,0.421213,0.678571,0.564680,0.000000,0.200000,0.623711,0.056250,0.415050
2288,0.741857,0.789474,0.665836,0.505675,0.397785,0.678571,0.554513,0.000000,0.200000,0.615979,0.062500,0.380028
2289,0.756515,0.789474,0.656713,0.552162,0.392135,0.659643,0.546171,0.000000,0.200000,0.606529,0.062500,0.336015
2290,0.777687,0.771930,0.639951,0.530205,0.334478,0.642857,0.534423,0.000000,0.200000,0.598797,0.062500,0.301940
2291,0.789902,0.768170,0.624449,0.592699,0.312656,0.642857,0.524732,0.000000,0.200000,0.591924,0.110625,0.274965
2292,0.802932,0.764411,0.606485,0.493075,0.330546,0.633929,0.516409,0.000000,0.200000,0.583333,0.125000,0.250923
2293,0.814332,0.750627,0.588195,0.624682,0.277652,0.626786,0.506931,0.000000,0.200000,0.570447,0.125000,0.231141
2294,0.828176,0.764411,0.555427,0.576187,0.278981,0.638214,0.497163,0.000000,0.200000,0.541237,0.156250,0.214387
2295,0.844463,0.751880,0.515909,0.479389,0.390750,0.660000,0.482582,0.000000,0.200000,0.506873,0.187500,0.199716
2296,0.852606,0.753133,0.351060,0.902310,0.348878,0.678571,0.452733,0.000000,0.200000,0.380584,0.196875,0.189778
2297,0.857492,0.751880,0.280848,0.572736,0.329770,0.701786,0.406771,0.000000,0.200000,0.000000,0.250000,0.180028
2298,0.873779,0.745614,0.210636,0.361945,0.318250,0.714286,0.406771,0.000000,0.200000,0.000000,0.293750,0.170185
2299,0.878664,0.700501,0.140424,0.989914,0.305400,0.714286,0.406771,0.000000,0.200000,0.000000,0.312500,0.167061
2300,0.887622,0.701754,0.070212,0.989587,0.319690,0.745357,0.406771,0.000000,0.200000,0.000000,0.312500,0.167061
2301,0.894137,0.723058,0.000000,0.742484,0.272445,0.784643,0.344638,0.030792,0.200000,0.260309,0.362500,0.167061
2302,0.897394,0.763158,0.868809,0.497761,0.334589,0.858214,0.171868,0.098716,0.200000,0.863402,0.375000,0.159678
2303,0.905537,0.645363,0.921454,0.498416,0.374412,0.886429,0.029170,0.321719,0.200000,0.870275,0.375000,0.157596
2304,0.918567,0.154135,0.937579,0.500736,0.420382,0.866071,0.001203,0.401614,0.200000,0.813574,0.376875,0.157596
2305,0.946254,0.000000,0.949476,0.500097,0.430296,0.859643,0.000553,0.406142,0.200000,0.818729,0.457500,0.154756
2306,0.961726,0.271930,0.960705,0.500320,0.365107,0.906429,0.001310,0.406389,0.200000,0.837629,0.535625,0.148131
2307,0.978013,0.432331,0.971845,0.500171,0.303683,0.945000,0.001009,0.400560,0.200000,0.848797,0.630625,0.148131
2308,0.986971,0.471178,0.981739,0.500171,0.390972,0.964286,0.001843,0.393216,0.200000,0.842784,0.718750,0.148131
2309,0.991042,0.546366,0.985581,0.500216,0.456937,0.938214,0.111626,0.153993,0.200000,1.000000,0.803125,0.148131
2310,0.982899,0.605263,0.990729,0.500245,0.428524,0.879643,0.092002,0.216499,0.200000,0.990550,0.886250,0.155513
2311,0.991857,0.395990,0.992806,0.500573,0.379230,0.811786,0.154862,0.108348,0.200000,0.894330,0.937500,0.166115
2312,0.982085,0.629073,0.988222,0.500171,0.276765,0.785714,0.311345,0.025572,0.120000,0.469931,0.937500,0.176716
2313,0.991042,0.647870,0.990451,0.500171,0.393354,0.771786,0.406771,0.000000,0.080000,0.000000,0.937500,0.192239
2314,1.000000,0.667920,0.992679,0.500171,0.289394,0.703571,0.406771,0.000000,0.200000,0.000000,0.937500,0.213441
2315,0.995114,0.664160,0.994908,0.500171,0.256937,0.719643,0.406771,0.000000,0.200000,0.000000,0.884375,0.227828
2316,0.995114,0.621554,0.997137,0.500171,0.324398,0.835000,0.208469,0.086992,0.200000,0.727663,0.809375,0.233318
2317,0.995114,0.619048,0.990210,0.500171,0.264968,0.901071,0.338895,0.020879,0.080000,0.426117,0.712500,0.234548
2318,0.988599,0.650376,0.990210,0.500171,0.273276,0.901071,0.406771,0.000000,0.120000,0.000000,0.673750,0.241079
2319,0.990228,0.670426,0.990210,0.500171,0.339629,0.906071,0.406771,0.000000,0.000000,0.000000,0.625000,0.233318
2320,0.978827,0.659148,0.990210,0.500171,0.333426,0.961429,0.406771,0.000000,0.200000,0.000000,0.570000,0.233318
2321,0.978827,0.676692,0.990210,0.500171,0.155857,0.967143,0.406771,0.000000,0.200000,0.000000,0.492500,0.224515
2322,0.985342,0.655388,0.990210,0.500171,0.290169,1.000000,0.406771,0.000000,0.200000,0.000000,0.437500,0.219120
2323,0.982899,0.644110,0.990210,0.500171,0.234284,1.000000,0.406771,0.000000,0.200000,0.000000,0.427500,0.214387
2324,0.978827,0.669173,0.990210,0.499695,0.215342,1.000000,0.406771,0.000000,0.200000,0.000000,0.375000,0.207478
2325,0.987785,0.675439,0.990210,0.499249,0.234893,1.000000,0.406771,0.000000,0.200000,0.000000,0.375000,0.204922
