step,Df,Da,EeIndex8,Rudder,TrueVwr,Me1Sw_com_temp,Me1Nms,Me1Load,Me1Main_brg_lo_in_press,Me1Axial_vib,Me1Main_brg_lo_in_temp,Me1Thrust_bearing_pad_temp
0,0.932331,0.774291,0.939808,0.503121,0.230710,0.986089,0.401359,0.000000,0.333333,0.033642,0.220490,0.000000
1,0.939850,0.774291,0.939808,0.503121,0.234731,0.983287,0.401359,0.000000,0.333333,0.033642,0.220490,0.000000
2,0.945865,0.772267,0.939808,0.503121,0.265231,0.988991,0.401359,0.000000,0.166667,0.033642,0.220490,0.000000
3,0.924812,0.782389,0.939808,0.503121,0.259776,0.986589,0.401359,0.000000,0.166667,0.033642,0.220490,0.000000
4,0.924060,0.763158,0.939808,0.503121,0.239724,0.980785,0.401359,0.000000,0.333333,0.033642,0.232461,0.000000
5,0.937594,0.773279,0.939808,0.503121,0.238905,0.976281,0.401359,0.000000,0.333333,0.033642,0.248330,0.000000
6,0.934586,0.768219,0.939808,0.503121,0.252426,0.979283,0.401359,0.000000,0.333333,0.033642,0.248330,0.000000
7,0.923308,0.765182,0.939808,0.503121,0.236344,0.972978,0.401359,0.000000,0.333333,0.033642,0.248330,0.000000
8,0.938346,0.788462,0.939808,0.503121,0.229788,0.980785,0.241533,0.056677,0.333333,0.656013,0.248330,0.000000
9,0.932331,0.737854,0.958556,0.503121,0.216523,0.972278,0.193185,0.063005,0.333333,0.913373,0.231069,0.000000
10,0.933083,0.713563,0.941447,0.501802,0.211836,0.979684,0.264334,0.038228,0.333333,0.767031,0.192650,0.000000
11,0.918045,0.781377,0.872638,0.502124,0.221184,0.990492,0.500574,0.042706,0.333333,0.343146,0.192650,0.000945
12,0.908271,0.784413,0.975988,0.899765,0.236677,0.984588,0.633866,0.080770,0.333333,0.883936,0.204621,0.009213
13,0.915038,0.770243,0.986690,0.998574,0.256345,0.985488,0.632909,0.084756,0.333333,0.862069,0.211581,0.022598
14,0.938346,0.783401,0.986268,1.000000,0.256575,0.985488,0.632574,0.091261,0.333333,0.858705,0.220490,0.040945
15,0.936090,0.784413,0.981053,0.899535,0.260698,0.976281,0.632526,0.096055,0.333333,0.857023,0.220490,0.050551
16,0.942857,0.764170,0.977006,0.830831,0.263387,0.989792,0.642960,0.120737,0.333333,0.849453,0.220490,0.062598
17,0.934586,0.758097,0.980880,0.576073,0.249738,0.990793,0.771398,0.447473,0.333333,0.802355,0.235245,0.075433
18,0.925564,0.745951,0.972784,0.451163,0.254834,0.990793,0.794841,0.512738,0.333333,0.731707,0.248330,0.100551
19,0.915789,0.750000,0.958804,0.396476,0.273272,0.992294,0.801637,0.344912,0.333333,0.791421,0.248330,0.138583
20,0.907519,0.761134,0.935735,0.450059,0.257446,0.993795,0.731215,0.261129,0.333333,0.827586,0.267817,0.189764
21,0.909023,0.758097,0.895930,0.390388,0.249891,0.990793,0.640950,0.090152,0.333333,0.861228,0.288140,0.217559
22,0.899248,0.754049,0.890616,0.372000,0.244693,0.990793,0.640059,0.087015,0.333333,0.855341,0.335189,0.220472
23,0.904511,0.776316,0.836483,0.338123,0.256114,0.990793,0.546616,0.045980,0.333333,0.609756,0.369989,0.214567
24,0.907519,0.789474,0.844260,0.018986,0.272376,0.990793,0.401359,0.000548,0.200000,0.038688,0.368597,0.203307
25,0.908271,0.801619,0.852037,0.005797,0.234475,0.990793,0.401359,0.000000,0.300000,0.033642,0.379176,0.191339
26,0.915038,0.790486,0.859815,0.006564,0.239520,0.990793,0.401359,0.000000,0.200000,0.033642,0.399499,0.173386
27,0.915789,0.792510,0.867592,0.003297,0.244667,0.990793,0.401359,0.000000,0.333333,0.033642,0.387528,0.154961
28,0.908271,0.784413,0.875369,0.004325,0.256037,0.987490,0.618647,0.089166,0.333333,0.788898,0.386136,0.141575
29,0.918797,0.765182,0.900946,0.004861,0.272888,0.985588,0.630487,0.078250,0.333333,0.874685,0.342149,0.133858
30,0.908271,0.812753,0.854461,0.338921,0.282184,0.976281,0.259089,0.044651,0.233333,0.688814,0.326281,0.139134
31,0.907519,0.714575,0.900127,0.503121,0.265282,0.986789,0.174883,0.082112,0.300000,0.953743,0.297049,0.140000
32,0.908271,0.606275,0.929403,0.503351,0.271787,0.982086,0.123959,0.112656,0.333333,0.945332,0.268653,0.133858
33,0.914286,0.594130,0.940578,0.503780,0.275859,0.980785,0.124342,0.119778,0.333333,0.957948,0.248330,0.127953
34,0.936090,0.660931,0.951926,0.503274,0.273349,0.987490,0.124629,0.115655,0.333333,0.958789,0.223831,0.119685
35,0.930075,0.628543,0.956942,0.503167,0.250711,0.981085,0.171695,0.080126,0.333333,0.947855,0.220490,0.111417
36,0.936090,0.700405,0.962802,0.503121,0.256985,0.975580,0.189308,0.066703,0.333333,0.942809,0.220490,0.110236
37,0.921805,0.739879,0.936952,0.503121,0.266050,0.980084,0.365014,0.007780,0.166667,0.374264,0.220490,0.103150
38,0.930827,0.773279,0.945257,0.503121,0.272453,0.970777,0.401359,0.000000,0.166667,0.035324,0.247494,0.102362
39,0.937594,0.778340,0.953561,0.503121,0.249097,0.972778,0.401359,0.000000,0.166667,0.033642,0.248330,0.106063
40,0.938346,0.783401,0.961866,0.503121,0.238060,0.980785,0.401359,0.000000,0.200000,0.033642,0.248330,0.102362
41,0.922556,0.774291,0.970170,0.503121,0.256447,0.980785,0.401359,0.000000,0.333333,0.033642,0.248330,0.101969
42,0.908271,0.785425,0.978474,0.503121,0.261979,0.980785,0.401359,0.000000,0.166667,0.033642,0.248330,0.094488
43,0.915038,0.770243,0.986779,0.503121,0.263694,0.980785,0.401359,0.000000,0.333333,0.033642,0.248330,0.094488
44,0.937594,0.774291,0.995083,0.746607,0.255500,0.986289,0.629396,0.093111,0.333333,0.815812,0.248330,0.091732
45,0.936090,0.755061,0.985473,0.990952,0.231222,0.990793,0.639131,0.092412,0.333333,0.886459,0.223274,0.093465
46,0.942105,0.775304,0.976037,0.993636,0.251965,0.990793,0.639638,0.098891,0.333333,0.856182,0.220490,0.104882
47,0.932331,0.745951,0.974771,0.997776,0.260083,0.986089,0.717737,0.322120,0.333333,0.857023,0.220490,0.117559
48,0.918797,0.736842,0.973008,0.820311,0.233527,0.985188,0.801283,0.354390,0.333333,0.840202,0.220490,0.134331
49,0.924812,0.725709,0.961759,0.827580,0.247714,0.981986,0.802403,0.446925,0.333333,0.783852,0.220490,0.176772
50,0.916541,0.694332,0.951926,0.496971,0.256652,0.980785,0.802001,0.419121,0.333333,0.796468,0.220490,0.221417
51,0.896992,0.726721,0.943980,0.300106,0.276678,0.979784,0.800660,0.408026,0.333333,0.793944,0.238586,0.256299
52,0.896241,0.748988,0.932954,0.435536,0.271147,0.977082,0.801398,0.394809,0.333333,0.788057,0.260022,0.289528
53,0.883459,0.761134,0.921159,0.656540,0.279879,0.976081,0.799445,0.383646,0.333333,0.796468,0.289532,0.315354
54,0.878947,0.747976,0.911177,0.370144,0.252196,0.973078,0.801474,0.378852,0.333333,0.798991,0.323497,0.337244
55,0.866917,0.752024,0.901219,0.444814,0.252247,0.978082,0.802048,0.356280,0.333333,0.793103,0.331849,0.353701
56,0.854887,0.752024,0.891932,0.499839,0.250608,0.981585,0.801570,0.342487,0.333333,0.797309,0.342149,0.367165
57,0.836090,0.757085,0.883092,0.504532,0.274450,0.975480,0.802240,0.331640,0.333333,0.792262,0.359688,0.381260
58,0.825564,0.765182,0.875071,0.711856,0.259290,0.975480,0.800996,0.333721,0.333333,0.793103,0.374165,0.385827
59,0.822556,0.776316,0.868863,0.381278,0.246562,0.977782,0.801953,0.336392,0.333333,0.804037,0.359688,0.393937
60,0.804511,0.774291,0.862258,0.450504,0.242644,0.965773,0.801761,0.319408,0.333333,0.786375,0.359688,0.405748
61,0.803008,0.782389,0.855305,0.491266,0.246332,0.965472,0.801790,0.306739,0.333333,0.774601,0.359688,0.410079
62,0.787218,0.769231,0.849321,0.551873,0.258316,0.960769,0.801857,0.301767,0.333333,0.770395,0.356069,0.417323
63,0.775188,0.781377,0.844057,0.503013,0.253835,0.960769,0.801761,0.298617,0.333333,0.767872,0.331849,0.421260
64,0.764662,0.767206,0.838966,0.533179,0.266332,0.960769,0.801570,0.291741,0.333333,0.762826,0.331849,0.425197
65,0.755639,0.770243,0.834471,0.483016,0.273989,0.965472,0.801761,0.290303,0.333333,0.765349,0.311804,0.425197
66,0.762406,0.780364,0.830275,0.544113,0.280494,0.960769,0.801283,0.283043,0.333333,0.760303,0.304009,0.425197
67,0.739098,0.785425,0.826600,0.510973,0.275782,0.960769,0.801666,0.283112,0.333333,0.759462,0.281737,0.425197
68,0.739098,0.773279,0.823223,0.542304,0.285718,0.960769,0.801857,0.278003,0.333333,0.755257,0.276169,0.428976
69,0.735338,0.780364,0.820516,0.501434,0.289764,0.960769,0.802374,0.276250,0.333333,0.754415,0.264755,0.431181
70,0.722556,0.784413,0.817338,0.535265,0.258905,0.960769,0.802058,0.273100,0.333333,0.754415,0.248330,0.433071
71,0.713534,0.791498,0.814904,0.501587,0.288970,0.960769,0.786130,0.241679,0.333333,0.769554,0.248330,0.433071
72,0.712782,0.821862,0.695538,0.546950,0.277113,0.960769,0.640088,0.051020,0.200000,0.853659,0.248330,0.429921
73,0.717293,0.808704,0.696109,0.564571,0.283464,0.960769,0.639542,0.047432,0.333333,0.841884,0.248330,0.411024
74,0.728571,0.805668,0.703360,0.528808,0.283106,0.960769,0.641093,0.048829,0.333333,0.841043,0.230234,0.378976
75,0.725564,0.804656,0.711356,0.558406,0.253143,0.960769,0.640203,0.046706,0.333333,0.845248,0.220490,0.353543
76,0.748120,0.796559,0.716223,0.532059,0.241876,0.960769,0.639341,0.041775,0.333333,0.841884,0.219098,0.326535
77,0.750376,0.800607,0.722133,0.574202,0.269200,0.960769,0.641064,0.044035,0.333333,0.843566,0.192650,0.307717
78,0.754135,0.790486,0.727769,0.506311,0.259187,0.960769,0.639006,0.045199,0.333333,0.841043,0.170935,0.285591
79,0.766917,0.778340,0.732910,0.589799,0.259520,0.960769,0.639466,0.045706,0.333333,0.836838,0.164811,0.274409
80,0.767669,0.791498,0.737801,0.569371,0.273451,0.960769,0.641419,0.046569,0.333333,0.841884,0.164811,0.258504
81,0.781203,0.786437,0.680217,0.526876,0.262670,0.960769,0.579525,0.022011,0.333333,0.754415,0.164811,0.248268
82,0.781203,0.827935,0.436592,0.676845,0.255474,0.960769,0.503905,0.000000,0.333333,0.693019,0.164811,0.235433
83,0.787218,0.795547,0.354896,0.613630,0.243822,0.960769,0.488657,0.000000,0.333333,0.656013,0.164811,0.218346
84,0.795489,0.797571,0.343076,0.569908,0.250019,0.960769,0.484943,0.000000,0.333333,0.640034,0.164811,0.200000
85,0.806767,0.798583,0.258946,0.714831,0.246357,0.960769,0.469340,0.000000,0.333333,0.586207,0.164811,0.179370
86,0.814286,0.799595,0.066872,0.628261,0.244027,0.960769,0.443620,0.000000,0.333333,0.423886,0.164811,0.161417
87,0.822556,0.803644,0.133672,0.606699,0.241773,0.960769,0.401359,0.000000,0.333333,0.035324,0.164811,0.145669
88,0.823308,0.802632,0.200472,0.739430,0.236318,0.960769,0.401359,0.000000,0.333333,0.033642,0.164811,0.140709
89,0.832331,0.792510,0.267273,0.647430,0.247586,0.960769,0.401359,0.000000,0.200000,0.033642,0.145880,0.132126
90,0.835338,0.789474,0.334073,0.777340,0.252606,0.960769,0.401359,0.000000,0.300000,0.033642,0.128341,0.123701
91,0.843609,0.793522,0.400873,0.665189,0.236984,0.960769,0.401359,0.000000,0.133333,0.033642,0.109131,0.118110
92,0.842857,0.787449,0.467673,0.672750,0.235243,0.960769,0.401359,0.000000,0.300000,0.033642,0.109131,0.111024
93,0.849624,0.781377,0.534473,0.810557,0.218546,0.960769,0.401359,0.000000,0.033333,0.033642,0.109131,0.106850
94,0.850376,0.781377,0.601274,0.550033,0.222618,0.960769,0.401359,0.000000,0.333333,0.033642,0.095768,0.096063
95,0.848872,0.807692,0.668074,0.575475,0.232298,0.960769,0.258352,0.048308,0.333333,0.585366,0.109131,0.094331
96,0.855639,0.816802,0.824315,0.500345,0.239161,0.960769,0.188332,0.074990,0.333333,0.915055,0.109131,0.086614
97,0.875940,0.802632,0.874451,0.500866,0.233732,0.960769,0.123921,0.114231,0.333333,0.927670,0.109131,0.086063
98,0.870677,0.690283,0.888332,0.500667,0.230685,0.960769,0.123844,0.107109,0.333333,0.924306,0.109131,0.083228
99,0.892481,0.528340,0.900474,0.500560,0.229020,0.960769,0.124055,0.113135,0.333333,0.944491,0.126670,0.082835
100,0.893233,0.548583,0.913883,0.500820,0.226024,0.960769,0.123576,0.111766,0.333333,0.944491,0.155902,0.086614
101,0.897744,0.596154,0.935661,0.501557,0.204307,0.960769,0.075237,0.241378,0.333333,0.984020,0.164811,0.082913
102,0.907519,0.595142,0.962951,0.501587,0.178955,0.960769,0.000890,0.352650,0.333333,0.845248,0.190145,0.083543
103,0.906015,0.546559,0.977552,0.501004,0.199288,0.960769,0.000000,0.370429,0.333333,0.854500,0.220490,0.080866
104,0.897744,0.570850,0.991458,0.501235,0.220031,0.960769,0.004575,0.337762,0.333333,0.882254,0.255290,0.080472
105,0.921053,0.630567,1.000000,0.501587,0.223975,0.960769,0.179889,0.072976,0.333333,0.999159,0.280902,0.078740
106,0.916541,0.758097,0.994438,0.501051,0.206228,0.960769,0.195922,0.084687,0.200000,0.857864,0.324889,0.084409
107,0.921053,0.710526,0.970748,0.500161,0.197777,0.960769,0.357069,0.011944,0.166667,0.335576,0.359688,0.095906
108,0.927068,0.767206,0.970883,0.500054,0.209173,0.960769,0.401359,0.000000,0.000000,0.033642,0.387528,0.109291
109,0.912030,0.782389,0.971019,0.500130,0.204051,0.960769,0.401359,0.000000,0.166667,0.033642,0.387528,0.113780
110,0.921805,0.791498,0.971154,0.500084,0.215191,0.960769,0.401359,0.000000,0.133333,0.033642,0.382795,0.118110
111,0.923308,0.788462,0.971289,0.500054,0.209685,0.960769,0.401359,0.000000,0.133333,0.033642,0.359688,0.118110
112,0.905263,0.779352,0.971424,0.500054,0.209967,0.960769,0.401359,0.000000,0.166667,0.033642,0.336860,0.118110
113,0.922556,0.773279,0.971560,0.500100,0.196727,0.960769,0.401359,0.000000,0.000000,0.033642,0.305958,0.118110
114,0.916541,0.778340,0.971695,0.500176,0.227893,0.960769,0.401359,0.000000,0.000000,0.033642,0.288697,0.114331
115,0.924060,0.773279,0.971830,0.500054,0.225998,0.960769,0.401359,0.000000,0.066667,0.033642,0.234967,0.110236
116,0.910526,0.775304,0.971965,0.503581,0.221363,0.960769,0.401359,0.000000,0.333333,0.033642,0.212138,0.110236
117,0.896992,0.763158,0.972101,0.504654,0.232528,0.960769,0.401359,0.000000,0.200000,0.033642,0.192650,0.107480
118,0.896992,0.774291,0.972236,0.504654,0.229097,0.960769,0.401359,0.000000,0.333333,0.033642,0.168151,0.102362
119,0.909023,0.787449,0.972371,0.504654,0.225691,0.960769,0.401359,0.000000,0.333333,0.033642,0.137806,0.102362
120,0.912030,0.783401,0.972506,0.504654,0.236498,0.960769,0.401359,0.000000,0.233333,0.033642,0.136971,0.098031
121,0.912030,0.768219,0.972642,0.504654,0.225435,0.960769,0.401359,0.000000,0.000000,0.033642,0.136971,0.094488
122,0.910526,0.776316,0.972777,0.504654,0.234398,0.960769,0.401359,0.000000,0.166667,0.033642,0.136971,0.094488
123,0.914286,0.775304,0.972912,0.504654,0.240032,0.960769,0.401359,0.000000,0.300000,0.033642,0.136971,0.088583
124,0.917293,0.768219,0.973047,0.504654,0.233501,0.961970,0.401359,0.000000,0.166667,0.033642,0.145323,0.086614
125,0.906015,0.774291,0.973183,0.504654,0.234603,0.964071,0.401359,0.000000,0.000000,0.033642,0.164811,0.084252
126,0.896241,0.762146,0.973318,0.504654,0.219622,0.960769,0.401359,0.000000,0.166667,0.033642,0.174555,0.078740
127,0.918045,0.772267,0.973453,0.504654,0.225512,0.960769,0.401359,0.000000,0.333333,0.033642,0.192650,0.078740
128,0.916541,0.756073,0.973588,0.504654,0.238418,0.960769,0.401359,0.000000,0.333333,0.033642,0.204621,0.075591
129,0.918797,0.762146,0.973724,0.504654,0.241056,0.960769,0.401359,0.000000,0.333333,0.033642,0.220490,0.070866
130,0.915789,0.777328,0.973859,0.504654,0.257599,0.960769,0.401359,0.000000,0.333333,0.033642,0.233853,0.070866
131,0.915789,0.768219,0.973994,0.504654,0.253989,0.960769,0.401359,0.000000,0.266667,0.033642,0.248330,0.070866
132,0.898496,0.768219,0.974129,0.504654,0.249097,0.960769,0.401359,0.000000,0.066667,0.033642,0.249165,0.067087
133,0.917293,0.773279,0.974265,0.504654,0.233809,0.960769,0.401359,0.000000,0.333333,0.033642,0.276169,0.062992
134,0.908271,0.768219,0.974400,0.504654,0.244667,0.960769,0.401359,0.000000,0.333333,0.033642,0.276169,0.062992
135,0.898496,0.773279,0.974535,0.504654,0.255858,0.960769,0.401359,0.000000,0.333333,0.033642,0.278953,0.058740
136,0.914286,0.772267,0.974670,0.504654,0.253681,0.960769,0.401359,0.000000,0.333333,0.033642,0.304009,0.055118
137,0.886466,0.774291,0.974806,0.504654,0.233527,0.960769,0.401359,0.000000,0.333333,0.033642,0.304009,0.055118
138,0.907519,0.781377,0.974941,0.504654,0.224820,0.960769,0.401359,0.000000,0.333333,0.033642,0.304009,0.055118
139,0.915789,0.765182,0.975076,0.504640,0.222720,0.960769,0.401359,0.000000,0.333333,0.033642,0.304009,0.055118
140,0.908271,0.768219,0.975211,0.504626,0.242029,0.960769,0.401359,0.000000,0.333333,0.033642,0.304009,0.055118
141,0.915789,0.771255,0.975347,0.504612,0.236242,0.960769,0.401359,0.000000,0.333333,0.033642,0.304009,0.049055
142,0.915789,0.771255,0.975482,0.504597,0.232836,0.960769,0.401359,0.000000,0.333333,0.033642,0.294822,0.050945
143,0.912782,0.759109,0.975617,0.504583,0.205306,0.960769,0.401359,0.000000,0.333333,0.033642,0.276169,0.047244
144,0.921053,0.764170,0.975752,0.504569,0.192502,0.960769,0.401359,0.000000,0.333333,0.033642,0.276169,0.047244
145,0.929323,0.781377,0.975888,0.504554,0.173500,0.960769,0.401359,0.000000,0.333333,0.033642,0.251114,0.047244
146,0.913534,0.764170,0.976023,0.504540,0.190888,0.960769,0.401359,0.000000,0.333333,0.033642,0.248330,0.047244
147,0.912030,0.764170,0.976158,0.504526,0.167815,0.960769,0.401359,0.000000,0.333333,0.033642,0.248330,0.047244
148,0.918045,0.777328,0.976293,0.504511,0.153115,0.960769,0.401359,0.000000,0.333333,0.033642,0.248330,0.047244
149,0.891729,0.773279,0.976429,0.504497,0.160593,0.960769,0.401359,0.000000,0.333333,0.033642,0.248330,0.047244
150,0.900000,0.773279,0.976564,0.504483,0.184589,0.960769,0.401359,0.000000,0.333333,0.033642,0.248330,0.046850
151,0.904511,0.778340,0.976699,0.504469,0.185382,0.960769,0.401359,0.000000,0.333333,0.033642,0.248330,0.039370
152,0.906015,0.772267,0.976834,0.504454,0.187687,0.960769,0.401359,0.000000,0.333333,0.033642,0.230791,0.039370
153,0.890977,0.764170,0.976970,0.504440,0.197291,0.960769,0.401359,0.000000,0.333333,0.033642,0.226058,0.039370
154,0.900752,0.774291,0.977105,0.504426,0.185229,0.960769,0.401359,0.000000,0.333333,0.033642,0.242205,0.039370
155,0.895489,0.767206,0.977240,0.504411,0.201209,0.960769,0.401359,0.000000,0.333333,0.033642,0.240535,0.039370
156,0.921805,0.771255,0.977375,0.504397,0.173372,0.960769,0.401359,0.000000,0.333333,0.033642,0.248330,0.039370
157,0.906015,0.758097,0.977511,0.504383,0.165023,0.960769,0.401359,0.000000,0.333333,0.033642,0.248330,0.039370
158,0.914286,0.764170,0.977646,0.504368,0.165126,0.960769,0.401359,0.000000,0.333333,0.033642,0.248330,0.033307
159,0.915038,0.777328,0.977781,0.504354,0.173551,0.960769,0.401359,0.000000,0.333333,0.033642,0.248330,0.031496
160,0.925564,0.784413,0.977916,0.504340,0.171093,0.960769,0.401359,0.000000,0.333333,0.033642,0.258073,0.031496
161,0.921053,0.770243,0.978052,0.504326,0.162770,0.960769,0.401359,0.000000,0.333333,0.033642,0.251670,0.031496
162,0.900000,0.768219,0.978187,0.504311,0.163820,0.960769,0.401359,0.000000,0.333333,0.033642,0.248330,0.031496
163,0.914286,0.773279,0.978322,0.504297,0.190735,0.960769,0.401359,0.000000,0.333333,0.033642,0.261693,0.031496
164,0.908271,0.768219,0.978457,0.504283,0.188993,0.960769,0.401359,0.000000,0.333333,0.033642,0.274220,0.031496
165,0.908271,0.777328,0.978593,0.504268,0.200697,0.960769,0.401359,0.000000,0.333333,0.033642,0.276169,0.031496
166,0.901504,0.774291,0.978728,0.504254,0.209788,0.960769,0.401359,0.000000,0.333333,0.033642,0.276169,0.031496
167,0.911278,0.774291,0.978863,0.504240,0.212989,0.960769,0.401359,0.000000,0.333333,0.033642,0.276169,0.031496
168,0.912030,0.773279,0.978998,0.504226,0.211350,0.960769,0.401359,0.000000,0.333333,0.033642,0.276169,0.030866
169,0.908271,0.763158,0.979134,0.504211,0.188225,0.960769,0.401359,0.000000,0.333333,0.033642,0.276169,0.023622
170,0.890226,0.773279,0.979269,0.504197,0.176394,0.960769,0.401359,0.000000,0.333333,0.033642,0.276169,0.023622
171,0.906015,0.764170,0.979404,0.504183,0.192937,0.960769,0.401359,0.000000,0.333333,0.033642,0.276169,0.023622
172,0.924060,0.776316,0.979539,0.504168,0.200953,0.960769,0.401359,0.000000,0.333333,0.033642,0.276169,0.023622
173,0.918045,0.769231,0.979674,0.504154,0.189634,0.960769,0.401359,0.000000,0.333333,0.033642,0.276169,0.023622
174,0.915038,0.768219,0.979810,0.504140,0.191273,0.960769,0.401359,0.000000,0.333333,0.033642,0.276169,0.023622
175,0.915789,0.770243,0.979945,0.504125,0.197803,0.960769,0.401359,0.000000,0.333333,0.033642,0.276169,0.023622
176,0.917293,0.766194,0.980080,0.504111,0.202284,0.960769,0.401359,0.000000,0.333333,0.033642,0.276169,0.023622
177,0.905263,0.778340,0.980215,0.504097,0.201286,0.960769,0.401359,0.000000,0.333333,0.033642,0.276169,0.023622
178,0.912030,0.776316,0.980351,0.504083,0.215524,0.960769,0.401359,0.000000,0.000000,0.033642,0.276169,0.023622
179,0.919549,0.760121,0.980486,0.504068,0.191529,0.960769,0.401359,0.000000,0.333333,0.033642,0.276169,0.023622
180,0.900000,0.761134,0.980621,0.504054,0.184153,0.960769,0.401359,0.000000,0.333333,0.033642,0.276169,0.023622
181,0.891729,0.761134,0.980756,0.504040,0.204743,0.960769,0.401359,0.000000,0.333333,0.033642,0.276169,0.023622
182,0.915789,0.767206,0.980892,0.504025,0.204999,0.960769,0.401359,0.000000,0.333333,0.033642,0.276169,0.023622
183,0.918797,0.761134,0.981027,0.504011,0.217470,0.960769,0.401359,0.000000,0.333333,0.033642,0.263641,0.023622
184,0.892481,0.770243,0.981162,0.503997,0.222976,0.960769,0.401359,0.000000,0.333333,0.033642,0.261414,0.023622
185,0.906015,0.778340,0.981297,0.503982,0.220953,0.960769,0.401359,0.000000,0.333333,0.033642,0.276169,0.023622
186,0.938346,0.759109,0.981433,0.503968,0.208815,0.960769,0.401359,0.000000,0.333333,0.033642,0.275612,0.019843
187,0.924060,0.767206,0.981568,0.503954,0.214807,0.960769,0.401359,0.000000,0.333333,0.033642,0.248330,0.019685
188,0.912782,0.768219,0.981703,0.503940,0.234142,0.960769,0.401359,0.000000,0.333333,0.033642,0.248330,0.015748
189,0.912030,0.768219,0.981838,0.503925,0.222234,0.960769,0.401359,0.000000,0.333333,0.033642,0.248330,0.015748
190,0.904511,0.768219,0.981974,0.503911,0.209122,0.960769,0.401359,0.000000,0.333333,0.033642,0.248330,0.015748
191,0.927068,0.773279,0.982109,0.503897,0.209071,0.960769,0.401359,0.000000,0.333333,0.033642,0.248330,0.015748
192,0.900752,0.763158,0.982244,0.503882,0.206356,0.960769,0.401359,0.000000,0.333333,0.033642,0.248330,0.015748
193,0.911278,0.769231,0.982379,0.503868,0.206689,0.960769,0.401359,0.000000,0.333333,0.033642,0.248330,0.015748
194,0.900752,0.772267,0.982515,0.503854,0.203462,0.960769,0.401359,0.000000,0.333333,0.033642,0.248330,0.015748
195,0.912030,0.769231,0.982650,0.503840,0.189864,0.960769,0.401359,0.000000,0.333333,0.033642,0.248330,0.015748
196,0.905263,0.763158,0.982785,0.503825,0.191682,0.963070,0.401359,0.000000,0.333333,0.033642,0.248330,0.015748
197,0.906767,0.772267,0.982920,0.503811,0.185126,0.963070,0.401359,0.000000,0.333333,0.033642,0.248330,0.015748
198,0.912030,0.781377,0.983056,0.503797,0.213117,0.960769,0.401359,0.000000,0.333333,0.033642,0.261693,0.015748
199,0.916541,0.781377,0.983191,0.503782,0.213783,0.960769,0.401359,0.000000,0.333333,0.033642,0.257238,0.015748
200,0.912030,0.761134,0.983326,0.503768,0.199160,0.960769,0.401359,0.000000,0.333333,0.033642,0.253062,0.015748
201,0.893985,0.773279,0.983461,0.503754,0.193782,0.960769,0.401359,0.000000,0.333333,0.033642,0.258909,0.015748
202,0.912782,0.762146,0.983597,0.503739,0.193475,0.960769,0.401359,0.000000,0.333333,0.033642,0.276169,0.015748
203,0.899248,0.767206,0.983732,0.503725,0.176496,0.960769,0.401359,0.000000,0.333333,0.033642,0.276169,0.015748
204,0.895489,0.773279,0.983867,0.503711,0.170453,0.960769,0.401359,0.000000,0.333333,0.033642,0.276169,0.015748
205,0.914286,0.773279,0.984002,0.503697,0.190351,0.960769,0.401359,0.000000,0.333333,0.033642,0.276169,0.015748
206,0.903008,0.760121,0.984138,0.503682,0.198673,0.960769,0.401359,0.000000,0.333333,0.033642,0.276169,0.015748
207,0.896992,0.758097,0.984273,0.503668,0.194474,0.960769,0.401359,0.000000,0.333333,0.033642,0.276169,0.015748
208,0.909774,0.767206,0.984408,0.503654,0.187252,0.960769,0.401359,0.000000,0.333333,0.033642,0.276169,0.015748
209,0.916541,0.781377,0.984543,0.503639,0.177905,0.960769,0.401359,0.000000,0.333333,0.033642,0.276169,0.015748
210,0.905263,0.770243,0.984679,0.503625,0.183436,0.960769,0.401359,0.000000,0.333333,0.033642,0.276169,0.015197
211,0.905263,0.768219,0.984814,0.503611,0.179979,0.960769,0.401359,0.000000,0.333333,0.033642,0.276169,0.007874
212,0.896992,0.768219,0.984949,0.503596,0.174115,0.960769,0.401359,0.000000,0.333333,0.033642,0.276169,0.007874
213,0.918797,0.763158,0.985084,0.503582,0.162565,0.965072,0.401359,0.000000,0.333333,0.033642,0.276169,0.009055
214,0.916541,0.783401,0.985220,0.503568,0.172040,0.961069,0.401359,0.000000,0.333333,0.033642,0.276169,0.012205
215,0.916541,0.770243,0.985355,0.503554,0.175779,0.960769,0.401359,0.000000,0.333333,0.033642,0.276169,0.010866
216,0.902256,0.767206,0.985490,0.503539,0.182898,0.962470,0.401359,0.000000,0.333333,0.033642,0.276169,0.009449
217,0.909023,0.768219,0.985625,0.503525,0.185920,0.970777,0.401359,0.000000,0.333333,0.033642,0.276169,0.010000
218,0.915789,0.763158,0.985761,0.503511,0.184793,0.963571,0.401359,0.000000,0.333333,0.033642,0.276169,0.007874
219,0.918045,0.773279,0.985896,0.503496,0.175677,0.960769,0.401359,0.000000,0.333333,0.033642,0.276169,0.007874
220,0.905263,0.767206,0.986031,0.503482,0.168890,0.965072,0.401359,0.000000,0.333333,0.033642,0.276169,0.007874
221,0.903759,0.769231,0.986166,0.503468,0.180158,0.961269,0.401359,0.000000,0.333333,0.033642,0.276169,0.007874
222,0.914286,0.756073,0.986302,0.503454,0.170760,0.960769,0.401359,0.000000,0.333333,0.033642,0.276169,0.007874
223,0.897744,0.768219,0.986437,0.503439,0.160260,0.960769,0.401359,0.000000,0.333333,0.033642,0.276169,0.007874
224,0.900000,0.766194,0.986572,0.503425,0.160414,0.960769,0.401359,0.000000,0.333333,0.033642,0.276169,0.007874
225,0.922556,0.765182,0.986707,0.503411,0.164870,0.965272,0.401359,0.000000,0.333333,0.033642,0.276169,0.007874
226,0.920301,0.773279,0.986843,0.503396,0.172271,0.960769,0.401359,0.000000,0.333333,0.033642,0.276169,0.007874
227,0.893233,0.755061,0.986978,0.503382,0.167175,0.960769,0.401359,0.000000,0.333333,0.033642,0.276169,0.011575
228,0.895489,0.756073,0.987113,0.503368,0.158852,0.960769,0.401359,0.000000,0.333333,0.033642,0.276169,0.008031
229,0.896992,0.766194,0.987248,0.503353,0.165740,0.960769,0.401359,0.000000,0.333333,0.033642,0.274220,0.007874
230,0.896992,0.763158,0.987384,0.503339,0.170401,0.960769,0.401359,0.000000,0.333333,0.033642,0.264198,0.007874
231,0.892481,0.780364,0.987519,0.503325,0.166739,0.960769,0.401359,0.000000,0.333333,0.033642,0.273385,0.007874
232,0.910526,0.770243,0.987654,0.503311,0.158929,0.960769,0.401359,0.000000,0.333333,0.033642,0.265590,0.007874
233,0.909023,0.764170,0.987789,0.503296,0.162744,0.960769,0.401359,0.000000,0.333333,0.033642,0.276169,0.007874
234,0.909023,0.763158,0.987925,0.503282,0.161925,0.960769,0.401359,0.000000,0.333333,0.033642,0.276169,0.007874
235,0.911278,0.763158,0.988060,0.503268,0.163410,0.960769,0.401359,0.000000,0.333333,0.033642,0.276169,0.007874
236,0.891729,0.767206,0.988195,0.503253,0.146944,0.960769,0.401359,0.000000,0.333333,0.033642,0.262806,0.007874
237,0.899248,0.754049,0.988330,0.503239,0.151912,0.960769,0.401359,0.000000,0.333333,0.033642,0.263085,0.007874
238,0.901504,0.762146,0.988466,0.503225,0.147507,0.960769,0.401359,0.000000,0.333333,0.033642,0.255290,0.007874
239,0.923308,0.763158,0.988601,0.503211,0.150273,0.960769,0.401359,0.000000,0.333333,0.033642,0.270045,0.007874
240,0.917293,0.759109,0.988736,0.503196,0.152680,0.960769,0.401359,0.000000,0.333333,0.033642,0.276169,0.007874
241,0.901504,0.768219,0.988871,0.503182,0.145100,0.960769,0.401359,0.000000,0.333333,0.033642,0.276169,0.007874
242,0.907519,0.768219,0.989007,0.503168,0.153192,0.960769,0.401359,0.000000,0.333333,0.033642,0.276169,0.007874
243,0.907519,0.773279,0.989142,0.503153,0.164972,0.960769,0.401359,0.000000,0.333333,0.033642,0.276169,0.007874
244,0.905263,0.767206,0.989277,0.503139,0.176086,0.960769,0.401359,0.000000,0.333333,0.033642,0.276169,0.007874
245,0.904511,0.768219,0.989412,0.503125,0.171426,0.960769,0.401359,0.000000,0.333333,0.033642,0.276169,0.007874
246,0.897744,0.757085,0.989548,0.503110,0.166739,0.960769,0.401359,0.000000,0.333333,0.033642,0.276169,0.007874
247,0.903759,0.765182,0.989683,0.503096,0.160567,0.960769,0.401359,0.000000,0.333333,0.033642,0.276169,0.007874
248,0.909774,0.772267,0.989818,0.503082,0.163999,0.960769,0.401359,0.000000,0.333333,0.033642,0.276169,0.007874
249,0.906015,0.761134,0.989953,0.503068,0.156137,0.960769,0.401359,0.000000,0.333333,0.033642,0.276169,0.003543
250,0.910526,0.761134,0.990089,0.503053,0.141719,0.960769,0.401359,0.000000,0.333333,0.033642,0.276169,0.007874
251,0.906767,0.763158,0.990224,0.503039,0.140157,0.960769,0.401359,0.000000,0.333333,0.033642,0.276169,0.007874
252,0.906767,0.771255,0.990359,0.503025,0.134549,0.960769,0.401359,0.000000,0.333333,0.033642,0.276169,0.007874
253,0.904511,0.765182,0.990494,0.503010,0.136751,0.960769,0.401359,0.000000,0.333333,0.033642,0.276169,0.007874
254,0.910526,0.763158,0.990630,0.502996,0.149453,0.960769,0.401359,0.000000,0.333333,0.033642,0.276169,0.007874
255,0.900752,0.761134,0.990765,0.502982,0.170632,0.960769,0.401359,0.000000,0.333333,0.033642,0.276169,0.007874
256,0.902256,0.763158,0.990900,0.502967,0.165869,0.960769,0.401359,0.000000,0.333333,0.033642,0.276169,0.007874
257,0.903759,0.774291,0.991035,0.501557,0.153167,0.960769,0.401359,0.000000,0.333333,0.033642,0.276169,0.007874
258,0.921053,0.750000,0.991171,0.501541,0.172988,0.960769,0.401359,0.000000,0.333333,0.033642,0.276169,0.007874
259,0.930827,0.758097,0.991306,0.501541,0.166534,0.960769,0.401359,0.000000,0.333333,0.033642,0.276169,0.007874
260,0.887970,0.763158,0.991441,0.501587,0.154473,0.960769,0.401359,0.000000,0.333333,0.033642,0.276169,0.007874
261,0.903759,0.768219,0.991576,0.501557,0.169428,0.960769,0.401359,0.000000,0.333333,0.033642,0.276169,0.007874
262,0.901504,0.763158,0.991712,0.501587,0.165331,0.960769,0.401359,0.000000,0.333333,0.033642,0.276169,0.007874
263,0.909023,0.758097,0.991847,0.501557,0.147635,0.960769,0.401359,0.000000,0.333333,0.033642,0.300390,0.007874
264,0.915789,0.764170,0.991982,0.501557,0.156496,0.960769,0.401359,0.000000,0.333333,0.033642,0.296214,0.007874
265,0.913534,0.766194,0.992117,0.501557,0.154088,0.960769,0.437618,0.010574,0.333333,0.195963,0.276169,0.007874
266,0.912782,0.792510,0.992252,0.500253,0.158442,0.960769,0.374146,0.021572,0.300000,0.595458,0.302617,0.007874
267,0.909023,0.774291,0.976745,0.500100,0.163487,0.960769,0.401359,0.000000,0.200000,0.035324,0.277004,0.007874
268,0.900752,0.773279,0.961238,0.500468,0.153986,0.960769,0.486723,0.039310,0.333333,0.297729,0.276169,0.007874
269,0.927068,0.765182,0.943905,0.501587,0.160542,0.960769,0.440892,0.012190,0.333333,0.248949,0.276169,0.015512
270,0.901504,0.763158,0.946817,0.501587,0.159389,0.960769,0.401359,0.000000,0.100000,0.042052,0.276169,0.019843
271,0.918045,0.763158,0.949729,0.501587,0.166483,0.960769,0.401359,0.000000,0.066667,0.042052,0.276169,0.023622
272,0.930827,0.761134,0.952641,0.501587,0.162078,0.960769,0.401359,0.000000,0.300000,0.042052,0.276169,0.023622
273,0.921053,0.750000,0.955553,0.501587,0.155523,0.960769,0.401359,0.000000,0.233333,0.042052,0.287305,0.015748
274,0.916541,0.768219,0.958465,0.501587,0.151784,0.960769,0.401359,0.000000,0.333333,0.042052,0.276169,0.015748
275,0.900752,0.753036,0.961378,0.501587,0.164614,0.960769,0.401359,0.000000,0.333333,0.042052,0.276169,0.015748
276,0.918797,0.743927,0.964290,0.501587,0.155113,0.960769,0.401359,0.000000,0.333333,0.042052,0.276169,0.015748
277,0.913534,0.758097,0.967202,0.501587,0.145842,0.960769,0.401359,0.000000,0.333333,0.042052,0.276169,0.015748
278,0.904511,0.753036,0.970114,0.501587,0.151118,0.960769,0.401359,0.000000,0.333333,0.042052,0.276169,0.014331
279,0.927820,0.761134,0.973026,0.501587,0.160388,0.960769,0.401359,0.000000,0.333333,0.042052,0.276169,0.013543
280,0.911278,0.751012,0.975938,0.376616,0.149069,0.960769,0.597894,0.083249,0.333333,0.693860,0.276169,0.013937
281,0.928571,0.750000,0.976633,0.144693,0.138569,0.960769,0.633215,0.087659,0.333333,0.852817,0.276169,0.016299
282,0.916541,0.760121,0.969805,0.200531,0.134139,0.965572,0.632143,0.084742,0.333333,0.837679,0.276169,0.032520
283,0.911278,0.746964,0.967371,0.303342,0.143538,0.960769,0.669714,0.173634,0.333333,0.854500,0.276169,0.046299
284,0.915038,0.730769,0.971965,0.492355,0.143717,0.968975,0.801187,0.347761,0.333333,0.765349,0.276169,0.059213
285,0.906767,0.739879,0.959524,0.512982,0.143230,0.970777,0.802240,0.408780,0.333333,0.737595,0.266425,0.097795
286,0.900000,0.718623,0.945817,0.459843,0.135394,0.970777,0.801216,0.394576,0.333333,0.738436,0.252506,0.137795
287,0.888722,0.705466,0.932805,0.505774,0.142001,0.975480,0.801570,0.373510,0.333333,0.743482,0.264198,0.187638
288,0.870677,0.690283,0.920687,0.466208,0.121488,0.975280,0.801666,0.363306,0.333333,0.753574,0.286470,0.222283
289,0.860150,0.701417,0.909712,0.458816,0.117109,0.973479,0.801311,0.348171,0.333333,0.758621,0.307628,0.249764
290,0.848872,0.716599,0.899357,0.487662,0.102333,0.981785,0.801608,0.340364,0.333333,0.764508,0.331849,0.276535
291,0.833835,0.703441,0.894266,0.455733,0.093626,0.979584,0.823969,0.416614,0.333333,0.735913,0.354677,0.292756
292,0.823308,0.696356,0.895731,0.494364,0.112653,0.985488,0.868718,0.544377,0.333333,0.751051,0.368597,0.313386
293,0.800752,0.706478,0.884830,0.476268,0.116751,0.980785,0.868651,0.543008,0.333333,0.751051,0.387528,0.341575
294,0.782707,0.703441,0.874177,0.480501,0.110374,0.986789,0.869053,0.526914,0.333333,0.751051,0.387528,0.373858
295,0.765414,0.702429,0.864890,0.473323,0.108505,0.990793,0.868096,0.511163,0.333333,0.747687,0.387528,0.403543
296,0.739850,0.689271,0.856174,0.460794,0.101053,0.990793,0.868383,0.498425,0.333333,0.748528,0.387528,0.427008
297,0.720301,0.729757,0.848650,0.488245,0.092192,0.990793,0.867732,0.487810,0.333333,0.746005,0.387528,0.447480
298,0.702256,0.729757,0.841598,0.476222,0.075085,0.990793,0.867933,0.473497,0.333333,0.746846,0.387528,0.463622
299,0.675188,0.708502,0.835341,0.460441,0.085508,0.995496,0.868316,0.466306,0.333333,0.746846,0.387528,0.474646
300,0.661654,0.735830,0.829381,0.501004,0.076391,0.990793,0.867876,0.449842,0.333333,0.746005,0.363864,0.486850
301,0.650376,0.754049,0.827047,0.495898,0.085943,0.990793,0.879678,0.523326,0.333333,0.731707,0.359688,0.490945
302,0.639850,0.733806,0.845522,0.484948,0.094215,0.990793,0.953929,0.799411,0.666667,0.769554,0.334633,0.502598
303,0.603759,0.700405,0.838047,0.473523,0.084228,0.990793,0.957471,0.795370,0.666667,0.772918,0.306793,0.526535
304,0.581203,0.779352,0.831243,0.482080,0.083690,1.000000,0.958026,0.783591,0.666667,0.777124,0.319878,0.561181
305,0.556391,0.726721,0.825532,0.496956,0.096212,0.996097,0.961376,0.777085,0.666667,0.767872,0.331849,0.589764
306,0.533083,0.731781,0.820293,0.499732,0.083280,0.994996,0.963138,0.777524,0.666667,0.768713,0.331849,0.613228
307,0.502256,0.736842,0.815376,0.500437,0.074035,0.990793,0.964832,0.779249,0.666667,0.772077,0.331849,0.632520
308,0.486466,0.759109,0.811254,0.493659,0.079797,0.993495,0.968747,0.783208,0.533333,0.781329,0.331849,0.650000
309,0.474436,0.761134,0.807579,0.476851,0.088222,0.997298,0.969513,0.787426,0.666667,0.805719,0.331849,0.662756
310,0.448120,0.782389,0.804028,0.464199,0.106815,0.994596,0.972509,0.788385,0.666667,0.812447,0.331849,0.676220
311,0.433835,0.778340,0.801222,0.473876,0.099951,0.991593,0.974442,0.778003,0.666667,0.811606,0.310134,0.687008
312,0.415038,0.766194,0.798689,0.502032,0.083920,0.990793,0.976070,0.772922,0.666667,0.804037,0.312639,0.699843
313,0.400000,0.757085,0.796578,0.517046,0.089964,0.990793,0.980186,0.783660,0.666667,0.814130,0.307628,0.708661
314,0.388722,0.752024,0.794592,0.508872,0.095419,0.990793,0.980923,0.801603,0.666667,0.828427,0.304009,0.715748
315,0.381955,0.797571,0.792580,0.482034,0.095956,0.990793,0.981497,0.817765,0.666667,0.841884,0.304009,0.720709
316,0.384962,0.831984,0.790370,0.465119,0.085969,0.990793,0.981957,0.810916,0.666667,0.841043,0.304009,0.732835
317,0.367669,0.765182,0.788334,0.469689,0.093933,0.995496,0.982100,0.788796,0.666667,0.827586,0.304009,0.741102
318,0.352632,0.806680,0.786546,0.502201,0.091833,0.990793,0.982004,0.769758,0.666667,0.816653,0.304009,0.748031
319,0.342857,0.733806,0.785255,0.525174,0.075008,0.990793,0.982043,0.765183,0.666667,0.811606,0.304009,0.752362
320,0.318045,0.796559,0.784162,0.519116,0.081231,0.990793,0.982387,0.774414,0.666667,0.814971,0.295657,0.755906
321,0.317293,0.782389,0.782871,0.484841,0.092986,0.990793,0.982646,0.786536,0.666667,0.825904,0.276169,0.755906
322,0.327068,0.834008,0.781754,0.463125,0.100515,0.990793,0.981909,0.786673,0.666667,0.827586,0.276169,0.762756
323,0.312782,0.838057,0.780835,0.459981,0.094522,0.990793,0.982866,0.764005,0.666667,0.816653,0.276169,0.763780
324,0.315789,0.813765,0.780115,0.498520,0.099157,0.990793,0.982004,0.748733,0.666667,0.807401,0.276169,0.763780
325,0.312030,0.769231,0.779717,0.508228,0.082768,0.990492,0.982100,0.750788,0.666667,0.803196,0.261414,0.763780
326,0.316541,0.819838,0.779072,0.505452,0.095291,0.980084,0.982196,0.757020,0.666667,0.805719,0.248330,0.767874
327,0.315038,0.826923,0.778277,0.490745,0.096161,0.976882,0.982684,0.764402,0.666667,0.810765,0.248330,0.771654
328,0.303759,0.845142,0.777731,0.481145,0.091782,0.982186,0.981842,0.764895,0.666667,0.812447,0.248330,0.771654
329,0.298496,0.853239,0.777135,0.481145,0.101923,0.988991,0.983249,0.759417,0.666667,0.810765,0.248330,0.771654
330,0.293233,0.752024,0.776713,0.490392,0.098645,0.982986,0.982483,0.748459,0.666667,0.804037,0.248330,0.771654
331,0.303008,0.770243,0.776514,0.490469,0.102640,0.985989,0.982990,0.736817,0.666667,0.797309,0.244154,0.771654
332,0.295489,0.761134,0.776340,0.523870,0.102820,0.985989,0.982196,0.738734,0.666667,0.798991,0.220490,0.771654
333,0.282707,0.799595,0.776241,0.515282,0.097390,0.979584,0.982722,0.751267,0.666667,0.799832,0.220490,0.771654
334,0.282707,0.782389,0.775918,0.492815,0.094010,0.984287,0.982579,0.754349,0.666667,0.805719,0.220490,0.771654
335,0.266917,0.758097,0.775397,0.492386,0.088120,0.984788,0.983249,0.748733,0.666667,0.801514,0.220490,0.774409
336,0.286466,0.763158,0.775422,0.496833,0.098466,0.985989,0.983182,0.744035,0.666667,0.799832,0.220490,0.779528
337,0.278195,0.810729,0.775372,0.503013,0.099209,0.981485,0.981976,0.740857,0.666667,0.799832,0.220490,0.779528
338,0.275188,0.786437,0.775322,0.502400,0.100976,0.975981,0.982387,0.740241,0.666667,0.798991,0.220490,0.779528
339,0.263158,0.754049,0.775049,0.502845,0.113703,0.981285,0.982674,0.741679,0.666667,0.797309,0.220490,0.779528
340,0.277444,0.839069,0.775074,0.496296,0.105739,0.979484,0.983057,0.743254,0.666667,0.798150,0.220490,0.779528
341,0.266165,0.856275,0.774577,0.524729,0.101898,0.980484,0.982004,0.770032,0.666667,0.809924,0.207127,0.779528
342,0.262406,0.836032,0.774254,0.473415,0.102743,0.972478,0.982550,0.813724,0.666667,0.844407,0.220490,0.779528
343,0.276692,0.763158,0.774552,0.407272,0.132244,0.982586,0.983230,0.807424,0.666667,0.848612,0.220490,0.784488
344,0.265414,0.853239,0.774627,0.437913,0.150964,0.990793,0.983584,0.796590,0.666667,0.840202,0.220490,0.788819
345,0.254135,0.859312,0.774130,0.468186,0.160439,0.990793,0.983277,0.795425,0.666667,0.834315,0.220490,0.795276
346,0.274436,0.869433,0.773956,0.428543,0.175011,0.990793,0.983019,0.776113,0.666667,0.828427,0.220490,0.796614
347,0.290977,0.687247,0.773509,0.482954,0.181516,0.990793,0.983153,0.732297,0.666667,0.796468,0.220490,0.799370
348,0.239850,0.775304,0.773733,0.524898,0.166586,0.983487,0.983345,0.727914,0.666667,0.791421,0.220490,0.795669
349,0.261654,0.785425,0.774230,0.549941,0.165843,0.974980,0.982531,0.754212,0.666667,0.799832,0.220490,0.795276
350,0.254135,0.793522,0.774006,0.477295,0.167636,0.976081,0.982866,0.781468,0.666667,0.823381,0.220490,0.795276
351,0.281203,0.786437,0.773410,0.456561,0.197342,0.980785,0.983766,0.765649,0.666667,0.816653,0.220490,0.795276
352,0.256391,0.739879,0.772889,0.493950,0.186765,0.980785,0.983057,0.738597,0.666667,0.796468,0.220490,0.795276
353,0.243609,0.720648,0.772963,0.513212,0.173551,0.980785,0.983029,0.737981,0.666667,0.793103,0.220490,0.795276
354,0.247368,0.757085,0.772616,0.508028,0.196906,0.985789,0.983153,0.741816,0.666667,0.793103,0.220490,0.795276
355,0.259398,0.841093,0.772541,0.508534,0.180312,0.987290,0.982962,0.742433,0.666667,0.795627,0.220490,0.795276
356,0.260902,0.844130,0.772467,0.505114,0.203693,0.985989,0.982579,0.747021,0.666667,0.795627,0.210746,0.795276
357,0.266165,0.870445,0.772144,0.504302,0.188763,0.978783,0.983153,0.745583,0.666667,0.796468,0.216314,0.795276
358,0.242857,0.852227,0.772243,0.501710,0.200261,0.974980,0.983038,0.747952,0.666667,0.794786,0.220490,0.795276
359,0.248872,0.775304,0.772193,0.501909,0.160542,0.980785,0.982761,0.742802,0.666667,0.800673,0.207684,0.795276
360,0.263910,0.743927,0.772169,0.503842,0.196445,0.985488,0.983249,0.740310,0.666667,0.801514,0.194878,0.795276
361,0.224060,0.673077,0.772193,0.500100,0.188737,0.980785,0.982674,0.743939,0.666667,0.805719,0.192650,0.795276
362,0.249624,0.781377,0.772193,0.496864,0.157520,0.980985,0.984589,0.742296,0.666667,0.805719,0.192650,0.795276
363,0.226316,0.828947,0.772069,0.494456,0.171374,0.970777,0.982866,0.742843,0.666667,0.804878,0.192650,0.795276
364,0.227068,0.814777,0.772094,0.496327,0.181413,0.975981,0.982770,0.741816,0.666667,0.804037,0.206570,0.795276
365,0.248120,0.764170,0.772268,0.527735,0.190069,0.980785,0.982962,0.780510,0.666667,0.829268,0.208797,0.795276
366,0.214286,0.848178,0.772765,0.437514,0.213911,0.977082,0.983823,0.791330,0.666667,0.840202,0.220490,0.795276
367,0.278195,0.878543,0.772417,0.434493,0.205127,0.989191,0.984101,0.758937,0.666667,0.820858,0.220490,0.800709
368,0.254887,0.770243,0.772243,0.500314,0.205767,0.985488,0.982311,0.730037,0.666667,0.796468,0.220490,0.803150
369,0.221805,0.804656,0.772392,0.517153,0.185178,0.978583,0.982962,0.733461,0.666667,0.793103,0.220490,0.803150
370,0.229323,0.779352,0.772566,0.508795,0.192476,0.963271,0.982674,0.738529,0.666667,0.794786,0.194878,0.803150
371,0.249624,0.823887,0.772591,0.508028,0.191093,0.966773,0.982339,0.745240,0.666667,0.802355,0.192650,0.799843
372,0.232331,0.787449,0.772467,0.497447,0.174960,0.977482,0.983249,0.753595,0.666667,0.807401,0.192650,0.795276
373,0.250376,0.706478,0.772193,0.490806,0.199006,0.975881,0.983048,0.752459,0.666667,0.810765,0.192650,0.799134
374,0.225564,0.887652,0.771746,0.493873,0.195524,0.970777,0.983574,0.744665,0.666667,0.804037,0.192650,0.803150
375,0.250376,0.708502,0.771821,0.461622,0.206074,0.970777,0.983613,0.721490,0.666667,0.793944,0.192650,0.803150
376,0.228571,0.687247,0.772367,0.544267,0.211273,0.966473,0.982866,0.712724,0.666667,0.778806,0.192650,0.803150
377,0.249624,0.765182,0.773311,0.550202,0.198545,0.960769,0.983249,0.742022,0.666667,0.790580,0.192650,0.798189
378,0.268421,0.652834,0.773087,0.480163,0.202412,0.960769,0.983440,0.751198,0.666667,0.799832,0.192650,0.795276
379,0.247368,0.750000,0.772814,0.494763,0.212246,0.960769,0.983632,0.749418,0.666667,0.801514,0.192650,0.797008
380,0.227820,0.684211,0.771920,0.481083,0.204999,0.960769,0.984206,0.747980,0.666667,0.802355,0.192650,0.797480
381,0.234586,0.810729,0.771796,0.502630,0.220876,0.960769,0.983536,0.736201,0.666667,0.792262,0.192650,0.796220
382,0.258647,0.785425,0.771796,0.510482,0.246741,0.960769,0.983182,0.746473,0.666667,0.795627,0.184020,0.797008
383,0.230075,0.730769,0.771026,0.496910,0.240877,0.960769,0.983249,0.751746,0.666667,0.800673,0.178731,0.801575
384,0.226316,0.650810,0.770505,0.490730,0.249251,0.960769,0.982962,0.754006,0.666667,0.806560,0.164811,0.803150
385,0.205263,0.689271,0.770232,0.485531,0.247996,0.960769,0.983536,0.752979,0.666667,0.805719,0.175947,0.803150
386,0.218045,0.847166,0.769983,0.481850,0.259034,0.960769,0.983345,0.753938,0.666667,0.803196,0.180679,0.803150
387,0.233835,0.753036,0.769685,0.483522,0.270788,0.960769,0.983345,0.746336,0.666667,0.799832,0.164811,0.803150
388,0.227068,0.707490,0.769685,0.483721,0.276908,0.960769,0.983890,0.748939,0.666667,0.800673,0.164811,0.803150
389,0.250376,0.773279,0.769462,0.478814,0.262107,0.960769,0.984110,0.747363,0.666667,0.800673,0.164811,0.803150
390,0.176692,0.908907,0.769586,0.487524,0.252247,0.960769,0.983699,0.742912,0.666667,0.798991,0.164811,0.803150
391,0.208271,0.782389,0.769363,0.493229,0.257625,0.954964,0.983919,0.746062,0.666667,0.798991,0.164811,0.803150
392,0.212782,0.671053,0.768916,0.486374,0.278343,0.950761,0.983632,0.751541,0.666667,0.799832,0.164811,0.803150
393,0.220301,0.716599,0.769089,0.475547,0.274937,0.950761,0.983775,0.758115,0.666667,0.806560,0.164811,0.803150
394,0.223308,0.741903,0.768394,0.474014,0.267280,0.950761,0.983632,0.758115,0.666667,0.811606,0.164811,0.803150
395,0.177444,0.772267,0.768593,0.485945,0.246536,0.950761,0.984397,0.741816,0.666667,0.800673,0.164811,0.803150
396,0.200752,0.618421,0.768717,0.491190,0.273477,0.950761,0.983153,0.738871,0.666667,0.791421,0.164811,0.803150
397,0.234586,0.869433,0.769214,0.482494,0.265743,0.947458,0.983680,0.744761,0.666667,0.787216,0.164811,0.803150
398,0.221805,0.799595,0.769040,0.475900,0.253015,0.949059,0.984158,0.748528,0.666667,0.793944,0.164811,0.803150
399,0.205263,0.673077,0.769487,0.456377,0.244590,0.946757,0.983823,0.754349,0.666667,0.798150,0.164811,0.803150
400,0.224812,0.779352,0.769387,0.470348,0.234705,0.935949,0.983412,0.738460,0.666667,0.787216,0.164811,0.803150
401,0.122556,0.647773,0.769760,0.485147,0.255474,0.945456,0.983536,0.733530,0.666667,0.787216,0.164811,0.803150
402,0.172180,0.722672,0.770132,0.489119,0.271018,0.936549,0.984493,0.737844,0.666667,0.783852,0.164811,0.803150
403,0.190977,0.836032,0.769363,0.488813,0.268278,0.950260,0.983708,0.741720,0.666667,0.786375,0.164811,0.799213
404,0.230827,0.692308,0.769710,0.480669,0.254629,0.946557,0.983957,0.746747,0.666667,0.790580,0.164811,0.795276
405,0.178947,0.831984,0.769611,0.474980,0.255525,0.950761,0.983986,0.748048,0.666667,0.793103,0.164811,0.798976
406,0.193985,0.671053,0.770083,0.474750,0.279879,0.950761,0.983345,0.746610,0.666667,0.793103,0.164811,0.799055
407,0.213534,0.874494,0.768841,0.472189,0.274552,0.950761,0.984015,0.744487,0.666667,0.793103,0.164811,0.799213
408,0.233083,0.684211,0.769288,0.472112,0.286435,0.950761,0.983823,0.743391,0.666667,0.793103,0.164811,0.800000
409,0.222556,0.686235,0.768866,0.471253,0.281108,0.950761,0.983536,0.744213,0.666667,0.791421,0.164811,0.799213
410,0.209023,0.791498,0.768692,0.468125,0.277498,0.950761,0.983536,0.744076,0.666667,0.788898,0.164811,0.803150
411,0.177444,0.677126,0.768518,0.466545,0.289021,0.950761,0.983536,0.743254,0.666667,0.796468,0.164811,0.799213
412,0.246617,0.676113,0.769114,0.460978,0.271121,0.950761,0.983249,0.741679,0.666667,0.793944,0.164811,0.799213
413,0.221805,0.861336,0.769065,0.468462,0.265385,0.950761,0.983565,0.737707,0.666667,0.787216,0.177895,0.803150
414,0.233083,0.642713,0.769189,0.478768,0.301980,0.950761,0.983823,0.732982,0.666667,0.786375,0.186247,0.801024
415,0.195489,0.823887,0.769288,0.485638,0.294860,0.950761,0.983057,0.734831,0.666667,0.785534,0.179287,0.797480
416,0.212782,0.885628,0.769164,0.481927,0.299444,0.950761,0.983153,0.749692,0.666667,0.790580,0.169822,0.796850
417,0.215789,0.914980,0.768692,0.456623,0.305821,0.955464,0.984206,0.754623,0.666667,0.799832,0.188474,0.797795
418,0.222556,0.691296,0.769164,0.446992,0.301852,0.950761,0.984302,0.754910,0.666667,0.799832,0.192650,0.799370
419,0.220301,0.867409,0.769263,0.446102,0.286589,0.950761,0.983823,0.748048,0.666667,0.792262,0.192650,0.803150
420,0.175188,0.835020,0.769114,0.460441,0.281851,0.957766,0.983919,0.742364,0.666667,0.791421,0.192650,0.803150
421,0.214286,0.762146,0.769487,0.469934,0.275654,0.960769,0.983153,0.738529,0.833333,0.793944,0.192650,0.803150
422,0.223308,0.784413,0.769834,0.482954,0.286102,0.957566,0.983345,0.742090,0.666667,0.790580,0.192650,0.803150
423,0.250376,0.709514,0.769661,0.464168,0.279418,0.959067,0.983632,0.754486,0.666667,0.798991,0.192650,0.803150
424,0.172932,0.866397,0.769586,0.464659,0.314272,0.956966,0.983345,0.759280,0.666667,0.803196,0.192650,0.803150
425,0.217293,0.642713,0.769288,0.454307,0.298215,0.955564,0.983536,0.755992,0.666667,0.800673,0.192650,0.803150
426,0.151880,0.741903,0.769065,0.462220,0.273221,0.955464,0.983153,0.752363,0.666667,0.798150,0.192650,0.803150
427,0.100000,0.620445,0.769114,0.457681,0.265385,0.950961,0.984110,0.752979,0.666667,0.798150,0.192650,0.803150
428,0.162406,0.735830,0.768816,0.471790,0.296602,0.950761,0.983632,0.743734,0.666667,0.791421,0.192650,0.803150
429,0.136090,0.655870,0.768369,0.480424,0.285231,0.950761,0.983057,0.747021,0.666667,0.792262,0.192650,0.803150
430,0.157895,0.788462,0.767972,0.456454,0.297600,0.950761,0.984302,0.761608,0.666667,0.804037,0.192650,0.803150
431,0.227820,0.814777,0.768419,0.445688,0.298471,0.945957,0.984015,0.755581,0.666667,0.800673,0.192650,0.803150
432,0.181203,0.636640,0.768940,0.455549,0.300417,0.946757,0.984493,0.742912,0.666667,0.793944,0.192650,0.809291
433,0.168421,0.656883,0.767749,0.457037,0.306717,0.930745,0.984187,0.746309,0.666667,0.796468,0.192650,0.811024
434,0.151880,0.717611,0.768121,0.458064,0.311173,0.935548,0.983727,0.743597,0.666667,0.795627,0.178731,0.804331
435,0.175188,0.719636,0.767798,0.521340,0.321750,0.935548,0.983345,0.764073,0.666667,0.799832,0.192650,0.803150
436,0.181955,0.663968,0.768270,0.477525,0.295859,0.930745,0.983297,0.831667,0.666667,0.843566,0.167595,0.803150
437,0.219549,0.667004,0.770480,0.394160,0.288125,0.930745,0.983249,0.845021,0.666667,0.863751,0.164811,0.811181
438,0.212782,0.699393,0.774230,0.375987,0.286179,0.922538,0.983345,0.842487,0.666667,0.864592,0.181514,0.818898
439,0.317293,0.683198,0.776365,0.384851,0.272862,0.920737,0.984034,0.831324,0.666667,0.856182,0.192650,0.823622
440,0.239098,0.746964,0.777706,0.396951,0.312044,0.930444,0.983536,0.808451,0.666667,0.836838,0.192650,0.826772
441,0.172932,0.756073,0.777731,0.415354,0.339343,0.920737,0.984206,0.765101,0.666667,0.809924,0.192650,0.826772
442,0.231579,0.752024,0.777905,0.467036,0.346232,0.920737,0.983345,0.743391,0.666667,0.791421,0.192650,0.826772
443,0.272932,0.482794,0.777209,0.483384,0.345463,0.920737,0.984110,0.750856,0.666667,0.796468,0.192650,0.826772
444,0.230827,0.803644,0.776812,0.469075,0.343415,0.920737,0.983727,0.772565,0.666667,0.809083,0.192650,0.819921
445,0.275940,0.662955,0.776365,0.444845,0.351712,0.920737,0.983536,0.777291,0.666667,0.814971,0.166203,0.818898
446,0.199248,0.737854,0.776315,0.440213,0.354170,0.920737,0.984015,0.773524,0.666667,0.811606,0.164811,0.818898
447,0.194737,0.723684,0.775993,0.433220,0.337012,0.920737,0.983919,0.767429,0.666667,0.808242,0.178731,0.818898
448,0.226316,0.744939,0.775645,0.463401,0.359856,0.920737,0.984110,0.762087,0.666667,0.801514,0.164811,0.818898
449,0.206015,0.818826,0.775595,0.444339,0.330841,0.920737,0.983536,0.774825,0.666667,0.810765,0.166203,0.818898
450,0.220301,0.803644,0.775521,0.441808,0.366002,0.920737,0.983000,0.775729,0.666667,0.809924,0.192650,0.818898
451,0.230827,0.766194,0.774925,0.448295,0.359087,0.916233,0.984206,0.761334,0.666667,0.799832,0.189866,0.818898
452,0.159398,0.664980,0.774627,0.460717,0.350175,0.915532,0.984397,0.760444,0.666667,0.802355,0.164811,0.818898
453,0.200000,0.796559,0.775322,0.454092,0.365950,0.915532,0.982646,0.766251,0.666667,0.798991,0.164811,0.818898
454,0.180451,0.586032,0.774950,0.457926,0.342698,0.910729,0.983536,0.762567,0.666667,0.801514,0.164811,0.818898
455,0.249624,0.798583,0.774950,0.451899,0.343031,0.910729,0.983536,0.769758,0.666667,0.804878,0.164811,0.818898
456,0.252632,0.832996,0.774950,0.461714,0.355144,0.910729,0.982866,0.777154,0.666667,0.806560,0.164811,0.818898
457,0.233083,0.676113,0.774403,0.442238,0.322800,0.910729,0.983440,0.785920,0.666667,0.813288,0.164811,0.818898
458,0.252632,0.758097,0.773981,0.418881,0.360137,0.910729,0.984015,0.782085,0.666667,0.815812,0.164811,0.818898
459,0.228571,0.664980,0.774006,0.434984,0.370202,0.910729,0.983727,0.758663,0.666667,0.804878,0.164811,0.818898
460,0.164662,0.612348,0.774304,0.458463,0.353197,0.910729,0.983632,0.758115,0.666667,0.798991,0.164811,0.818898
461,0.270677,0.810729,0.774279,0.461960,0.370202,0.907526,0.983526,0.755869,0.666667,0.798150,0.164811,0.818898
462,0.284211,0.810729,0.773981,0.469075,0.378524,0.909227,0.983957,0.762909,0.666667,0.802355,0.164811,0.818898
463,0.200752,0.725709,0.774428,0.450611,0.377218,0.910729,0.983775,0.774565,0.666667,0.803196,0.164811,0.818898
464,0.218797,0.871457,0.774503,0.444124,0.346283,0.910729,0.983574,0.775579,0.666667,0.816653,0.178452,0.818898
465,0.181203,0.764170,0.774701,0.439324,0.370509,0.910729,0.983727,0.773867,0.666667,0.806560,0.164811,0.818898
466,0.259398,0.820850,0.775198,0.449032,0.354350,0.910729,0.983919,0.767361,0.666667,0.804878,0.164811,0.818898
467,0.240602,0.720648,0.775099,0.449492,0.359446,0.910729,0.984110,0.771744,0.666667,0.803196,0.179566,0.818898
468,0.241353,0.825911,0.775471,0.439508,0.362877,0.910729,0.983536,0.776195,0.666667,0.809083,0.177339,0.818898
469,0.260150,0.694332,0.775074,0.443879,0.342109,0.910729,0.983632,0.770442,0.666667,0.804037,0.164811,0.818898
470,0.225564,0.778340,0.774850,0.450059,0.370458,0.910729,0.982962,0.765169,0.666667,0.798150,0.164811,0.818898
471,0.312782,0.685223,0.774279,0.455841,0.373044,0.908427,0.979133,0.745172,0.666667,0.787216,0.164811,0.818898
472,0.239850,0.663968,0.772516,0.466422,0.365669,0.908227,0.974538,0.721340,0.666667,0.763667,0.164811,0.818898
473,0.196992,0.689271,0.771374,0.461300,0.352557,0.910729,0.970259,0.712300,0.666667,0.738436,0.164811,0.813622
474,0.268421,0.888664,0.770232,0.444415,0.363005,0.910729,0.964870,0.695521,0.666667,0.721615,0.164811,0.811024
475,0.212030,0.677126,0.769363,0.446102,0.377884,0.910729,0.960659,0.665525,0.666667,0.713204,0.164811,0.804331
476,0.300752,0.544534,0.766432,0.441440,0.356245,0.910729,0.951756,0.626996,0.533333,0.664424,0.164811,0.802362
477,0.270677,0.825911,0.756972,0.439278,0.373608,0.910729,0.925022,0.504588,0.500000,0.681245,0.164811,0.793543
478,0.286466,0.737854,0.754761,0.435567,0.384030,0.910729,0.917488,0.485550,0.333333,0.639193,0.162027,0.783071
479,0.278947,0.634615,0.757716,0.435567,0.379574,0.910729,0.917488,0.489590,0.333333,0.633305,0.136971,0.764331
480,0.366917,0.576923,0.760125,0.439707,0.370791,0.909027,0.917010,0.494247,0.466667,0.627418,0.136971,0.748819
481,0.349624,0.548583,0.762137,0.442805,0.367846,0.908026,0.917297,0.505684,0.366667,0.629941,0.115535,0.738189
482,0.312030,0.683198,0.760547,0.429478,0.367231,0.906025,0.903896,0.458499,0.333333,0.634987,0.109131,0.729528
483,0.373684,0.722672,0.745226,0.430782,0.351123,0.910528,0.870872,0.349267,0.333333,0.674516,0.084633,0.719134
484,0.442105,0.764170,0.749398,0.424602,0.338447,0.900721,0.871255,0.361389,0.333333,0.690496,0.093263,0.706457
485,0.409023,0.750000,0.727968,0.411490,0.405926,0.899219,0.821509,0.238556,0.333333,0.677881,0.081292,0.692283
486,0.415789,0.940283,0.719476,0.397488,0.405439,0.895216,0.804250,0.204424,0.333333,0.644239,0.081292,0.665906
487,0.424060,0.714575,0.650120,0.429892,0.374811,0.890713,0.705753,0.081085,0.200000,0.686291,0.074889,0.638425
488,0.458647,0.849190,0.556033,0.418007,0.376143,0.894215,0.642146,0.035885,0.333333,0.685450,0.053452,0.597638
489,0.546617,0.807692,0.715900,0.412946,0.359932,0.896017,0.769676,0.167402,0.333333,0.672834,0.048441,0.537008
490,0.554887,0.592105,0.758511,0.399804,0.361546,0.891213,0.819613,0.284892,0.333333,0.669470,0.025612,0.491732
491,0.476692,0.733806,0.788111,0.410263,0.379498,0.896217,0.867713,0.411382,0.333333,0.673675,0.012528,0.480315
492,0.516541,0.770243,0.802612,0.418191,0.400061,0.896017,0.909735,0.600918,0.400000,0.661901,0.000000,0.496614
493,0.468421,0.730769,0.817064,0.427822,0.399165,0.898719,0.954628,0.782290,0.666667,0.686291,0.025612,0.524252
494,0.509774,0.459514,0.813215,0.415278,0.368665,0.898219,0.955585,0.777359,0.666667,0.685450,0.015033,0.564567
495,0.545865,0.859312,0.808646,0.428083,0.391150,0.900721,0.956093,0.762635,0.666667,0.682927,0.055679,0.603937
496,0.413534,0.514170,0.805617,0.433972,0.384184,0.891513,0.958266,0.758800,0.666667,0.699748,0.096047,0.636220
497,0.366165,0.645749,0.801818,0.428451,0.400727,0.900020,0.960659,0.766265,0.666667,0.733389,0.136971,0.662362
498,0.406767,0.652834,0.799558,0.432822,0.364593,0.892414,0.963013,0.768360,0.666667,0.746846,0.175947,0.677874
499,0.390226,0.638664,0.797845,0.428742,0.365669,0.893915,0.965445,0.778113,0.666667,0.741800,0.221047,0.697244
500,0.395489,0.840081,0.795734,0.421504,0.369920,0.890713,0.967570,0.778113,0.666667,0.740959,0.248330,0.708661
501,0.302256,0.850202,0.793673,0.425951,0.370816,0.890713,0.970374,0.776606,0.666667,0.749369,0.276169,0.723071
502,0.363910,0.792510,0.792357,0.437100,0.373121,0.890713,0.972528,0.772428,0.666667,0.759462,0.276169,0.737953
503,0.384211,0.614372,0.790370,0.446808,0.384312,0.895516,0.974251,0.781537,0.666667,0.772918,0.276169,0.746850
504,0.339098,0.645749,0.789923,0.426749,0.375195,0.908727,0.976835,0.802013,0.666667,0.793103,0.300668,0.755906
505,0.362406,0.656883,0.788309,0.439140,0.358037,0.906225,0.977860,0.795987,0.666667,0.805719,0.304009,0.763780
506,0.307519,0.714575,0.788160,0.436057,0.362135,0.905524,0.980856,0.808999,0.666667,0.816653,0.304009,0.772047
507,0.306015,0.755061,0.787192,0.431809,0.373787,0.895416,0.983919,0.813724,0.666667,0.823381,0.300390,0.780472
508,0.265414,0.787449,0.786223,0.439876,0.361034,0.901922,0.983794,0.802123,0.666667,0.820858,0.293987,0.787402
509,0.304511,0.588057,0.784162,0.457497,0.376732,0.899920,0.984302,0.793111,0.666667,0.811606,0.297884,0.792677
510,0.114286,0.631579,0.782747,0.453786,0.380829,0.894215,0.983440,0.801739,0.666667,0.822540,0.283129,0.799764
511,0.287970,0.731781,0.782027,0.425261,0.370458,0.895516,0.984110,0.812423,0.666667,0.830109,0.282572,0.803150
512,0.291729,0.676113,0.781754,0.412563,0.363646,0.890713,0.983727,0.821189,0.666667,0.843566,0.276169,0.805276
513,0.235338,0.737854,0.780835,0.400264,0.370304,0.890713,0.984015,0.813245,0.666667,0.829268,0.276169,0.811024
514,0.163158,0.667004,0.780860,0.404358,0.393813,0.890713,0.983919,0.801466,0.666667,0.822540,0.276169,0.811024
515,0.219549,0.832996,0.780760,0.430583,0.405132,0.890713,0.983823,0.792700,0.666667,0.814971,0.264477,0.817874
516,0.254887,0.614372,0.780338,0.434647,0.408436,0.890713,0.984464,0.790782,0.666667,0.810765,0.262249,0.818898
517,0.244361,0.789474,0.779817,0.443204,0.386770,0.890713,0.983900,0.788495,0.666667,0.813288,0.248330,0.818898
518,0.239850,0.660931,0.778823,0.447498,0.387334,0.890713,0.982674,0.787358,0.666667,0.812447,0.234410,0.818898
519,0.256391,0.656883,0.778848,0.462098,0.392225,0.891013,0.984876,0.787563,0.666667,0.809083,0.233018,0.818898
520,0.273684,0.604251,0.778451,0.478998,0.393096,0.895216,0.984445,0.790577,0.666667,0.814971,0.234410,0.818898
521,0.288722,0.656883,0.779072,0.430583,0.389408,0.890713,0.984340,0.822244,0.666667,0.833474,0.220490,0.818898
522,0.300000,0.598178,0.778898,0.418329,0.404056,0.890713,0.984168,0.808752,0.666667,0.828427,0.220490,0.823622
523,0.242105,0.866397,0.778476,0.408683,0.378832,0.890713,0.983823,0.813587,0.666667,0.833474,0.220490,0.826772
524,0.266917,0.745951,0.777930,0.404803,0.394069,0.890713,0.984206,0.800315,0.666667,0.822540,0.220490,0.826772
525,0.304511,0.611336,0.777979,0.411367,0.421829,0.890713,0.984876,0.794960,0.666667,0.816653,0.220490,0.828110
526,0.279699,0.659919,0.777731,0.426795,0.420164,0.890713,0.983871,0.773593,0.666667,0.808242,0.220490,0.828976
527,0.269925,0.650810,0.777185,0.473860,0.412507,0.890713,0.984943,0.768388,0.666667,0.804037,0.211581,0.826772
528,0.184962,0.683198,0.777855,0.437223,0.411406,0.890713,0.984206,0.805849,0.666667,0.823381,0.192650,0.826772
529,0.287218,0.822874,0.777507,0.415523,0.400676,0.890713,0.984637,0.812286,0.666667,0.835997,0.192650,0.826772
530,0.306015,0.604251,0.778376,0.426212,0.425261,0.886209,0.983852,0.807150,0.666667,0.829268,0.192650,0.826772
531,0.305263,0.601215,0.778724,0.406015,0.401214,0.890212,0.984665,0.815902,0.666667,0.830109,0.192650,0.826772
532,0.322556,0.564777,0.777880,0.421949,0.405260,0.890713,0.983613,0.796672,0.666667,0.824222,0.192650,0.830866
533,0.211278,0.683198,0.778600,0.416964,0.423007,0.890713,0.983345,0.810341,0.666667,0.830109,0.192650,0.834646
534,0.280451,0.645749,0.778376,0.406214,0.417655,0.890713,0.984062,0.813724,0.666667,0.829268,0.192650,0.834646
535,0.329323,0.645749,0.778178,0.412364,0.428129,0.892214,0.984206,0.802356,0.666667,0.826745,0.192650,0.834646
536,0.251880,0.545547,0.778302,0.398147,0.425645,0.894215,0.984302,0.818176,0.666667,0.836838,0.192650,0.834646
537,0.334586,0.746964,0.778699,0.396461,0.433097,0.892914,0.984110,0.814204,0.666667,0.831791,0.197661,0.834646
538,0.309774,0.712551,0.779246,0.405355,0.425389,0.893415,0.984378,0.808177,0.666667,0.834315,0.200445,0.834646
539,0.228571,0.800607,0.778128,0.419234,0.418986,0.890713,0.984972,0.792494,0.666667,0.818335,0.192650,0.834646
540,0.144361,0.783401,0.778203,0.442499,0.428487,0.890713,0.984187,0.791878,0.500000,0.838520,0.192650,0.834646
541,0.227820,0.654858,0.778724,0.429632,0.423545,0.890713,0.984493,0.810985,0.666667,0.854500,0.192650,0.834646
542,0.318797,0.841093,0.777855,0.428620,0.429768,0.890713,0.984225,0.810505,0.666667,0.854500,0.192650,0.834646
543,0.245865,0.981781,0.778178,0.415047,0.427770,0.890713,0.983938,0.818244,0.666667,0.851976,0.192650,0.834646
544,0.272180,0.697368,0.777930,0.407410,0.484161,0.890713,0.984302,0.814067,0.666667,0.852817,0.219933,0.834646
545,0.289474,0.754049,0.777334,0.425215,0.482548,0.890713,0.985067,0.797151,0.666667,0.841043,0.207127,0.834646
546,0.084211,0.786437,0.777607,0.441195,0.425952,0.890713,0.983995,0.799466,0.666667,0.841884,0.205735,0.834646
547,0.348872,0.859312,0.776911,0.428236,0.434915,0.890713,0.983727,0.802150,0.666667,0.850294,0.192650,0.834646
548,0.262406,0.689271,0.777930,0.440091,0.428667,0.896417,0.984455,0.806218,0.666667,0.850294,0.192650,0.834646
549,0.348872,0.781377,0.777036,0.422562,0.433379,0.892914,0.984589,0.808930,0.666667,0.845248,0.207127,0.834646
550,0.157895,0.560729,0.776589,0.442130,0.439371,0.893415,0.984426,0.800849,0.666667,0.846089,0.206570,0.834646
551,0.121805,0.653846,0.776713,0.419725,0.440831,0.898519,0.984206,0.827284,0.666667,0.863751,0.192650,0.834646
552,0.309774,0.692308,0.776390,0.383348,0.446951,0.892514,0.983727,0.833995,0.666667,0.865433,0.213530,0.836378
553,0.292481,0.679150,0.776738,0.402012,0.436477,0.890713,0.981813,0.813724,0.666667,0.846089,0.220490,0.842520
554,0.311278,0.678138,0.776017,0.414833,0.420574,0.890713,0.984799,0.795370,0.666667,0.838520,0.220490,0.842520
555,0.247368,0.730769,0.775173,0.451623,0.417527,0.890713,0.984254,0.780715,0.666667,0.825904,0.208519,0.842520
556,0.257143,0.797571,0.775124,0.450488,0.468079,0.890713,0.984493,0.784824,0.666667,0.828427,0.192650,0.839134
557,0.380451,0.594130,0.775521,0.466806,0.436964,0.891213,0.984015,0.795370,0.666667,0.834315,0.192650,0.834646
558,0.230827,0.696356,0.774801,0.433619,0.479577,0.904724,0.984713,0.807081,0.666667,0.839361,0.192650,0.834646
559,0.250376,0.751012,0.774627,0.424218,0.468386,0.890713,0.984397,0.808177,0.666667,0.839361,0.192650,0.834646
560,0.242857,0.800607,0.774304,0.423682,0.483290,0.900420,0.983632,0.805643,0.666667,0.842725,0.192650,0.834646
561,0.250376,0.658907,0.776042,0.400601,0.459730,0.895416,0.983727,0.833653,0.666667,0.877208,0.192650,0.834646
562,0.280451,0.609312,0.776638,0.361081,0.428590,0.893014,0.984397,0.824955,0.666667,0.857023,0.192650,0.836063
563,0.278195,0.656883,0.775248,0.405861,0.422546,0.908026,0.983507,0.804821,0.666667,0.846930,0.192650,0.842520
564,0.293233,0.708502,0.775720,0.429939,0.465415,0.902922,0.983823,0.803383,0.666667,0.838520,0.192650,0.842520
565,0.361654,0.660931,0.777160,0.431610,0.512945,0.892514,0.984397,0.810095,0.666667,0.847771,0.192650,0.842520
566,0.342105,0.742915,0.776911,0.422347,0.516454,0.895516,0.984206,0.811259,0.666667,0.845248,0.192650,0.836063
567,0.273684,0.764170,0.776315,0.420262,0.500192,0.894916,0.984015,0.812149,0.666667,0.842725,0.180958,0.841496
568,0.227068,0.841093,0.775645,0.421105,0.475736,0.895717,0.984589,0.806739,0.666667,0.838520,0.190702,0.842520
569,0.344361,0.722672,0.777185,0.424525,0.474839,0.900721,0.983440,0.814067,0.666667,0.844407,0.192650,0.842520
570,0.301504,0.811741,0.776117,0.415477,0.493585,0.895416,0.984780,0.809752,0.666667,0.842725,0.192650,0.842520
571,0.258647,0.720648,0.775645,0.426197,0.472509,0.890713,0.984168,0.803862,0.666667,0.838520,0.192650,0.842520
572,0.295489,0.753036,0.775074,0.421887,0.493047,0.895717,0.984541,0.800849,0.666667,0.834315,0.192650,0.842520
573,0.288722,0.663968,0.775297,0.428972,0.512920,0.890713,0.984206,0.806670,0.666667,0.840202,0.192650,0.842520
574,0.245113,0.758097,0.775273,0.397718,0.504622,0.894716,0.983727,0.821874,0.666667,0.851135,0.192650,0.837953
575,0.319549,0.825911,0.774776,0.413192,0.521063,0.899520,0.984321,0.805712,0.666667,0.842725,0.192650,0.839370
576,0.281955,0.807692,0.775024,0.427331,0.455120,0.895917,0.984397,0.798452,0.666667,0.835156,0.192650,0.842520
577,0.224812,0.603239,0.775148,0.437116,0.511255,0.892814,0.984072,0.798261,0.666667,0.838520,0.192650,0.842520
578,0.279699,0.710526,0.775124,0.439983,0.533509,0.900420,0.984015,0.802150,0.666667,0.841043,0.192650,0.836850
579,0.148872,0.670040,0.776092,0.415753,0.486261,0.895516,0.984206,0.823586,0.666667,0.845248,0.192650,0.834646
580,0.243609,0.622470,0.775471,0.394083,0.482291,0.895516,0.984445,0.819819,0.666667,0.853659,0.192650,0.834646
581,0.341353,0.745951,0.775248,0.403898,0.491716,0.900721,0.984847,0.809067,0.666667,0.840202,0.192650,0.841102
582,0.274436,0.681174,0.775297,0.402027,0.506261,0.895717,0.984350,0.800507,0.666667,0.836838,0.192650,0.842520
583,0.237594,0.692308,0.775645,0.425829,0.529668,0.891413,0.984493,0.793658,0.666667,0.835156,0.192650,0.842520
584,0.226316,0.639676,0.775918,0.405003,0.516940,0.895016,0.983699,0.810779,0.666667,0.843566,0.192650,0.839134
585,0.292481,0.672065,0.775695,0.405708,0.511153,0.890713,0.983919,0.806944,0.666667,0.844407,0.192650,0.834646
586,0.160902,0.731781,0.776638,0.388839,0.517248,0.890713,0.984110,0.822764,0.666667,0.857023,0.192650,0.834646
587,0.340602,0.670040,0.775769,0.408315,0.514431,0.890713,0.984015,0.807903,0.666667,0.839361,0.192650,0.838346
588,0.242857,0.739879,0.775695,0.405309,0.529207,0.890713,0.983919,0.808793,0.866667,0.846089,0.179566,0.838976
589,0.238346,0.689271,0.775918,0.417670,0.557197,0.895516,0.983823,0.800575,1.000000,0.833474,0.192650,0.842520
590,0.240602,0.614372,0.775744,0.430721,0.515224,0.890713,0.984129,0.807670,1.000000,0.842725,0.192650,0.841102
591,0.315038,0.823887,0.776489,0.403668,0.549361,0.890713,0.984685,0.826531,1.000000,0.851976,0.192650,0.834646
592,0.268421,0.711538,0.776489,0.396491,0.539963,0.894416,0.983182,0.826599,1.000000,0.860387,0.192650,0.838425
593,0.219549,0.624494,0.777334,0.360329,0.547261,0.891713,0.983345,0.842076,1.000000,0.873844,0.192650,0.840551
594,0.306767,0.776316,0.778252,0.369592,0.560501,0.890713,0.984206,0.820162,1.000000,0.857864,0.192650,0.842520
595,0.333835,0.740891,0.777979,0.379392,0.551845,0.895717,0.984110,0.832763,1.000000,0.857023,0.192650,0.842520
596,0.283459,0.842105,0.777507,0.409143,0.556480,0.890713,0.984206,0.809136,1.000000,0.847771,0.192650,0.842520
597,0.299248,0.763158,0.777582,0.395464,0.562422,0.890713,0.983632,0.820983,1.000000,0.852817,0.192650,0.842520
598,0.249624,0.602227,0.776117,0.390541,0.528054,0.890713,0.984091,0.821134,1.000000,0.851976,0.192650,0.842520
599,0.269173,0.753036,0.775744,0.406153,0.530282,0.890713,0.984015,0.812628,0.966667,0.840202,0.192650,0.842520
600,0.193233,0.731781,0.775074,0.404282,0.540782,0.890713,0.983737,0.811108,0.766667,0.839361,0.192650,0.842520
601,0.263158,0.634615,0.775595,0.386646,0.572819,0.890713,0.984015,0.824065,0.666667,0.856182,0.192650,0.842520
602,0.239098,0.806680,0.775297,0.385112,0.603908,0.890713,0.984015,0.821394,0.666667,0.847771,0.192650,0.842520
603,0.330075,0.715587,0.775024,0.393332,0.545878,0.890713,0.984484,0.812491,0.666667,0.846089,0.192650,0.842520
604,0.282707,0.727733,0.774304,0.405095,0.573664,0.890713,0.983823,0.805506,0.666667,0.843566,0.192650,0.842520
605,0.248120,0.672065,0.774677,0.394820,0.517401,0.890713,0.983153,0.821189,0.666667,0.844407,0.192650,0.842520
606,0.232331,0.654858,0.774900,0.392887,0.552255,0.890713,0.983536,0.817491,0.666667,0.852817,0.192650,0.842520
607,0.178947,0.595142,0.774999,0.396276,0.570744,0.890713,0.984397,0.821942,0.666667,0.849453,0.192650,0.842520
608,0.284211,0.712551,0.775074,0.398500,0.577761,0.890713,0.984397,0.817011,0.666667,0.845248,0.192650,0.842520
609,0.263910,0.698381,0.774826,0.406076,0.499475,0.890713,0.984206,0.810711,0.666667,0.844407,0.192650,0.842520
610,0.281203,0.686235,0.774975,0.399236,0.553689,0.890713,0.982560,0.816327,0.666667,0.846930,0.192650,0.848504
611,0.211278,0.584008,0.774602,0.379223,0.555763,0.890713,0.983574,0.835461,0.666667,0.865433,0.192650,0.843780
612,0.230827,0.713563,0.776017,0.353812,0.584266,0.890713,0.983345,0.842282,0.666667,0.868797,0.192650,0.842520
613,0.301504,0.676113,0.776539,0.350346,0.530718,0.890713,0.984110,0.824271,0.666667,0.855341,0.192650,0.850157
614,0.257143,0.610324,0.775943,0.397657,0.583498,0.890713,0.983995,0.810683,0.666667,0.850294,0.192650,0.850394
615,0.238346,0.658907,0.775446,0.414173,0.560117,0.890713,0.983948,0.805588,0.666667,0.836838,0.192650,0.850394
616,0.324060,0.711538,0.774701,0.418360,0.575994,0.890713,0.984015,0.806191,0.666667,0.841884,0.192650,0.845669
617,0.263158,0.708502,0.774950,0.410033,0.561781,0.890713,0.983823,0.821052,0.666667,0.861228,0.192650,0.842520
618,0.293233,0.700405,0.775422,0.391584,0.524700,0.890713,0.983345,0.834406,0.666667,0.856182,0.192650,0.842520
619,0.277444,0.743927,0.775422,0.384468,0.531793,0.890713,0.983536,0.829133,0.666667,0.860387,0.192650,0.842520
620,0.369173,0.721660,0.775173,0.387842,0.553407,0.890713,0.984397,0.822901,0.666667,0.846930,0.192650,0.844331
621,0.348872,0.715587,0.776514,0.405846,0.525980,0.890713,0.983632,0.821874,0.666667,0.855341,0.192650,0.850394
622,0.335338,0.626518,0.776514,0.382398,0.558094,0.890713,0.983727,0.833447,0.666667,0.857864,0.192650,0.850394
623,0.376692,0.655870,0.777358,0.372353,0.581628,0.890713,0.983536,0.843241,0.666667,0.867115,0.192650,0.850394
624,0.296992,0.570850,0.778203,0.315028,0.528131,0.890713,0.984235,0.852212,0.666667,0.875526,0.192650,0.850394
625,0.388722,0.702429,0.778203,0.385986,0.582115,0.890713,0.984685,0.812560,0.666667,0.847771,0.192650,0.850394
626,0.372932,0.571862,0.777656,0.413223,0.617711,0.890713,0.983345,0.804821,0.666667,0.845248,0.192650,0.850394
627,0.364662,0.672065,0.777582,0.412072,0.581936,0.890713,0.983660,0.822285,0.666667,0.856182,0.192650,0.850394
628,0.321053,0.635628,0.777234,0.392243,0.537530,0.890713,0.983833,0.838967,0.833333,0.866274,0.192650,0.850394
629,0.284211,0.626518,0.778103,0.354701,0.529693,0.890713,0.983727,0.854951,0.666667,0.881413,0.192650,0.850394
630,0.294737,0.677126,0.778873,0.336344,0.544214,0.890713,0.983632,0.844336,0.666667,0.873844,0.192650,0.850394
631,0.332331,0.722672,0.778625,0.384698,0.553202,0.890713,0.984493,0.821394,0.666667,0.854500,0.192650,0.850394
632,0.251880,0.637652,0.778376,0.369853,0.532280,0.890713,0.983057,0.824545,0.666667,0.854500,0.192650,0.850394
633,0.359398,0.701417,0.777880,0.393577,0.549694,0.890713,0.983871,0.819066,0.666667,0.856182,0.192650,0.850394
634,0.293233,0.634615,0.778079,0.390250,0.513304,0.890713,0.983986,0.825640,0.666667,0.858705,0.192650,0.850394
635,0.295489,0.714575,0.776986,0.379100,0.532357,0.890713,0.984493,0.825846,0.666667,0.852817,0.192650,0.850394
636,0.230075,0.791498,0.777160,0.401905,0.548746,0.890713,0.983919,0.811670,0.666667,0.850294,0.192650,0.850394
637,0.363910,0.738866,0.776390,0.410615,0.583856,0.890713,0.984206,0.808793,0.666667,0.838520,0.192650,0.850394
638,0.282707,0.664980,0.776638,0.446808,0.574074,0.890713,0.984168,0.807602,0.666667,0.851135,0.192650,0.843150
639,0.206015,0.756073,0.777259,0.425200,0.558811,0.890713,0.983727,0.845158,0.666667,0.873844,0.192650,0.842520
640,0.321053,0.624494,0.777284,0.368197,0.535071,0.890713,0.984015,0.861731,0.666667,0.875526,0.192650,0.846063
641,0.266165,0.632591,0.778103,0.339718,0.589183,0.890713,0.983440,0.853239,0.666667,0.888141,0.192650,0.847402
642,0.345865,0.671053,0.780512,0.346926,0.601987,0.890713,0.983938,0.841323,0.666667,0.870479,0.192650,0.850394
643,0.384962,0.607287,0.780934,0.345009,0.534073,0.890713,0.983823,0.840022,0.666667,0.869638,0.192650,0.850394
644,0.361654,0.682186,0.780562,0.396230,0.559425,0.890713,0.984493,0.810848,0.666667,0.855341,0.192650,0.850394
645,0.301504,0.690283,0.779891,0.423743,0.571974,0.890713,0.984397,0.810505,0.666667,0.849453,0.192650,0.850394
646,0.253383,0.732794,0.780040,0.409665,0.589849,0.890713,0.984206,0.839269,0.666667,0.867956,0.192650,0.850394
647,0.307519,0.754049,0.779419,0.388379,0.554176,0.890713,0.983938,0.838378,0.666667,0.863751,0.192650,0.850394
648,0.306767,0.720648,0.778774,0.387796,0.552998,0.889512,0.984397,0.828106,0.666667,0.857864,0.192650,0.850394
649,0.392481,0.693320,0.778178,0.405739,0.585111,0.887010,0.984665,0.820367,0.666667,0.853659,0.192650,0.850394
650,0.247368,0.643725,0.777979,0.416596,0.528925,0.890713,0.983823,0.821531,0.666667,0.856182,0.192650,0.850394
651,0.391729,0.641700,0.777458,0.372567,0.551435,0.890713,0.983852,0.842830,0.666667,0.871320,0.192650,0.850394
652,0.174436,0.708502,0.778228,0.381661,0.553791,0.890713,0.983823,0.835776,0.666667,0.868797,0.192650,0.850394
653,0.336090,0.677126,0.779047,0.359072,0.564342,0.890713,0.983727,0.840912,0.666667,0.869638,0.192650,0.850394
654,0.305263,0.766194,0.778650,0.385603,0.588543,0.890713,0.984015,0.812628,0.666667,0.851976,0.192650,0.850394
655,0.331579,0.572874,0.778103,0.424249,0.630208,0.885909,0.984302,0.798795,0.666667,0.836838,0.192650,0.850394
656,0.216541,0.632591,0.778774,0.460901,0.608108,0.890713,0.983057,0.823106,0.666667,0.862069,0.192650,0.850394
657,0.292481,0.784413,0.780413,0.350837,0.636687,0.890713,0.984397,0.869059,0.666667,0.882254,0.192650,0.846693
658,0.275188,0.572874,0.780462,0.358934,0.522190,0.885909,0.984493,0.843446,0.666667,0.875526,0.192650,0.850394
659,0.306767,0.625506,0.779519,0.404358,0.564854,0.890713,0.983536,0.817970,0.933333,0.866274,0.192650,0.850394
660,0.290226,0.623482,0.781803,0.380925,0.583728,0.885909,0.983919,0.846870,0.666667,0.868797,0.192650,0.850394
661,0.285714,0.604251,0.781033,0.358474,0.624702,0.890713,0.984015,0.849267,0.666667,0.880572,0.192650,0.850394
662,0.266165,0.685223,0.781381,0.384115,0.605009,0.890713,0.984043,0.828174,0.666667,0.865433,0.206570,0.850394
663,0.230827,0.449393,0.781679,0.369746,0.593920,0.888511,0.982789,0.859471,0.666667,0.890664,0.205735,0.850394
664,0.215038,0.635628,0.783715,0.358965,0.577915,0.888211,0.983316,0.866594,0.666667,0.909167,0.195991,0.850394
665,0.307519,0.708502,0.785652,0.338537,0.539348,0.882906,0.984015,0.861252,0.666667,0.878890,0.215757,0.855118
666,0.360150,0.729757,0.784882,0.389360,0.556992,0.888911,0.984110,0.835639,0.666667,0.863751,0.211303,0.858268
667,0.345113,0.607287,0.783715,0.399558,0.602807,0.885909,0.984283,0.827489,0.666667,0.866274,0.213530,0.858268
668,0.206015,0.636640,0.783393,0.402871,0.601142,0.886609,0.983823,0.843254,0.666667,0.876367,0.213530,0.858268
669,0.376692,0.606275,0.782101,0.370819,0.600809,0.880705,0.983632,0.857554,0.666667,0.886459,0.220490,0.858268
670,0.327068,0.691296,0.782995,0.354471,0.603780,0.886509,0.983823,0.855280,0.666667,0.882254,0.213252,0.858268
671,0.390977,0.700405,0.781878,0.375374,0.552767,0.881205,0.984206,0.836392,0.666667,0.866274,0.205178,0.858268
672,0.295489,0.713563,0.782151,0.412456,0.616994,0.885008,0.983938,0.823860,0.666667,0.857023,0.192650,0.858268
673,0.287970,0.770243,0.782275,0.445044,0.633742,0.881906,0.984474,0.837762,0.666667,0.868797,0.206570,0.858268
674,0.341353,0.866397,0.781605,0.389130,0.592230,0.889211,0.984397,0.853102,0.666667,0.877208,0.192650,0.858268
675,0.354887,0.727733,0.780835,0.382367,0.619452,0.882706,0.984110,0.848171,0.666667,0.879731,0.192650,0.858268
676,0.403759,0.656883,0.780512,0.364148,0.578965,0.883407,0.983823,0.847144,0.666667,0.878049,0.192650,0.858268
677,0.327820,0.647773,0.780115,0.398270,0.600348,0.883507,0.984618,0.824476,0.666667,0.861228,0.192650,0.858268
678,0.276692,0.683198,0.779246,0.399804,0.552383,0.882706,0.983316,0.836735,0.666667,0.867115,0.192650,0.858268
679,0.233083,0.596154,0.779295,0.360207,0.606674,0.880705,0.984560,0.851390,0.666667,0.878049,0.192650,0.858268
680,0.312030,0.729757,0.779444,0.378686,0.636713,0.880705,0.983852,0.834749,0.666667,0.873844,0.206570,0.858268
681,0.260902,0.657895,0.779866,0.367829,0.623806,0.880705,0.983727,0.844857,0.666667,0.875526,0.192650,0.858268
682,0.266165,0.613360,0.779891,0.340669,0.618863,0.880705,0.984397,0.851253,0.666667,0.884777,0.192650,0.858268
683,0.295489,0.676113,0.780736,0.381769,0.579708,0.880705,0.983632,0.833995,0.666667,0.882254,0.192650,0.858268
684,0.300000,0.472672,0.780313,0.371433,0.564137,0.880705,0.983727,0.850431,0.666667,0.874685,0.192650,0.858268
685,0.358647,0.613360,0.780661,0.379545,0.570335,0.880705,0.983823,0.838652,0.666667,0.873844,0.192650,0.858268
686,0.351880,0.590081,0.779842,0.393547,0.546237,0.880705,0.983660,0.833584,0.666667,0.872161,0.192650,0.858268
687,0.269173,0.720648,0.780090,0.383348,0.571846,0.880705,0.984110,0.841802,0.666667,0.873003,0.192650,0.858268
688,0.264662,0.704453,0.779146,0.397795,0.597685,0.880705,0.984397,0.829544,0.666667,0.862069,0.192650,0.858268
689,0.273684,0.746964,0.777880,0.396875,0.630387,0.880705,0.984397,0.824339,0.666667,0.861228,0.192650,0.858268
690,0.353383,0.572874,0.779370,0.404696,0.589029,0.880705,0.982962,0.841871,0.666667,0.875526,0.179566,0.857244
691,0.318045,0.607287,0.779916,0.345162,0.644780,0.880705,0.983727,0.871867,0.666667,0.888982,0.192650,0.855669
692,0.321805,0.688259,0.780462,0.354977,0.653487,0.880705,0.984206,0.850568,0.666667,0.882254,0.192650,0.858268
693,0.296992,0.746964,0.780140,0.367737,0.617455,0.880705,0.983153,0.838378,0.666667,0.876367,0.192650,0.858268
694,0.366917,0.595142,0.779693,0.365605,0.610464,0.880705,0.983919,0.837899,0.666667,0.873844,0.192650,0.858268
695,0.287218,0.719636,0.780164,0.404558,0.520961,0.880705,0.983938,0.829544,0.666667,0.865433,0.192650,0.858268
696,0.160150,0.683198,0.781058,0.380496,0.638813,0.880705,0.983306,0.861019,0.666667,0.888141,0.192650,0.854724
697,0.287218,0.769231,0.782126,0.381999,0.645215,0.880705,0.984302,0.851870,0.666667,0.884777,0.192650,0.858268
698,0.384211,0.521255,0.782474,0.387673,0.690671,0.880705,0.984015,0.857485,0.666667,0.887300,0.192650,0.858268
699,0.326316,0.656883,0.782275,0.374300,0.676381,0.880705,0.984110,0.854677,0.666667,0.883095,0.192650,0.858268
700,0.333835,0.657895,0.782499,0.373073,0.642014,0.880705,0.983995,0.856376,0.666667,0.888141,0.192650,0.858268
701,0.337594,0.699393,0.782300,0.360007,0.651873,0.880705,0.984378,0.858951,0.666667,0.890664,0.192650,0.858268
702,0.334586,0.660931,0.781704,0.388026,0.602167,0.878503,0.983919,0.838104,0.666667,0.870479,0.192650,0.858268
703,0.325564,0.654858,0.780537,0.405662,0.658890,0.877902,0.983182,0.830982,0.666667,0.864592,0.192650,0.858268
704,0.193985,0.426113,0.780289,0.377935,0.589336,0.880705,0.983249,0.864608,0.666667,0.890664,0.192650,0.858268
705,0.427068,0.624494,0.780984,0.347647,0.610105,0.880705,0.984665,0.857622,0.666667,0.885618,0.192650,0.858268
706,0.272932,0.714575,0.780040,0.364761,0.597736,0.880705,0.984110,0.839611,0.666667,0.869638,0.192650,0.858268
707,0.274436,0.629555,0.779593,0.370620,0.641194,0.876902,0.984273,0.838789,0.666667,0.873844,0.192650,0.858268
708,0.274436,0.729757,0.778749,0.425644,0.610874,0.879704,0.983919,0.819956,0.666667,0.864592,0.192650,0.858268
709,0.372180,0.706478,0.780164,0.375466,0.645958,0.875901,0.983727,0.863443,0.666667,0.886459,0.192650,0.858268
710,0.318797,0.702429,0.779842,0.381508,0.639376,0.880705,0.984110,0.850089,0.666667,0.887300,0.192650,0.858268
711,0.391729,0.575911,0.779146,0.373273,0.592205,0.880705,0.984187,0.853513,0.666667,0.888982,0.192650,0.858268
712,0.356391,0.704453,0.779817,0.376079,0.619376,0.879704,0.983928,0.846350,0.666667,0.877208,0.192650,0.858268
713,0.230075,0.705466,0.779742,0.376401,0.620810,0.876902,0.983919,0.848897,0.666667,0.877208,0.192650,0.858268
714,0.233083,0.792510,0.779469,0.379913,0.650926,0.880705,0.983421,0.845665,0.666667,0.873844,0.192650,0.858268
715,0.296992,0.733806,0.778054,0.391461,0.637584,0.874800,0.984187,0.836351,0.666667,0.866274,0.192650,0.858268
716,0.392481,0.611336,0.777582,0.400570,0.596200,0.878403,0.984206,0.834201,0.666667,0.867115,0.192650,0.858268
717,0.358647,0.490891,0.777979,0.376708,0.612205,0.873399,0.983919,0.855020,0.666667,0.876367,0.192650,0.858268
718,0.328571,0.544534,0.777483,0.348858,0.589183,0.880705,0.983325,0.869059,0.766667,0.890664,0.192650,0.858268
719,0.060150,0.721660,0.778203,0.354026,0.571410,0.880705,0.983900,0.851979,0.833333,0.886459,0.192650,0.858268
720,0.286466,0.675101,0.779419,0.368289,0.605701,0.880705,0.984110,0.860499,0.666667,0.878049,0.192650,0.858268
721,0.315038,0.751012,0.779891,0.366096,0.621168,0.880705,0.984685,0.848719,0.666667,0.873844,0.192650,0.858268
722,0.248872,0.651822,0.778948,0.388271,0.635228,0.874800,0.983737,0.843158,0.666667,0.884777,0.192650,0.858268
723,0.262406,0.585020,0.776762,0.372276,0.643576,0.880705,0.983823,0.847213,0.666667,0.879731,0.192650,0.858268
724,0.212782,0.645749,0.776042,0.382076,0.603934,0.880705,0.983727,0.843063,0.666667,0.873003,0.192650,0.858268
725,0.213534,0.598178,0.774726,0.356173,0.599221,0.880705,0.984053,0.858650,0.666667,0.886459,0.192650,0.858268
726,0.305263,0.345142,0.775347,0.352938,0.579323,0.880705,0.982732,0.863471,0.666667,0.900757,0.192650,0.858268
727,0.223308,0.708502,0.776961,0.339718,0.616021,0.880705,0.984206,0.846254,0.666667,0.876367,0.196826,0.858268
728,0.287218,0.663968,0.776812,0.385679,0.666009,0.880705,0.983900,0.833037,0.666667,0.873003,0.214087,0.858268
729,0.285714,0.624494,0.776340,0.395050,0.605598,0.880705,0.984082,0.827421,0.666667,0.872161,0.192650,0.858268
730,0.245113,0.532389,0.776365,0.343935,0.580988,0.880705,0.983440,0.855705,0.666667,0.876367,0.192650,0.858268
731,0.310526,0.451417,0.775670,0.354625,0.631463,0.880705,0.982981,0.843720,0.666667,0.878890,0.202394,0.858268
732,0.363158,0.504049,0.776564,0.354824,0.646009,0.875901,0.984110,0.837488,0.666667,0.873003,0.195991,0.858268
733,0.342857,0.627530,0.775670,0.386615,0.603063,0.880705,0.983976,0.829722,0.666667,0.872161,0.192650,0.858268
734,0.358647,0.642713,0.775744,0.388133,0.619888,0.880705,0.983727,0.835844,0.666667,0.865433,0.192650,0.858268
735,0.387970,0.648785,0.775297,0.371985,0.620784,0.880705,0.983632,0.834680,0.666667,0.874685,0.192650,0.858268
736,0.398496,0.676113,0.774031,0.368856,0.566340,0.880705,0.984158,0.846870,0.666667,0.878049,0.192650,0.858268
737,0.257143,0.660931,0.773758,0.389360,0.592358,0.880705,0.984302,0.826805,0.666667,0.862069,0.192650,0.858268
738,0.329323,0.616397,0.772864,0.400785,0.613690,0.880705,0.983632,0.823517,0.666667,0.866274,0.192650,0.858268
739,0.247368,0.663968,0.772318,0.381401,0.601603,0.880705,0.984110,0.838995,0.666667,0.881413,0.192650,0.852992
740,0.352632,0.312753,0.773609,0.349288,0.633000,0.880705,0.983469,0.863717,0.666667,0.888982,0.192650,0.850394
741,0.300752,0.580972,0.776340,0.311853,0.635970,0.880705,0.983727,0.850842,0.666667,0.894029,0.192650,0.852598
742,0.356391,0.764170,0.776390,0.345285,0.576532,0.880705,0.984665,0.833708,0.666667,0.867115,0.192650,0.858268
743,0.348872,0.467611,0.777284,0.406459,0.618582,0.880705,0.984206,0.817354,0.666667,0.861228,0.192650,0.858268
744,0.310526,0.683198,0.777383,0.405509,0.606879,0.880705,0.984110,0.824819,0.666667,0.857864,0.192650,0.854961
745,0.316541,0.623482,0.775819,0.402503,0.623422,0.880705,0.983775,0.846158,0.666667,0.867956,0.192650,0.850394
746,0.255639,0.546559,0.776365,0.342586,0.625573,0.880705,0.983766,0.869497,0.866667,0.898234,0.192650,0.850394
747,0.211278,0.655870,0.777607,0.372920,0.653154,0.880705,0.984187,0.837913,1.000000,0.878049,0.192650,0.850787
748,0.270677,0.465587,0.777110,0.376141,0.625163,0.880705,0.983057,0.840981,1.000000,0.884777,0.192650,0.858268
749,0.249624,0.229757,0.778054,0.268913,0.647443,0.880705,0.982770,0.877620,1.000000,0.901598,0.192650,0.858268
750,0.242105,0.628543,0.781927,0.360345,0.626597,0.880705,0.983727,0.853650,1.000000,0.890664,0.192650,0.858268
751,0.363910,0.556680,0.781952,0.372690,0.552511,0.880705,0.984302,0.851116,1.000000,0.879731,0.192650,0.858268
752,0.239850,0.676113,0.781158,0.391522,0.639837,0.880705,0.983584,0.854404,1.000000,0.884777,0.192650,0.858268
753,0.284211,0.720648,0.780587,0.367706,0.577275,0.880705,0.984110,0.861594,1.000000,0.894029,0.192650,0.858268
754,0.223308,0.590081,0.779693,0.387060,0.611232,0.880705,0.983345,0.853335,0.833333,0.900757,0.192650,0.858268
755,0.326316,0.532389,0.781480,0.289463,0.548567,0.875901,0.983440,0.895836,0.666667,0.904121,0.192650,0.858268
756,0.285714,0.720648,0.782076,0.365084,0.643986,0.880705,0.984570,0.843925,0.666667,0.876367,0.204621,0.858268
757,0.261654,0.675101,0.780537,0.407073,0.652360,0.880705,0.984589,0.834475,0.666667,0.874685,0.206013,0.865591
758,0.247368,0.514170,0.779891,0.398899,0.608031,0.880705,0.982770,0.877756,0.666667,0.902439,0.192650,0.862047
759,0.239850,0.568826,0.780363,0.356051,0.563984,0.880705,0.984110,0.866936,0.666667,0.887300,0.192650,0.862992
760,0.372932,0.626518,0.779395,0.371003,0.604548,0.880705,0.983345,0.842830,0.666667,0.883936,0.192650,0.866142
761,0.206767,0.625506,0.778525,0.372920,0.647520,0.880705,0.983756,0.846596,0.666667,0.870479,0.192650,0.866142
762,0.309023,0.685223,0.779146,0.413407,0.619094,0.880705,0.984015,0.833995,0.666667,0.871320,0.205735,0.864331
763,0.263910,0.643725,0.778823,0.390296,0.614510,0.880705,0.983727,0.852144,0.666667,0.882254,0.192650,0.862047
764,0.257895,0.362348,0.779295,0.351143,0.630157,0.880705,0.984302,0.861320,0.666667,0.887300,0.192650,0.858268
765,0.223308,0.696356,0.778153,0.392887,0.576583,0.880705,0.983727,0.842213,0.666667,0.876367,0.206570,0.861024
766,0.226316,0.675101,0.777358,0.396230,0.555251,0.880705,0.984082,0.841597,0.666667,0.882254,0.192650,0.859291
767,0.275188,0.624494,0.776961,0.394743,0.658634,0.880705,0.984378,0.838926,0.666667,0.876367,0.192650,0.862047
768,0.170677,0.684211,0.776589,0.374822,0.591334,0.880705,0.984187,0.844419,0.666667,0.875526,0.192650,0.858268
769,0.160150,0.589069,0.775744,0.391476,0.618582,0.880705,0.983440,0.842145,0.666667,0.871320,0.192650,0.858268
770,0.299248,0.650810,0.775868,0.356971,0.587160,0.880705,0.984129,0.846596,0.666667,0.877208,0.192650,0.858268
771,0.175188,0.756073,0.776787,0.395540,0.585085,0.880705,0.983727,0.830777,0.666667,0.872161,0.192650,0.858268
772,0.269925,0.692308,0.777582,0.403285,0.622577,0.880705,0.984043,0.829201,0.666667,0.864592,0.192650,0.858268
773,0.270677,0.451417,0.776340,0.385081,0.609158,0.880705,0.983440,0.851801,0.666667,0.883095,0.192650,0.858268
774,0.145113,0.694332,0.777259,0.368289,0.602474,0.880705,0.984015,0.855225,0.666667,0.883936,0.192650,0.858268
775,0.200752,0.526316,0.778823,0.346267,0.530411,0.880705,0.983919,0.856636,0.666667,0.894029,0.192650,0.858268
776,0.345113,0.732794,0.777905,0.383226,0.643883,0.880705,0.983632,0.827421,0.666667,0.872161,0.192650,0.858268
777,0.314286,0.658907,0.777954,0.377858,0.618889,0.880705,0.984206,0.836735,0.666667,0.876367,0.192650,0.858268
778,0.348872,0.528340,0.777334,0.375113,0.603319,0.880705,0.983536,0.838515,0.800000,0.873844,0.192650,0.858268
779,0.321053,0.353239,0.776042,0.308832,0.608697,0.880705,0.981430,0.835981,0.666667,0.885618,0.192650,0.858268
780,0.310526,0.408907,0.778228,0.318294,0.650311,0.880705,0.984110,0.865566,0.666667,0.887300,0.192650,0.858268
781,0.337594,0.696356,0.778376,0.349395,0.607852,0.880705,0.984015,0.840912,0.666667,0.873844,0.204343,0.858268
782,0.319549,0.684211,0.777309,0.418820,0.667495,0.880705,0.983727,0.816258,0.666667,0.860387,0.194599,0.858268
783,0.387218,0.672065,0.775099,0.427699,0.647878,0.880705,0.983756,0.830503,0.666667,0.863751,0.192650,0.858268
784,0.401504,0.704453,0.775148,0.349564,0.547287,0.880705,0.983948,0.869264,0.666667,0.888141,0.192650,0.858268
785,0.378195,0.599190,0.775198,0.332771,0.598325,0.880705,0.983747,0.861868,0.666667,0.884777,0.192650,0.858268
786,0.341353,0.629555,0.775198,0.345423,0.623422,0.880705,0.983632,0.851322,0.666667,0.878890,0.196269,0.858268
787,0.346617,0.671053,0.774602,0.374469,0.616482,0.880705,0.984302,0.836940,0.666667,0.876367,0.206570,0.858268
788,0.223308,0.461538,0.774677,0.356465,0.622346,0.880705,0.984091,0.849199,0.666667,0.881413,0.200724,0.858268
789,0.324060,0.371457,0.775173,0.386370,0.647187,0.880705,0.983938,0.838789,0.666667,0.891505,0.192650,0.858268
790,0.318045,0.319838,0.775769,0.374392,0.653205,0.880705,0.982866,0.850705,0.666667,0.888141,0.199610,0.858268
791,0.308271,0.623482,0.776738,0.350883,0.568030,0.878203,0.983345,0.864197,0.666667,0.886459,0.199610,0.858268
792,0.313534,0.440283,0.777036,0.340485,0.579964,0.873699,0.983345,0.866799,0.666667,0.897393,0.214922,0.858268
793,0.251128,0.617409,0.777855,0.370114,0.606392,0.880705,0.983727,0.849541,0.666667,0.887300,0.207962,0.858268
794,0.263158,0.620445,0.778302,0.382536,0.650618,0.880705,0.983919,0.852417,0.666667,0.886459,0.208519,0.865197
795,0.396992,0.306680,0.776762,0.336881,0.590719,0.880705,0.982646,0.874264,0.666667,0.904121,0.192650,0.858898
796,0.291729,0.472672,0.779320,0.306578,0.545469,0.874500,0.984780,0.871292,0.666667,0.894029,0.203229,0.865512
797,0.268421,0.329960,0.779121,0.307789,0.575866,0.875400,0.984072,0.861882,0.666667,0.905803,0.217706,0.866142
798,0.309023,0.319838,0.778997,0.331882,0.587057,0.870697,0.983584,0.858923,0.666667,0.906644,0.196269,0.866142
799,0.305263,0.758097,0.778972,0.391783,0.610899,0.871697,0.984015,0.837351,0.666667,0.877208,0.206570,0.866142
800,0.272932,0.505061,0.777408,0.357523,0.629133,0.879203,0.983727,0.856937,0.666667,0.892347,0.200445,0.866142
801,0.297744,0.684211,0.777483,0.390740,0.608031,0.870697,0.984015,0.841118,0.666667,0.877208,0.192650,0.866142
802,0.304511,0.601215,0.775198,0.394237,0.584445,0.875400,0.984024,0.832831,0.666667,0.868797,0.192650,0.866142
803,0.435338,0.639676,0.773286,0.383686,0.600118,0.870697,0.983632,0.838721,0.666667,0.873003,0.192650,0.859843
804,0.145865,0.663968,0.773063,0.391216,0.580373,0.875500,0.984015,0.838063,0.666667,0.867115,0.192650,0.861024
805,0.232331,0.118421,0.773187,0.314951,0.644114,0.873999,0.982081,0.880592,0.666667,0.908326,0.192650,0.859449
806,0.151880,0.508097,0.778153,0.274081,0.651899,0.872198,0.983919,0.875565,0.666667,0.894029,0.192650,0.858268
807,0.246617,0.704453,0.778997,0.389881,0.647494,0.870697,0.984254,0.842022,0.666667,0.868797,0.192650,0.858661
808,0.213534,0.677126,0.778277,0.394881,0.638326,0.870697,0.983775,0.836324,0.666667,0.872161,0.192650,0.862441
809,0.278195,0.412955,0.776738,0.406168,0.613537,0.870697,0.983172,0.854130,0.666667,0.892347,0.192650,0.861417
810,0.242857,0.460526,0.777284,0.365682,0.619017,0.870997,0.983632,0.879879,0.666667,0.909167,0.192650,0.858268
811,0.342105,0.752024,0.777756,0.359348,0.589721,0.875200,0.984235,0.868648,0.666667,0.883936,0.192650,0.863780
812,0.420301,0.762146,0.778476,0.348536,0.563804,0.870697,0.982703,0.859745,0.666667,0.889823,0.192650,0.866142
813,0.303008,0.761134,0.776191,0.369853,0.570847,0.875701,0.983823,0.844747,0.666667,0.871320,0.192650,0.866142
814,0.286466,0.625506,0.775893,0.403285,0.667443,0.872498,0.983967,0.826120,0.666667,0.866274,0.192650,0.866142
815,0.334586,0.576923,0.777259,0.400755,0.593818,0.873699,0.983699,0.846391,0.666667,0.874685,0.192650,0.862992
816,0.215789,0.656883,0.776489,0.383164,0.628364,0.870697,0.983536,0.853650,0.666667,0.877208,0.192650,0.858268
817,0.265414,0.451417,0.774999,0.372046,0.620323,0.870697,0.983536,0.846665,0.666667,0.880572,0.192650,0.858268
818,0.254887,0.488866,0.774403,0.356403,0.597429,0.870697,0.983919,0.853582,0.666667,0.881413,0.192650,0.858268
819,0.447368,0.695344,0.774428,0.379791,0.588952,0.870697,0.983747,0.836516,0.666667,0.873844,0.192650,0.861732
820,0.295489,0.700405,0.773063,0.390311,0.646700,0.870697,0.983479,0.834324,0.666667,0.878890,0.192650,0.858268
821,0.259398,0.448381,0.774354,0.349073,0.627110,0.870697,0.981928,0.866525,0.666667,0.892347,0.192650,0.858268
822,0.298496,0.765182,0.776738,0.346297,0.655228,0.870697,0.983823,0.849952,0.666667,0.888982,0.192650,0.858268
823,0.312030,0.667004,0.775794,0.394651,0.673948,0.870697,0.983995,0.818765,0.666667,0.861228,0.192650,0.858268
824,0.288722,0.306680,0.774701,0.399344,0.630029,0.870697,0.983890,0.835023,0.666667,0.881413,0.192650,0.858268
825,0.240602,0.642713,0.775372,0.385066,0.611155,0.870697,0.984015,0.852007,0.666667,0.883095,0.192650,0.858268
826,0.270677,0.614372,0.774850,0.372230,0.714384,0.870697,0.984110,0.846870,0.666667,0.881413,0.192650,0.858268
827,0.381955,0.535425,0.775620,0.372199,0.661451,0.870697,0.983536,0.854609,0.666667,0.884777,0.192650,0.858268
828,0.206015,0.615385,0.776638,0.341206,0.618121,0.870697,0.983842,0.857759,0.666667,0.892347,0.192650,0.858268
829,0.242857,0.721660,0.777085,0.364731,0.632283,0.870697,0.984015,0.844336,0.666667,0.886459,0.192650,0.858268
830,0.224812,0.550607,0.775844,0.355499,0.614868,0.870697,0.983546,0.848760,0.666667,0.885618,0.192650,0.858268
831,0.253383,0.479757,0.775968,0.331974,0.627852,0.870697,0.983057,0.857417,0.666667,0.898234,0.192650,0.858268
832,0.225564,0.372470,0.778228,0.317558,0.649133,0.870697,0.983297,0.862074,0.666667,0.900757,0.192650,0.858268
833,0.200752,0.655870,0.780686,0.335808,0.630490,0.862690,0.984015,0.848582,0.666667,0.887300,0.192650,0.858268
834,0.406767,0.454453,0.779544,0.366326,0.671310,0.869496,0.983574,0.844432,0.666667,0.888982,0.192650,0.858268
835,0.218045,0.648785,0.778799,0.395510,0.673257,0.870697,0.983900,0.832420,0.666667,0.873003,0.192650,0.858268
836,0.220301,0.296559,0.778103,0.373641,0.635228,0.870697,0.983536,0.855979,0.666667,0.889823,0.192650,0.858268
837,0.233083,0.669028,0.778054,0.393209,0.667443,0.870697,0.984024,0.851979,0.800000,0.886459,0.192650,0.858268
838,0.306015,0.650810,0.777408,0.396016,0.652949,0.870697,0.983699,0.853239,0.700000,0.886459,0.192650,0.858268
839,0.207519,0.614372,0.779544,0.378349,0.644267,0.870697,0.983603,0.877277,0.666667,0.893188,0.192650,0.858268
840,0.302256,0.654858,0.779246,0.366372,0.668417,0.870697,0.983919,0.862553,0.666667,0.886459,0.202951,0.862047
841,0.348120,0.498988,0.778550,0.347003,0.699787,0.870697,0.984110,0.861731,0.666667,0.902439,0.196269,0.864803
842,0.299248,0.684211,0.779618,0.385189,0.692950,0.870697,0.983603,0.851253,0.666667,0.884777,0.192650,0.866142
843,0.266165,0.632591,0.779891,0.382628,0.578888,0.870697,0.984397,0.863443,0.666667,0.894029,0.219098,0.866142
844,0.349624,0.589069,0.778699,0.344350,0.595713,0.865893,0.983316,0.869333,0.666667,0.893188,0.219655,0.866142
845,0.259398,0.541498,0.779171,0.368289,0.681836,0.870697,0.983134,0.864580,0.666667,0.905803,0.206013,0.866142
846,0.368421,0.663968,0.779121,0.353980,0.640401,0.870697,0.983823,0.862759,0.666667,0.893188,0.207962,0.866142
847,0.260150,0.427126,0.779618,0.378472,0.646163,0.865993,0.983268,0.862895,0.666667,0.890664,0.217706,0.866142
848,0.206767,0.600202,0.780040,0.337571,0.576609,0.855985,0.984206,0.879606,0.666667,0.900757,0.210189,0.866142
849,0.284962,0.675101,0.781083,0.339641,0.630644,0.870697,0.983507,0.864813,0.666667,0.894870,0.215757,0.866142
850,0.372180,0.492915,0.781182,0.348414,0.622116,0.870697,0.984110,0.859471,0.666667,0.893188,0.192650,0.866142
851,0.191729,0.655870,0.780363,0.306900,0.639555,0.870697,0.982646,0.871771,0.666667,0.908326,0.211581,0.866142
852,0.248872,0.444332,0.782151,0.361955,0.639530,0.865893,0.983919,0.846665,0.666667,0.889823,0.220490,0.866142
853,0.324812,0.460526,0.780388,0.379499,0.661784,0.860989,0.983919,0.835570,0.666667,0.882254,0.220490,0.866142
854,0.258647,0.000000,0.778476,0.332050,0.553177,0.866693,0.982387,0.857307,0.366667,0.905803,0.196826,0.866142
855,0.254135,0.589069,0.779097,0.364271,0.622039,0.863691,0.983727,0.854267,0.666667,0.898234,0.204621,0.866142
856,0.315038,0.493927,0.779047,0.355790,0.637379,0.867394,0.983632,0.863060,0.666667,0.902439,0.220490,0.866142
857,0.245113,0.599190,0.778774,0.381355,0.591821,0.856886,0.984397,0.842076,0.666667,0.877208,0.207127,0.866142
858,0.232331,0.515182,0.778550,0.421887,0.665446,0.863891,0.982962,0.837077,0.666667,0.886459,0.192650,0.866142
859,0.296241,0.543522,0.778153,0.341221,0.662603,0.856185,0.983507,0.874264,0.666667,0.903280,0.192650,0.866142
860,0.254135,0.643725,0.779171,0.383072,0.577787,0.855685,0.983842,0.860019,0.666667,0.887300,0.192650,0.866142
861,0.216541,0.606275,0.777830,0.383333,0.692950,0.865392,0.983440,0.868443,0.666667,0.894029,0.192650,0.866142
862,0.341353,0.625506,0.777185,0.369623,0.622449,0.855885,0.983517,0.868580,0.666667,0.898234,0.192650,0.866142
863,0.321805,0.280364,0.777681,0.297115,0.609132,0.860689,0.982904,0.878770,0.666667,0.920942,0.192650,0.866142
864,0.129323,0.681174,0.779891,0.303909,0.579221,0.855084,0.983995,0.880099,0.666667,0.909167,0.192650,0.866142
865,0.422556,0.574899,0.779544,0.356925,0.636482,0.850681,0.983603,0.849062,0.666667,0.893188,0.199610,0.866142
866,0.403759,0.595142,0.779519,0.369347,0.610541,0.862790,0.984062,0.849966,0.666667,0.882254,0.200167,0.866142
867,0.313534,0.277328,0.777110,0.338936,0.667034,0.858487,0.981995,0.867265,0.666667,0.910008,0.192650,0.866142
868,0.363910,0.435223,0.778004,0.342187,0.628928,0.859888,0.984273,0.863443,0.666667,0.893188,0.192650,0.866142
869,0.325564,0.705466,0.777632,0.369700,0.634664,0.858887,0.984206,0.852417,0.666667,0.884777,0.192650,0.866142
870,0.189474,0.406883,0.776564,0.364240,0.623012,0.852482,0.983421,0.855034,0.900000,0.897393,0.192650,0.866142
871,0.203008,0.676113,0.774627,0.382459,0.645113,0.850681,0.984551,0.847473,1.000000,0.878049,0.206849,0.866142
872,0.231579,0.549595,0.774081,0.418283,0.620400,0.850681,0.983345,0.844405,1.000000,0.876367,0.192650,0.866142
873,0.360150,0.560729,0.774180,0.357768,0.570412,0.850681,0.983919,0.867005,1.000000,0.888141,0.192650,0.866142
874,0.310526,0.478745,0.774180,0.364409,0.613178,0.855484,0.983919,0.853719,1.000000,0.887300,0.192650,0.866142
875,0.246617,0.591093,0.774652,0.352094,0.602781,0.850681,0.983823,0.854746,1.000000,0.880572,0.192650,0.866142
876,0.218797,0.681174,0.775273,0.350867,0.640426,0.850681,0.983948,0.852828,1.000000,0.880572,0.192650,0.866142
877,0.293233,0.746964,0.774677,0.366586,0.671413,0.852182,0.984493,0.845980,1.000000,0.876367,0.192650,0.866142
878,0.347368,0.711538,0.773286,0.384039,0.644139,0.853883,0.983986,0.831667,1.000000,0.870479,0.192650,0.866142
879,0.269925,0.484818,0.772740,0.365820,0.582576,0.857886,0.983440,0.853239,0.700000,0.892347,0.192650,0.864173
880,0.281203,0.635628,0.773534,0.377291,0.609721,0.853183,0.984015,0.845980,0.666667,0.886459,0.192650,0.858268
881,0.326316,0.493927,0.774130,0.331575,0.638736,0.856185,0.983000,0.878181,0.800000,0.910008,0.192650,0.862520
882,0.239850,0.650810,0.776415,0.344073,0.680709,0.866994,0.984062,0.852965,0.833333,0.885618,0.192650,0.861969
883,0.257143,0.459514,0.776390,0.391507,0.580194,0.858187,0.982770,0.839885,0.666667,0.872161,0.192650,0.862205
884,0.177444,0.123482,0.777011,0.314552,0.570027,0.850681,0.981507,0.883715,0.733333,0.917578,0.192650,0.865748
885,0.348120,0.590081,0.780015,0.287040,0.604036,0.855384,0.983469,0.869607,0.766667,0.899075,0.192650,0.859055
886,0.276692,0.575911,0.780164,0.387688,0.606418,0.850981,0.984397,0.834817,0.666667,0.873844,0.192650,0.866142
887,0.275188,0.622470,0.777433,0.412655,0.659249,0.855384,0.983727,0.827489,0.666667,0.867115,0.192650,0.866142
888,0.205263,0.508097,0.777036,0.361633,0.615483,0.856385,0.983249,0.865909,0.666667,0.899075,0.192650,0.860236
889,0.204511,0.572874,0.777731,0.350607,0.633000,0.857386,0.983536,0.863101,0.666667,0.894029,0.192650,0.858268
890,0.185714,0.642713,0.776589,0.364409,0.643141,0.864191,0.984397,0.846802,0.666667,0.880572,0.192650,0.861024
891,0.276692,0.217611,0.775769,0.351542,0.616764,0.862690,0.982847,0.861663,0.666667,0.899075,0.192650,0.859291
892,0.271429,0.646761,0.777110,0.347769,0.597096,0.861389,0.984015,0.871182,0.666667,0.904121,0.192650,0.858268
893,0.327068,0.634615,0.776986,0.361986,0.625880,0.870697,0.983660,0.853582,0.666667,0.889823,0.192650,0.862205
894,0.275188,0.446356,0.776191,0.353198,0.612333,0.870697,0.983459,0.862895,0.666667,0.899075,0.192650,0.865906
895,0.293233,0.592105,0.776986,0.374224,0.675101,0.870697,0.984206,0.843446,0.666667,0.879731,0.192650,0.862598
896,0.314286,0.629555,0.775645,0.398163,0.687418,0.870697,0.984225,0.835310,0.666667,0.875526,0.192650,0.862047
897,0.290226,0.567814,0.774701,0.407548,0.584548,0.870697,0.983459,0.849130,0.900000,0.896552,0.192650,0.864803
898,0.273684,0.570850,0.773832,0.364209,0.640759,0.870697,0.984206,0.861731,0.666667,0.898234,0.192650,0.858268
899,0.308271,0.261134,0.774528,0.356511,0.604471,0.870697,0.983345,0.853034,0.666667,0.897393,0.213530,0.860079
900,0.278195,0.261134,0.775446,0.371509,0.585316,0.870697,0.983249,0.864101,0.666667,0.900757,0.199053,0.862441
901,0.284211,0.553644,0.777334,0.370298,0.593664,0.870697,0.983919,0.852007,0.666667,0.881413,0.214922,0.866142
902,0.228571,0.446356,0.776489,0.350622,0.614766,0.870697,0.983660,0.858923,0.633333,0.896552,0.220490,0.866142
903,0.237594,0.504049,0.777085,0.351021,0.554995,0.870697,0.981717,0.875455,0.500000,0.902439,0.220490,0.866142
904,0.193985,0.515182,0.780289,0.340991,0.608774,0.870697,0.983727,0.878236,0.666667,0.900757,0.220490,0.866142
905,0.224812,0.335020,0.781133,0.332940,0.623550,0.870697,0.984302,0.867141,0.666667,0.904962,0.220490,0.866142
906,0.274436,0.659919,0.780289,0.361648,0.627161,0.870697,0.983995,0.849267,0.666667,0.880572,0.220490,0.866142
907,0.331579,0.517206,0.778997,0.388992,0.607237,0.870697,0.983297,0.842693,0.666667,0.883095,0.220490,0.866142
908,0.304511,0.441296,0.777185,0.375404,0.567774,0.870697,0.983345,0.851733,0.666667,0.890664,0.220490,0.866142
909,0.295489,0.394737,0.775893,0.373595,0.646931,0.870697,0.983392,0.862211,0.666667,0.894870,0.206570,0.866142
910,0.312030,0.543522,0.776315,0.346650,0.646547,0.870697,0.984158,0.868854,0.666667,0.891505,0.220490,0.866142
911,0.327820,0.512146,0.776564,0.360084,0.611770,0.870196,0.983727,0.855636,0.666667,0.883095,0.220490,0.866142
912,0.230075,0.730769,0.776837,0.359409,0.577249,0.865492,0.983536,0.862800,0.666667,0.894870,0.220490,0.866142
913,0.177444,0.399798,0.777632,0.326683,0.546160,0.861890,0.983823,0.873305,0.666667,0.902439,0.220490,0.866142
914,0.375940,0.656883,0.778079,0.358811,0.566263,0.864892,0.983584,0.847226,0.666667,0.880572,0.220490,0.866142
915,0.174436,0.777328,0.775893,0.381707,0.592281,0.868695,0.984302,0.826599,0.666667,0.867956,0.220490,0.866142
916,0.232331,0.463563,0.775422,0.447099,0.620989,0.865693,0.983775,0.825983,0.666667,0.856182,0.220490,0.866142
917,0.272180,0.610324,0.773882,0.390970,0.597659,0.868395,0.984015,0.854677,0.666667,0.883936,0.192650,0.866142
918,0.318045,0.523279,0.774428,0.350453,0.658736,0.857886,0.983727,0.867114,0.666667,0.893188,0.192650,0.866142
919,0.344361,0.396761,0.775074,0.332664,0.578273,0.864191,0.983249,0.864128,0.666667,0.890664,0.192650,0.866142
920,0.284211,0.647773,0.775248,0.373196,0.582422,0.870697,0.984206,0.836666,0.666667,0.871320,0.207127,0.866142
921,0.288722,0.707490,0.774453,0.403024,0.655228,0.870697,0.983345,0.815916,0.666667,0.853659,0.192650,0.866142
922,0.288722,0.608300,0.773485,0.429570,0.659428,0.870697,0.983727,0.842624,0.666667,0.868797,0.192650,0.864173
923,0.272180,0.636640,0.773087,0.379913,0.644652,0.870697,0.983919,0.850021,0.666667,0.873844,0.192650,0.858268
924,0.203759,0.699393,0.771846,0.370466,0.673462,0.870697,0.983919,0.847966,0.666667,0.875526,0.192650,0.858268
925,0.184962,0.586032,0.772566,0.374193,0.642757,0.865993,0.984015,0.847692,0.666667,0.871320,0.192650,0.858268
926,0.181955,0.434211,0.772591,0.333983,0.622449,0.870697,0.983823,0.863512,0.666667,0.888982,0.192650,0.858268
927,0.184211,0.711538,0.772467,0.356127,0.587441,0.870697,0.984302,0.840090,0.666667,0.873003,0.192650,0.858268
928,0.284211,0.456478,0.772069,0.383609,0.597173,0.870697,0.983440,0.833790,0.666667,0.873003,0.192650,0.862047
929,0.228571,0.543522,0.770281,0.378717,0.655049,0.870697,0.983345,0.829886,0.666667,0.869638,0.192650,0.858268
930,0.403759,0.691296,0.770803,0.408346,0.704346,0.870697,0.983632,0.826257,0.666667,0.858705,0.192650,0.858268
931,0.396241,0.683198,0.768642,0.393179,0.638685,0.870697,0.983440,0.842487,0.666667,0.874685,0.192650,0.858268
932,0.251880,0.039474,0.769437,0.328676,0.671054,0.870697,0.982550,0.883304,0.900000,0.911690,0.192650,0.858268
933,0.283459,0.650810,0.774453,0.321929,0.642424,0.870697,0.982866,0.872826,0.700000,0.895711,0.192650,0.858268
934,0.261654,0.692308,0.774900,0.337326,0.697457,0.870697,0.984273,0.856663,0.666667,0.879731,0.192650,0.860394
935,0.321053,0.544534,0.774056,0.380849,0.639171,0.870697,0.983727,0.828996,0.666667,0.868797,0.192650,0.866142
936,0.230075,0.346154,0.771299,0.391507,0.633179,0.870697,0.983057,0.829749,0.866667,0.878890,0.192650,0.859449
937,0.307519,0.659919,0.770852,0.382244,0.632743,0.870697,0.983632,0.849336,1.000000,0.882254,0.192650,0.858268
938,0.299248,0.448381,0.771175,0.338951,0.634510,0.870697,0.983057,0.872757,1.000000,0.894870,0.192650,0.858268
939,0.284211,0.501012,0.772144,0.340991,0.657072,0.875701,0.984206,0.862279,1.000000,0.892347,0.192650,0.858268
940,0.227068,0.681174,0.771970,0.322818,0.698737,0.870697,0.983823,0.846733,1.000000,0.888982,0.195434,0.858268
941,0.311278,0.579960,0.771722,0.385925,0.683833,0.870697,0.984972,0.801739,1.000000,0.853659,0.203786,0.861969
942,0.152632,0.450405,0.770604,0.465349,0.698200,0.870697,0.983823,0.798521,1.000000,0.846089,0.192650,0.858268
943,0.302256,0.534413,0.770430,0.392642,0.693129,0.870697,0.983536,0.856800,1.000000,0.877208,0.192650,0.858268
944,0.237594,0.652834,0.768245,0.366908,0.686496,0.870697,0.984110,0.853650,1.000000,0.883095,0.192650,0.858268
945,0.244361,0.575911,0.768717,0.364516,0.626085,0.870697,0.984426,0.847281,1.000000,0.877208,0.192650,0.858268
946,0.174436,0.546559,0.768642,0.388333,0.632385,0.870697,0.983727,0.834954,1.000000,0.873003,0.192650,0.858268
947,0.276692,0.625506,0.768220,0.390756,0.661374,0.870697,0.983919,0.823860,0.800000,0.867956,0.192650,0.858268
948,0.216541,0.683198,0.767103,0.439232,0.651873,0.870697,0.984015,0.808451,0.666667,0.857023,0.192650,0.858268
949,0.232331,0.573887,0.766681,0.399942,0.635714,0.870697,0.983536,0.846528,0.666667,0.883936,0.192650,0.854488
950,0.259398,0.649798,0.766532,0.369577,0.657123,0.870697,0.983727,0.838926,0.666667,0.875526,0.192650,0.854567
951,0.228571,0.446356,0.767326,0.383609,0.668775,0.870697,0.983345,0.834201,0.666667,0.867956,0.192650,0.854488
952,0.259398,0.423077,0.766060,0.355775,0.612589,0.870697,0.983364,0.844268,0.666667,0.899075,0.209911,0.857323
953,0.212030,0.628543,0.767550,0.346665,0.742631,0.870697,0.983794,0.838597,0.666667,0.878049,0.202951,0.855118
954,0.239850,0.608300,0.768071,0.373150,0.708494,0.872698,0.984062,0.821737,0.666667,0.872161,0.192650,0.858268
955,0.215038,0.542510,0.767326,0.381324,0.598786,0.873499,0.984493,0.819751,0.666667,0.872161,0.192650,0.852520
956,0.180451,0.662955,0.766234,0.415446,0.672949,0.870697,0.983919,0.805575,0.866667,0.852817,0.192650,0.850394
957,0.257143,0.512146,0.765414,0.417593,0.613767,0.870697,0.984139,0.821874,0.666667,0.863751,0.192650,0.850394
958,0.252632,0.384615,0.765439,0.362139,0.674102,0.874400,0.983794,0.852335,0.666667,0.890664,0.192650,0.850394
959,0.206015,0.393725,0.766879,0.333522,0.696356,0.875701,0.983632,0.861663,0.666667,0.910008,0.192650,0.850394
960,0.221053,0.524291,0.768071,0.329796,0.672079,0.880705,0.984206,0.837625,0.666667,0.883936,0.192650,0.850394
961,0.234586,0.482794,0.766730,0.395586,0.653589,0.880705,0.983536,0.811738,0.666667,0.859546,0.192650,0.853780
962,0.163910,0.674089,0.766929,0.393225,0.632385,0.880705,0.983306,0.827996,0.666667,0.861228,0.192650,0.850394
963,0.260902,0.503036,0.767525,0.391277,0.620579,0.875200,0.983373,0.831872,0.666667,0.865433,0.192650,0.850394
964,0.223308,0.698381,0.766780,0.379929,0.604471,0.875500,0.984780,0.833174,0.666667,0.873003,0.192650,0.850394
965,0.143609,0.742915,0.766755,0.398654,0.646726,0.870697,0.983536,0.817354,0.666667,0.858705,0.192650,0.850394
966,0.248872,0.652834,0.766557,0.394467,0.639888,0.870697,0.984206,0.821531,0.666667,0.861228,0.192650,0.850394
967,0.278195,0.465587,0.767326,0.410953,0.671899,0.870697,0.983536,0.820778,0.666667,0.862910,0.192650,0.850394
968,0.351880,0.595142,0.767028,0.382459,0.640170,0.870697,0.983823,0.840775,0.666667,0.870479,0.192650,0.850394
969,0.224812,0.619433,0.766904,0.381677,0.626392,0.870697,0.983727,0.848445,0.666667,0.881413,0.192650,0.850394
970,0.317293,0.671053,0.767798,0.353781,0.639709,0.870697,0.983919,0.843925,0.666667,0.877208,0.192650,0.850394
971,0.225564,0.681174,0.767749,0.407993,0.619299,0.870697,0.983794,0.823380,0.666667,0.862910,0.192650,0.850394
972,0.278947,0.503036,0.767997,0.384376,0.679531,0.870697,0.983440,0.841255,0.666667,0.873003,0.192650,0.850394
973,0.165414,0.627530,0.767922,0.367982,0.672027,0.870697,0.984397,0.837283,0.666667,0.872161,0.192650,0.850630
974,0.247368,0.714575,0.767401,0.378257,0.597326,0.870697,0.983412,0.817422,0.666667,0.858705,0.195434,0.854094
975,0.232331,0.788462,0.767823,0.443434,0.721094,0.869896,0.984015,0.797767,0.666667,0.848612,0.203786,0.850394
976,0.193985,0.493927,0.765538,0.417240,0.619043,0.866693,0.983440,0.840501,0.666667,0.867956,0.192650,0.850394
977,0.193233,0.415992,0.766606,0.323631,0.655356,0.870697,0.983632,0.872483,0.666667,0.898234,0.192650,0.850394
978,0.270677,0.643725,0.769412,0.335685,0.656611,0.870697,0.983823,0.839816,0.666667,0.888982,0.192650,0.850394
979,0.383459,0.450405,0.768841,0.376601,0.683142,0.870697,0.984493,0.826188,0.666667,0.878049,0.192650,0.850394
980,0.175188,0.270243,0.767426,0.373150,0.683577,0.870697,0.983727,0.837146,0.666667,0.873844,0.192650,0.850394
981,0.344361,0.420040,0.769387,0.338246,0.602115,0.870697,0.983076,0.852691,0.666667,0.883095,0.192650,0.850394
982,0.199248,0.482794,0.769313,0.313417,0.638813,0.870697,0.984110,0.846117,0.666667,0.900757,0.192650,0.850394
983,0.226316,0.279352,0.769636,0.380941,0.666394,0.870697,0.983345,0.835160,0.800000,0.878890,0.192650,0.854094
984,0.186466,0.547571,0.770257,0.398117,0.620426,0.870697,0.983632,0.827900,0.666667,0.866274,0.192650,0.850630
985,0.327068,0.221660,0.769487,0.382781,0.619145,0.870697,0.983823,0.846117,0.666667,0.878049,0.192650,0.854094
986,0.314286,0.673077,0.769164,0.387182,0.621552,0.870697,0.984302,0.839337,0.666667,0.876367,0.192650,0.850394
987,0.244361,0.669028,0.768692,0.406045,0.642244,0.870697,0.983057,0.843583,0.833333,0.871320,0.192650,0.850394
988,0.315789,0.539474,0.768493,0.372123,0.661144,0.870697,0.984015,0.850911,0.666667,0.878049,0.192650,0.851417
989,0.164662,0.651822,0.767848,0.383624,0.670747,0.870697,0.983919,0.832763,0.666667,0.869638,0.192650,0.857087
990,0.214286,0.667004,0.766532,0.401184,0.644882,0.870697,0.984589,0.821394,0.666667,0.858705,0.192650,0.852126
991,0.218797,0.674089,0.765638,0.397074,0.601091,0.870697,0.984493,0.825435,0.666667,0.861228,0.192650,0.852205
992,0.248872,0.697368,0.765663,0.401291,0.602576,0.870697,0.984015,0.822901,0.666667,0.857864,0.192650,0.850394
993,0.154887,0.307692,0.765141,0.387474,0.626316,0.870697,0.983632,0.827928,0.666667,0.868797,0.192650,0.850394
994,0.187970,0.423077,0.765389,0.344656,0.600502,0.870697,0.984512,0.847966,0.866667,0.882254,0.192650,0.850394
995,0.226316,0.469636,0.767202,0.355253,0.732567,0.870697,0.984110,0.834132,1.000000,0.873003,0.192650,0.850394
996,0.203759,0.436235,0.766929,0.403898,0.679326,0.870697,0.984110,0.815094,1.000000,0.850294,0.192650,0.850394
997,0.259398,0.317814,0.766457,0.364761,0.656918,0.870697,0.983182,0.840734,0.933333,0.877208,0.190702,0.850394
998,0.215038,0.638664,0.767550,0.377521,0.613665,0.870697,0.983823,0.830297,0.666667,0.873844,0.168430,0.850394
999,0.266165,0.455466,0.767078,0.376064,0.609158,0.870697,0.983823,0.832420,0.666667,0.873003,0.192650,0.850394
1000,0.235338,0.471660,0.766333,0.380818,0.633486,0.865693,0.984397,0.820641,0.766667,0.867115,0.192650,0.850394
1001,0.211278,0.205466,0.766085,0.367997,0.624472,0.870697,0.984397,0.838721,0.733333,0.882254,0.192650,0.850394
1002,0.196241,0.637652,0.766159,0.377260,0.662399,0.870697,0.984110,0.821120,0.666667,0.868797,0.192650,0.850394
1003,0.214286,0.096154,0.765712,0.382398,0.610925,0.870697,0.984206,0.820093,0.833333,0.866274,0.192650,0.850394
1004,0.217293,0.626518,0.763775,0.370574,0.659786,0.870697,0.983727,0.827174,0.666667,0.868797,0.192650,0.850394
1005,0.217293,0.547571,0.764222,0.385603,0.600528,0.870697,0.984302,0.813587,0.666667,0.854500,0.192650,0.848268
1006,0.231579,0.671053,0.764744,0.419602,0.673897,0.870697,0.983536,0.810574,0.666667,0.853659,0.192650,0.847087
1007,0.148120,0.511134,0.763328,0.391829,0.610566,0.870697,0.982770,0.831735,0.800000,0.873844,0.182071,0.842520
1008,0.257895,0.587045,0.764794,0.351726,0.672898,0.870697,0.984589,0.847898,0.833333,0.878049,0.190423,0.842520
1009,0.242857,0.687247,0.764620,0.367691,0.605931,0.870697,0.983919,0.836666,0.666667,0.867956,0.192650,0.846220
1010,0.378195,0.738866,0.764918,0.376831,0.639786,0.870697,0.983727,0.825024,0.666667,0.862910,0.192650,0.850394
1011,0.202256,0.710526,0.764967,0.400218,0.696689,0.870697,0.984110,0.824819,0.733333,0.859546,0.192650,0.850394
1012,0.215789,0.479757,0.763900,0.375727,0.670798,0.870697,0.983536,0.839748,0.766667,0.873003,0.192650,0.850394
1013,0.263158,0.643725,0.763204,0.386523,0.634459,0.870697,0.984206,0.820025,0.733333,0.860387,0.192650,0.850394
1014,0.280451,0.704453,0.763527,0.383778,0.663013,0.870697,0.983440,0.832557,0.733333,0.859546,0.192650,0.850394
1015,0.281955,0.390688,0.763254,0.384575,0.630439,0.870697,0.983316,0.826777,0.600000,0.862910,0.192650,0.850394
1016,0.188722,0.552632,0.762757,0.390234,0.601654,0.868195,0.983603,0.823284,0.466667,0.872161,0.192650,0.846535
1017,0.192481,0.640688,0.762435,0.368979,0.638480,0.866793,0.984034,0.829708,0.666667,0.864592,0.175390,0.850394
1018,0.294737,0.545547,0.762534,0.378395,0.678097,0.862690,0.983383,0.828571,0.666667,0.862910,0.192650,0.844646
1019,0.286466,0.618421,0.762385,0.407594,0.687470,0.867194,0.983249,0.801329,0.666667,0.846930,0.192650,0.846299
1020,0.000000,0.586032,0.761814,0.407625,0.650772,0.856685,0.983440,0.810779,0.666667,0.857864,0.181514,0.845906
1021,0.250376,0.738866,0.761963,0.435904,0.604676,0.855484,0.983919,0.804684,0.666667,0.845248,0.190423,0.842520
1022,0.196992,0.674089,0.761019,0.405555,0.599324,0.855384,0.983632,0.816874,0.666667,0.850294,0.192650,0.842520
1023,0.203759,0.571862,0.760274,0.400325,0.620093,0.870196,0.984474,0.815916,0.666667,0.857864,0.179287,0.842520
1024,0.179699,0.517206,0.760026,0.396414,0.590873,0.855484,0.984302,0.813724,0.666667,0.857864,0.192650,0.842520
1025,0.274436,0.626518,0.761714,0.390065,0.667776,0.850681,0.984397,0.818723,0.666667,0.861228,0.192650,0.842520
1026,0.199248,0.598178,0.761913,0.387596,0.597659,0.858387,0.984082,0.821189,0.666667,0.862069,0.192650,0.842520
1027,0.245113,0.533401,0.762062,0.383854,0.587723,0.858987,0.983919,0.827695,0.666667,0.868797,0.192650,0.842520
1028,0.187218,0.603239,0.762385,0.360191,0.620528,0.858387,0.984589,0.833584,0.666667,0.868797,0.192650,0.842520
1029,0.177444,0.507085,0.763105,0.369470,0.726421,0.855685,0.984110,0.826051,0.666667,0.871320,0.192650,0.842520
1030,0.368421,0.390688,0.763279,0.387673,0.635048,0.855484,0.983345,0.814135,0.666667,0.862069,0.192650,0.842520
1031,0.307519,0.403846,0.764123,0.403546,0.620682,0.854384,0.983727,0.819066,0.666667,0.864592,0.192650,0.842520
1032,0.335338,0.612348,0.763825,0.406260,0.617071,0.852182,0.983823,0.827202,0.666667,0.863751,0.192650,0.842520
1033,0.205263,0.293522,0.763552,0.385035,0.633486,0.859888,0.983536,0.840296,0.666667,0.868797,0.192650,0.842520
1034,0.231579,0.438259,0.765936,0.311853,0.638838,0.860689,0.983239,0.858499,0.666667,0.882254,0.192650,0.842520
1035,0.335338,0.373482,0.767351,0.365590,0.612897,0.860488,0.983727,0.830023,0.666667,0.867956,0.192650,0.845276
1036,0.174436,0.696356,0.766904,0.390664,0.640913,0.850681,0.983632,0.818860,0.666667,0.859546,0.192650,0.850394
1037,0.257143,0.606275,0.766581,0.405693,0.669979,0.850681,0.983440,0.840775,0.733333,0.864592,0.192650,0.850394
1038,0.178195,0.697368,0.767649,0.358090,0.660990,0.851982,0.984110,0.853787,0.766667,0.877208,0.192650,0.846614
1039,0.296241,0.563765,0.767252,0.372813,0.656841,0.859187,0.984091,0.830818,0.666667,0.867115,0.192650,0.850394
1040,0.262406,0.349190,0.766234,0.393041,0.668212,0.857486,0.984206,0.816327,0.666667,0.862910,0.192650,0.850394
1041,0.236842,0.460526,0.766581,0.409067,0.593024,0.853483,0.983727,0.804821,0.666667,0.846930,0.192650,0.850394
1042,0.196992,0.630567,0.764669,0.449921,0.594740,0.850681,0.983699,0.805944,0.666667,0.846089,0.184020,0.848268
1043,0.281203,0.663968,0.763999,0.379438,0.663372,0.853883,0.983440,0.838104,0.666667,0.866274,0.164811,0.842520
1044,0.362406,0.568826,0.765538,0.349104,0.651848,0.852382,0.983900,0.861183,0.800000,0.886459,0.176503,0.842520
1045,0.213534,0.547571,0.767624,0.341620,0.608646,0.854484,0.984302,0.839269,0.666667,0.882254,0.192650,0.842520
1046,0.369173,0.637652,0.767128,0.386707,0.581193,0.851681,0.984732,0.821079,0.666667,0.861228,0.192650,0.850236
1047,0.225564,0.426113,0.765836,0.406858,0.647161,0.850681,0.984110,0.812012,0.666667,0.850294,0.192650,0.850394
1048,0.319549,0.588057,0.764471,0.401445,0.666880,0.850681,0.983603,0.818381,0.666667,0.856182,0.192650,0.845669
1049,0.268421,0.637652,0.763204,0.413836,0.623038,0.850681,0.983613,0.816532,0.666667,0.852817,0.188474,0.842520
1050,0.345865,0.504049,0.762310,0.389115,0.675894,0.850681,0.984072,0.831229,0.666667,0.863751,0.183742,0.842520
1051,0.235338,0.564777,0.762062,0.386293,0.590719,0.850681,0.984321,0.817833,0.666667,0.859546,0.192650,0.842520
1052,0.162406,0.627530,0.762633,0.388425,0.633128,0.850681,0.983632,0.818518,0.666667,0.858705,0.186526,0.842520
1053,0.198496,0.647773,0.762683,0.385695,0.686215,0.850681,0.983823,0.823860,0.666667,0.859546,0.178174,0.842520
1054,0.195489,0.552632,0.762732,0.382842,0.611514,0.850681,0.983727,0.826462,0.800000,0.872161,0.185690,0.842520
1055,0.140602,0.557692,0.763229,0.374254,0.648262,0.850681,0.984015,0.829338,0.700000,0.877208,0.192650,0.842520
1056,0.255639,0.448381,0.764272,0.371663,0.623960,0.850681,0.983536,0.824271,0.833333,0.863751,0.192650,0.842520
1057,0.187970,0.684211,0.764148,0.395402,0.637020,0.850681,0.983536,0.816258,0.666667,0.854500,0.192650,0.842520
1058,0.155639,0.633603,0.764173,0.408944,0.624113,0.850681,0.984206,0.807903,0.666667,0.853659,0.192650,0.842520
1059,0.182707,0.526316,0.763453,0.414986,0.646931,0.850681,0.983823,0.815231,0.800000,0.858705,0.167038,0.842520
1060,0.110526,0.532389,0.763155,0.435367,0.638685,0.850681,0.983727,0.825024,0.666667,0.861228,0.164811,0.842520
1061,0.257143,0.399798,0.763254,0.358842,0.611206,0.850681,0.983823,0.863238,0.666667,0.893188,0.177895,0.842520
1062,0.206015,0.657895,0.764868,0.320886,0.574022,0.849980,0.983938,0.857417,0.666667,0.887300,0.180958,0.842520
1063,0.193985,0.748988,0.766631,0.395387,0.611616,0.845476,0.984522,0.818381,0.666667,0.863751,0.192650,0.842520
1064,0.453383,0.625506,0.765489,0.403791,0.676099,0.840673,0.984206,0.814614,0.666667,0.854500,0.192650,0.847638
1065,0.101504,0.355263,0.764471,0.407916,0.590207,0.842674,0.984015,0.817080,0.666667,0.861228,0.180122,0.848661
1066,0.230075,0.649798,0.763651,0.386830,0.672591,0.843475,0.984330,0.832557,0.666667,0.865433,0.192650,0.842520
1067,0.275188,0.613360,0.763304,0.381631,0.641425,0.840673,0.983507,0.826325,0.666667,0.865433,0.192650,0.842520
1068,0.223308,0.659919,0.763676,0.406153,0.655766,0.840673,0.983756,0.813245,0.666667,0.853659,0.192650,0.842520
1069,0.180451,0.120445,0.764198,0.368473,0.625624,0.840673,0.983804,0.850979,0.666667,0.890664,0.182071,0.842520
1070,0.287218,0.670040,0.766706,0.354210,0.651950,0.840673,0.983727,0.847144,0.666667,0.871320,0.190702,0.842520
1071,0.292481,0.549595,0.766681,0.359103,0.597122,0.831665,0.983995,0.827613,0.666667,0.865433,0.192650,0.842677
1072,0.306767,0.462551,0.765315,0.366786,0.576481,0.835468,0.983756,0.823997,0.666667,0.869638,0.192650,0.850157
1073,0.288722,0.701417,0.766730,0.369117,0.627724,0.830665,0.983727,0.825229,0.666667,0.866274,0.192650,0.847008
1074,0.280451,0.649798,0.766085,0.402932,0.601834,0.830665,0.984139,0.811122,0.666667,0.852817,0.192650,0.845512
1075,0.188722,0.552632,0.765762,0.404435,0.614817,0.830665,0.983967,0.816395,0.666667,0.857864,0.192650,0.842520
1076,0.239098,0.682186,0.764918,0.413989,0.511767,0.830665,0.983536,0.814272,0.666667,0.852817,0.179287,0.842520
1077,0.213534,0.602227,0.765166,0.416964,0.544675,0.830665,0.984168,0.810451,0.666667,0.851976,0.184855,0.842520
1078,0.245865,0.688259,0.762732,0.401644,0.562626,0.830665,0.984110,0.817902,0.666667,0.849453,0.164811,0.842520
1079,0.204511,0.354251,0.761913,0.394360,0.556224,0.830665,0.983823,0.819477,0.666667,0.855341,0.186526,0.842520
1080,0.162406,0.674089,0.762757,0.375696,0.561320,0.830665,0.983699,0.827750,0.666667,0.857864,0.183185,0.842520
1081,0.185714,0.670040,0.763775,0.399420,0.573587,0.830665,0.983919,0.799343,0.666667,0.833474,0.175111,0.842520
1082,0.197744,0.528340,0.763179,0.395295,0.584471,0.830665,0.983498,0.805506,0.666667,0.850294,0.192650,0.842520
1083,0.205263,0.599190,0.762484,0.401613,0.588466,0.830665,0.984283,0.803027,0.666667,0.838520,0.179844,0.842520
1084,0.196992,0.724696,0.762534,0.386063,0.566212,0.830665,0.983632,0.810095,0.666667,0.846930,0.178731,0.835197
1085,0.205263,0.872470,0.763155,0.406950,0.631053,0.830665,0.984024,0.793439,0.666667,0.834315,0.191537,0.834646
1086,0.139098,0.594130,0.762633,0.402119,0.642782,0.830665,0.984685,0.806191,0.666667,0.845248,0.192650,0.834646
1087,0.199248,0.320850,0.763924,0.370282,0.541397,0.825861,0.984206,0.818723,0.666667,0.856182,0.192650,0.834646
1088,0.146617,0.604251,0.764471,0.390587,0.552255,0.825861,0.983823,0.801671,0.666667,0.849453,0.192650,0.834646
1089,0.173684,0.539474,0.764371,0.398255,0.572793,0.825060,0.983995,0.808684,0.666667,0.848612,0.192650,0.834646
1090,0.195489,0.651822,0.764148,0.392427,0.588824,0.828463,0.984780,0.805301,0.666667,0.844407,0.192650,0.834646
1091,0.157143,0.755061,0.763949,0.419341,0.596200,0.819656,0.984321,0.790084,0.666667,0.839361,0.174555,0.834646
1092,0.249624,0.543522,0.764272,0.407778,0.617429,0.818355,0.983995,0.812642,0.666667,0.853659,0.185690,0.834646
1093,0.249624,0.726721,0.764669,0.399604,0.588645,0.822858,0.984225,0.811231,0.666667,0.857864,0.192650,0.834646
1094,0.203759,0.631579,0.764049,0.418007,0.648826,0.817354,0.984015,0.796398,0.666667,0.841884,0.192650,0.834646
1095,0.330827,0.708502,0.764595,0.422976,0.669953,0.815853,0.984302,0.799685,0.666667,0.841043,0.178731,0.834646
1096,0.158647,0.638664,0.763726,0.403668,0.584650,0.829964,0.984493,0.811122,0.666667,0.848612,0.192650,0.834646
1097,0.140602,0.748988,0.764297,0.414955,0.567338,0.811049,0.984646,0.802452,0.666667,0.849453,0.192650,0.834646
1098,0.309023,0.696356,0.763229,0.423835,0.608466,0.810649,0.984110,0.791467,0.666667,0.837679,0.180958,0.834646
1099,0.200000,0.703441,0.762410,0.423835,0.578837,0.810649,0.983536,0.811670,0.666667,0.849453,0.164811,0.834646
1100,0.153383,0.697368,0.762608,0.388517,0.603345,0.815452,0.984015,0.823517,0.666667,0.858705,0.191815,0.834646
1101,0.157143,0.534413,0.763477,0.370650,0.528874,0.810649,0.984780,0.826873,0.666667,0.873003,0.190423,0.834646
1102,0.099248,0.664980,0.764098,0.384713,0.519732,0.810649,0.983727,0.816395,0.666667,0.857023,0.167595,0.834646
1103,0.142857,0.537449,0.765166,0.394191,0.636098,0.812950,0.983536,0.810231,0.666667,0.854500,0.192650,0.834646
1104,0.162406,0.419028,0.764545,0.346313,0.600502,0.813351,0.984541,0.827037,0.666667,0.869638,0.192650,0.834646
1105,0.255639,0.577935,0.764843,0.380205,0.567543,0.810649,0.983727,0.802698,0.666667,0.850294,0.192650,0.834646
1106,0.161654,0.711538,0.764272,0.428788,0.590105,0.810649,0.984110,0.785577,0.666667,0.831791,0.192650,0.834646
1107,0.271429,0.694332,0.764421,0.461070,0.587595,0.814452,0.984397,0.786262,0.666667,0.825904,0.178174,0.834646
1108,0.233835,0.730769,0.763477,0.433450,0.579349,0.811849,0.983737,0.813217,0.666667,0.841884,0.192650,0.834646
1109,0.172180,0.533401,0.762459,0.370436,0.633102,0.804143,0.984110,0.829338,0.666667,0.867115,0.179566,0.834646
1110,0.139098,0.222672,0.763229,0.334826,0.625829,0.810348,0.983392,0.834598,0.666667,0.871320,0.192650,0.834646
1111,0.234586,0.599190,0.764322,0.394037,0.585930,0.810148,0.983823,0.808862,0.666667,0.845248,0.192650,0.834646
1112,0.270677,0.390688,0.764297,0.397442,0.535302,0.805645,0.984015,0.817559,0.666667,0.846930,0.192650,0.834646
1113,0.212782,0.405870,0.763304,0.398301,0.579272,0.800641,0.983919,0.822901,0.666667,0.854500,0.192094,0.834646
1114,0.284962,0.732794,0.762757,0.425476,0.627673,0.800641,0.983727,0.804410,0.666667,0.846089,0.178731,0.838189
1115,0.309774,0.653846,0.760473,0.437606,0.655894,0.800641,0.983948,0.813930,0.666667,0.843566,0.179566,0.834646
1116,0.198496,0.681174,0.759753,0.407502,0.637660,0.798439,0.984082,0.822764,0.666667,0.854500,0.189310,0.834646
1117,0.150376,0.646761,0.758933,0.408622,0.558452,0.793135,0.984206,0.814341,0.666667,0.851976,0.164811,0.834646
1118,0.227068,0.664980,0.758139,0.412992,0.576583,0.792934,0.983919,0.808862,0.666667,0.850294,0.164811,0.834646
1119,0.112782,0.532389,0.756251,0.432331,0.598530,0.787330,0.984110,0.792289,0.666667,0.841884,0.178731,0.834646
1120,0.110526,0.669028,0.755879,0.478170,0.603652,0.780624,0.984206,0.765375,0.666667,0.821699,0.164811,0.834646
1121,0.220301,0.767206,0.754811,0.438250,0.529053,0.767814,0.983919,0.805301,0.666667,0.835156,0.164811,0.834646
1122,0.154135,0.676113,0.754910,0.383471,0.577633,0.750100,0.983727,0.811738,0.666667,0.842725,0.151448,0.834646
1123,0.123308,0.721660,0.756177,0.402242,0.563036,0.740592,0.984589,0.792974,0.666667,0.832632,0.151448,0.834646
1124,0.147368,0.391700,0.755680,0.394651,0.543343,0.745797,0.983775,0.797425,0.666667,0.832632,0.136971,0.834646
1125,0.218045,0.434211,0.757319,0.380542,0.536147,0.749900,0.983249,0.797904,0.666667,0.840202,0.136971,0.834252
1126,0.148120,0.538462,0.757269,0.379499,0.562626,0.746397,0.978846,0.770579,0.666667,0.816653,0.140312,0.830472
1127,0.102256,0.682186,0.756351,0.385725,0.605752,0.750600,0.973868,0.754349,0.666667,0.777965,0.164811,0.826772
1128,0.232331,0.725709,0.755879,0.413836,0.628902,0.750600,0.970202,0.722572,0.666667,0.739277,0.164811,0.826772
1129,0.292481,0.609312,0.754389,0.393209,0.594714,0.750600,0.969111,0.729215,0.666667,0.739277,0.155624,0.820630
1130,0.163158,0.704453,0.755109,0.401414,0.614612,0.750600,0.969369,0.727709,0.666667,0.740959,0.161192,0.815512
1131,0.248120,0.694332,0.755705,0.419341,0.559502,0.750600,0.969340,0.726270,0.666667,0.733389,0.138363,0.811024
1132,0.254135,0.747976,0.754613,0.413361,0.575738,0.750600,0.969465,0.733667,0.666667,0.732548,0.164811,0.804961
1133,0.224812,0.585020,0.755655,0.419433,0.536377,0.745596,0.969369,0.733256,0.666667,0.739277,0.161470,0.803150
1134,0.221053,0.446356,0.755705,0.384790,0.542216,0.750600,0.969848,0.761334,0.600000,0.749369,0.141147,0.803150
1135,0.208271,0.490891,0.757294,0.344610,0.623012,0.750300,0.969944,0.762224,0.466667,0.756939,0.164811,0.803150
1136,0.395489,0.673077,0.758908,0.390878,0.580450,0.746397,0.969666,0.734666,0.666667,0.735913,0.164811,0.803150
1137,0.127820,0.662955,0.759405,0.413989,0.596712,0.750600,0.969877,0.732434,0.666667,0.737595,0.178174,0.803150
1138,0.139098,0.720648,0.759579,0.431825,0.639427,0.745897,0.970039,0.718395,0.666667,0.731707,0.187918,0.803150
1139,0.196241,0.447368,0.759504,0.421396,0.561525,0.752402,0.969656,0.735995,0.666667,0.738436,0.168151,0.803150
1140,0.146617,0.726721,0.759926,0.380619,0.643013,0.769816,0.969082,0.751061,0.666667,0.751051,0.176503,0.796220
1141,0.187218,0.638664,0.761714,0.377444,0.596251,0.794135,0.969752,0.748596,0.666667,0.743482,0.192650,0.795276
1142,0.118797,0.664980,0.762534,0.389283,0.648826,0.800641,0.969273,0.735242,0.666667,0.736754,0.206013,0.798819
1143,0.262406,0.708502,0.763428,0.372966,0.551179,0.800641,0.968910,0.746898,0.666667,0.746846,0.220490,0.795669
1144,0.218797,0.606275,0.764769,0.380895,0.591334,0.804444,0.969944,0.729626,0.666667,0.742641,0.220490,0.802520
1145,0.324060,0.740891,0.765141,0.409465,0.559579,0.810649,0.970039,0.722161,0.666667,0.735071,0.220490,0.799213
1146,0.318797,0.689271,0.764297,0.420216,0.537888,0.810649,0.969465,0.734146,0.666667,0.731707,0.220490,0.795276
1147,0.106015,0.480769,0.764297,0.378533,0.540603,0.815653,0.969178,0.752637,0.666667,0.754415,0.220490,0.795276
1148,0.284211,0.502024,0.765017,0.388793,0.519655,0.825961,0.969752,0.745446,0.666667,0.751051,0.220490,0.796850
1149,0.160902,0.448381,0.764570,0.400724,0.581398,0.830665,0.969752,0.742227,0.666667,0.743482,0.220490,0.803150
1150,0.329323,0.697368,0.764198,0.418958,0.573357,0.830665,0.969848,0.739282,0.666667,0.742641,0.220490,0.803150
1151,0.387970,0.693320,0.763626,0.411137,0.560655,0.830665,0.969369,0.744008,0.666667,0.746005,0.220490,0.803150
1152,0.196992,0.645749,0.763428,0.418728,0.527261,0.830665,0.969561,0.738666,0.666667,0.743482,0.220490,0.803150
1153,0.249624,0.707490,0.762857,0.405355,0.574176,0.830665,0.969273,0.753212,0.666667,0.752733,0.220490,0.803150
1154,0.185714,0.725709,0.763527,0.396246,0.574483,0.830665,0.969273,0.755171,0.666667,0.748528,0.220490,0.803150
1155,0.209774,0.691296,0.764769,0.396507,0.531921,0.830665,0.969273,0.745788,0.666667,0.739277,0.220490,0.803150
1156,0.228571,0.520243,0.764769,0.404282,0.593229,0.826962,0.969082,0.746610,0.666667,0.746005,0.220490,0.803150
1157,0.286466,0.709514,0.765216,0.391584,0.541730,0.824660,0.969857,0.757033,0.666667,0.750210,0.220490,0.803150
1158,0.244361,0.521255,0.765638,0.390526,0.581987,0.830665,0.969637,0.754938,0.666667,0.754415,0.220490,0.803150
1159,0.209774,0.633603,0.765638,0.380174,0.547082,0.825861,0.969561,0.769689,0.666667,0.761144,0.220490,0.803150
1160,0.155639,0.723684,0.766283,0.383210,0.512766,0.830665,0.969647,0.755732,0.666667,0.752733,0.220490,0.803150
1161,0.298496,0.655870,0.765389,0.423666,0.526928,0.830665,0.969656,0.742638,0.666667,0.739277,0.220490,0.803701
1162,0.161654,0.581984,0.765092,0.404558,0.488335,0.830665,0.969867,0.758321,0.666667,0.749369,0.203786,0.810236
1163,0.251880,0.636640,0.764769,0.402487,0.541755,0.830665,0.969465,0.750308,0.666667,0.748528,0.192650,0.804331
1164,0.175188,0.718623,0.764173,0.395433,0.543702,0.830665,0.969321,0.754212,0.666667,0.752733,0.192650,0.805748
1165,0.140602,0.667004,0.763924,0.422225,0.522446,0.825961,0.969848,0.741268,0.666667,0.745164,0.198775,0.803150
1166,0.348120,0.611336,0.763304,0.414020,0.517785,0.830665,0.969762,0.746966,0.666667,0.744323,0.199610,0.803150
1167,0.305263,0.559717,0.762261,0.416060,0.543855,0.830665,0.969178,0.743117,0.666667,0.744323,0.192650,0.803150
1168,0.111278,0.643725,0.761988,0.421427,0.509437,0.825661,0.969848,0.738255,0.666667,0.747687,0.192650,0.803150
1169,0.239850,0.706478,0.761441,0.433420,0.508694,0.830665,0.969465,0.740515,0.666667,0.740959,0.192650,0.803150
1170,0.112782,0.667004,0.760572,0.425016,0.545264,0.830665,0.969656,0.751061,0.666667,0.747687,0.192650,0.803150
1171,0.159398,0.726721,0.760423,0.398500,0.534918,0.830665,0.969465,0.762498,0.666667,0.754415,0.192650,0.803150
1172,0.144361,0.623482,0.761267,0.402043,0.531153,0.830665,0.968986,0.752431,0.666667,0.748528,0.192650,0.803150
1173,0.252632,0.613360,0.761466,0.416244,0.593229,0.830665,0.969704,0.740104,0.666667,0.741800,0.192650,0.803150
1174,0.222556,0.711538,0.760200,0.429754,0.529463,0.830665,0.969944,0.737913,0.666667,0.744323,0.192650,0.803150
1175,0.298496,0.765182,0.759206,0.420415,0.556967,0.830665,0.969465,0.742980,0.666667,0.744323,0.192650,0.803150
1176,0.193985,0.637652,0.758412,0.409067,0.511153,0.835669,0.969944,0.749555,0.666667,0.745164,0.192650,0.803150
1177,0.203759,0.657895,0.758263,0.400202,0.537837,0.830665,0.969216,0.747185,0.666667,0.746005,0.192650,0.803150
1178,0.123308,0.765182,0.757468,0.413299,0.522395,0.830665,0.969340,0.735228,0.666667,0.741800,0.192650,0.803150
1179,0.230827,0.574899,0.757418,0.413146,0.525391,0.830665,0.969082,0.739556,0.666667,0.741800,0.192650,0.803150
1180,0.296241,0.714575,0.756897,0.419326,0.518477,0.829263,0.968833,0.733489,0.666667,0.739277,0.192650,0.803150
1181,0.242857,0.718623,0.756897,0.439477,0.535455,0.828663,0.969465,0.724421,0.666667,0.734230,0.192650,0.803150
1182,0.209774,0.714575,0.756301,0.448295,0.519936,0.830665,0.968852,0.749911,0.666667,0.739277,0.192650,0.802835
1183,0.283459,0.850202,0.757269,0.397411,0.554944,0.825861,0.968910,0.765553,0.666667,0.755257,0.192650,0.797717
1184,0.247368,0.761134,0.757418,0.393899,0.558068,0.830665,0.969369,0.761197,0.666667,0.756098,0.192650,0.803150
1185,0.469925,0.812753,0.757071,0.408652,0.535455,0.830665,0.969216,0.745405,0.666667,0.746005,0.192650,0.803150
1186,0.322556,0.632591,0.757096,0.435214,0.529386,0.830665,0.969944,0.735584,0.666667,0.742641,0.192650,0.803150
1187,0.316541,0.685223,0.755705,0.436656,0.512920,0.829363,0.969465,0.745487,0.666667,0.747687,0.192650,0.803150
1188,0.284211,0.679150,0.754985,0.405785,0.462496,0.815452,0.968508,0.761403,0.666667,0.755257,0.192650,0.803150
1189,0.266165,0.580972,0.755283,0.394666,0.486568,0.810649,0.969273,0.757499,0.666667,0.751892,0.192650,0.803150
1190,0.320301,0.509109,0.755655,0.400034,0.539553,0.810649,0.969589,0.752746,0.666667,0.752733,0.192650,0.803150
1191,0.246617,0.705466,0.755357,0.404941,0.483060,0.803843,0.969848,0.751061,0.666667,0.755257,0.192650,0.803150
1192,0.256391,0.626518,0.755457,0.408146,0.479679,0.800641,0.969465,0.754486,0.666667,0.755257,0.192650,0.803150
1193,0.143609,0.692308,0.754488,0.415738,0.470691,0.800641,0.969656,0.742296,0.666667,0.751892,0.192650,0.803150
1194,0.346617,0.662955,0.753321,0.432883,0.528208,0.792834,0.970556,0.736858,0.666667,0.749369,0.192650,0.803150
1195,0.241353,0.669028,0.752676,0.433542,0.465236,0.781825,0.969178,0.741953,0.666667,0.746005,0.164811,0.803150
1196,0.268421,0.842105,0.752427,0.426979,0.498758,0.776221,0.969628,0.742706,0.666667,0.746005,0.164811,0.803150
1197,0.178195,0.608300,0.751732,0.408177,0.485339,0.775120,0.969072,0.748747,0.666667,0.751051,0.164811,0.803150
1198,0.235338,0.779352,0.751732,0.412103,0.531153,0.770817,0.968565,0.741953,0.666667,0.740118,0.164811,0.803150
1199,0.334586,0.768219,0.752104,0.406582,0.488002,0.770616,0.969656,0.741063,0.666667,0.744323,0.164811,0.803150
1200,0.275940,0.717611,0.751533,0.414986,0.515532,0.771617,0.969321,0.736064,0.666667,0.743482,0.164811,0.803150
1201,0.270677,0.684211,0.750863,0.414771,0.524418,0.779424,0.969838,0.735954,0.666667,0.741800,0.164811,0.796535
1202,0.349624,0.689271,0.750192,0.404680,0.525212,0.777522,0.969810,0.743350,0.666667,0.744323,0.164811,0.795276
1203,0.206015,0.755061,0.750192,0.416474,0.488207,0.780624,0.969302,0.729558,0.666667,0.740118,0.164811,0.795276
1204,0.172180,0.665992,0.749870,0.425414,0.483444,0.780624,0.969656,0.728873,0.666667,0.738436,0.164811,0.795276
1205,0.236842,0.707490,0.749770,0.438634,0.483111,0.780624,0.968670,0.731544,0.666667,0.736754,0.178174,0.795276
1206,0.232331,0.788462,0.748901,0.418973,0.507055,0.783827,0.969369,0.741542,0.666667,0.740118,0.192094,0.795276
1207,0.339098,0.720648,0.748628,0.412364,0.495454,0.782326,0.969561,0.743117,0.666667,0.741800,0.179566,0.795276
1208,0.137594,0.864372,0.747933,0.402012,0.475864,0.789331,0.969589,0.745008,0.666667,0.744323,0.192650,0.795276
1209,0.455639,0.706478,0.748032,0.398331,0.525852,0.790633,0.969273,0.745514,0.666667,0.746005,0.192650,0.795276
1210,0.376692,0.734818,0.749150,0.398285,0.469922,0.790633,0.968852,0.742789,0.666667,0.747687,0.192650,0.795276
1211,0.234586,0.682186,0.748107,0.395878,0.485006,0.790432,0.969005,0.737913,0.666667,0.743482,0.192650,0.795276
1212,0.139850,0.721660,0.748429,0.414066,0.530692,0.785929,0.969436,0.725723,0.666667,0.736754,0.197383,0.795276
1213,0.313534,0.522267,0.747784,0.419372,0.489078,0.790633,0.969283,0.729215,0.666667,0.738436,0.220490,0.795276
1214,0.246617,0.672065,0.747660,0.408146,0.502855,0.790633,0.970039,0.737365,0.666667,0.740118,0.201559,0.795276
1215,0.305263,0.683198,0.747933,0.407579,0.502062,0.790633,0.969465,0.741816,0.666667,0.747687,0.192650,0.795276
1216,0.309023,0.725709,0.747709,0.379591,0.468027,0.790633,0.969273,0.756198,0.666667,0.752733,0.192650,0.795276
1217,0.334586,0.696356,0.750192,0.396568,0.496658,0.790633,0.969369,0.737639,0.666667,0.749369,0.192650,0.795276
1218,0.356391,0.626518,0.749845,0.401935,0.520551,0.790633,0.968948,0.729708,0.666667,0.739277,0.192650,0.795276
1219,0.333083,0.732794,0.749249,0.432193,0.521319,0.795436,0.970183,0.730311,0.666667,0.735913,0.192650,0.795276
1220,0.248120,0.711538,0.749199,0.411612,0.548260,0.790633,0.968489,0.742706,0.666667,0.744323,0.192650,0.795276
1221,0.308271,0.841093,0.749299,0.398945,0.498707,0.790633,0.969082,0.740515,0.666667,0.743482,0.192650,0.795276
1222,0.236842,0.712551,0.748305,0.415860,0.497657,0.790633,0.968603,0.731201,0.666667,0.737595,0.192650,0.795276
1223,0.229323,0.693320,0.749745,0.405785,0.486210,0.795436,0.969848,0.740378,0.666667,0.747687,0.192650,0.795276
1224,0.296992,0.664980,0.750540,0.380511,0.505416,0.800641,0.970173,0.750925,0.666667,0.750210,0.192650,0.795276
1225,0.316541,0.701417,0.750490,0.394007,0.487285,0.800641,0.969465,0.738118,0.666667,0.746005,0.206013,0.795276
1226,0.093233,0.773279,0.749770,0.416489,0.516172,0.800641,0.969302,0.727024,0.666667,0.738436,0.192650,0.795276
1227,0.355639,0.651822,0.750366,0.413407,0.503111,0.800641,0.969656,0.727092,0.666667,0.744323,0.192650,0.795276
1228,0.266165,0.602227,0.749944,0.398209,0.471510,0.800641,0.969293,0.739625,0.666667,0.749369,0.192650,0.795276
1229,0.288722,0.667004,0.750143,0.428589,0.485288,0.800641,0.969082,0.727161,0.666667,0.740118,0.192650,0.795276
1230,0.183459,0.473684,0.750565,0.407564,0.486210,0.795837,0.970259,0.741611,0.666667,0.751892,0.192650,0.795276
1231,0.264662,0.720648,0.750192,0.388241,0.474583,0.795837,0.969561,0.751335,0.666667,0.750210,0.192650,0.795276
1232,0.290226,0.768219,0.750639,0.396077,0.471331,0.800641,0.968795,0.735379,0.666667,0.743482,0.210746,0.795276
1233,0.279699,0.642713,0.750192,0.417087,0.498707,0.800641,0.969178,0.723873,0.666667,0.738436,0.201837,0.795276
1234,0.295489,0.819838,0.750143,0.425905,0.468027,0.800641,0.969944,0.720929,0.666667,0.736754,0.199053,0.795276
1235,0.178195,0.639676,0.749820,0.424985,0.501191,0.800641,0.969436,0.735242,0.666667,0.746005,0.220490,0.795276
1236,0.312782,0.717611,0.749770,0.386753,0.490512,0.800641,0.969494,0.752020,0.666667,0.752733,0.210746,0.795276
1237,0.286466,0.821862,0.750093,0.398700,0.500448,0.800641,0.968699,0.735927,0.666667,0.742641,0.192650,0.795276
1238,0.257895,0.676113,0.749646,0.397289,0.475812,0.800641,0.970231,0.727709,0.666667,0.740959,0.192650,0.795276
1239,0.172932,0.558704,0.749174,0.414480,0.491280,0.800641,0.969369,0.734214,0.666667,0.744323,0.192650,0.795276
1240,0.100000,0.614372,0.748777,0.391982,0.470153,0.800641,0.969532,0.735105,0.666667,0.740118,0.205735,0.795276
1241,0.295489,0.661943,0.749224,0.414587,0.459756,0.800641,0.969082,0.721613,0.666667,0.738436,0.206013,0.795276
1242,0.348872,0.700405,0.748703,0.413759,0.444467,0.800641,0.969273,0.722846,0.666667,0.736754,0.192650,0.795276
1243,0.227068,0.710526,0.748454,0.412026,0.475582,0.800641,0.969245,0.731913,0.666667,0.740959,0.192650,0.795276
1244,0.300752,0.731781,0.749646,0.400126,0.484852,0.800641,0.968919,0.737543,0.666667,0.744323,0.192650,0.795276
1245,0.205263,0.728745,0.750664,0.393286,0.468027,0.800641,0.969465,0.739830,0.666667,0.746005,0.192650,0.795276
1246,0.183459,0.671053,0.750788,0.411658,0.491920,0.800641,0.969465,0.732228,0.666667,0.742641,0.192650,0.795276
1247,0.139850,0.743927,0.750267,0.406383,0.471664,0.800641,0.969340,0.732228,0.666667,0.743482,0.192650,0.795276
1248,0.295489,0.703441,0.749671,0.412962,0.464954,0.800641,0.968709,0.723695,0.666667,0.736754,0.192650,0.795276
1249,0.283459,0.632591,0.747933,0.433052,0.468949,0.800641,0.969178,0.717367,0.666667,0.735913,0.192650,0.795276
1250,0.185714,0.661943,0.748976,0.429126,0.487618,0.800641,0.969273,0.724901,0.666667,0.734230,0.192650,0.793465
1251,0.250376,0.805668,0.748131,0.415676,0.486952,0.800641,0.969752,0.735242,0.666667,0.741800,0.192650,0.789528
1252,0.278947,0.514170,0.748703,0.396614,0.507695,0.800641,0.969369,0.744693,0.666667,0.748528,0.192650,0.791339
1253,0.184962,0.704453,0.748429,0.399666,0.498988,0.800641,0.969561,0.734488,0.700000,0.744323,0.192650,0.795276
1254,0.212030,0.491903,0.747759,0.388287,0.491716,0.800641,0.968891,0.738187,0.800000,0.757780,0.192650,0.795276
1255,0.285714,0.806680,0.748876,0.395510,0.493355,0.800641,0.969752,0.728051,0.666667,0.740118,0.192650,0.795276
1256,0.318045,0.684211,0.748454,0.415508,0.502241,0.800641,0.968804,0.714642,0.666667,0.734230,0.192650,0.795276
1257,0.210526,0.700405,0.748578,0.441670,0.484391,0.800641,0.969206,0.700657,0.666667,0.727502,0.192650,0.795276
1258,0.249624,0.663968,0.747784,0.462864,0.525724,0.800641,0.969273,0.715108,0.666667,0.726661,0.192650,0.791181
1259,0.143609,0.714575,0.746790,0.421887,0.516428,0.800641,0.969752,0.727914,0.666667,0.745164,0.192650,0.787402
1260,0.118797,0.587045,0.746989,0.419265,0.531845,0.800641,0.969178,0.731886,0.666667,0.740118,0.192650,0.787402
1261,0.190226,0.817814,0.746865,0.416934,0.524930,0.800641,0.969082,0.725928,0.666667,0.740959,0.192650,0.787402
1262,0.156391,0.750000,0.746219,0.430997,0.491972,0.800641,0.969465,0.717367,0.666667,0.732548,0.192650,0.787402
1263,0.206015,0.642713,0.745822,0.418851,0.496889,0.800641,0.968891,0.726407,0.666667,0.739277,0.192650,0.787402
1264,0.192481,0.699393,0.745797,0.424372,0.530487,0.800641,0.969369,0.720107,0.666667,0.740118,0.192650,0.787402
1265,0.291729,0.704453,0.745723,0.434846,0.481216,0.795837,0.968891,0.722367,0.666667,0.739277,0.192650,0.787402
1266,0.390226,0.655870,0.744978,0.418130,0.441548,0.800641,0.969273,0.734557,0.666667,0.740118,0.205735,0.787402
1267,0.324812,0.737854,0.745102,0.415937,0.451663,0.800641,0.969178,0.728188,0.666667,0.739277,0.192650,0.787402
1268,0.278947,0.753036,0.745450,0.423083,0.467259,0.800641,0.968910,0.719244,0.666667,0.735071,0.192650,0.791102
1269,0.244361,0.652834,0.744705,0.422884,0.457374,0.800641,0.970039,0.716888,0.666667,0.734230,0.192650,0.787402
1270,0.328571,0.739879,0.745623,0.441854,0.485595,0.792634,0.969273,0.716340,0.666667,0.735071,0.192650,0.791339
1271,0.272932,0.796559,0.744059,0.435260,0.466773,0.790633,0.968795,0.721613,0.666667,0.732548,0.206013,0.787402
1272,0.218797,0.557692,0.744729,0.436257,0.449051,0.794636,0.968603,0.719422,0.666667,0.731707,0.192650,0.787402
1273,0.263910,0.834008,0.744531,0.438450,0.472535,0.800641,0.969082,0.716409,0.666667,0.730866,0.192650,0.787402
1274,0.251880,0.849190,0.744332,0.433527,0.460857,0.795837,0.968795,0.718052,0.666667,0.730025,0.192650,0.787402
1275,0.121805,0.740891,0.744183,0.437223,0.467029,0.790633,0.969369,0.718258,0.666667,0.730025,0.192650,0.787402
1276,0.200752,0.695344,0.743910,0.434033,0.461139,0.790633,0.969369,0.721340,0.666667,0.735913,0.192650,0.787402
1277,0.048872,0.769231,0.743836,0.425399,0.439038,0.790633,0.968441,0.722257,0.666667,0.736754,0.192650,0.787402
1278,0.357895,0.774291,0.743389,0.432086,0.445338,0.790633,0.969130,0.714560,0.666667,0.735913,0.192650,0.787402
1279,0.279699,0.778340,0.743885,0.433312,0.500243,0.790633,0.969273,0.714560,0.666667,0.730866,0.192650,0.787402
1280,0.156391,0.794534,0.742966,0.448986,0.485902,0.790633,0.969369,0.711957,0.666667,0.730025,0.192650,0.787402
1281,0.335338,0.782389,0.743662,0.434539,0.483162,0.790633,0.968603,0.722504,0.666667,0.733389,0.192650,0.787402
1282,0.293233,0.791498,0.743488,0.427209,0.464545,0.790633,0.969369,0.721613,0.666667,0.740959,0.192650,0.787402
1283,0.234586,0.735830,0.742892,0.427669,0.453072,0.790633,0.970393,0.720518,0.666667,0.735913,0.192650,0.787402
1284,0.213534,0.773279,0.743463,0.426825,0.485621,0.790633,0.968795,0.721682,0.666667,0.735913,0.192650,0.787402
1285,0.327068,0.764170,0.743786,0.429616,0.478757,0.790633,0.968891,0.718532,0.666667,0.735071,0.192650,0.787402
1286,0.347368,0.577935,0.743711,0.435797,0.464263,0.790633,0.969178,0.715313,0.666667,0.730866,0.192650,0.787402
1287,0.227068,0.711538,0.743562,0.433604,0.459602,0.790633,0.969273,0.714080,0.666667,0.729184,0.192650,0.787402
1288,0.142105,0.803644,0.744034,0.439355,0.459372,0.790633,0.969609,0.710177,0.666667,0.730866,0.192650,0.787402
1289,0.179699,0.723684,0.743687,0.437821,0.497196,0.790633,0.969369,0.715724,0.666667,0.733389,0.192650,0.787402
1290,0.251128,0.781377,0.744009,0.423114,0.506748,0.790633,0.969848,0.716066,0.666667,0.738436,0.192650,0.787402
1291,0.203759,0.694332,0.744059,0.430506,0.487618,0.790633,0.969178,0.714286,0.666667,0.735071,0.192650,0.787402
1292,0.104511,0.649798,0.744481,0.427791,0.474660,0.790633,0.968986,0.715724,0.666667,0.731707,0.192650,0.787402
1293,0.378947,0.736842,0.744282,0.416213,0.509770,0.790633,0.969465,0.723600,0.666667,0.739277,0.192650,0.787402
1294,0.124060,0.661943,0.744903,0.419924,0.473738,0.790633,0.968862,0.711957,0.666667,0.735071,0.178731,0.787402
1295,0.295489,0.783401,0.745474,0.422562,0.486824,0.787430,0.969532,0.711957,0.666667,0.734230,0.192650,0.787402
1296,0.164662,0.723684,0.745574,0.439523,0.490333,0.780624,0.969264,0.702370,0.666667,0.734230,0.192650,0.787402
1297,0.264662,0.676113,0.745450,0.428252,0.501703,0.780624,0.969752,0.712300,0.666667,0.735071,0.192650,0.787165
1298,0.213534,0.834008,0.746964,0.418268,0.466568,0.780624,0.969082,0.716820,0.666667,0.740118,0.192650,0.783622
1299,0.236090,0.913968,0.748107,0.431303,0.469026,0.785328,0.969465,0.702712,0.666667,0.730025,0.192650,0.779528
1300,0.233083,0.694332,0.748305,0.448372,0.541038,0.795637,0.969561,0.690727,0.666667,0.730025,0.192650,0.779528
1301,0.182707,0.650810,0.748678,0.477096,0.497606,0.800641,0.969178,0.686276,0.666667,0.724138,0.192650,0.779528
1302,0.239850,0.676113,0.749249,0.465088,0.470665,0.800641,0.969178,0.712368,0.666667,0.727502,0.192650,0.779528
1303,0.118045,0.804656,0.749423,0.448295,0.494584,0.807646,0.968833,0.722257,0.666667,0.735913,0.192650,0.779528
1304,0.189474,0.704453,0.749174,0.427561,0.471715,0.814151,0.969752,0.726750,0.666667,0.740118,0.192650,0.779528
1305,0.364662,0.718623,0.749646,0.410968,0.474071,0.815653,0.969771,0.729078,0.666667,0.741800,0.192650,0.779528
1306,0.215789,0.778340,0.749845,0.430383,0.515839,0.810649,0.969369,0.706068,0.666667,0.735071,0.217149,0.782283
1307,0.247368,0.841093,0.750168,0.450933,0.454864,0.805745,0.968843,0.692850,0.666667,0.726661,0.220490,0.784173
1308,0.111278,0.663968,0.751136,0.452482,0.478373,0.813651,0.969465,0.710451,0.666667,0.734230,0.207405,0.783465
1309,0.333835,0.643725,0.751360,0.452206,0.469692,0.812850,0.969522,0.711711,0.666667,0.736754,0.219933,0.779528
1310,0.353383,0.734818,0.750888,0.434923,0.509206,0.805845,0.968986,0.723805,0.666667,0.740118,0.219933,0.779528
1311,0.309023,0.694332,0.751335,0.437499,0.497913,0.801841,0.969101,0.721394,0.666667,0.739277,0.207684,0.783386
1312,0.223308,0.713563,0.751608,0.429478,0.535251,0.800641,0.969944,0.722230,0.666667,0.744323,0.220490,0.783228
1313,0.248120,0.711538,0.751384,0.429662,0.545059,0.805444,0.969369,0.716477,0.466667,0.740118,0.220490,0.784094
1314,0.189474,0.720648,0.752179,0.455887,0.570258,0.805344,0.969178,0.694905,0.666667,0.734230,0.216314,0.787402
1315,0.281203,0.688259,0.752651,0.477801,0.499014,0.806645,0.969589,0.677113,0.666667,0.731707,0.192650,0.787402
1316,0.215789,0.663968,0.754240,0.456546,0.475838,0.811950,0.969896,0.699973,0.666667,0.734230,0.199053,0.782047
1317,0.222556,0.621457,0.754017,0.426718,0.465723,0.814151,0.969848,0.715313,0.666667,0.740959,0.213530,0.779528
1318,0.259398,0.676113,0.755258,0.411029,0.452483,0.810649,0.969494,0.712368,0.666667,0.740118,0.200445,0.779528
1319,0.221053,0.767206,0.756351,0.422347,0.485518,0.820356,0.968795,0.706273,0.666667,0.738436,0.220490,0.779528
1320,0.240602,0.731781,0.756947,0.437284,0.487157,0.825861,0.969178,0.701890,0.666667,0.732548,0.211303,0.779528
1321,0.188722,0.681174,0.757543,0.448341,0.450741,0.830665,0.970326,0.701342,0.666667,0.738436,0.192650,0.779528
1322,0.199248,0.617409,0.757071,0.438665,0.465262,0.830665,0.969082,0.712163,0.666667,0.740959,0.192650,0.779528
1323,0.166165,0.658907,0.757543,0.435091,0.469871,0.830665,0.969063,0.714998,0.666667,0.740959,0.216592,0.779528
1324,0.272180,0.635628,0.757642,0.397795,0.458296,0.830665,0.969111,0.690262,0.666667,0.734230,0.220490,0.779528
1325,0.103008,0.581984,0.757493,0.475133,0.466184,0.835769,0.968938,0.676976,0.666667,0.725820,0.220490,0.779528
1326,0.306767,0.603239,0.757716,0.491343,0.447438,0.840673,0.968699,0.701000,0.666667,0.726661,0.206013,0.779528
1327,0.352632,0.693320,0.757220,0.456929,0.479065,0.840673,0.969293,0.719011,0.666667,0.733389,0.192650,0.779528
1328,0.260150,0.424089,0.757195,0.424786,0.465620,0.840673,0.968747,0.730174,0.666667,0.745164,0.192650,0.779528
1329,0.114286,0.597166,0.756996,0.426166,0.443136,0.840673,0.969752,0.727914,0.666667,0.750210,0.192650,0.779528
1330,0.139850,0.706478,0.757418,0.412946,0.499731,0.840673,0.969944,0.728119,0.666667,0.746005,0.197383,0.779528
1331,0.293233,0.736842,0.757592,0.423068,0.482573,0.840673,0.968843,0.713258,0.666667,0.742641,0.220490,0.783465
1332,0.157895,0.645749,0.757592,0.445688,0.478629,0.840673,0.969273,0.702301,0.666667,0.738436,0.220490,0.784803
1333,0.221053,0.680162,0.757245,0.454000,0.444365,0.840673,0.969273,0.705246,0.666667,0.737595,0.220490,0.785591
1334,0.224812,0.702429,0.757890,0.446348,0.452611,0.840673,0.969417,0.718669,0.666667,0.740118,0.198775,0.779528
1335,0.327068,0.686235,0.757667,0.445811,0.493687,0.840673,0.969082,0.724353,0.666667,0.738436,0.201002,0.781732
1336,0.340602,0.792510,0.757468,0.442360,0.483828,0.840673,0.969541,0.725353,0.666667,0.747687,0.220490,0.787402
1337,0.312782,0.653846,0.758089,0.441885,0.484647,0.840673,0.969752,0.722504,0.666667,0.745164,0.196269,0.787402
1338,0.286466,0.717611,0.757493,0.445075,0.471561,0.835969,0.968412,0.718600,0.666667,0.739277,0.192650,0.787402
1339,0.312030,0.671053,0.757543,0.440275,0.471203,0.840673,0.969752,0.719217,0.666667,0.741800,0.192650,0.787402
1340,0.283459,0.676113,0.756326,0.437438,0.486389,0.840673,0.968891,0.725175,0.666667,0.740118,0.192650,0.787402
1341,0.253383,0.720648,0.756351,0.438634,0.477503,0.840673,0.969369,0.722572,0.666667,0.740959,0.192650,0.787402
1342,0.306767,0.624494,0.755606,0.438665,0.470383,0.840673,0.970135,0.723531,0.666667,0.744323,0.192650,0.787402
1343,0.248872,0.687247,0.756003,0.426626,0.478732,0.840673,0.969848,0.726407,0.666667,0.742641,0.192650,0.787402
1344,0.271429,0.563765,0.755357,0.433496,0.468744,0.838171,0.969465,0.719627,0.666667,0.742641,0.192650,0.787402
1345,0.281955,0.708502,0.755432,0.450243,0.433583,0.838171,0.969944,0.704219,0.666667,0.734230,0.192650,0.787402
1346,0.339098,0.735830,0.755780,0.451439,0.473559,0.840673,0.969082,0.712368,0.666667,0.731707,0.192650,0.787402
1347,0.209023,0.646761,0.754761,0.438665,0.459039,0.840673,0.969369,0.726818,0.666667,0.740118,0.192650,0.787402
1348,0.281955,0.811741,0.754712,0.438250,0.473661,0.835869,0.969273,0.721134,0.666667,0.738436,0.192650,0.787402
1349,0.293985,0.719636,0.754091,0.438220,0.462701,0.840673,0.969465,0.723326,0.666667,0.740959,0.192650,0.787402
1350,0.246617,0.735830,0.755134,0.441364,0.503905,0.831365,0.968891,0.716203,0.666667,0.738436,0.192650,0.787402
1351,0.094737,0.747976,0.755059,0.445428,0.473969,0.835468,0.968986,0.715861,0.666667,0.737595,0.192650,0.787402
1352,0.340602,0.772267,0.754861,0.436916,0.461574,0.831165,0.969273,0.719559,0.666667,0.737595,0.192650,0.787402
1353,0.212782,0.650810,0.754389,0.438174,0.462803,0.835869,0.969178,0.716409,0.666667,0.737595,0.192650,0.787402
1354,0.192481,0.734818,0.754116,0.437760,0.513278,0.835869,0.968699,0.716477,0.666667,0.735913,0.192650,0.787402
1355,0.104511,0.697368,0.753346,0.448173,0.460498,0.839171,0.969752,0.711820,0.666667,0.742641,0.192650,0.787402
1356,0.155639,0.855263,0.753470,0.435153,0.472586,0.830665,0.969273,0.722298,0.666667,0.735913,0.192650,0.787402
1357,0.317293,0.686235,0.753222,0.424249,0.450997,0.830665,0.969944,0.724421,0.666667,0.742641,0.192650,0.787402
1358,0.121053,0.688259,0.753222,0.417425,0.474148,0.830665,0.969915,0.729968,0.666667,0.751051,0.192650,0.787402
1359,0.215038,0.732794,0.754091,0.415615,0.456247,0.830665,0.968948,0.728065,0.666667,0.742641,0.192650,0.787402
1360,0.178947,0.695344,0.753992,0.426411,0.463725,0.830665,0.969589,0.720477,0.666667,0.745164,0.192650,0.787402
1361,0.131579,0.637652,0.754290,0.435735,0.474711,0.830665,0.968938,0.718354,0.666667,0.731707,0.192650,0.787402
1362,0.092481,0.685223,0.754166,0.426626,0.494020,0.830665,0.970078,0.722517,0.666667,0.744323,0.192650,0.787402
1363,0.260150,0.851215,0.754439,0.427331,0.490973,0.830665,0.969580,0.718135,0.666667,0.739277,0.192650,0.787402
1364,0.263158,0.744939,0.754811,0.431273,0.487413,0.830665,0.969178,0.717436,0.666667,0.740959,0.192650,0.787402
1365,0.297744,0.731781,0.755258,0.436901,0.520244,0.830164,0.969398,0.712848,0.666667,0.740118,0.192650,0.787402
1366,0.157143,0.840081,0.755283,0.450810,0.512868,0.825460,0.969580,0.707150,0.666667,0.735913,0.192650,0.787402
1367,0.336090,0.566802,0.755655,0.444876,0.494481,0.814452,0.969082,0.719559,0.666667,0.740118,0.192650,0.787402
1368,0.239098,0.649798,0.756227,0.428206,0.468796,0.818855,0.969082,0.731818,0.666667,0.744323,0.192650,0.787402
1369,0.069925,0.696356,0.755680,0.409833,0.467157,0.825861,0.969656,0.729489,0.666667,0.748528,0.192650,0.787402
1370,0.196992,0.704453,0.756351,0.426074,0.509949,0.823459,0.969273,0.711546,0.666667,0.740118,0.192650,0.787402
1371,0.293233,0.667004,0.757418,0.439784,0.504341,0.820657,0.969273,0.699836,0.666667,0.734230,0.192650,0.787402
1372,0.266165,0.683198,0.758312,0.443879,0.515122,0.812650,0.969752,0.701616,0.800000,0.735071,0.192650,0.787402
1373,0.287970,0.723684,0.758064,0.457144,0.534047,0.810649,0.970231,0.694973,0.700000,0.732548,0.171214,0.781654
1374,0.286466,0.785425,0.758660,0.464705,0.530539,0.815352,0.969369,0.703054,0.666667,0.732548,0.173719,0.779528
1375,0.237594,0.727733,0.758660,0.454476,0.533176,0.819656,0.968699,0.716203,0.666667,0.737595,0.169822,0.779528
1376,0.262406,0.694332,0.759107,0.440628,0.544009,0.811149,0.968891,0.727572,0.666667,0.740118,0.177895,0.779528
1377,0.172932,0.799595,0.758784,0.427086,0.493329,0.816353,0.969082,0.729489,0.666667,0.744323,0.189866,0.779528
1378,0.184211,0.700405,0.758635,0.423421,0.538989,0.830665,0.969752,0.725106,0.666667,0.748528,0.192650,0.786614
1379,0.147368,0.679150,0.758586,0.428865,0.523983,0.825961,0.969082,0.727161,0.666667,0.749369,0.192650,0.787402
1380,0.294737,0.838057,0.758884,0.417931,0.481293,0.828963,0.969273,0.724079,0.666667,0.742641,0.192650,0.787402
1381,0.221053,0.776316,0.758710,0.434079,0.493278,0.820657,0.968986,0.713053,0.666667,0.740959,0.206570,0.787402
1382,0.142105,0.678138,0.758561,0.438020,0.509514,0.827862,0.969273,0.706136,0.666667,0.736754,0.219098,0.787402
1383,0.152632,0.689271,0.758586,0.440213,0.523727,0.830665,0.968603,0.714149,0.666667,0.740118,0.192650,0.787402
1384,0.251880,0.691296,0.758635,0.451240,0.517606,0.830665,0.969082,0.706821,0.666667,0.736754,0.192650,0.787402
1385,0.206015,0.678138,0.758039,0.460334,0.536147,0.830665,0.969465,0.707369,0.666667,0.740118,0.192650,0.782677
1386,0.365414,0.728745,0.757642,0.453249,0.477682,0.830665,0.969082,0.720518,0.666667,0.737595,0.192650,0.779528
1387,0.151880,0.768219,0.757543,0.429233,0.459372,0.830665,0.969656,0.729832,0.666667,0.747687,0.192650,0.780945
1388,0.130827,0.776316,0.758238,0.432270,0.476581,0.830665,0.969273,0.723463,0.666667,0.745164,0.192650,0.787402
1389,0.258647,0.646761,0.758412,0.442054,0.526031,0.830665,0.970135,0.716135,0.666667,0.740118,0.192650,0.787402
1390,0.234586,0.658907,0.758114,0.443311,0.483649,0.830665,0.969867,0.712039,0.666667,0.748528,0.192650,0.787402
1391,0.198496,0.714575,0.757543,0.452007,0.472586,0.830665,0.969656,0.716683,0.666667,0.746846,0.192650,0.787402
1392,0.286466,0.789474,0.757890,0.447728,0.544675,0.830665,0.969752,0.724421,0.666667,0.744323,0.192650,0.787402
1393,0.134586,0.703441,0.758983,0.448479,0.479039,0.830665,0.969082,0.722435,0.666667,0.745164,0.192650,0.787402
1394,0.123308,0.766194,0.759157,0.440858,0.509847,0.830665,0.968699,0.733598,0.666667,0.749369,0.192650,0.787402
1395,0.249624,0.673077,0.761243,0.466729,0.499757,0.830665,0.969656,0.687577,0.666667,0.736754,0.192650,0.787402
1396,0.253383,0.715587,0.762186,0.439247,0.491434,0.830665,0.968958,0.694083,0.666667,0.730866,0.192650,0.787402
1397,0.248120,0.741903,0.762236,0.429095,0.490000,0.830665,0.969609,0.703945,0.666667,0.736754,0.192650,0.779921
1398,0.134586,0.722672,0.763850,0.407579,0.467208,0.830665,0.969465,0.719080,0.666667,0.741800,0.192650,0.779528
1399,0.224060,0.725709,0.765116,0.400325,0.475198,0.830665,0.969656,0.712231,0.666667,0.750210,0.192650,0.779528
1400,0.217293,0.727733,0.766134,0.413637,0.494865,0.830665,0.969082,0.718874,0.666667,0.746846,0.192650,0.779528
1401,0.185714,0.705466,0.767103,0.424724,0.540885,0.825861,0.968891,0.713806,0.666667,0.742641,0.192650,0.779528
1402,0.267669,0.657895,0.767227,0.434754,0.554150,0.825460,0.969561,0.714354,0.666667,0.739277,0.175947,0.779528
1403,0.245113,0.829960,0.766780,0.446608,0.546237,0.830665,0.968986,0.705177,0.666667,0.735071,0.168987,0.779528
1404,0.189474,0.639676,0.765911,0.439370,0.514303,0.830665,0.968891,0.713738,0.666667,0.735913,0.187639,0.779528
1405,0.184962,0.643725,0.765389,0.423850,0.468642,0.830665,0.969848,0.730174,0.666667,0.749369,0.184855,0.779528
1406,0.193233,0.846154,0.765911,0.391093,0.471997,0.830665,0.969178,0.742296,0.666667,0.753574,0.192650,0.779528
1407,0.282707,0.750000,0.767600,0.405570,0.505519,0.830665,0.969848,0.728941,0.666667,0.752733,0.192650,0.781890
1408,0.206015,0.677126,0.766904,0.426059,0.522164,0.830665,0.969178,0.711752,0.666667,0.738436,0.192650,0.787402
1409,0.265414,0.679150,0.765663,0.433205,0.462726,0.830665,0.969714,0.713450,0.666667,0.740959,0.192650,0.784961
1410,0.263158,0.734818,0.765663,0.425997,0.505698,0.830665,0.969561,0.721408,0.666667,0.746846,0.192650,0.786378
1411,0.248872,0.753036,0.765240,0.428052,0.495506,0.827362,0.970240,0.721463,0.666667,0.749369,0.192650,0.780315
1412,0.327068,0.761134,0.765514,0.414603,0.428743,0.829363,0.969369,0.727777,0.666667,0.749369,0.192650,0.786772
1413,0.284962,0.693320,0.764893,0.418084,0.485236,0.825861,0.969944,0.729078,0.666667,0.753574,0.192650,0.787402
1414,0.257143,0.740891,0.765141,0.413223,0.497324,0.830665,0.969752,0.731818,0.666667,0.747687,0.192650,0.787402
1415,0.257895,0.755061,0.765588,0.410293,0.533458,0.830665,0.968699,0.729489,0.666667,0.748528,0.192650,0.787402
1416,0.254135,0.737854,0.765092,0.412379,0.515634,0.830164,0.969723,0.719367,0.666667,0.749369,0.192650,0.787402
1417,0.185714,0.619433,0.764272,0.416964,0.488591,0.825661,0.969867,0.721326,0.666667,0.743482,0.192650,0.787402
1418,0.220301,0.720648,0.765017,0.424080,0.514661,0.830665,0.969944,0.714286,0.666667,0.748528,0.192650,0.787402
1419,0.359398,0.743927,0.765042,0.431487,0.501985,0.830665,0.969015,0.715943,0.666667,0.746846,0.192650,0.787402
1420,0.293985,0.733806,0.765116,0.420108,0.521140,0.818955,0.969465,0.724284,0.666667,0.747687,0.192650,0.787402
1421,0.290977,0.670040,0.764645,0.417271,0.469974,0.820657,0.969235,0.718723,0.666667,0.745164,0.192650,0.787402
1422,0.181955,0.750000,0.764769,0.414664,0.497452,0.815653,0.969465,0.714354,0.666667,0.742641,0.192650,0.787402
1423,0.281203,0.733806,0.764967,0.429862,0.463110,0.817754,0.969197,0.711026,0.666667,0.741800,0.192650,0.787402
1424,0.215038,0.639676,0.765141,0.443802,0.494174,0.810649,0.969340,0.713957,0.666667,0.739277,0.192650,0.787402
1425,0.289474,0.752024,0.763974,0.429310,0.427028,0.815352,0.969178,0.721819,0.666667,0.743482,0.192650,0.787402
1426,0.227820,0.718623,0.764744,0.430153,0.484519,0.810649,0.968891,0.719559,0.666667,0.740959,0.192650,0.787402
1427,0.282707,0.646761,0.764371,0.444952,0.528592,0.810649,0.968766,0.710656,0.666667,0.736754,0.192650,0.787402
1428,0.341353,0.727733,0.764396,0.452850,0.532382,0.810649,0.969407,0.712368,0.666667,0.735071,0.192650,0.787402
1429,0.277444,0.756073,0.763875,0.455871,0.480371,0.810649,0.969618,0.719764,0.666667,0.735071,0.192650,0.784803
1430,0.311278,0.760121,0.763999,0.445458,0.490998,0.810649,0.969082,0.725038,0.666667,0.742641,0.192650,0.786220
1431,0.319549,0.723684,0.763453,0.435260,0.472995,0.810649,0.968986,0.727024,0.600000,0.746846,0.192650,0.787402
1432,0.292481,0.680162,0.763304,0.443465,0.486312,0.805845,0.969972,0.724284,0.533333,0.744323,0.192650,0.787402
1433,0.202256,0.709514,0.762112,0.438051,0.532767,0.815753,0.970202,0.728051,0.666667,0.743482,0.192650,0.787402
1434,0.153383,0.810729,0.761963,0.428865,0.515455,0.805845,0.969561,0.727366,0.666667,0.747687,0.192650,0.787402
1435,0.180451,0.622470,0.761863,0.445458,0.461164,0.802642,0.968412,0.718600,0.666667,0.740959,0.192650,0.787402
1436,0.312030,0.727733,0.761292,0.442606,0.487029,0.800641,0.969034,0.720668,0.666667,0.742641,0.192650,0.787402
1437,0.307519,0.740891,0.761019,0.442621,0.493944,0.804444,0.969082,0.720929,0.666667,0.745164,0.192650,0.787402
1438,0.263158,0.824899,0.761416,0.449154,0.456017,0.801641,0.968891,0.716614,0.666667,0.740959,0.192650,0.787402
1439,0.213534,0.722672,0.760895,0.445259,0.476504,0.810148,0.969848,0.718806,0.666667,0.744323,0.192650,0.787402
1440,0.162406,0.731781,0.760522,0.439477,0.477912,0.800941,0.969149,0.720107,0.666667,0.738436,0.192650,0.787402
1441,0.201504,0.631579,0.759678,0.425859,0.434505,0.810148,0.969465,0.724216,0.666667,0.751051,0.192650,0.787402
1442,0.217293,0.669028,0.760597,0.437100,0.501908,0.806345,0.969685,0.705725,0.666667,0.741800,0.192650,0.787402
1443,0.342105,0.725709,0.760820,0.446102,0.462060,0.805645,0.969465,0.706136,0.666667,0.739277,0.192650,0.787402
1444,0.256391,0.775304,0.761218,0.452467,0.429460,0.808947,0.969781,0.710177,0.666667,0.741800,0.192650,0.783701
1445,0.178947,0.674089,0.761118,0.446041,0.483469,0.805444,0.969398,0.716203,0.666667,0.739277,0.192650,0.781496
1446,0.096241,0.740891,0.761541,0.442468,0.519450,0.805444,0.969896,0.714286,0.666667,0.742641,0.192650,0.779528
1447,0.233835,0.750000,0.761615,0.440812,0.485288,0.803343,0.969656,0.722093,0.666667,0.744323,0.192650,0.779528
1448,0.164662,0.720648,0.761764,0.427469,0.501626,0.802642,0.969465,0.727366,0.666667,0.743482,0.192650,0.785984
1449,0.326316,0.664980,0.760448,0.432500,0.451458,0.800641,0.969848,0.722093,0.666667,0.742641,0.192650,0.787402
1450,0.130075,0.717611,0.761392,0.422102,0.524802,0.800641,0.969848,0.725928,0.666667,0.747687,0.192650,0.787402
1451,0.079699,0.759109,0.762186,0.429892,0.458808,0.800641,0.970231,0.716888,0.666667,0.740118,0.192650,0.787402
1452,0.272180,0.662955,0.761714,0.430230,0.464826,0.810148,0.969034,0.721600,0.666667,0.747687,0.192650,0.787402
1453,0.352632,0.699393,0.761913,0.420568,0.499040,0.820456,0.970039,0.728256,0.666667,0.755257,0.192650,0.787402
1454,0.328571,0.759109,0.762906,0.425798,0.504033,0.815352,0.969752,0.723463,0.666667,0.750210,0.192650,0.787402
1455,0.087218,0.792510,0.762559,0.442176,0.481831,0.810649,0.969781,0.709560,0.666667,0.740118,0.192650,0.787402
1456,0.253383,0.773279,0.762832,0.453694,0.513893,0.810649,0.969206,0.706958,0.666667,0.735913,0.192650,0.787402
1457,0.110526,0.634615,0.762782,0.464551,0.505211,0.810649,0.969848,0.713875,0.666667,0.740118,0.192650,0.783701
1458,0.323308,0.794534,0.762658,0.442207,0.487080,0.817554,0.969388,0.728161,0.666667,0.750210,0.192650,0.783701
1459,0.369925,0.700405,0.762931,0.417164,0.519296,0.813151,0.969369,0.739762,0.666667,0.751051,0.192650,0.787402
1460,0.303008,0.694332,0.762708,0.428282,0.539015,0.810649,0.969752,0.726818,0.666667,0.746846,0.192650,0.787402
1461,0.264662,0.730769,0.763304,0.414051,0.552409,0.810649,0.969848,0.732297,0.666667,0.751051,0.192650,0.787402
1462,0.327820,0.728745,0.763751,0.427408,0.512868,0.810649,0.969273,0.725243,0.666667,0.751892,0.192650,0.787402
1463,0.188722,0.624494,0.764123,0.437146,0.500704,0.814652,0.969541,0.722230,0.666667,0.746846,0.192650,0.787402
1464,0.128571,0.617409,0.763304,0.440781,0.506056,0.806845,0.969369,0.723873,0.666667,0.740959,0.192650,0.787402
1465,0.144361,0.671053,0.763030,0.440781,0.510615,0.810649,0.969752,0.724010,0.666667,0.743482,0.192650,0.787402
1466,0.270677,0.822874,0.763328,0.443235,0.555814,0.805845,0.969178,0.723942,0.666667,0.740118,0.192650,0.787402
1467,0.206015,0.741903,0.763378,0.440213,0.500499,0.810649,0.968747,0.724819,0.666667,0.745164,0.192650,0.787402
1468,0.078195,0.726721,0.762931,0.420645,0.507260,0.805444,0.969273,0.737296,0.666667,0.746005,0.192650,0.787402
1469,0.182707,0.761134,0.762956,0.425798,0.549822,0.806845,0.969752,0.724490,0.666667,0.745164,0.192650,0.787402
1470,0.175188,0.774291,0.761963,0.441502,0.506133,0.808947,0.969944,0.715724,0.666667,0.741800,0.192650,0.787402
1471,0.280451,0.668016,0.762335,0.452160,0.474967,0.800641,0.969369,0.708944,0.666667,0.740118,0.192650,0.787402
1472,0.277444,0.704453,0.762186,0.461147,0.487004,0.803143,0.969944,0.709492,0.666667,0.741800,0.192650,0.787402
1473,0.321053,0.726721,0.761739,0.450703,0.454916,0.805845,0.969465,0.723873,0.666667,0.740959,0.192650,0.787402
1474,0.216541,0.694332,0.761615,0.440351,0.484494,0.802642,0.969656,0.729078,0.666667,0.753574,0.192650,0.787402
1475,0.231579,0.793522,0.762062,0.415354,0.457220,0.800641,0.969781,0.738255,0.666667,0.752733,0.192650,0.787402
1476,0.327068,0.726721,0.762211,0.427163,0.451663,0.800641,0.969293,0.726750,0.666667,0.748528,0.192650,0.787402
1477,0.172932,0.724696,0.763105,0.432883,0.444698,0.804944,0.970039,0.718874,0.666667,0.740959,0.192650,0.787402
1478,0.278195,0.586032,0.762087,0.441502,0.435607,0.801141,0.969369,0.716272,0.666667,0.743482,0.192650,0.787402
1479,0.287218,0.585020,0.760870,0.461975,0.470281,0.801641,0.968986,0.706205,0.666667,0.734230,0.192650,0.787402
1480,0.209023,0.625506,0.761317,0.462098,0.469103,0.800641,0.969111,0.721134,0.666667,0.736754,0.192650,0.787402
1481,0.234586,0.660931,0.760771,0.437131,0.421291,0.805444,0.968795,0.733667,0.666667,0.744323,0.192650,0.787402
1482,0.076692,0.694332,0.760522,0.420354,0.446721,0.800641,0.969752,0.739351,0.666667,0.748528,0.192650,0.787402
1483,0.267669,0.652834,0.760547,0.431242,0.446311,0.800641,0.970039,0.726887,0.666667,0.748528,0.192650,0.787402
1484,0.132331,0.615385,0.760001,0.428160,0.461651,0.800641,0.969273,0.719627,0.666667,0.747687,0.192650,0.787402
1485,0.163158,0.681174,0.759653,0.415047,0.429947,0.805444,0.969848,0.725859,0.666667,0.746846,0.192650,0.787402
1486,0.201504,0.679150,0.759877,0.441670,0.426131,0.800641,0.969178,0.704150,0.666667,0.740118,0.192650,0.787402
1487,0.305263,0.712551,0.758660,0.456255,0.415811,0.800641,0.969522,0.700370,0.666667,0.738436,0.192650,0.787402
1488,0.260902,0.873482,0.758958,0.452390,0.430638,0.800641,0.969532,0.715861,0.666667,0.734230,0.192650,0.787402
1489,0.251128,0.808704,0.759132,0.456500,0.396912,0.805645,0.968986,0.715381,0.666667,0.738436,0.192650,0.787402
1490,0.287218,0.598178,0.758933,0.446271,0.438295,0.800641,0.969618,0.721257,0.666667,0.742641,0.192650,0.787402
1491,0.330075,0.593117,0.759653,0.444569,0.487183,0.805144,0.968747,0.723326,0.866667,0.746005,0.192650,0.787402
1492,0.251880,0.756073,0.760100,0.427393,0.459781,0.800641,0.969848,0.727846,0.666667,0.747687,0.192650,0.787402
1493,0.236842,0.733806,0.759455,0.425092,0.444979,0.800641,0.969723,0.726955,0.666667,0.748528,0.192650,0.787402
1494,0.181955,0.703441,0.759331,0.433420,0.440908,0.800641,0.968412,0.713806,0.666667,0.740959,0.192650,0.787402
1495,0.280451,0.605263,0.759877,0.440321,0.433891,0.800641,0.969532,0.710108,0.666667,0.738436,0.192650,0.787402
1496,0.266917,0.623482,0.760771,0.455764,0.429460,0.805444,0.969752,0.708875,0.666667,0.737595,0.192650,0.787402
1497,0.298496,0.700405,0.761243,0.460365,0.423903,0.800641,0.969273,0.717504,0.666667,0.737595,0.192650,0.787402
1498,0.249624,0.812753,0.761118,0.451317,0.473226,0.800641,0.969082,0.721203,0.666667,0.738436,0.192650,0.787402
1499,0.236090,0.630567,0.760721,0.447713,0.472816,0.800641,0.969082,0.733735,0.666667,0.748528,0.192650,0.787402
1500,0.293233,0.678138,0.760820,0.452344,0.426900,0.800641,0.969082,0.740515,0.666667,0.749369,0.206013,0.787402
1501,0.296241,0.643725,0.761342,0.416934,0.464698,0.800641,0.969848,0.738597,0.666667,0.745164,0.192650,0.787402
1502,0.167669,0.735830,0.760647,0.431395,0.473098,0.800641,0.968891,0.721066,0.666667,0.740959,0.219933,0.787402
1503,0.072932,0.584008,0.760547,0.431901,0.451202,0.800641,0.969656,0.717600,0.666667,0.746005,0.220490,0.787402
1504,0.314286,0.715587,0.760994,0.433604,0.460959,0.800641,0.968986,0.721271,0.666667,0.744323,0.220490,0.787402
1505,0.263910,0.748988,0.760473,0.438603,0.457809,0.800641,0.969541,0.712081,0.666667,0.740959,0.217149,0.787402
1506,0.209774,0.683198,0.759877,0.450274,0.429332,0.800641,0.969666,0.702808,0.666667,0.735913,0.209076,0.787402
1507,0.142857,0.679150,0.760299,0.463969,0.472253,0.800641,0.969561,0.702986,0.666667,0.734230,0.214922,0.787402
1508,0.336090,0.849190,0.759976,0.457758,0.428385,0.800641,0.968575,0.724147,0.666667,0.736754,0.198775,0.787402
1509,0.194737,0.717611,0.759976,0.435367,0.432764,0.800641,0.969752,0.730242,0.666667,0.750210,0.200445,0.787402
1510,0.237594,0.766194,0.758710,0.434141,0.439550,0.800641,0.968891,0.725175,0.666667,0.744323,0.192650,0.787402
1511,0.345113,0.740891,0.759132,0.438327,0.415862,0.800641,0.969369,0.715518,0.666667,0.739277,0.192650,0.787402
1512,0.284962,0.727733,0.758511,0.454445,0.439883,0.800641,0.970078,0.709149,0.666667,0.737595,0.192650,0.787402
1513,0.293233,0.700405,0.758288,0.446072,0.422213,0.800641,0.969273,0.719422,0.666667,0.740959,0.192650,0.787402
1514,0.266917,0.726721,0.758759,0.434723,0.404389,0.800641,0.969465,0.730105,0.666667,0.744323,0.192650,0.787402
1515,0.183459,0.726721,0.759678,0.431043,0.444339,0.800641,0.969082,0.728119,0.666667,0.742641,0.192650,0.787402
1516,0.300752,0.601215,0.760175,0.441578,0.411150,0.800641,0.970135,0.720312,0.666667,0.739277,0.192650,0.787402
1517,0.258647,0.579960,0.760349,0.450197,0.399293,0.800641,0.970011,0.707437,0.666667,0.735071,0.192650,0.787402
1518,0.252632,0.632591,0.760075,0.465502,0.413967,0.800641,0.969273,0.705383,0.666667,0.732548,0.192650,0.787402
1519,0.297744,0.741903,0.759802,0.456761,0.430587,0.805444,0.968891,0.714217,0.666667,0.733389,0.192650,0.787402
1520,0.209774,0.615385,0.759802,0.447621,0.443955,0.800641,0.969082,0.722244,0.666667,0.738436,0.192650,0.787402
1521,0.063158,0.678138,0.759753,0.435061,0.433404,0.800641,0.969714,0.734283,0.666667,0.746846,0.192650,0.787402
1522,0.193985,0.682186,0.761367,0.422562,0.461907,0.800641,0.969465,0.735516,0.666667,0.746005,0.192650,0.787402
1523,0.257895,0.688259,0.760622,0.425721,0.462291,0.800641,0.969561,0.727503,0.666667,0.745164,0.192650,0.787402
1524,0.257895,0.708502,0.761615,0.430322,0.454608,0.800641,0.969369,0.727846,0.666667,0.739277,0.192650,0.787402
1525,0.301504,0.713563,0.761565,0.423129,0.438680,0.800641,0.969120,0.724010,0.666667,0.745164,0.192650,0.787402
1526,0.145113,0.696356,0.761988,0.412057,0.421547,0.800641,0.969944,0.741474,0.666667,0.751892,0.192650,0.787402
1527,0.073684,0.682186,0.761739,0.428405,0.427975,0.800641,0.969944,0.725517,0.666667,0.746005,0.214365,0.787402
1528,0.193985,0.732794,0.761416,0.424724,0.401828,0.800641,0.969561,0.723805,0.666667,0.742641,0.220490,0.787402
1529,0.246617,0.692308,0.761143,0.441440,0.453456,0.800641,0.969369,0.718258,0.666667,0.741800,0.208797,0.787402
1530,0.278195,0.714575,0.761292,0.452114,0.431099,0.800641,0.969589,0.714162,0.666667,0.731707,0.192650,0.787402
1531,0.241353,0.660931,0.760597,0.460518,0.417732,0.800641,0.968948,0.717546,0.666667,0.733389,0.192650,0.787402
1532,0.042857,0.650810,0.760522,0.449354,0.406310,0.800641,0.969293,0.722805,0.666667,0.735913,0.192650,0.787402
1533,0.300000,0.721660,0.759778,0.445826,0.435581,0.800641,0.968680,0.722024,0.666667,0.735913,0.192650,0.787402
1534,0.285714,0.864372,0.759877,0.442974,0.428846,0.800641,0.969369,0.723942,0.666667,0.740118,0.192650,0.787402
1535,0.314286,0.601215,0.759480,0.433849,0.413788,0.800641,0.969848,0.723668,0.666667,0.748528,0.192650,0.787402
1536,0.290977,0.781377,0.759033,0.434769,0.460959,0.800641,0.969369,0.720792,0.666667,0.738436,0.192650,0.787402
1537,0.312030,0.751012,0.759008,0.441456,0.443981,0.800641,0.970250,0.715765,0.666667,0.738436,0.192650,0.787402
1538,0.287970,0.692308,0.758437,0.437146,0.460959,0.800641,0.970355,0.720312,0.666667,0.743482,0.192650,0.787402
1539,0.346617,0.633603,0.759231,0.442759,0.481677,0.800641,0.969063,0.720422,0.666667,0.735913,0.192650,0.787402
1540,0.321805,0.728745,0.758461,0.454430,0.455453,0.800641,0.969178,0.713327,0.666667,0.735913,0.192650,0.787402
1541,0.150376,0.596154,0.759231,0.460211,0.452636,0.800641,0.969369,0.708602,0.666667,0.732548,0.192650,0.787402
1542,0.242105,0.665992,0.758511,0.472173,0.440959,0.800641,0.968891,0.708122,0.666667,0.735071,0.192650,0.787402
1543,0.253383,0.695344,0.757418,0.467572,0.462496,0.800641,0.969752,0.714491,0.666667,0.737595,0.192650,0.787402
1544,0.052632,0.731781,0.757294,0.445796,0.468309,0.800641,0.971092,0.726202,0.666667,0.746005,0.192650,0.787402
1545,0.154135,0.772267,0.758014,0.431886,0.457886,0.800641,0.969781,0.729078,0.666667,0.740959,0.192650,0.787402
1546,0.254887,0.751012,0.757791,0.443925,0.434838,0.800641,0.970614,0.712916,0.666667,0.737595,0.192650,0.787402
1547,0.100752,0.722672,0.757642,0.443572,0.436477,0.800641,0.969369,0.711889,0.666667,0.734230,0.192650,0.787402
1548,0.190226,0.691296,0.757841,0.455457,0.481856,0.800641,0.968699,0.708944,0.666667,0.728343,0.192650,0.787402
1549,0.223308,0.781377,0.758139,0.460825,0.464903,0.800641,0.969178,0.708670,0.666667,0.732548,0.205735,0.787402
1550,0.372180,0.779352,0.757245,0.454476,0.457477,0.800641,0.969082,0.716957,0.800000,0.734230,0.206013,0.787402
1551,0.135338,0.680162,0.756674,0.426181,0.472330,0.800641,0.969781,0.730790,0.666667,0.746005,0.220490,0.787402
1552,0.075940,0.714575,0.757791,0.413790,0.440626,0.800641,0.969781,0.730174,0.666667,0.744323,0.207127,0.787402
1553,0.239850,0.744939,0.758337,0.429310,0.438731,0.800641,0.970039,0.715450,0.666667,0.738436,0.220490,0.787402
1554,0.156391,0.658907,0.758859,0.445121,0.465620,0.800641,0.968795,0.701137,0.666667,0.734230,0.220490,0.787402
1555,0.084211,0.640688,0.758039,0.462604,0.484622,0.800641,0.969656,0.696411,0.666667,0.730025,0.220490,0.787402
1556,0.158647,0.707490,0.758114,0.463217,0.443571,0.800641,0.968986,0.711683,0.666667,0.728343,0.200445,0.787402
1557,0.118045,0.714575,0.758461,0.440812,0.441087,0.800641,0.968728,0.725380,0.666667,0.740959,0.192650,0.787402
1558,0.242105,0.735830,0.758213,0.425215,0.460089,0.800641,0.969436,0.733187,0.666667,0.742641,0.214922,0.787402
1559,0.198496,0.827935,0.757667,0.392120,0.459218,0.800641,0.969848,0.738050,0.666667,0.750210,0.220490,0.787402
1560,0.227820,0.722672,0.758983,0.436103,0.432201,0.800641,0.969465,0.705999,0.666667,0.739277,0.220490,0.787402
1561,0.269925,0.786437,0.758586,0.442882,0.470716,0.800641,0.969848,0.708807,0.666667,0.739277,0.207962,0.787402
1562,0.175188,0.706478,0.758039,0.450412,0.455044,0.800641,0.968651,0.719011,0.666667,0.732548,0.205735,0.787402
1563,0.228571,0.762146,0.758114,0.440091,0.445031,0.800641,0.968670,0.718669,0.666667,0.736754,0.193486,0.787402
1564,0.234586,0.845142,0.757493,0.440704,0.464724,0.800641,0.968441,0.714765,0.666667,0.736754,0.193207,0.787402
1565,0.275188,0.721660,0.758188,0.439861,0.443468,0.800641,0.969369,0.716477,0.666667,0.739277,0.206013,0.787402
1566,0.300000,0.630567,0.757667,0.448418,0.438680,0.800641,0.969369,0.706136,0.666667,0.737595,0.206013,0.787402
1567,0.254135,0.765182,0.757294,0.460901,0.469359,0.800641,0.969436,0.702780,0.666667,0.734230,0.192650,0.787402
1568,0.157143,0.728745,0.757269,0.446148,0.467822,0.800641,0.969857,0.718080,0.666667,0.738436,0.192650,0.787402
1569,0.066917,0.673077,0.757518,0.439201,0.490512,0.800641,0.969465,0.723873,0.666667,0.741800,0.210746,0.787402
1570,0.251128,0.732794,0.757841,0.425246,0.503496,0.800641,0.968986,0.722367,0.666667,0.744323,0.215479,0.787402
1571,0.188722,0.668016,0.757741,0.441854,0.456119,0.800641,0.969082,0.709081,0.666667,0.735913,0.212138,0.787402
1572,0.200000,0.713563,0.758163,0.459613,0.432329,0.800641,0.969685,0.697658,0.666667,0.730025,0.200167,0.787402
1573,0.211278,0.612348,0.757493,0.462374,0.441983,0.800641,0.969561,0.705999,0.666667,0.737595,0.192650,0.787402
1574,0.062406,0.704453,0.757716,0.450473,0.459423,0.800641,0.969369,0.717710,0.666667,0.740118,0.192650,0.787402
1575,0.093233,0.744939,0.758114,0.441272,0.453584,0.800641,0.969417,0.725366,0.666667,0.740118,0.192650,0.787402
1576,0.148872,0.687247,0.758412,0.439278,0.471971,0.800641,0.969896,0.719559,0.666667,0.741800,0.192650,0.787402
1577,0.230075,0.590081,0.758263,0.449722,0.480985,0.800641,0.969149,0.711752,0.666667,0.739277,0.192650,0.787402
1578,0.185714,0.753036,0.758635,0.440781,0.463751,0.800641,0.968766,0.726476,0.666667,0.741800,0.192650,0.787402
1579,0.203759,0.652834,0.758983,0.437760,0.462931,0.800641,0.969944,0.725723,0.666667,0.746846,0.192650,0.787402
1580,0.194737,0.677126,0.758014,0.430230,0.455966,0.800641,0.969149,0.720312,0.666667,0.744323,0.192650,0.787402
1581,0.178947,0.636640,0.758064,0.439661,0.472074,0.800641,0.969369,0.710725,0.666667,0.735071,0.192650,0.787402
1582,0.186466,0.738866,0.757394,0.451869,0.452432,0.800641,0.969465,0.702164,0.666667,0.731707,0.207127,0.787402
1583,0.129323,0.745951,0.756847,0.441348,0.478450,0.800641,0.969848,0.717025,0.666667,0.740959,0.219098,0.787402
1584,0.138346,0.665992,0.757170,0.445458,0.480089,0.800641,0.968871,0.712916,0.666667,0.733389,0.192650,0.787402
1585,0.082707,0.709514,0.756922,0.447406,0.457912,0.800641,0.969465,0.713601,0.666667,0.735071,0.192650,0.787402
1586,0.148872,0.808704,0.756376,0.439477,0.495711,0.800641,0.969082,0.716751,0.666667,0.737595,0.192650,0.787402
1587,0.250376,0.746964,0.756276,0.448295,0.488771,0.800641,0.969273,0.707643,0.666667,0.734230,0.192650,0.787402
1588,0.220301,0.809717,0.756202,0.449568,0.501908,0.793335,0.970326,0.709971,0.666667,0.734230,0.192650,0.787402
1589,0.254887,0.763158,0.756326,0.451777,0.478809,0.798439,0.969561,0.710930,0.666667,0.732548,0.192650,0.787402
1590,0.203759,0.693320,0.755953,0.460595,0.500064,0.800641,0.968412,0.702507,0.666667,0.728343,0.198775,0.787402
1591,0.168421,0.699393,0.755755,0.445627,0.493457,0.800641,0.969197,0.720983,0.666667,0.735913,0.220490,0.787402
1592,0.136842,0.774291,0.755581,0.424142,0.456811,0.800641,0.968718,0.729119,0.666667,0.741800,0.206570,0.787402
1593,0.100752,0.785425,0.756301,0.420200,0.452278,0.800641,0.969273,0.719217,0.666667,0.740118,0.220490,0.787402
1594,0.184962,0.642713,0.756847,0.443035,0.473969,0.800641,0.968795,0.708875,0.666667,0.731707,0.220490,0.787402
1595,0.244361,0.650810,0.757170,0.451562,0.503316,0.800641,0.969369,0.704356,0.666667,0.736754,0.220490,0.787402
1596,0.125564,0.649798,0.755780,0.449170,0.482189,0.800641,0.970011,0.707656,0.666667,0.737595,0.220490,0.787402
1597,0.158647,0.701417,0.756947,0.453893,0.477272,0.800641,0.969465,0.715176,0.666667,0.738436,0.220490,0.787402
1598,0.235338,0.705466,0.756425,0.444431,0.438295,0.800641,0.969848,0.716614,0.666667,0.740959,0.220490,0.787402
1599,0.312782,0.784413,0.756351,0.425875,0.461651,0.800641,0.969197,0.722161,0.666667,0.741800,0.220490,0.787402
1600,0.254135,0.747976,0.756847,0.416244,0.503777,0.800641,0.969178,0.726202,0.666667,0.742641,0.220490,0.787402
1601,0.212782,0.742915,0.757269,0.440367,0.542242,0.800641,0.968986,0.706616,0.666667,0.735071,0.194042,0.787402
1602,0.305263,0.713563,0.756748,0.457144,0.469564,0.800641,0.969369,0.696754,0.666667,0.732548,0.219655,0.787402
1603,0.232331,0.747976,0.756351,0.468615,0.437988,0.800641,0.969082,0.706889,0.666667,0.731707,0.205735,0.787402
1604,0.112030,0.728745,0.756798,0.459383,0.449948,0.800641,0.969465,0.715998,0.666667,0.735071,0.192650,0.787402
1605,0.205263,0.829960,0.756400,0.443235,0.418602,0.800641,0.969369,0.724079,0.666667,0.736754,0.192650,0.787402
1606,0.294737,0.809717,0.756549,0.438680,0.415683,0.800641,0.969273,0.722641,0.666667,0.740118,0.192650,0.787402
1607,0.306015,0.675101,0.756624,0.441962,0.429512,0.800641,0.969178,0.720244,0.666667,0.740959,0.192650,0.787402
1608,0.258647,0.658907,0.756003,0.437100,0.443340,0.800641,0.969752,0.724079,0.666667,0.741800,0.211581,0.787402
1609,0.269173,0.652834,0.756251,0.445796,0.440344,0.800641,0.968699,0.714834,0.533333,0.740118,0.220490,0.787402
1610,0.241353,0.663968,0.756202,0.459184,0.460934,0.800641,0.969465,0.705657,0.466667,0.729184,0.220490,0.787402
1611,0.178195,0.792510,0.756376,0.466438,0.477784,0.800641,0.968919,0.701986,0.666667,0.730025,0.220490,0.787402
1612,0.186466,0.707490,0.755606,0.468201,0.459628,0.800641,0.969637,0.710067,0.666667,0.735913,0.220490,0.787402
1613,0.166917,0.709514,0.755978,0.450274,0.440523,0.800641,0.968603,0.723668,0.666667,0.738436,0.220490,0.787402
1614,0.223308,0.679150,0.755606,0.442591,0.432713,0.800641,0.969465,0.717984,0.666667,0.735913,0.220490,0.787402
1615,0.256391,0.711538,0.755556,0.450826,0.452816,0.800641,0.969273,0.707232,0.666667,0.732548,0.220490,0.787402
1616,0.224812,0.692308,0.755680,0.462665,0.464621,0.800641,0.968603,0.700657,0.666667,0.727502,0.220490,0.787402
1617,0.206015,0.774291,0.756301,0.455488,0.449000,0.800641,0.969637,0.711382,0.666667,0.730025,0.220490,0.787402
1618,0.221805,0.783401,0.755904,0.445780,0.483674,0.800641,0.969541,0.718285,0.666667,0.732548,0.220490,0.787402
1619,0.243609,0.775304,0.755978,0.433236,0.498143,0.800641,0.968986,0.722572,0.666667,0.741800,0.220490,0.787402
1620,0.185714,0.820850,0.755879,0.430951,0.458219,0.800641,0.968891,0.717573,0.666667,0.735071,0.220490,0.787402
1621,0.182707,0.741903,0.755680,0.445796,0.464545,0.800641,0.969120,0.705876,0.666667,0.734230,0.220490,0.787402
1622,0.226316,0.661943,0.755953,0.458340,0.505852,0.800641,0.969369,0.697302,0.666667,0.729184,0.220490,0.787402
1623,0.222556,0.688259,0.756276,0.461177,0.452073,0.800641,0.969369,0.688125,0.666667,0.723297,0.220490,0.787402
1624,0.231579,0.672065,0.756425,0.486083,0.449230,0.800641,0.969685,0.686235,0.666667,0.724979,0.220490,0.787402
1625,0.357895,0.819838,0.757369,0.462282,0.492125,0.800641,0.968843,0.714560,0.666667,0.731707,0.220490,0.787402
1626,0.290977,0.801619,0.758710,0.440750,0.467874,0.800641,0.969369,0.718258,0.666667,0.736754,0.201837,0.787402
1627,0.227068,0.750000,0.758362,0.447191,0.477912,0.800641,0.969369,0.714902,0.666667,0.733389,0.198775,0.787402
1628,0.232331,0.703441,0.758660,0.454537,0.510461,0.800641,0.969369,0.714149,0.666667,0.736754,0.200167,0.787402
1629,0.184211,0.694332,0.758139,0.458371,0.480473,0.800641,0.969302,0.706889,0.666667,0.735071,0.192650,0.787402
1630,0.132331,0.713563,0.757617,0.451531,0.479859,0.800641,0.969025,0.711546,0.666667,0.730025,0.213252,0.787402
1631,0.271429,0.652834,0.757965,0.428543,0.457835,0.800641,0.969178,0.719901,0.666667,0.738436,0.220490,0.787402
1632,0.200000,0.622470,0.758114,0.428436,0.445901,0.800641,0.970135,0.690933,0.666667,0.733389,0.220490,0.787402
1633,0.096992,0.709514,0.758983,0.469229,0.485032,0.800641,0.968891,0.688262,0.666667,0.728343,0.197383,0.787402
1634,0.246617,0.764170,0.759951,0.466238,0.504110,0.799339,0.969273,0.695110,0.666667,0.727502,0.192650,0.787402
1635,0.256391,0.673077,0.759678,0.473047,0.470793,0.796837,0.969829,0.699658,0.666667,0.728343,0.192650,0.787402
1636,0.159398,0.741903,0.759430,0.449568,0.446311,0.800641,0.969245,0.718052,0.666667,0.733389,0.192650,0.787402
1637,0.193233,0.704453,0.759529,0.437146,0.455658,0.800641,0.969838,0.721997,0.666667,0.736754,0.204621,0.787402
1638,0.227820,0.725709,0.759728,0.455396,0.454301,0.800641,0.969656,0.709492,0.666667,0.733389,0.205735,0.787402
1639,0.167669,0.795547,0.758735,0.449875,0.416938,0.800641,0.969178,0.712916,0.666667,0.730866,0.192650,0.787402
1640,0.218797,0.769231,0.758312,0.448065,0.437758,0.800641,0.969561,0.713943,0.666667,0.735913,0.192650,0.787402
1641,0.226316,0.826923,0.758536,0.447958,0.492253,0.800641,0.968699,0.711272,0.666667,0.731707,0.195434,0.787402
1642,0.206767,0.687247,0.758884,0.443112,0.469205,0.800641,0.969656,0.714149,0.666667,0.737595,0.220490,0.787402
1643,0.289474,0.821862,0.758511,0.449415,0.487567,0.800641,0.968958,0.710245,0.666667,0.730866,0.220490,0.787402
1644,0.215038,0.619433,0.757741,0.445888,0.480729,0.800641,0.969972,0.713108,0.666667,0.736754,0.220490,0.787402
1645,0.178947,0.731781,0.758561,0.436610,0.463162,0.800641,0.968891,0.721340,0.666667,0.737595,0.220490,0.787402
1646,0.252632,0.881579,0.758163,0.437944,0.494686,0.800641,0.969733,0.717710,0.666667,0.737595,0.220490,0.787402
1647,0.234586,0.690283,0.758660,0.433956,0.521473,0.800641,0.968891,0.716820,0.666667,0.732548,0.220490,0.787402
1648,0.212782,0.723684,0.758884,0.441195,0.528336,0.800641,0.970135,0.712094,0.666667,0.734230,0.220490,0.787402
1649,0.193233,0.628543,0.758958,0.440091,0.477989,0.800641,0.969561,0.706958,0.666667,0.738436,0.220490,0.787402
1650,0.343609,0.591093,0.758238,0.457528,0.492458,0.800641,0.969513,0.707793,0.666667,0.731707,0.220490,0.787402
1651,0.290977,0.551619,0.758312,0.462404,0.482368,0.800641,0.968986,0.704356,0.666667,0.728343,0.220490,0.787402
1652,0.229323,0.812753,0.757816,0.464199,0.529053,0.800641,0.969178,0.708533,0.666667,0.727502,0.196269,0.787402
1653,0.216541,0.729757,0.757865,0.460073,0.502394,0.800641,0.969656,0.710656,0.666667,0.729184,0.192650,0.787402
1654,0.260150,0.843117,0.758114,0.453510,0.509975,0.800641,0.969656,0.714765,0.666667,0.735913,0.206013,0.787402
1655,0.218797,0.673077,0.757592,0.441057,0.484007,0.800641,0.969369,0.720038,0.666667,0.735913,0.204621,0.787402
1656,0.269173,0.784413,0.757096,0.436134,0.482138,0.800641,0.968986,0.717915,0.666667,0.736754,0.220490,0.787402
1657,0.247368,0.658907,0.757294,0.445734,0.493047,0.800641,0.969149,0.709629,0.666667,0.730866,0.220490,0.787402
1658,0.171429,0.711538,0.757716,0.452099,0.484929,0.800641,0.969178,0.707780,0.666667,0.731707,0.220490,0.787402
1659,0.169173,0.798583,0.758089,0.449415,0.488028,0.800641,0.969752,0.716546,0.666667,0.737595,0.220490,0.787402
1660,0.346617,0.861336,0.757915,0.445428,0.489103,0.800641,0.969369,0.709629,0.666667,0.732548,0.220490,0.787402
1661,0.203759,0.741903,0.757940,0.454660,0.488207,0.800641,0.969465,0.708739,0.666667,0.730866,0.220490,0.787402
1662,0.283459,0.884615,0.757915,0.443081,0.501575,0.800641,0.969369,0.719080,0.666667,0.735071,0.220490,0.787402
1663,0.172180,0.596154,0.757890,0.419004,0.437758,0.800641,0.970709,0.724490,0.666667,0.744323,0.220490,0.787402
1664,0.122556,0.747976,0.758312,0.420308,0.483239,0.800641,0.969465,0.718395,0.666667,0.737595,0.220490,0.787402
1665,0.292481,0.609312,0.758536,0.442744,0.462778,0.800641,0.969561,0.698534,0.666667,0.733389,0.220490,0.787402
1666,0.102256,0.692308,0.758486,0.464321,0.459525,0.800641,0.969752,0.684975,0.666667,0.724979,0.220490,0.787402
1667,0.353383,0.621457,0.758610,0.480761,0.443187,0.800641,0.969561,0.691549,0.666667,0.725820,0.220490,0.787402
1668,0.147368,0.789474,0.758486,0.471115,0.437604,0.800641,0.969752,0.710519,0.666667,0.727502,0.220490,0.787402
1669,0.144361,0.719636,0.758312,0.458647,0.514533,0.800641,0.969465,0.721887,0.666667,0.732548,0.199053,0.787402
1670,0.282707,0.689271,0.758635,0.439431,0.520346,0.800641,0.969053,0.728393,0.666667,0.738436,0.202394,0.787402
1671,0.214286,0.983806,0.758536,0.422485,0.521857,0.800641,0.968891,0.727640,0.666667,0.739277,0.220490,0.787402
1672,0.178947,0.683198,0.758610,0.432699,0.490563,0.800641,0.968986,0.714423,0.666667,0.738436,0.220490,0.787402
1673,0.360902,0.834008,0.759430,0.452835,0.487260,0.800641,0.968737,0.704369,0.666667,0.733389,0.220490,0.791102
1674,0.230075,0.714575,0.759504,0.456301,0.478143,0.800641,0.969561,0.707780,0.666667,0.730025,0.220490,0.790945
1675,0.308271,0.748988,0.759430,0.457037,0.516889,0.800641,0.969369,0.711615,0.666667,0.731707,0.220490,0.791181
1676,0.213534,0.758097,0.758884,0.449216,0.507721,0.800641,0.969561,0.720929,0.666667,0.735071,0.220490,0.787402
1677,0.169925,0.864372,0.758859,0.450289,0.519194,0.800641,0.969561,0.717367,0.666667,0.734230,0.220490,0.787402
1678,0.079699,0.634615,0.758685,0.445535,0.504930,0.800641,0.969561,0.714217,0.666667,0.736754,0.220490,0.791890
1679,0.208271,0.777328,0.758660,0.446716,0.531589,0.800641,0.969561,0.714080,0.666667,0.731707,0.220490,0.795276
1680,0.330827,0.614372,0.758288,0.443848,0.500371,0.800641,0.969848,0.717299,0.666667,0.735913,0.220490,0.795276
1681,0.075188,0.747976,0.757940,0.437760,0.465595,0.800641,0.968575,0.718463,0.666667,0.739277,0.220490,0.790315
1682,0.300752,0.680162,0.758412,0.444722,0.493534,0.800641,0.968699,0.709766,0.666667,0.732548,0.220490,0.792362
1683,0.188722,0.631579,0.757940,0.449568,0.525109,0.800641,0.969273,0.707917,0.666667,0.724138,0.220490,0.795276
1684,0.193985,0.660931,0.757741,0.446839,0.501344,0.800641,0.970326,0.713053,0.666667,0.739277,0.220490,0.791575
1685,0.183459,0.746964,0.757865,0.452789,0.545417,0.800641,0.968603,0.711135,0.666667,0.735071,0.220490,0.795276
1686,0.331579,0.716599,0.757890,0.450949,0.489641,0.800641,0.969178,0.712163,0.666667,0.732548,0.220490,0.791339
1687,0.261654,0.741903,0.756996,0.449476,0.517606,0.800641,0.969398,0.713190,0.666667,0.739277,0.220490,0.791339
1688,0.203759,0.681174,0.757121,0.449783,0.481600,0.800641,0.969206,0.710656,0.666667,0.733389,0.220490,0.791339
1689,0.242105,0.716599,0.757468,0.457988,0.445953,0.800641,0.969369,0.709218,0.666667,0.735071,0.220490,0.791339
1690,0.210526,0.712551,0.757741,0.449400,0.464570,0.800641,0.968986,0.708122,0.666667,0.737595,0.220490,0.791496
1691,0.310526,0.621457,0.757269,0.451777,0.512382,0.800641,0.969819,0.712026,0.666667,0.732548,0.220490,0.788740
1692,0.257895,0.723684,0.757294,0.456991,0.491203,0.800641,0.969273,0.708328,0.666667,0.731707,0.220490,0.787402
1693,0.230075,0.580972,0.757344,0.460027,0.488873,0.800641,0.969178,0.704630,0.666667,0.730025,0.220490,0.787402
1694,0.274436,0.663968,0.757170,0.459107,0.541499,0.800641,0.968891,0.705588,0.666667,0.730866,0.207405,0.787402
1695,0.258647,0.718623,0.756897,0.448326,0.502266,0.800641,0.969465,0.719217,0.666667,0.737595,0.219655,0.787402
1696,0.229323,0.753036,0.756525,0.447329,0.487260,0.800641,0.969082,0.719080,0.666667,0.736754,0.206570,0.787402
1697,0.150376,0.692308,0.756649,0.446302,0.512433,0.800641,0.968891,0.715998,0.666667,0.732548,0.220490,0.787402
1698,0.241353,0.640688,0.756152,0.452007,0.504238,0.800641,0.969369,0.713669,0.666667,0.736754,0.207127,0.787402
1699,0.157143,0.621457,0.755655,0.447881,0.469308,0.800641,0.969561,0.712437,0.666667,0.734230,0.217706,0.787402
1700,0.287970,0.787449,0.755059,0.454384,0.484519,0.800641,0.969551,0.716203,0.666667,0.735071,0.210189,0.787402
1701,0.222556,0.716599,0.755904,0.451087,0.496812,0.800641,0.969656,0.717231,0.666667,0.732548,0.220490,0.788031
1702,0.232331,0.697368,0.755333,0.453479,0.520167,0.800641,0.969465,0.712916,0.666667,0.733389,0.220490,0.795276
1703,0.266165,0.539474,0.755258,0.458754,0.518989,0.800641,0.968795,0.704903,0.666667,0.724979,0.201837,0.794094
1704,0.145113,0.679150,0.755680,0.461668,0.516274,0.800641,0.969369,0.710588,0.666667,0.730025,0.198218,0.787402
1705,0.282707,0.632591,0.755978,0.439631,0.484135,0.800641,0.969273,0.727435,0.666667,0.738436,0.207127,0.787402
1706,0.189474,0.756073,0.756400,0.430276,0.504008,0.800641,0.968986,0.727777,0.666667,0.740959,0.207127,0.792756
1707,0.267669,0.671053,0.755854,0.420384,0.526390,0.800641,0.969848,0.724147,0.666667,0.740959,0.207405,0.795276
1708,0.274436,0.795547,0.755953,0.440796,0.495019,0.800641,0.969752,0.692439,0.666667,0.728343,0.220490,0.795276
1709,0.256391,0.582996,0.755705,0.476483,0.488079,0.800641,0.969369,0.689700,0.666667,0.726661,0.220490,0.795276
1710,0.187218,0.761134,0.756227,0.478967,0.484673,0.800641,0.969465,0.710793,0.666667,0.727502,0.220490,0.792756
1711,0.236090,0.679150,0.756276,0.453310,0.525340,0.800641,0.969369,0.725586,0.666667,0.737595,0.208797,0.787402
1712,0.216541,0.724696,0.755457,0.439784,0.532485,0.800641,0.969561,0.724353,0.666667,0.738436,0.218541,0.787402
1713,0.245113,0.699393,0.754985,0.445336,0.519655,0.800641,0.969197,0.715135,0.666667,0.733389,0.220490,0.787402
1714,0.344361,0.642713,0.754563,0.451562,0.512254,0.800641,0.969082,0.709560,0.666667,0.732548,0.220490,0.791181
1715,0.231579,0.771255,0.754290,0.464919,0.562114,0.800641,0.969465,0.703739,0.666667,0.730866,0.220490,0.791181
1716,0.202256,0.731781,0.753992,0.456623,0.556557,0.800641,0.969082,0.715655,0.666667,0.733389,0.219655,0.791181
1717,0.121805,0.715587,0.754488,0.450289,0.509462,0.800641,0.969561,0.719490,0.666667,0.735071,0.208519,0.791102
1718,0.204511,0.712551,0.755233,0.441011,0.533535,0.800641,0.970346,0.723463,0.666667,0.739277,0.220490,0.787402
1719,0.209023,0.678138,0.755134,0.445336,0.518861,0.800641,0.968795,0.714834,0.666667,0.735913,0.220490,0.791181
1720,0.253383,0.716599,0.754563,0.447728,0.539937,0.800641,0.969465,0.711135,0.666667,0.730866,0.216871,0.791969
1721,0.301504,0.658907,0.754662,0.458647,0.488847,0.795937,0.969216,0.705383,0.666667,0.726661,0.210468,0.795276
1722,0.274436,0.734818,0.754712,0.451685,0.450690,0.795837,0.968795,0.714560,0.666667,0.730025,0.220490,0.795276
1723,0.100000,0.737854,0.754637,0.440628,0.520167,0.800641,0.969656,0.714080,0.666667,0.734230,0.220490,0.795276
1724,0.242105,0.697368,0.755482,0.443419,0.519936,0.799139,0.970135,0.710519,0.666667,0.735913,0.200445,0.795276
1725,0.270677,0.661943,0.754588,0.436840,0.479193,0.797338,0.969369,0.716477,0.666667,0.734230,0.192650,0.795276
1726,0.258647,0.679150,0.754886,0.440888,0.491255,0.800641,0.969656,0.707711,0.666667,0.732548,0.214087,0.789528
1727,0.217293,0.698381,0.754761,0.458586,0.501063,0.797938,0.969369,0.699767,0.666667,0.732548,0.220490,0.787402
1728,0.279699,0.761134,0.755059,0.445106,0.515122,0.798639,0.969245,0.715724,0.666667,0.735071,0.220490,0.789764
1729,0.287218,0.770243,0.755978,0.447437,0.479577,0.794736,0.969704,0.713258,0.666667,0.735071,0.220490,0.789528
1730,0.245865,0.716599,0.756053,0.440290,0.504648,0.791433,0.968804,0.717148,0.666667,0.735071,0.206849,0.787402
1731,0.255639,0.820850,0.755407,0.444891,0.533509,0.790633,0.968986,0.708054,0.666667,0.730866,0.220490,0.790315
1732,0.273684,0.773279,0.755631,0.455963,0.519757,0.795436,0.968795,0.696891,0.666667,0.727502,0.220490,0.788425
1733,0.200000,0.664980,0.756376,0.476299,0.502369,0.800641,0.969781,0.691248,0.666667,0.724979,0.220490,0.787402
1734,0.100000,0.696356,0.756351,0.465349,0.502420,0.800641,0.968795,0.703397,0.666667,0.728343,0.207127,0.787402
1735,0.143609,0.580972,0.756574,0.448525,0.488540,0.800641,0.969082,0.717915,0.666667,0.735071,0.220490,0.787402
1736,0.228571,0.757085,0.756127,0.442391,0.483137,0.800641,0.969178,0.713327,0.666667,0.734230,0.220490,0.787402
1737,0.172932,0.697368,0.756475,0.454476,0.507388,0.793935,0.969513,0.703123,0.666667,0.729184,0.218263,0.787402
1738,0.308271,0.818826,0.756674,0.460947,0.502702,0.792834,0.969005,0.706218,0.666667,0.728343,0.209633,0.787402
1739,0.168421,0.717611,0.756599,0.459521,0.476786,0.797938,0.968795,0.706889,0.666667,0.730866,0.220490,0.787402
1740,0.220301,0.675101,0.756425,0.462880,0.516326,0.793135,0.968632,0.702493,0.666667,0.727502,0.220490,0.787402
1741,0.156391,0.732794,0.755978,0.463401,0.513381,0.797338,0.969848,0.704493,0.666667,0.731707,0.220490,0.787402
1742,0.243609,0.725709,0.755730,0.452390,0.469385,0.794335,0.969178,0.711889,0.666667,0.735071,0.220490,0.787402
1743,0.210526,0.734818,0.755506,0.459291,0.507030,0.791833,0.969561,0.703465,0.666667,0.734230,0.220490,0.787402
1744,0.319549,0.707490,0.755208,0.463447,0.515455,0.790633,0.968891,0.697781,0.666667,0.729184,0.220490,0.787402
1745,0.182707,0.785425,0.755432,0.452559,0.524751,0.795336,0.968795,0.715792,0.666667,0.735071,0.220490,0.787402
1746,0.262406,0.705466,0.755357,0.439554,0.535737,0.790933,0.969178,0.719148,0.666667,0.740959,0.220490,0.787402
1747,0.321053,0.754049,0.756177,0.429770,0.475428,0.795136,0.968986,0.718669,0.666667,0.746005,0.220490,0.787402
1748,0.266917,0.836032,0.756078,0.441057,0.469641,0.790633,0.969082,0.704219,0.666667,0.731707,0.220490,0.787402
1749,0.233083,0.595142,0.755879,0.461975,0.496786,0.790633,0.969139,0.689522,0.666667,0.728343,0.220490,0.787402
1750,0.264662,0.697368,0.756847,0.461791,0.460012,0.795436,0.970202,0.700384,0.666667,0.727502,0.220490,0.787402
1751,0.197744,0.647773,0.756649,0.467051,0.464007,0.795436,0.969465,0.698192,0.666667,0.730025,0.207127,0.787402
1752,0.018045,0.720648,0.756574,0.460533,0.519808,0.797938,0.969848,0.708533,0.666667,0.736754,0.220490,0.787402
1753,0.248120,0.670040,0.757170,0.447099,0.465134,0.792634,0.969685,0.709218,0.666667,0.736754,0.220490,0.787402
1754,0.243609,0.680162,0.756574,0.451225,0.477707,0.793034,0.968718,0.706862,0.666667,0.730866,0.220490,0.787402
1755,0.239850,0.645749,0.757269,0.454537,0.490461,0.800641,0.970106,0.700356,0.666667,0.731707,0.220490,0.787402
1756,0.262406,0.693320,0.757096,0.460380,0.489692,0.796337,0.968891,0.698124,0.666667,0.730025,0.220490,0.787402
1757,0.219549,0.731781,0.757965,0.452007,0.473994,0.800140,0.969656,0.706889,0.666667,0.730866,0.220490,0.787402
1758,0.049624,0.719636,0.758610,0.444185,0.458757,0.791133,0.969369,0.713464,0.666667,0.735071,0.220490,0.787402
1759,0.128571,0.715587,0.758412,0.452405,0.488028,0.795837,0.969561,0.708465,0.666667,0.734230,0.220490,0.787402
1760,0.114286,0.691296,0.758139,0.454276,0.491869,0.794836,0.969848,0.706752,0.666667,0.735913,0.220490,0.787402
1761,0.212782,0.767206,0.758437,0.453694,0.506313,0.790633,0.969273,0.709697,0.666667,0.730866,0.220490,0.787402
1762,0.231579,0.679150,0.758238,0.446026,0.500960,0.795436,0.969656,0.712094,0.666667,0.732548,0.220490,0.787402
1763,0.196992,0.690283,0.758635,0.453402,0.508233,0.790633,0.970039,0.705931,0.666667,0.734230,0.220490,0.787402
1764,0.351880,0.725709,0.758139,0.447805,0.474660,0.790633,0.969273,0.708533,0.666667,0.735071,0.220490,0.787402
1765,0.230827,0.735830,0.758064,0.451792,0.528285,0.790633,0.968986,0.701822,0.666667,0.731707,0.220490,0.787402
1766,0.236090,0.740891,0.758064,0.461837,0.516710,0.793635,0.969178,0.697918,0.666667,0.728343,0.220490,0.787402
1767,0.210526,0.692308,0.757940,0.456500,0.521832,0.800641,0.970011,0.706136,0.800000,0.734230,0.220490,0.787402
1768,0.214286,0.667004,0.757965,0.454384,0.527850,0.791934,0.969656,0.706479,0.800000,0.738436,0.220490,0.787402
1769,0.210526,0.771255,0.759877,0.455733,0.518323,0.799640,0.969561,0.707300,0.666667,0.730866,0.220490,0.787402
1770,0.056391,0.835020,0.758710,0.471790,0.464929,0.791133,0.967091,0.695316,0.666667,0.728343,0.220490,0.787402
1771,0.213534,0.774291,0.756996,0.440750,0.517427,0.800340,0.962286,0.692782,0.666667,0.723297,0.220490,0.787402
1772,0.243609,0.696356,0.756127,0.430767,0.533202,0.791333,0.958179,0.660772,0.666667,0.677040,0.220490,0.787402
1773,0.184211,0.809717,0.755457,0.446225,0.507311,0.794736,0.956150,0.635954,0.666667,0.650126,0.220490,0.786614
1774,0.271429,0.616397,0.756152,0.465195,0.489667,0.795336,0.955451,0.632064,0.666667,0.645921,0.220490,0.779528
1775,0.361654,0.740891,0.756847,0.463248,0.467336,0.790633,0.955729,0.642309,0.666667,0.649285,0.212138,0.777402
1776,0.340602,0.763158,0.757567,0.464413,0.534175,0.793935,0.956351,0.651212,0.666667,0.650126,0.205735,0.771654
1777,0.235338,0.752024,0.758461,0.452329,0.531819,0.809848,0.955853,0.666018,0.666667,0.659378,0.192650,0.771654
1778,0.245865,0.753036,0.758387,0.431518,0.489334,0.800641,0.956543,0.663745,0.666667,0.657696,0.203229,0.771654
1779,0.265414,0.786437,0.758511,0.430705,0.515353,0.800641,0.956160,0.647103,0.666667,0.646762,0.206570,0.771654
1780,0.326316,0.645749,0.759554,0.451547,0.500166,0.800641,0.956150,0.641474,0.666667,0.644239,0.220490,0.768661
1781,0.311278,0.762146,0.760299,0.448173,0.509437,0.800641,0.956284,0.645624,0.666667,0.646762,0.220490,0.763780
1782,0.277444,0.690283,0.760299,0.446885,0.517580,0.800641,0.956504,0.645213,0.666667,0.647603,0.220490,0.763780
1783,0.294737,0.843117,0.760473,0.461162,0.530564,0.800641,0.955872,0.641282,0.666667,0.645921,0.207127,0.763780
1784,0.278195,0.724696,0.761267,0.452436,0.514174,0.800641,0.956227,0.650459,0.666667,0.649285,0.206570,0.763780
1785,0.238346,0.656883,0.762037,0.441057,0.475070,0.800641,0.955585,0.661005,0.666667,0.651808,0.220490,0.756457
1786,0.223308,0.585020,0.761888,0.433619,0.505416,0.800641,0.956112,0.662854,0.666667,0.657696,0.220490,0.763780
1787,0.296992,0.664980,0.762484,0.440367,0.526928,0.800641,0.956064,0.654225,0.666667,0.655172,0.217149,0.763780
1788,0.290226,0.646761,0.762683,0.449185,0.475838,0.800641,0.956227,0.648404,0.666667,0.654331,0.210189,0.763780
1789,0.147368,0.728745,0.763527,0.456791,0.520525,0.800641,0.955825,0.651075,0.666667,0.648444,0.220490,0.763780
1790,0.233083,0.735830,0.763850,0.456531,0.542447,0.800641,0.955911,0.652815,0.666667,0.655172,0.220490,0.763780
1791,0.225564,0.710526,0.763651,0.443894,0.462906,0.800641,0.956447,0.659156,0.666667,0.654331,0.220490,0.762362
1792,0.256391,0.635628,0.764049,0.453740,0.465697,0.800641,0.956255,0.652719,0.666667,0.650967,0.220490,0.761260
1793,0.270677,0.721660,0.763900,0.452727,0.500218,0.800641,0.956255,0.657992,0.666667,0.651808,0.220490,0.763780
1794,0.259398,0.753036,0.762931,0.443020,0.457553,0.800641,0.956160,0.661622,0.666667,0.658537,0.228007,0.763780
1795,0.306767,0.785425,0.763403,0.437959,0.441932,0.800641,0.956150,0.660047,0.566667,0.658537,0.226058,0.763780
1796,0.263158,0.744939,0.763726,0.442406,0.456452,0.800641,0.955872,0.663745,0.500000,0.655172,0.220490,0.763780
1797,0.248120,0.714575,0.764943,0.439017,0.494865,0.800641,0.956514,0.659910,0.666667,0.657696,0.220490,0.763780
1798,0.262406,0.732794,0.764868,0.448955,0.507465,0.800641,0.955777,0.652856,0.666667,0.650967,0.220490,0.763780
1799,0.273684,0.809717,0.764744,0.454660,0.470102,0.800641,0.956255,0.651486,0.666667,0.649285,0.220490,0.763780
1800,0.217293,0.870445,0.763949,0.460825,0.486875,0.800641,0.956313,0.647363,0.666667,0.645080,0.220490,0.763780
1801,0.281955,0.744939,0.764943,0.466898,0.466055,0.800641,0.956246,0.651198,0.666667,0.649285,0.220490,0.763780
1802,0.198496,0.802632,0.763875,0.452467,0.440575,0.800641,0.955872,0.668265,0.666667,0.652649,0.220490,0.760000
1803,0.276692,0.582996,0.765141,0.448479,0.461625,0.800641,0.955691,0.664142,0.666667,0.656854,0.220490,0.763780
1804,0.271429,0.698381,0.765067,0.445872,0.481626,0.800641,0.956255,0.659019,0.666667,0.656854,0.220490,0.763780
1805,0.240602,0.755061,0.764868,0.446041,0.469077,0.800641,0.956160,0.656759,0.666667,0.656854,0.220490,0.763780
1806,0.260150,0.742915,0.765042,0.438036,0.467080,0.800641,0.956246,0.666703,0.666667,0.656013,0.223274,0.763780
1807,0.220301,0.644737,0.764645,0.439201,0.495557,0.800641,0.956160,0.667991,0.666667,0.659378,0.248330,0.763780
1808,0.297744,0.820850,0.765886,0.436364,0.507542,0.800641,0.956351,0.669018,0.666667,0.659378,0.248330,0.763780
1809,0.284962,0.723684,0.767004,0.428758,0.547184,0.800641,0.956543,0.667415,0.666667,0.659378,0.228563,0.763780
1810,0.212782,0.724696,0.766159,0.432500,0.539860,0.800641,0.956064,0.664909,0.666667,0.658537,0.220490,0.763780
1811,0.251880,0.783401,0.766110,0.443955,0.523599,0.800641,0.956418,0.653541,0.666667,0.655172,0.228007,0.763780
1812,0.226316,0.772267,0.765886,0.443265,0.533458,0.800641,0.956188,0.659293,0.666667,0.656013,0.227450,0.763780
1813,0.410526,0.643725,0.766134,0.451240,0.532741,0.800641,0.956074,0.649664,0.666667,0.655172,0.220490,0.763780
1814,0.342857,0.713563,0.765216,0.455227,0.516479,0.800641,0.956064,0.661211,0.666667,0.653490,0.220490,0.763780
1815,0.244361,0.676113,0.765389,0.450872,0.494558,0.800641,0.956064,0.661348,0.666667,0.656013,0.220490,0.763780
1816,0.267669,0.706478,0.765240,0.443127,0.480960,0.800641,0.956093,0.664977,0.666667,0.660219,0.220490,0.763780
1817,0.266917,0.695344,0.765240,0.439953,0.483393,0.800641,0.956351,0.662717,0.666667,0.659378,0.220490,0.763780
1818,0.178195,0.643725,0.764669,0.448280,0.458783,0.800641,0.956255,0.657513,0.666667,0.656013,0.220490,0.763780
1819,0.268421,0.750000,0.766283,0.453249,0.502574,0.800641,0.956590,0.661485,0.666667,0.653490,0.220490,0.763780
1820,0.209774,0.627530,0.766755,0.449093,0.514840,0.800641,0.956255,0.661964,0.666667,0.657696,0.220490,0.763780
1821,0.273684,0.821862,0.766606,0.445474,0.488668,0.800641,0.956255,0.666279,0.666667,0.658537,0.220490,0.763780
1822,0.315789,0.723684,0.766159,0.457298,0.468668,0.800641,0.956543,0.659362,0.666667,0.658537,0.220490,0.763780
1823,0.266165,0.767206,0.766159,0.460978,0.508873,0.800641,0.956399,0.661759,0.666667,0.656013,0.220490,0.763780
1824,0.213534,0.764170,0.766110,0.452589,0.536787,0.805444,0.956543,0.657718,0.666667,0.656854,0.220490,0.763780
1825,0.210526,0.814777,0.766730,0.451424,0.484084,0.805444,0.956045,0.654732,0.666667,0.653490,0.220490,0.763780
1826,0.267669,0.643725,0.766805,0.461331,0.514610,0.805444,0.956064,0.652582,0.666667,0.650126,0.220490,0.763780
1827,0.281955,0.765182,0.766482,0.460150,0.492048,0.800641,0.955968,0.652445,0.666667,0.653490,0.220490,0.763780
1828,0.222556,0.799595,0.767376,0.448096,0.490205,0.800641,0.955968,0.670292,0.666667,0.654331,0.220490,0.763780
1829,0.263158,0.843117,0.767624,0.441747,0.483828,0.800641,0.956543,0.669086,0.666667,0.661060,0.220490,0.763780
1830,0.254887,0.668016,0.768195,0.440658,0.483239,0.800641,0.955968,0.660937,0.666667,0.660219,0.220490,0.763780
1831,0.250376,0.702429,0.768121,0.449476,0.485954,0.800641,0.956255,0.656691,0.666667,0.655172,0.220490,0.763780
1832,0.285714,0.705466,0.768767,0.479396,0.493406,0.800641,0.955729,0.635187,0.666667,0.646762,0.220490,0.763780
1833,0.339098,0.718623,0.769735,0.489610,0.490025,0.800641,0.955088,0.644227,0.666667,0.645080,0.220490,0.763780
1834,0.260150,0.643725,0.770281,0.463048,0.508771,0.805444,0.955107,0.665388,0.666667,0.650967,0.220490,0.761024
1835,0.263910,0.707490,0.769685,0.429233,0.526185,0.800641,0.956447,0.682605,0.666667,0.666106,0.220490,0.755906
1836,0.281203,0.767206,0.770902,0.401981,0.507132,0.805544,0.956035,0.679811,0.666667,0.670311,0.220490,0.763071
1837,0.306767,0.694332,0.771200,0.418161,0.487311,0.800641,0.955719,0.666470,0.666667,0.661060,0.220490,0.763780
1838,0.295489,0.691296,0.771498,0.418038,0.484366,0.800641,0.956399,0.676346,0.666667,0.658537,0.220490,0.763780
1839,0.291729,0.715587,0.771771,0.423682,0.515045,0.800641,0.955490,0.667237,0.666667,0.662742,0.233575,0.763780
1840,0.324812,0.693320,0.771275,0.445198,0.513176,0.800641,0.956351,0.656965,0.666667,0.651808,0.233853,0.763780
1841,0.281955,0.776316,0.770157,0.456623,0.486824,0.800641,0.956638,0.652719,0.666667,0.650967,0.220490,0.763780
1842,0.296241,0.718623,0.770406,0.464781,0.503777,0.800641,0.955662,0.657746,0.666667,0.648444,0.220490,0.763780
1843,0.333835,0.718623,0.770008,0.458693,0.449282,0.800641,0.955748,0.665114,0.666667,0.654331,0.220490,0.763780
1844,0.345865,0.667004,0.769089,0.440858,0.467771,0.800641,0.956236,0.679071,0.666667,0.661060,0.220490,0.763780
1845,0.254135,0.684211,0.769487,0.431303,0.469385,0.800641,0.956447,0.673332,0.666667,0.665265,0.220490,0.763780
1846,0.279699,0.677126,0.768717,0.443311,0.464545,0.800641,0.956064,0.661622,0.666667,0.657696,0.220490,0.763780
1847,0.219549,0.757085,0.769065,0.440091,0.475249,0.800641,0.956255,0.662991,0.666667,0.661060,0.220490,0.763780
1848,0.241353,0.656883,0.769114,0.444692,0.495582,0.800641,0.956255,0.664087,0.666667,0.655172,0.220490,0.763780
1849,0.241353,0.647773,0.768940,0.449108,0.489692,0.800641,0.956543,0.657472,0.666667,0.656854,0.220490,0.763780
1850,0.266165,0.705466,0.769859,0.453862,0.472304,0.800641,0.955777,0.651965,0.666667,0.652649,0.220490,0.763780
1851,0.266165,0.705466,0.769512,0.453234,0.483623,0.800641,0.956351,0.656759,0.666667,0.649285,0.220490,0.763780
1852,0.235338,0.784413,0.769661,0.436916,0.476145,0.800641,0.955872,0.668470,0.666667,0.656013,0.220490,0.763780
1853,0.302256,0.742915,0.770182,0.445535,0.449845,0.800641,0.956351,0.659978,0.666667,0.658537,0.220490,0.763780
1854,0.213534,0.731781,0.770778,0.475026,0.451382,0.800641,0.956830,0.637926,0.666667,0.645921,0.220490,0.763780
1855,0.234586,0.789474,0.770952,0.480240,0.470409,0.800641,0.956351,0.649432,0.666667,0.649285,0.220490,0.763780
1856,0.289474,0.670040,0.771150,0.465272,0.497401,0.800641,0.956447,0.664156,0.666667,0.656854,0.220490,0.763780
1857,0.271429,0.600202,0.770505,0.452850,0.470255,0.800641,0.955461,0.670045,0.666667,0.656854,0.220490,0.763780
1858,0.227068,0.745951,0.771374,0.440398,0.467003,0.805444,0.955681,0.670525,0.666667,0.656013,0.220490,0.763780
1859,0.254135,0.763158,0.771473,0.440551,0.456913,0.809848,0.959318,0.662786,0.666667,0.651808,0.220490,0.763780
1860,0.304511,0.668016,0.771275,0.440213,0.445261,0.815352,0.955968,0.660047,0.666667,0.654331,0.220490,0.763780
1861,0.302256,0.674089,0.771051,0.426488,0.459576,0.811149,0.955968,0.667922,0.666667,0.653490,0.220490,0.763780
1862,0.286466,0.558704,0.771275,0.441287,0.444467,0.820156,0.956198,0.653075,0.666667,0.652649,0.220490,0.763780
1863,0.258647,0.758097,0.771622,0.448265,0.442495,0.810649,0.956064,0.648199,0.666667,0.646762,0.239143,0.763780
1864,0.274436,0.731781,0.771424,0.458080,0.489949,0.811950,0.956016,0.644501,0.666667,0.644239,0.248330,0.763780
1865,0.178195,0.904858,0.771473,0.460717,0.470614,0.820657,0.956514,0.649569,0.666667,0.650967,0.242205,0.763780
1866,0.211278,0.805668,0.770554,0.461254,0.451330,0.818455,0.955777,0.653678,0.666667,0.651808,0.241370,0.759843
1867,0.259398,0.845142,0.770108,0.450979,0.452457,0.813151,0.956160,0.662580,0.666667,0.658537,0.248330,0.763780
1868,0.163910,0.728745,0.769983,0.439079,0.446388,0.820657,0.955959,0.668826,0.666667,0.660219,0.239421,0.763780
1869,0.237594,0.728745,0.771200,0.430031,0.400625,0.820657,0.956255,0.667785,0.666667,0.661060,0.243597,0.763780
1870,0.233835,0.593117,0.771076,0.445336,0.417860,0.816954,0.956064,0.654225,0.666667,0.658537,0.237751,0.763780
1871,0.270677,0.635628,0.771498,0.442821,0.473584,0.827862,0.955509,0.658376,0.666667,0.656854,0.220490,0.763780
1872,0.296241,0.664980,0.771399,0.449998,0.475659,0.830665,0.956523,0.659403,0.666667,0.656854,0.245546,0.763780
1873,0.308271,0.760121,0.771250,0.442575,0.450818,0.830665,0.955853,0.661581,0.666667,0.656013,0.248330,0.763780
1874,0.239098,0.675101,0.771448,0.459889,0.499577,0.825560,0.956054,0.657403,0.666667,0.653490,0.248330,0.763780
1875,0.291729,0.722672,0.771871,0.448725,0.476197,0.830665,0.956543,0.666142,0.666667,0.661060,0.248330,0.763780
1876,0.275188,0.828947,0.771895,0.450182,0.438884,0.830665,0.956198,0.664128,0.666667,0.661901,0.220490,0.763780
1877,0.297744,0.811741,0.771349,0.453970,0.466312,0.830665,0.955959,0.662485,0.666667,0.656854,0.221882,0.763780
1878,0.244361,0.671053,0.771076,0.457957,0.486824,0.830665,0.956638,0.659636,0.666667,0.659378,0.233018,0.763780
1879,0.266917,0.730769,0.771200,0.449016,0.425722,0.830665,0.955968,0.667717,0.666667,0.660219,0.220490,0.763780
1880,0.232331,0.697368,0.770480,0.447835,0.435939,0.830665,0.956255,0.663950,0.666667,0.660219,0.220490,0.763780
1881,0.261654,0.689271,0.770108,0.453203,0.427258,0.830665,0.955968,0.654910,0.666667,0.655172,0.220490,0.763780
1882,0.230827,0.773279,0.770207,0.457528,0.473328,0.830665,0.956543,0.654499,0.666667,0.649285,0.220490,0.763780
1883,0.218045,0.761134,0.770257,0.453172,0.449896,0.830665,0.956945,0.659019,0.666667,0.654331,0.220490,0.763780
1884,0.251128,0.697368,0.770852,0.443909,0.477118,0.830665,0.955872,0.666279,0.666667,0.657696,0.220490,0.763780
1885,0.262406,0.756073,0.770281,0.449829,0.460729,0.830665,0.956064,0.657102,0.666667,0.654331,0.220490,0.763780
1886,0.238346,0.674089,0.769909,0.460917,0.441983,0.830665,0.955585,0.647309,0.666667,0.650126,0.220490,0.763780
1887,0.286466,0.684211,0.769710,0.457497,0.450588,0.830665,0.956447,0.657992,0.666667,0.648444,0.220490,0.763780
1888,0.324060,0.679150,0.770108,0.449906,0.455018,0.830665,0.957069,0.663128,0.666667,0.656013,0.220490,0.763780
1889,0.214286,0.676113,0.770306,0.441594,0.435965,0.830665,0.956466,0.662238,0.666667,0.660219,0.220490,0.763780
1890,0.235338,0.650810,0.770207,0.449170,0.416400,0.830665,0.956351,0.661485,0.666667,0.657696,0.220490,0.763780
1891,0.240602,0.867409,0.770952,0.446731,0.412200,0.830665,0.956255,0.657924,0.666667,0.656013,0.220490,0.763780
1892,0.293985,0.776316,0.770977,0.446501,0.460678,0.828363,0.955968,0.658882,0.666667,0.655172,0.220490,0.763780
1893,0.303759,0.626518,0.770927,0.453126,0.473021,0.828363,0.956064,0.654431,0.666667,0.656013,0.220490,0.763780
1894,0.203008,0.713563,0.770952,0.452789,0.479551,0.825661,0.957433,0.659088,0.666667,0.654331,0.220490,0.763780
1895,0.240602,0.709514,0.771324,0.442514,0.470230,0.830665,0.956303,0.665731,0.666667,0.659378,0.220490,0.763780
1896,0.286466,0.628543,0.771573,0.444277,0.447848,0.830665,0.956160,0.664361,0.666667,0.659378,0.220490,0.763780
1897,0.231579,0.851215,0.771548,0.438281,0.467694,0.826461,0.956447,0.664156,0.666667,0.658537,0.220490,0.763780
1898,0.346617,0.775304,0.771597,0.447299,0.449768,0.829964,0.956447,0.664498,0.666667,0.657696,0.220490,0.763780
1899,0.344361,0.814777,0.771051,0.443311,0.446977,0.830665,0.956351,0.664430,0.666667,0.657696,0.220490,0.763780
1900,0.263910,0.556680,0.769586,0.451746,0.462060,0.830665,0.955987,0.657184,0.666667,0.657696,0.220490,0.763780
1901,0.293985,0.713563,0.771374,0.452697,0.428308,0.820456,0.956150,0.660321,0.666667,0.654331,0.220490,0.763780
1902,0.314286,0.782389,0.770703,0.457313,0.428206,0.826661,0.955777,0.660252,0.666667,0.654331,0.220490,0.763780
1903,0.367669,0.823887,0.770852,0.450258,0.434966,0.830665,0.956188,0.663128,0.666667,0.656854,0.220490,0.763780
1904,0.314286,0.761134,0.770927,0.452083,0.467899,0.830665,0.955968,0.667717,0.666667,0.661060,0.220490,0.763780
1905,0.301504,0.646761,0.770604,0.446915,0.462906,0.828363,0.956160,0.666963,0.666667,0.659378,0.220490,0.763780
1906,0.181203,0.615385,0.769959,0.437330,0.463699,0.828163,0.955394,0.671620,0.666667,0.659378,0.220490,0.763780
1907,0.206767,0.722672,0.770902,0.439401,0.435581,0.830665,0.956064,0.664977,0.666667,0.660219,0.220490,0.763780
1908,0.200752,0.845142,0.770604,0.449292,0.414633,0.830665,0.955968,0.658458,0.666667,0.654331,0.220490,0.763780
1909,0.263910,0.839069,0.769735,0.455304,0.416656,0.830665,0.955863,0.660608,0.666667,0.655172,0.220490,0.763780
1910,0.138346,0.769231,0.769760,0.448188,0.465185,0.825861,0.955968,0.663608,0.666667,0.659378,0.220490,0.763780
1911,0.238346,0.742915,0.769834,0.450780,0.456375,0.825861,0.955490,0.663539,0.666667,0.656854,0.220490,0.763780
1912,0.247368,0.764170,0.769139,0.455994,0.459884,0.825861,0.955470,0.658745,0.666667,0.657696,0.230234,0.763780
1913,0.241353,0.642713,0.769238,0.460671,0.474378,0.830665,0.956543,0.656006,0.666667,0.650126,0.224109,0.763780
1914,0.287970,0.703441,0.769238,0.462987,0.464493,0.830665,0.956160,0.658814,0.666667,0.653490,0.220490,0.763780
1915,0.282707,0.646761,0.769089,0.458371,0.413967,0.830665,0.956734,0.657992,0.666667,0.654331,0.220490,0.763780
1916,0.291729,0.579960,0.768916,0.458984,0.433020,0.830665,0.956447,0.660868,0.666667,0.654331,0.220490,0.763780
1917,0.270677,0.699393,0.769114,0.448525,0.455325,0.830665,0.955968,0.665320,0.666667,0.659378,0.220490,0.763780
1918,0.170677,0.660931,0.767624,0.451853,0.420292,0.830665,0.956590,0.662033,0.666667,0.655172,0.233575,0.763780
1919,0.206767,0.636640,0.768220,0.448326,0.463520,0.830665,0.956284,0.661005,0.666667,0.656013,0.221047,0.763780
1920,0.311278,0.569838,0.768692,0.453770,0.468719,0.830665,0.956064,0.656075,0.666667,0.656013,0.233853,0.763780
1921,0.275188,0.722672,0.767848,0.466668,0.438347,0.830665,0.956160,0.655732,0.666667,0.651808,0.220490,0.763780
1922,0.231579,0.773279,0.767575,0.464398,0.496965,0.830665,0.956447,0.661005,0.666667,0.656013,0.220490,0.763780
1923,0.220301,0.768219,0.767798,0.461223,0.481318,0.830665,0.955748,0.659430,0.666667,0.656854,0.220490,0.763780
1924,0.343609,0.628543,0.768791,0.455427,0.426669,0.831065,0.955997,0.662813,0.666667,0.654331,0.220490,0.763780
1925,0.222556,0.875506,0.768195,0.455611,0.425261,0.835869,0.956543,0.659225,0.666667,0.654331,0.220490,0.763780
1926,0.254135,0.764170,0.768171,0.457067,0.448821,0.840673,0.955872,0.656280,0.666667,0.656013,0.220490,0.763780
1927,0.272180,0.882591,0.768071,0.473630,0.435325,0.834468,0.954370,0.644706,0.666667,0.648444,0.220490,0.763780
1928,0.273684,0.654858,0.768618,0.477939,0.434147,0.835468,0.956476,0.649706,0.666667,0.653490,0.220490,0.763780
1929,0.306767,0.861336,0.768071,0.462174,0.430177,0.832966,0.956332,0.662786,0.666667,0.656013,0.220490,0.763780
1930,0.230827,0.679150,0.766979,0.457589,0.457630,0.840673,0.956543,0.666059,0.666667,0.655172,0.220490,0.763780
1931,0.278947,0.686235,0.767649,0.457313,0.473431,0.832966,0.956160,0.664087,0.666667,0.656013,0.220490,0.763780
1932,0.331579,0.720648,0.767277,0.459721,0.478220,0.830665,0.956255,0.660457,0.666667,0.658537,0.220490,0.763780
1933,0.194737,0.775304,0.766855,0.465272,0.450178,0.830665,0.956275,0.657472,0.666667,0.654331,0.220490,0.763780
1934,0.241353,0.765182,0.767128,0.463969,0.408205,0.830665,0.956543,0.661992,0.666667,0.654331,0.220490,0.763780
1935,0.111278,0.678138,0.766532,0.451593,0.435043,0.835168,0.957289,0.668676,0.666667,0.659378,0.220490,0.763780
1936,0.253383,0.639676,0.766383,0.456469,0.441599,0.830965,0.957050,0.658198,0.666667,0.656013,0.220490,0.763780
1937,0.280451,0.732794,0.765985,0.459905,0.451612,0.830665,0.956858,0.657718,0.666667,0.654331,0.220490,0.763780
1938,0.222556,0.709514,0.765911,0.451516,0.468924,0.830665,0.955872,0.662580,0.666667,0.655172,0.220490,0.763780
1939,0.309774,0.672065,0.766159,0.448986,0.444979,0.830665,0.956543,0.656965,0.666667,0.659378,0.220490,0.763780
1940,0.202256,0.634615,0.765563,0.454046,0.422264,0.835468,0.955729,0.651965,0.666667,0.655172,0.220490,0.763780
1941,0.215038,0.700405,0.765787,0.472756,0.408231,0.830665,0.955968,0.642172,0.666667,0.650967,0.220490,0.763780
1942,0.278195,0.671053,0.765464,0.470870,0.420036,0.830665,0.956255,0.645528,0.666667,0.647603,0.220490,0.763780
1943,0.251880,0.683198,0.764794,0.465471,0.437374,0.830665,0.956160,0.654157,0.666667,0.653490,0.220490,0.763780
1944,0.230075,0.874494,0.764769,0.450872,0.421470,0.830665,0.955959,0.662622,0.666667,0.657696,0.220490,0.763780
1945,0.266165,0.725709,0.765365,0.448771,0.410382,0.835669,0.956543,0.656211,0.666667,0.661060,0.220490,0.763780
1946,0.216541,0.807692,0.765464,0.441425,0.439269,0.834367,0.956447,0.663334,0.666667,0.657696,0.220490,0.763780
1947,0.235338,0.802632,0.765563,0.438971,0.455940,0.831665,0.956160,0.661964,0.666667,0.656854,0.220490,0.763780
1948,0.233835,0.771255,0.766283,0.444431,0.408845,0.839872,0.956447,0.653609,0.666667,0.661060,0.220490,0.763780
1949,0.309023,0.889676,0.766557,0.451562,0.419678,0.836669,0.956351,0.650404,0.666667,0.654331,0.220490,0.763780
1950,0.228571,0.770243,0.766234,0.464889,0.442931,0.830665,0.956093,0.643268,0.666667,0.651808,0.220490,0.763780
1951,0.248872,0.699393,0.766606,0.476161,0.433763,0.831465,0.956332,0.641830,0.666667,0.649285,0.220490,0.763780
1952,0.330075,0.676113,0.766457,0.469198,0.385925,0.840673,0.955585,0.659910,0.666667,0.652649,0.220490,0.760000
1953,0.280451,0.741903,0.766457,0.447268,0.432841,0.839171,0.956064,0.667648,0.666667,0.664424,0.220490,0.760236
1954,0.288722,0.641700,0.766557,0.445489,0.439448,0.832466,0.955662,0.662923,0.666667,0.660219,0.220490,0.763780
1955,0.315789,0.653846,0.766532,0.449476,0.436631,0.833667,0.956160,0.654294,0.666667,0.654331,0.220490,0.763780
1956,0.262406,0.724696,0.766457,0.455534,0.408589,0.835268,0.955920,0.653130,0.666667,0.648444,0.220490,0.763780
1957,0.239098,0.842105,0.766532,0.460073,0.463571,0.835468,0.956255,0.649569,0.666667,0.651808,0.220490,0.763780
1958,0.221053,0.600202,0.766383,0.466744,0.531768,0.835468,0.956255,0.650459,0.666667,0.649285,0.220490,0.763780
1959,0.209774,0.732794,0.766457,0.450857,0.492791,0.834367,0.956255,0.665799,0.666667,0.656854,0.220490,0.763780
1960,0.187218,0.659919,0.766432,0.442959,0.479014,0.840673,0.956447,0.661827,0.666667,0.660219,0.236637,0.763780
1961,0.261654,0.611336,0.766656,0.442729,0.431893,0.835669,0.956160,0.661690,0.666667,0.661901,0.231626,0.763780
1962,0.317293,0.722672,0.766408,0.442161,0.405823,0.840673,0.956160,0.660526,0.666667,0.655172,0.220490,0.763780
1963,0.217293,0.553644,0.766110,0.442437,0.457195,0.835869,0.956543,0.653404,0.666667,0.656854,0.220490,0.763780
1964,0.248872,0.763158,0.766929,0.448249,0.477067,0.835869,0.956064,0.654362,0.666667,0.656854,0.234410,0.763780
1965,0.250376,0.863360,0.767550,0.455427,0.461420,0.835869,0.956064,0.649432,0.666667,0.652649,0.220490,0.763780
1966,0.203008,0.731781,0.766855,0.463846,0.457041,0.840673,0.956543,0.646199,0.666667,0.648444,0.220490,0.763780
1967,0.248120,0.739879,0.767401,0.464567,0.467515,0.840673,0.956035,0.653979,0.666667,0.650126,0.220490,0.763780
1968,0.163158,0.691296,0.767351,0.452942,0.448539,0.838471,0.956255,0.661553,0.666667,0.660219,0.220490,0.763780
1969,0.234586,0.793522,0.768369,0.431012,0.447259,0.830665,0.955681,0.664703,0.666667,0.661901,0.220490,0.760394
1970,0.324060,0.782389,0.768593,0.448986,0.506005,0.833467,0.956255,0.644706,0.666667,0.656854,0.220490,0.763780
1971,0.223308,0.776316,0.768469,0.470486,0.513662,0.832566,0.955949,0.649267,0.666667,0.648444,0.220490,0.763780
1972,0.201504,0.769231,0.768816,0.460441,0.478681,0.834367,0.956064,0.655938,0.666667,0.656013,0.220490,0.763780
1973,0.292481,0.646761,0.768419,0.456623,0.506774,0.835869,0.955681,0.657581,0.666667,0.656013,0.220490,0.763780
1974,0.229323,0.570850,0.769313,0.457344,0.527261,0.835969,0.956351,0.658677,0.666667,0.659378,0.220490,0.763780
1975,0.312782,0.735830,0.768791,0.453234,0.514943,0.830865,0.956112,0.656554,0.666667,0.660219,0.220490,0.763780
1976,0.221053,0.642713,0.768667,0.452313,0.484058,0.835368,0.956447,0.652239,0.666667,0.656013,0.220490,0.763780
1977,0.213534,0.647773,0.768593,0.451700,0.464877,0.830665,0.956275,0.643953,0.666667,0.650967,0.220490,0.763780
1978,0.290226,0.717611,0.768419,0.454292,0.488002,0.830665,0.955853,0.641446,0.666667,0.647603,0.220490,0.763780
1979,0.266165,0.681174,0.769685,0.451731,0.500935,0.832366,0.956150,0.644925,0.666667,0.655172,0.220490,0.759921
1980,0.248872,0.735830,0.770952,0.457850,0.515916,0.833867,0.956064,0.652856,0.666667,0.655172,0.220490,0.760079
1981,0.267669,0.713563,0.770356,0.452850,0.479910,0.830665,0.956255,0.652513,0.666667,0.656854,0.220490,0.758661
1982,0.278947,0.751012,0.770753,0.455457,0.521114,0.830665,0.956370,0.653746,0.666667,0.656013,0.220490,0.755906
1983,0.254887,0.802632,0.770852,0.453387,0.439704,0.830665,0.956447,0.654910,0.666667,0.657696,0.220490,0.757480
1984,0.292481,0.745951,0.771424,0.461285,0.481421,0.830665,0.957193,0.647446,0.666667,0.648444,0.220490,0.759843
1985,0.173684,0.693320,0.771150,0.465855,0.483982,0.830665,0.956064,0.653472,0.666667,0.656013,0.220490,0.761811
1986,0.292481,0.707490,0.771573,0.451700,0.520705,0.830665,0.956629,0.658978,0.666667,0.657696,0.220490,0.757953
1987,0.260902,0.661943,0.771126,0.441962,0.452406,0.830665,0.956351,0.663539,0.666667,0.656013,0.220490,0.763780
1988,0.278947,0.644737,0.770852,0.443618,0.489462,0.830665,0.956064,0.658882,0.666667,0.653490,0.220490,0.763780
1989,0.322556,0.729757,0.771150,0.450212,0.514200,0.830665,0.955872,0.652239,0.666667,0.650126,0.220490,0.763780
1990,0.227068,0.617409,0.771076,0.458233,0.482343,0.830665,0.956255,0.646076,0.666667,0.645921,0.220490,0.763780
1991,0.254887,0.780364,0.771498,0.466499,0.471382,0.828963,0.956179,0.640734,0.666667,0.646762,0.220490,0.763780
1992,0.209774,0.873482,0.771275,0.481191,0.474942,0.827362,0.956255,0.637173,0.666667,0.646762,0.220490,0.763780
1993,0.194737,0.728745,0.771101,0.472265,0.460780,0.830665,0.955949,0.635529,0.666667,0.644239,0.220490,0.756142
1994,0.235338,0.778340,0.772491,0.442729,0.515685,0.833367,0.957624,0.657718,0.666667,0.658537,0.220490,0.755906
1995,0.213534,0.701417,0.773112,0.424786,0.466004,0.840673,0.955872,0.660594,0.666667,0.656854,0.220490,0.755906
1996,0.282707,0.781377,0.773385,0.424188,0.513995,0.840673,0.955968,0.655116,0.666667,0.655172,0.220490,0.756142
1997,0.253383,0.822874,0.772591,0.429739,0.502471,0.840673,0.956284,0.649500,0.666667,0.652649,0.220490,0.759291
1998,0.231579,0.720648,0.773584,0.433036,0.491075,0.840673,0.956734,0.627654,0.666667,0.645080,0.220490,0.760630
1999,0.274436,0.649798,0.774254,0.473216,0.460217,0.845376,0.955968,0.628886,0.666667,0.642557,0.220490,0.758819
2000,0.251880,0.871457,0.773187,0.453709,0.462752,0.845977,0.956064,0.652239,0.666667,0.652649,0.220490,0.755906
2001,0.332331,0.714575,0.774180,0.449660,0.476094,0.841173,0.955872,0.664703,0.666667,0.656854,0.220490,0.755906
2002,0.263158,0.678138,0.773509,0.424801,0.478348,0.849880,0.956351,0.675661,0.666667,0.665265,0.220490,0.755906
2003,0.279699,0.646761,0.773435,0.426856,0.477554,0.841974,0.955681,0.672305,0.666667,0.661060,0.220490,0.755906
2004,0.221053,0.828947,0.772864,0.435950,0.465697,0.850681,0.956255,0.659841,0.666667,0.657696,0.220490,0.761811
2005,0.248120,0.720648,0.772392,0.458570,0.482189,0.850681,0.956447,0.647377,0.666667,0.649285,0.229677,0.763780
2006,0.287970,0.687247,0.772467,0.471560,0.470127,0.850681,0.956619,0.647309,0.666667,0.650967,0.248330,0.763780
2007,0.215789,0.658907,0.771945,0.468462,0.492356,0.850681,0.956188,0.657513,0.666667,0.655172,0.248330,0.763780
2008,0.302256,0.650810,0.771448,0.457236,0.464954,0.847678,0.956255,0.669292,0.666667,0.656013,0.248330,0.763780
2009,0.251128,0.693320,0.770778,0.445351,0.463930,0.845476,0.956351,0.673880,0.666667,0.660219,0.222439,0.763780
2010,0.287218,0.627530,0.770455,0.444001,0.524520,0.844376,0.956638,0.672237,0.666667,0.661901,0.220490,0.763780
2011,0.269925,0.552632,0.770406,0.443357,0.495967,0.841673,0.956160,0.664977,0.666667,0.659378,0.220490,0.763780
2012,0.275188,0.653846,0.769512,0.452589,0.493867,0.840673,0.957433,0.656280,0.666667,0.656854,0.220490,0.763780
2013,0.209774,0.727733,0.769487,0.463907,0.497401,0.840673,0.956160,0.652171,0.666667,0.651808,0.220490,0.763780
2014,0.278947,0.602227,0.769040,0.461745,0.478168,0.840673,0.956351,0.658198,0.666667,0.652649,0.220490,0.763780
2015,0.258647,0.722672,0.768146,0.474029,0.484135,0.834968,0.956619,0.652856,0.666667,0.650126,0.220490,0.763780
2016,0.271429,0.616397,0.768394,0.479074,0.475505,0.830665,0.956255,0.650664,0.666667,0.648444,0.220490,0.763780
2017,0.229323,0.719636,0.767972,0.474719,0.478117,0.830665,0.956543,0.656965,0.666667,0.652649,0.220490,0.763780
2018,0.219549,0.748988,0.768245,0.469950,0.484750,0.830665,0.956160,0.667443,0.666667,0.659378,0.220490,0.763780
2019,0.278195,0.539474,0.767922,0.451133,0.476401,0.830665,0.956064,0.671415,0.666667,0.663583,0.207127,0.763780
2020,0.252632,0.806680,0.767649,0.438143,0.464442,0.838171,0.955872,0.675181,0.666667,0.664424,0.220490,0.763780
2021,0.298496,0.578947,0.767897,0.447912,0.492535,0.840673,0.956657,0.662402,0.666667,0.660219,0.220490,0.763780
2022,0.281955,0.774291,0.767202,0.471959,0.485749,0.837170,0.956064,0.646555,0.666667,0.653490,0.220490,0.763780
2023,0.220301,0.757085,0.766507,0.482694,0.501037,0.834468,0.955968,0.644775,0.666667,0.648444,0.220490,0.763780
2024,0.308271,0.700405,0.766631,0.495407,0.497964,0.831665,0.956045,0.648130,0.666667,0.650967,0.220490,0.763780
2025,0.272180,0.625506,0.766234,0.476927,0.459474,0.830665,0.955949,0.669634,0.666667,0.660219,0.220490,0.763780
2026,0.304511,0.634615,0.765936,0.469259,0.465927,0.830665,0.956447,0.678195,0.666667,0.662742,0.220490,0.763780
2027,0.226316,0.702429,0.765240,0.445152,0.457937,0.830965,0.955968,0.678948,0.666667,0.666947,0.220490,0.763780
2028,0.255639,0.693320,0.766035,0.446440,0.443904,0.835869,0.956351,0.659499,0.666667,0.658537,0.220490,0.763780
2029,0.215789,0.718623,0.766408,0.450412,0.480422,0.839472,0.956351,0.652924,0.666667,0.650126,0.220490,0.763780
2030,0.277444,0.737854,0.766259,0.458908,0.480448,0.836970,0.956227,0.650253,0.666667,0.652649,0.220490,0.763780
2031,0.286466,0.671053,0.765737,0.467465,0.465057,0.840673,0.955968,0.643473,0.666667,0.650126,0.220490,0.763780
2032,0.272932,0.726721,0.765240,0.471176,0.447310,0.840673,0.955968,0.647103,0.666667,0.650967,0.220490,0.763780
2033,0.279699,0.767206,0.765836,0.470962,0.449077,0.840673,0.956255,0.652445,0.500000,0.655172,0.234410,0.763780
2034,0.202256,0.629555,0.765265,0.456347,0.455914,0.837370,0.956322,0.660937,0.666667,0.657696,0.220490,0.760000
2035,0.284962,0.687247,0.764794,0.459230,0.443853,0.839171,0.956562,0.666005,0.666667,0.658537,0.220490,0.763780
2036,0.276692,0.684211,0.765836,0.439217,0.418449,0.835869,0.956351,0.672853,0.666667,0.662742,0.220490,0.763780
2037,0.300000,0.845142,0.766085,0.431993,0.436400,0.840673,0.956160,0.662375,0.666667,0.661060,0.220490,0.763780
2038,0.225564,0.605263,0.765712,0.445336,0.432585,0.840673,0.956686,0.650527,0.666667,0.655172,0.220490,0.763780
2039,0.303759,0.676113,0.765687,0.463278,0.454480,0.840673,0.956160,0.644569,0.666667,0.646762,0.220490,0.763780
2040,0.216541,0.608300,0.765712,0.460978,0.447848,0.841373,0.956255,0.648541,0.666667,0.650126,0.230234,0.763780
2041,0.293985,0.745951,0.765613,0.463739,0.449845,0.844876,0.956619,0.649979,0.666667,0.653490,0.224666,0.763780
2042,0.231579,0.716599,0.766184,0.455933,0.433122,0.840673,0.956380,0.655595,0.666667,0.654331,0.244989,0.763780
2043,0.115038,0.672065,0.766358,0.458310,0.417143,0.840673,0.957241,0.659088,0.666667,0.656854,0.248330,0.763780
2044,0.257143,0.761134,0.767103,0.449415,0.441599,0.840673,0.956418,0.660184,0.666667,0.654331,0.248330,0.763780
2045,0.278947,0.771255,0.766383,0.446302,0.445415,0.840673,0.956351,0.656554,0.666667,0.656854,0.235245,0.763780
2046,0.300752,0.582996,0.766333,0.456669,0.450972,0.840673,0.956121,0.644446,0.666667,0.650126,0.220490,0.763780
2047,0.255639,0.562753,0.766879,0.475516,0.402366,0.843975,0.956734,0.640049,0.666667,0.650967,0.221325,0.763780
2048,0.206767,0.609312,0.766209,0.519423,0.432815,0.841974,0.956351,0.625120,0.666667,0.644239,0.232461,0.763780
2049,0.193985,0.732794,0.766954,0.483338,0.432943,0.840673,0.956035,0.654130,0.666667,0.650126,0.220490,0.759606
2050,0.184962,0.838057,0.767202,0.473247,0.422136,0.840673,0.955155,0.669155,0.666667,0.652649,0.220490,0.755906
2051,0.221805,0.797571,0.767103,0.443817,0.393045,0.840673,0.956638,0.667991,0.666667,0.655172,0.220490,0.760472
2052,0.199248,0.820850,0.767848,0.419740,0.382058,0.835368,0.956064,0.664566,0.666667,0.656013,0.220490,0.763780
2053,0.312782,0.795547,0.768245,0.434156,0.441829,0.830665,0.956638,0.656691,0.666667,0.650967,0.220490,0.763780
2054,0.315789,0.746964,0.768866,0.435153,0.441625,0.828263,0.957031,0.653143,0.666667,0.649285,0.220490,0.763780
2055,0.339850,0.783401,0.768816,0.445949,0.390945,0.810649,0.956351,0.654636,0.666667,0.647603,0.220490,0.763780
2056,0.300752,0.719636,0.768742,0.447375,0.461369,0.810649,0.956466,0.649500,0.666667,0.648444,0.214087,0.763780
2057,0.296241,0.734818,0.769536,0.446808,0.426951,0.815352,0.956801,0.651281,0.666667,0.650126,0.200167,0.763780
2058,0.280451,0.780364,0.769238,0.441088,0.445082,0.815452,0.956447,0.657787,0.666667,0.652649,0.207127,0.763780
2059,0.309774,0.688259,0.769760,0.436518,0.485646,0.816653,0.956064,0.659978,0.666667,0.649285,0.220490,0.763780
2060,0.290226,0.847166,0.769512,0.440428,0.480678,0.820957,0.956351,0.658061,0.666667,0.650126,0.207405,0.763780
2061,0.256391,0.617409,0.769785,0.449369,0.472330,0.825861,0.956160,0.649021,0.666667,0.647603,0.220490,0.763780
2062,0.230827,0.787449,0.769735,0.461975,0.460959,0.830665,0.955940,0.643063,0.666667,0.644239,0.220490,0.763780
2063,0.263158,0.730769,0.769536,0.466898,0.483930,0.830665,0.955844,0.649706,0.666667,0.646762,0.220490,0.763780
2064,0.318045,0.635628,0.768866,0.458846,0.444160,0.830665,0.956476,0.658198,0.666667,0.650126,0.220490,0.763780
2065,0.294737,0.621457,0.769313,0.453157,0.441471,0.830665,0.956830,0.660731,0.666667,0.653490,0.220490,0.759843
2066,0.263910,0.669028,0.769114,0.441824,0.458142,0.830665,0.956246,0.664073,0.666667,0.652649,0.220490,0.763780
2067,0.338346,0.613360,0.769040,0.434601,0.489411,0.830665,0.956447,0.662526,0.666667,0.656854,0.220490,0.763780
2068,0.304511,0.637652,0.769288,0.430613,0.462086,0.830665,0.956351,0.650801,0.666667,0.651808,0.220490,0.763780
2069,0.301504,0.594130,0.768791,0.452973,0.472099,0.830665,0.955872,0.643679,0.666667,0.648444,0.220490,0.763780
2070,0.290226,0.630567,0.768419,0.466422,0.441112,0.830665,0.956255,0.648336,0.666667,0.645080,0.220490,0.763780
2071,0.259398,0.781377,0.769238,0.460365,0.419345,0.830665,0.957280,0.652308,0.666667,0.649285,0.220490,0.763228
2072,0.233083,0.743927,0.769065,0.447406,0.435760,0.830665,0.956447,0.653952,0.666667,0.651808,0.220490,0.759843
2073,0.265414,0.645749,0.769114,0.447575,0.448257,0.830665,0.955643,0.657965,0.666667,0.652649,0.220490,0.755906
2074,0.141353,0.677126,0.768791,0.448019,0.417834,0.830665,0.956160,0.649295,0.666667,0.651808,0.220490,0.760787
2075,0.283459,0.615385,0.768543,0.460717,0.422111,0.830665,0.956284,0.643610,0.666667,0.645080,0.220490,0.763780
2076,0.184211,0.779352,0.768220,0.464628,0.418730,0.830665,0.957528,0.647993,0.666667,0.645921,0.220490,0.758504
2077,0.096992,0.700405,0.768568,0.444845,0.426592,0.830665,0.956543,0.666826,0.666667,0.656854,0.220490,0.755906
2078,0.306767,0.649798,0.768146,0.430123,0.415657,0.830665,0.955968,0.667511,0.666667,0.658537,0.220490,0.759685
2079,0.341353,0.737854,0.767947,0.421381,0.438167,0.830665,0.956734,0.644569,0.666667,0.650126,0.220490,0.761811
2080,0.266165,0.805668,0.769114,0.475792,0.455684,0.830665,0.956543,0.627243,0.666667,0.642557,0.220490,0.763780
2081,0.231579,0.747976,0.768891,0.497263,0.461856,0.830665,0.956188,0.635803,0.666667,0.645080,0.220490,0.759843
2082,0.130827,0.695344,0.768841,0.476789,0.417911,0.830665,0.956447,0.651692,0.666667,0.650126,0.220490,0.757087
2083,0.239098,0.707490,0.768394,0.456086,0.465748,0.830665,0.956466,0.663265,0.666667,0.656013,0.220490,0.755906
2084,0.281955,0.873482,0.768320,0.441057,0.416835,0.830665,0.956543,0.666689,0.666667,0.660219,0.220490,0.755906
2085,0.284211,0.895749,0.768742,0.436978,0.418986,0.830665,0.955844,0.660047,0.666667,0.656854,0.220490,0.759606
2086,0.254887,0.698381,0.768394,0.447881,0.451971,0.833867,0.956351,0.651075,0.666667,0.650126,0.220490,0.760000
2087,0.158647,0.641700,0.769114,0.462450,0.428667,0.837170,0.956064,0.640597,0.666667,0.647603,0.220490,0.763780
2088,0.278947,0.547571,0.768096,0.476851,0.419345,0.830665,0.955777,0.637447,0.666667,0.645080,0.220490,0.763780
2089,0.198496,0.595142,0.767575,0.477280,0.394632,0.830665,0.956255,0.649569,0.666667,0.645921,0.220490,0.759606
2090,0.263910,0.592105,0.766830,0.461484,0.443801,0.835168,0.956064,0.658677,0.666667,0.655172,0.220490,0.755906
2091,0.300000,0.706478,0.766805,0.446102,0.439525,0.835669,0.956227,0.663128,0.666667,0.656013,0.220490,0.755906
2092,0.332331,0.681174,0.766706,0.444906,0.469026,0.830665,0.956887,0.660677,0.666667,0.659378,0.220490,0.755906
2093,0.229323,0.809717,0.766557,0.447605,0.453405,0.830665,0.956246,0.653226,0.666667,0.656013,0.229955,0.759921
2094,0.306767,0.796559,0.766408,0.458693,0.439013,0.830665,0.956590,0.644021,0.666667,0.650967,0.220490,0.763780
2095,0.275940,0.722672,0.766308,0.465947,0.437066,0.830665,0.956476,0.641939,0.666667,0.645080,0.220490,0.763780
2096,0.213534,0.631579,0.765812,0.469566,0.417578,0.830665,0.956064,0.645802,0.666667,0.647603,0.220490,0.762047
2097,0.215038,0.632591,0.764843,0.460211,0.440523,0.827862,0.955652,0.652527,0.666667,0.646762,0.220490,0.755906
2098,0.253383,0.655870,0.765563,0.449369,0.423570,0.828463,0.955968,0.660252,0.666667,0.655172,0.220490,0.758031
2099,0.254887,0.804656,0.766209,0.450090,0.439525,0.827162,0.955758,0.656965,0.666667,0.658537,0.220490,0.757717
2100,0.308271,0.759109,0.766035,0.447559,0.465876,0.829363,0.956179,0.658403,0.666667,0.655172,0.234410,0.758110
2101,0.315038,0.734818,0.766234,0.456454,0.473124,0.830665,0.955700,0.649432,0.666667,0.652649,0.220490,0.763780
2102,0.247368,0.566802,0.766730,0.465395,0.446721,0.830665,0.956447,0.645733,0.666667,0.648444,0.230791,0.763780
2103,0.284962,0.733806,0.765886,0.465364,0.433097,0.830665,0.955490,0.649021,0.666667,0.647603,0.248330,0.760866
2104,0.376692,0.737854,0.766457,0.464015,0.429307,0.830665,0.956064,0.652582,0.666667,0.646762,0.248330,0.762992
2105,0.278195,0.624494,0.765687,0.468554,0.434813,0.829864,0.955968,0.656485,0.666667,0.654331,0.222439,0.759843
2106,0.214286,0.648785,0.765290,0.451869,0.425440,0.826661,0.955825,0.662444,0.666667,0.656854,0.233575,0.763780
2107,0.271429,0.696356,0.765737,0.452359,0.437425,0.830665,0.956351,0.656622,0.666667,0.651808,0.248330,0.763780
2108,0.221053,0.693320,0.765464,0.449338,0.398294,0.830665,0.955557,0.659293,0.666667,0.650967,0.220490,0.763780
2109,0.273684,0.814777,0.766184,0.453970,0.399882,0.830665,0.956351,0.654404,0.666667,0.652649,0.220490,0.763780
2110,0.236842,0.785425,0.765886,0.461085,0.392174,0.827962,0.956064,0.647583,0.666667,0.648444,0.220490,0.763780
2111,0.219549,0.854251,0.766060,0.462144,0.453149,0.816453,0.956236,0.646377,0.666667,0.649285,0.220490,0.763780
2112,0.290977,0.758097,0.765663,0.463631,0.451228,0.827362,0.955490,0.650116,0.666667,0.646762,0.220490,0.763780
2113,0.194737,0.735830,0.765737,0.450488,0.429128,0.815953,0.956035,0.658334,0.666667,0.653490,0.220490,0.763780
2114,0.223308,0.765182,0.765663,0.447713,0.417808,0.816153,0.956255,0.656691,0.666667,0.654331,0.220490,0.759685
2115,0.245113,0.714575,0.765588,0.451133,0.442854,0.815452,0.956188,0.653404,0.666667,0.651808,0.220490,0.763780
2116,0.233083,0.834008,0.765464,0.461285,0.450127,0.815452,0.956571,0.646418,0.666667,0.649285,0.220490,0.763780
2117,0.260902,0.556680,0.765762,0.467956,0.496428,0.810649,0.955614,0.647583,0.666667,0.645921,0.220490,0.763780
2118,0.281203,0.615385,0.765042,0.458371,0.453328,0.810649,0.955968,0.649774,0.666667,0.650126,0.220490,0.763780
2119,0.221053,0.736842,0.765538,0.459537,0.419371,0.810649,0.956160,0.654568,0.666667,0.649285,0.220490,0.763780
2120,0.264662,0.751012,0.765315,0.454552,0.394607,0.810649,0.956160,0.656211,0.666667,0.650967,0.220490,0.761575
2121,0.275188,0.725709,0.765365,0.453816,0.442521,0.810649,0.956447,0.655527,0.666667,0.655172,0.220490,0.762047
2122,0.309023,0.772267,0.765166,0.452160,0.456836,0.810649,0.955585,0.659088,0.666667,0.652649,0.220490,0.763780
2123,0.257143,0.765182,0.765340,0.452359,0.442931,0.810649,0.957213,0.655184,0.666667,0.652649,0.220490,0.761024
2124,0.256391,0.924089,0.765613,0.460978,0.418321,0.810649,0.956858,0.650116,0.666667,0.650967,0.220490,0.762598
2125,0.251128,0.742915,0.765588,0.459905,0.437502,0.815452,0.955872,0.658061,0.666667,0.650967,0.220490,0.763780
2126,0.258647,0.729757,0.765787,0.459997,0.396476,0.810649,0.956351,0.655458,0.666667,0.653490,0.220490,0.763780
2127,0.302256,0.800607,0.765389,0.465824,0.447720,0.810649,0.957883,0.654979,0.666667,0.650126,0.220490,0.759843
2128,0.276692,0.660931,0.765216,0.467695,0.437374,0.810649,0.956160,0.653267,0.666667,0.649285,0.220490,0.763780
2129,0.276692,0.667004,0.765017,0.462941,0.408640,0.810649,0.956255,0.659225,0.666667,0.649285,0.220490,0.763780
2130,0.311278,0.711538,0.764520,0.460978,0.441983,0.810649,0.956418,0.657033,0.666667,0.652649,0.220490,0.763780
2131,0.224812,0.691296,0.764943,0.455151,0.397270,0.811449,0.955585,0.662170,0.666667,0.654331,0.220490,0.763780
2132,0.245113,0.817814,0.764595,0.454813,0.394274,0.814652,0.957739,0.653746,0.666667,0.655172,0.220490,0.763780
2133,0.263158,0.796559,0.764719,0.462328,0.462240,0.810649,0.957873,0.646391,0.666667,0.650967,0.234131,0.763780
2134,0.274436,0.851215,0.764446,0.468569,0.453584,0.810649,0.956590,0.653335,0.666667,0.650126,0.220490,0.763780
2135,0.274436,0.802632,0.764421,0.451133,0.447233,0.810649,0.955968,0.656759,0.666667,0.655172,0.220490,0.763780
2136,0.270677,0.594130,0.764967,0.450718,0.429153,0.810649,0.956141,0.653678,0.666667,0.650126,0.220490,0.763780
2137,0.165414,0.939271,0.764943,0.459905,0.410715,0.810649,0.956064,0.648130,0.666667,0.651808,0.220490,0.763780
2138,0.180451,0.881579,0.764446,0.461975,0.455479,0.810649,0.955557,0.647514,0.666667,0.647603,0.220490,0.763780
2139,0.216541,0.683198,0.764272,0.467772,0.448616,0.810649,0.955566,0.646952,0.666667,0.647603,0.220490,0.763780
2140,0.279699,0.801619,0.764173,0.460487,0.436785,0.810649,0.956925,0.653404,0.666667,0.650967,0.220490,0.759843
2141,0.275188,0.732794,0.763676,0.452789,0.425747,0.810649,0.955968,0.656485,0.666667,0.654331,0.220490,0.760000
2142,0.264662,0.681174,0.764421,0.453172,0.427540,0.810649,0.956064,0.653609,0.666667,0.651808,0.220490,0.763780
2143,0.272932,0.820850,0.764024,0.458233,0.461395,0.810649,0.956064,0.654431,0.666667,0.651808,0.220490,0.761260
2144,0.215038,0.686235,0.764222,0.465318,0.428282,0.810649,0.956447,0.648473,0.666667,0.652649,0.220490,0.758504
2145,0.177444,0.884615,0.764371,0.474704,0.414223,0.810649,0.956160,0.643816,0.666667,0.647603,0.220490,0.761024
2146,0.287218,0.903846,0.764073,0.474980,0.440882,0.810649,0.956466,0.648267,0.666667,0.649285,0.220490,0.758898
2147,0.304511,0.703441,0.764446,0.464751,0.439115,0.810649,0.957040,0.655595,0.666667,0.649285,0.220490,0.756693
2148,0.276692,0.741903,0.764024,0.451102,0.450280,0.810649,0.956543,0.663060,0.666667,0.657696,0.233018,0.759843
2149,0.261654,0.739879,0.763974,0.446302,0.481754,0.810649,0.956160,0.659636,0.666667,0.659378,0.248330,0.763228
2150,0.204511,0.861336,0.764620,0.455841,0.456785,0.810649,0.957308,0.650801,0.666667,0.655172,0.248330,0.763780
2151,0.219549,0.634615,0.765216,0.460748,0.454224,0.810649,0.956447,0.642652,0.666667,0.648444,0.248330,0.763780
2152,0.241353,0.822874,0.765017,0.465395,0.461446,0.810649,0.956351,0.642583,0.666667,0.650126,0.248330,0.759843
2153,0.221053,0.767206,0.765315,0.463140,0.454916,0.810649,0.956322,0.646076,0.666667,0.651808,0.246102,0.763386
2154,0.291729,0.811741,0.766110,0.454660,0.432994,0.810649,0.955681,0.660937,0.666667,0.654331,0.220490,0.756457
2155,0.300000,0.714575,0.765886,0.437100,0.432841,0.805344,0.956447,0.668128,0.666667,0.661901,0.220490,0.763780
2156,0.206767,0.815789,0.766259,0.421381,0.460780,0.801441,0.955872,0.663813,0.666667,0.666106,0.220490,0.763780
2157,0.254135,0.664980,0.766730,0.443005,0.494225,0.805845,0.956418,0.650733,0.666667,0.658537,0.220490,0.763780
2158,0.185714,0.631579,0.766408,0.450442,0.462854,0.809147,0.956064,0.642104,0.666667,0.652649,0.220490,0.763780
2159,0.330827,0.763158,0.766408,0.478093,0.470153,0.805344,0.955968,0.630804,0.666667,0.647603,0.220490,0.763780
2160,0.269925,0.557692,0.766308,0.492125,0.458526,0.807646,0.956064,0.639981,0.666667,0.645921,0.220490,0.761575
2161,0.227068,0.715587,0.765812,0.463202,0.405388,0.810649,0.956064,0.652445,0.666667,0.653490,0.220490,0.755906
2162,0.212782,0.774291,0.766507,0.445842,0.439730,0.810649,0.955681,0.664430,0.666667,0.661901,0.220490,0.755906
2163,0.251880,0.854251,0.766979,0.450488,0.449743,0.810649,0.956543,0.662238,0.666667,0.656854,0.220490,0.759055
2164,0.253383,0.794534,0.767202,0.439063,0.436554,0.810649,0.956715,0.660937,0.666667,0.655172,0.220490,0.763780
2165,0.321053,0.687247,0.767848,0.447253,0.434557,0.810649,0.955853,0.652239,0.666667,0.650967,0.220490,0.763780
2166,0.290977,0.761134,0.768419,0.455611,0.425491,0.810649,0.955853,0.648432,0.666667,0.645921,0.220490,0.760945
2167,0.251128,0.621457,0.768344,0.464643,0.447745,0.810649,0.955566,0.647856,0.666667,0.649285,0.233575,0.763543
2168,0.301504,0.705466,0.768692,0.456761,0.448949,0.810348,0.956543,0.654910,0.666667,0.656013,0.221882,0.763780
2169,0.209023,0.769231,0.767972,0.446501,0.445799,0.800641,0.956543,0.663813,0.666667,0.660219,0.234967,0.763780
2170,0.318045,0.880567,0.767873,0.444032,0.453277,0.800641,0.956543,0.658951,0.666667,0.656013,0.248330,0.763780
2171,0.266917,0.768219,0.768891,0.452007,0.471510,0.806946,0.955557,0.650390,0.666667,0.654331,0.248330,0.763780
2172,0.171429,0.785425,0.768568,0.463386,0.467771,0.810649,0.956342,0.654869,0.666667,0.653490,0.243875,0.763780
2173,0.230075,0.732794,0.768270,0.464659,0.430664,0.810649,0.956179,0.660115,0.666667,0.656013,0.234410,0.763780
2174,0.238346,0.790486,0.767873,0.445934,0.449179,0.815352,0.956380,0.663950,0.666667,0.661060,0.233575,0.763780
2175,0.269173,0.690283,0.768071,0.444584,0.452841,0.816653,0.956763,0.658403,0.666667,0.655172,0.220490,0.763780
2176,0.224060,0.742915,0.768618,0.461822,0.456196,0.830665,0.956763,0.649363,0.666667,0.652649,0.220490,0.763780
2177,0.249624,0.765182,0.768940,0.457926,0.457118,0.830665,0.955968,0.657513,0.666667,0.652649,0.220490,0.763780
2178,0.289474,0.745951,0.768717,0.457374,0.445927,0.830665,0.956160,0.653198,0.666667,0.654331,0.241370,0.763780
2179,0.203759,0.900810,0.768220,0.465548,0.431970,0.816853,0.956160,0.651692,0.666667,0.650967,0.239978,0.763780
2180,0.306767,0.761134,0.767972,0.460380,0.430690,0.830464,0.953365,0.653198,0.666667,0.656854,0.229677,0.763780
2181,0.298496,0.630567,0.767699,0.461085,0.418961,0.825360,0.956045,0.652883,0.666667,0.656013,0.235245,0.763780
2182,0.256391,0.743927,0.767749,0.459767,0.450946,0.821457,0.957280,0.652993,0.666667,0.654331,0.224666,0.763780
2183,0.318045,0.712551,0.766830,0.451363,0.417399,0.823359,0.956160,0.662444,0.666667,0.656013,0.231069,0.763780
2184,0.203759,0.677126,0.767128,0.458494,0.419678,0.810649,0.955585,0.653815,0.666667,0.655172,0.248330,0.763780
2185,0.303008,0.651822,0.766706,0.460871,0.466619,0.810649,0.956160,0.652719,0.666667,0.652649,0.222717,0.763780
2186,0.294737,0.654858,0.766134,0.457758,0.436452,0.810649,0.957280,0.653746,0.666667,0.651808,0.220490,0.763780
2187,0.196992,0.708502,0.765911,0.457374,0.442009,0.810649,0.955968,0.652102,0.666667,0.651808,0.220490,0.763780
2188,0.333835,0.785425,0.766234,0.462481,0.441215,0.810649,0.955815,0.647213,0.666667,0.650126,0.220490,0.763780
2189,0.336842,0.660931,0.765514,0.471253,0.426900,0.810649,0.956543,0.651965,0.666667,0.650967,0.220490,0.763780
2190,0.179699,0.686235,0.765265,0.466545,0.410100,0.810649,0.956638,0.650870,0.666667,0.651808,0.220490,0.763780
2191,0.185714,0.753036,0.765017,0.447575,0.396015,0.810649,0.956351,0.668676,0.666667,0.658537,0.220490,0.763780
2192,0.275188,0.838057,0.765538,0.441164,0.407514,0.806145,0.956255,0.658745,0.666667,0.659378,0.220490,0.763780
2193,0.272932,0.805668,0.766035,0.444538,0.451202,0.800641,0.956236,0.651144,0.666667,0.654331,0.220490,0.763780
2194,0.220301,0.780364,0.765936,0.454200,0.455761,0.800641,0.956275,0.644569,0.666667,0.650126,0.220490,0.763780
2195,0.191729,0.840081,0.765265,0.463432,0.413557,0.800641,0.956160,0.645323,0.666667,0.647603,0.220490,0.763780
2196,0.313534,0.827935,0.764769,0.464889,0.431151,0.800641,0.956255,0.647446,0.666667,0.648444,0.220490,0.763780
2197,0.242857,0.785425,0.764570,0.462972,0.406182,0.800641,0.956543,0.649089,0.666667,0.650126,0.220490,0.758425
2198,0.284211,0.789474,0.764049,0.466131,0.406259,0.800641,0.956255,0.649637,0.666667,0.650967,0.220490,0.755906
2199,0.306015,0.729757,0.764173,0.456086,0.439832,0.800641,0.956160,0.653404,0.666667,0.645080,0.220490,0.757717
2200,0.287970,0.880567,0.764347,0.469720,0.445927,0.800641,0.956227,0.654499,0.666667,0.649285,0.220490,0.759843
2201,0.242857,0.796559,0.764098,0.461760,0.438244,0.800641,0.957069,0.655801,0.666667,0.651808,0.220490,0.757638
2202,0.233083,0.766194,0.764098,0.464413,0.455863,0.800641,0.956447,0.651541,0.666667,0.651808,0.220490,0.762283
2203,0.273684,0.805668,0.764049,0.491343,0.467899,0.800641,0.956064,0.642720,0.666667,0.650126,0.220490,0.763780
2204,0.227820,0.698381,0.763850,0.478706,0.456657,0.800641,0.956064,0.646144,0.666667,0.648444,0.220490,0.761024
2205,0.241353,0.665992,0.763428,0.464889,0.458322,0.804944,0.956303,0.648747,0.666667,0.651808,0.220490,0.759685
2206,0.293985,0.809717,0.763453,0.451317,0.427617,0.810649,0.956447,0.654020,0.666667,0.649285,0.220490,0.755906
2207,0.182707,0.722672,0.763254,0.449522,0.440780,0.810949,0.956255,0.649774,0.666667,0.645921,0.220490,0.755906
2208,0.141353,0.778340,0.763775,0.449982,0.450332,0.816453,0.956160,0.643816,0.666667,0.648444,0.220490,0.763228
2209,0.148872,0.752024,0.764148,0.457497,0.396860,0.830665,0.956131,0.641282,0.666667,0.644239,0.220490,0.760079
2210,0.151128,0.894737,0.764322,0.461592,0.458245,0.830665,0.956246,0.643610,0.666667,0.647603,0.234967,0.755906
2211,0.292481,0.628543,0.763999,0.466959,0.440831,0.830665,0.956112,0.639570,0.600000,0.645921,0.233853,0.755906
2212,0.233083,0.699393,0.764222,0.460610,0.444032,0.830665,0.956016,0.650527,0.566667,0.645921,0.234410,0.755906
2213,0.239850,0.763158,0.764322,0.446869,0.431355,0.833667,0.955585,0.654568,0.666667,0.652649,0.236637,0.755906
2214,0.278947,0.690283,0.763949,0.451501,0.440626,0.834868,0.955968,0.651883,0.666667,0.645921,0.248330,0.755906
2215,0.285714,0.665992,0.763800,0.459874,0.429512,0.840673,0.956064,0.643610,0.666667,0.645921,0.248330,0.755906
2216,0.139850,0.680162,0.763552,0.459153,0.396502,0.840673,0.956160,0.650938,0.666667,0.645921,0.248330,0.759685
2217,0.233083,0.824899,0.763453,0.452313,0.438167,0.840673,0.956255,0.652445,0.666667,0.648444,0.248330,0.759606
2218,0.264662,0.619433,0.764073,0.458754,0.431355,0.840673,0.955901,0.644638,0.666667,0.651808,0.248330,0.761181
2219,0.270677,0.580972,0.764173,0.469121,0.458219,0.840673,0.956351,0.639638,0.666667,0.646762,0.248330,0.763780
2220,0.255639,0.693320,0.764148,0.469735,0.439525,0.840673,0.954963,0.640186,0.666667,0.645921,0.248330,0.763780
2221,0.300000,0.753036,0.764098,0.458310,0.430895,0.840673,0.954800,0.651897,0.666667,0.648444,0.248330,0.759685
2222,0.226316,0.798583,0.764024,0.456577,0.445620,0.840673,0.955585,0.652513,0.666667,0.653490,0.248330,0.757717
2223,0.296241,0.681174,0.763080,0.455457,0.476401,0.847378,0.955920,0.648884,0.666667,0.650967,0.248330,0.759843
2224,0.303759,0.599190,0.762931,0.460825,0.443929,0.850681,0.957088,0.650596,0.666667,0.648444,0.248330,0.762362
2225,0.297744,0.700405,0.763577,0.468155,0.439525,0.850681,0.956543,0.643405,0.666667,0.645080,0.248330,0.763780
2226,0.289474,0.807692,0.763105,0.466361,0.455428,0.850681,0.954820,0.651555,0.666667,0.654331,0.248330,0.763780
2227,0.293985,0.785425,0.762931,0.464321,0.487336,0.850681,0.954628,0.650445,0.666667,0.652649,0.248330,0.763780
2228,0.248120,0.636640,0.762906,0.460917,0.495070,0.844876,0.956409,0.648267,0.666667,0.649285,0.248330,0.763780
2229,0.253383,0.747976,0.762186,0.460871,0.462470,0.850681,0.956380,0.647719,0.666667,0.649285,0.248330,0.763780
2230,0.190226,0.827935,0.762012,0.463309,0.438961,0.850681,0.956179,0.645240,0.666667,0.648444,0.247494,0.763780
2231,0.236842,0.764170,0.762012,0.462496,0.448052,0.850681,0.957289,0.646322,0.666667,0.649285,0.220490,0.763780
2232,0.239098,0.845142,0.762112,0.451869,0.459090,0.850681,0.956753,0.644912,0.666667,0.650967,0.220490,0.763780
2233,0.195489,0.695344,0.761863,0.466054,0.420523,0.849880,0.955777,0.635598,0.666667,0.645080,0.220490,0.763780
2234,0.216541,0.697368,0.760522,0.478553,0.407053,0.846477,0.955107,0.634708,0.666667,0.643398,0.220490,0.763780
2235,0.230827,0.826923,0.761615,0.464781,0.433532,0.850681,0.956160,0.647719,0.666667,0.646762,0.220490,0.759055
2236,0.273684,0.639676,0.760845,0.466100,0.447540,0.850681,0.956887,0.645090,0.666667,0.650126,0.220490,0.755906
2237,0.222556,0.876518,0.760820,0.464321,0.460063,0.850681,0.957241,0.647569,0.666667,0.650967,0.220490,0.757165
2238,0.206767,0.751012,0.759653,0.457819,0.473917,0.850681,0.956160,0.647993,0.666667,0.650967,0.220490,0.758425
2239,0.236842,0.819838,0.759926,0.459721,0.432815,0.850681,0.955585,0.650185,0.666667,0.649285,0.220490,0.755906
2240,0.284211,0.600202,0.760274,0.457804,0.470076,0.850681,0.955920,0.646555,0.666667,0.652649,0.220490,0.755906
2241,0.260150,0.630567,0.759554,0.462604,0.440703,0.850681,0.956160,0.644295,0.666667,0.649285,0.220490,0.755906
2242,0.230075,0.763158,0.759827,0.470042,0.441445,0.850681,0.956447,0.639775,0.666667,0.649285,0.220490,0.759685
2243,0.231579,0.759109,0.759380,0.472035,0.463776,0.850681,0.955920,0.637995,0.666667,0.649285,0.220490,0.755906
2244,0.312030,0.715587,0.759331,0.479228,0.426106,0.850681,0.956351,0.636296,0.666667,0.647603,0.220490,0.755906
2245,0.289474,0.633603,0.759355,0.472173,0.445440,0.850681,0.956035,0.649527,0.666667,0.648444,0.220490,0.755906
2246,0.271429,0.849190,0.759380,0.460411,0.431279,0.850681,0.956763,0.650870,0.666667,0.653490,0.220490,0.755906
2247,0.295489,0.807692,0.758983,0.465349,0.396348,0.850681,0.956543,0.644295,0.666667,0.648444,0.220490,0.755906
2248,0.327820,0.797571,0.759082,0.470670,0.446465,0.850681,0.954934,0.640131,0.666667,0.647603,0.220490,0.755906
2249,0.254135,0.830972,0.758859,0.458064,0.436426,0.850681,0.955777,0.650390,0.666667,0.648444,0.220490,0.755906
2250,0.289474,0.813765,0.759182,0.462604,0.457502,0.850681,0.956543,0.644775,0.666667,0.650967,0.220490,0.755906
2251,0.208271,0.704453,0.758710,0.462910,0.441855,0.850681,0.956093,0.641214,0.666667,0.650126,0.220490,0.755906
2252,0.205263,0.661943,0.758784,0.470916,0.457886,0.850681,0.956255,0.636762,0.666667,0.646762,0.220490,0.755906
2253,0.254887,0.672065,0.758784,0.475394,0.441215,0.845977,0.957691,0.638269,0.666667,0.645921,0.220490,0.755906
2254,0.227068,0.770243,0.758437,0.471529,0.446388,0.850681,0.956811,0.642446,0.666667,0.645921,0.220490,0.755906
2255,0.233835,0.656883,0.758387,0.461684,0.418833,0.850681,0.956322,0.650801,0.666667,0.651808,0.220490,0.755906
2256,0.309774,0.822874,0.758561,0.458846,0.419012,0.850681,0.955872,0.650733,0.666667,0.652649,0.220490,0.755906
2257,0.275188,0.827935,0.758660,0.457988,0.426951,0.845877,0.956255,0.649706,0.666667,0.652649,0.220490,0.755906
2258,0.227820,0.757085,0.758908,0.465778,0.399037,0.845376,0.956236,0.639433,0.666667,0.649285,0.220490,0.755906
2259,0.237594,0.706478,0.758288,0.474780,0.408538,0.846177,0.956016,0.639433,0.666667,0.645921,0.220490,0.755906
2260,0.251128,0.829960,0.758735,0.466775,0.449973,0.844676,0.956351,0.648678,0.666667,0.647603,0.220490,0.755906
2261,0.257143,0.777328,0.758536,0.461055,0.433148,0.845476,0.956543,0.645939,0.666667,0.651808,0.220490,0.755906
2262,0.271429,0.624494,0.758859,0.466422,0.455197,0.847378,0.956064,0.646555,0.666667,0.649285,0.220490,0.755906
2263,0.238346,0.828947,0.759033,0.467619,0.459397,0.845877,0.958677,0.642994,0.666667,0.648444,0.220490,0.755906
2264,0.284211,0.864372,0.758610,0.471222,0.464212,0.847878,0.956638,0.639419,0.666667,0.647603,0.220490,0.755906
2265,0.278947,0.545547,0.758561,0.474029,0.465518,0.840673,0.957050,0.639707,0.666667,0.647603,0.220490,0.755906
2266,0.262406,0.809717,0.758635,0.468339,0.426771,0.840673,0.956562,0.645186,0.666667,0.647603,0.220490,0.755906
2267,0.268421,0.725709,0.758288,0.470287,0.483930,0.840673,0.956409,0.642980,0.666667,0.650126,0.220490,0.755906
2268,0.242857,0.525304,0.758163,0.460150,0.446593,0.840673,0.956638,0.650596,0.666667,0.652649,0.220490,0.755906
2269,0.243609,0.846154,0.757915,0.452697,0.446081,0.840673,0.956284,0.651212,0.666667,0.652649,0.246381,0.755906
2270,0.257143,0.707490,0.758114,0.455641,0.429179,0.840673,0.956428,0.643090,0.666667,0.653490,0.248330,0.755906
2271,0.231579,0.830972,0.754761,0.466606,0.445620,0.840673,0.956437,0.637652,0.666667,0.647603,0.221882,0.755906
2272,0.307519,0.746964,0.758039,0.464812,0.445005,0.840673,0.956476,0.639501,0.666667,0.646762,0.220490,0.755906
2273,0.261654,0.710526,0.758362,0.473017,0.474430,0.840673,0.955844,0.639364,0.666667,0.650967,0.234967,0.755906
2274,0.235338,0.774291,0.758188,0.458034,0.480115,0.840673,0.956045,0.634913,0.666667,0.651808,0.220490,0.755906
2275,0.276692,0.761134,0.758387,0.476099,0.454019,0.840673,0.956543,0.631900,0.666667,0.646762,0.220490,0.755906
2276,0.245865,0.764170,0.758536,0.482985,0.471126,0.840673,0.956160,0.638680,0.666667,0.647603,0.220490,0.755906
2277,0.277444,0.725709,0.758163,0.478553,0.460882,0.840673,0.955968,0.644843,0.666667,0.650967,0.220490,0.755906
2278,0.283459,0.634615,0.757915,0.462788,0.447668,0.840673,0.955394,0.649432,0.666667,0.654331,0.224666,0.755906
2279,0.212030,0.799595,0.757394,0.464659,0.417450,0.840673,0.955949,0.646281,0.666667,0.653490,0.243318,0.755906
2280,0.234586,0.673077,0.757468,0.460027,0.439422,0.840673,0.956208,0.649637,0.666667,0.654331,0.233853,0.755906
2281,0.307519,0.726721,0.757741,0.459997,0.440626,0.840673,0.955892,0.643473,0.666667,0.650126,0.220490,0.755906
2282,0.300752,0.815789,0.758536,0.471913,0.491844,0.840673,0.956064,0.635187,0.666667,0.650967,0.220490,0.755906
2283,0.254887,0.768219,0.757592,0.489196,0.442905,0.840673,0.956160,0.638954,0.666667,0.648444,0.241927,0.755906
2284,0.203008,0.699393,0.758238,0.468799,0.408359,0.840673,0.956160,0.653335,0.666667,0.655172,0.240535,0.755906
2285,0.257143,0.815789,0.757965,0.474596,0.410228,0.835468,0.956313,0.650404,0.666667,0.650126,0.220490,0.755906
2286,0.203759,0.804656,0.758263,0.455657,0.483854,0.834167,0.955461,0.645870,0.666667,0.651808,0.220490,0.755906
2287,0.206767,0.609312,0.758163,0.465809,0.447720,0.837470,0.954293,0.640049,0.666667,0.651808,0.220490,0.755906
2288,0.287218,0.834008,0.757865,0.480685,0.417271,0.833467,0.956763,0.636831,0.666667,0.647603,0.220490,0.755906
2289,0.239850,0.641700,0.757617,0.471913,0.431458,0.835468,0.956428,0.642720,0.666667,0.647603,0.220490,0.755906
2290,0.283459,0.607287,0.756922,0.466974,0.439755,0.830665,0.956667,0.650322,0.666667,0.652649,0.220490,0.755906
2291,0.264662,0.575911,0.757121,0.460426,0.453686,0.830665,0.956418,0.646761,0.666667,0.654331,0.220490,0.755906
2292,0.238346,0.670040,0.756698,0.460641,0.417732,0.830665,0.957931,0.642652,0.666667,0.650126,0.220490,0.755906
2293,0.275940,0.704453,0.757096,0.464352,0.451971,0.830665,0.956590,0.640118,0.666667,0.649285,0.220490,0.755906
2294,0.220301,0.746964,0.756475,0.471176,0.455172,0.830665,0.956351,0.636283,0.666667,0.649285,0.220490,0.755906
2295,0.250376,0.767206,0.756574,0.471222,0.463443,0.830665,0.956083,0.638981,0.666667,0.647603,0.220490,0.755906
2296,0.225564,0.764170,0.756947,0.473676,0.445415,0.830665,0.956543,0.639282,0.666667,0.648444,0.220490,0.755906
2297,0.270677,0.709514,0.756922,0.468002,0.406925,0.830665,0.955968,0.641693,0.666667,0.647603,0.220490,0.755906
2298,0.260150,0.753036,0.756500,0.467266,0.434889,0.830665,0.956973,0.641981,0.666667,0.649285,0.220490,0.755906
2299,0.245113,0.659919,0.756500,0.467649,0.447335,0.830665,0.955423,0.640707,0.666667,0.652649,0.220490,0.755906
2300,0.281203,0.647773,0.756525,0.466898,0.447924,0.830665,0.957002,0.640460,0.666667,0.650967,0.220490,0.755906
2301,0.258647,0.742915,0.756649,0.469275,0.443622,0.830665,0.955681,0.641487,0.666667,0.653490,0.220490,0.755906
2302,0.226316,0.735830,0.756847,0.471299,0.429793,0.830665,0.956715,0.640364,0.666667,0.649285,0.220490,0.755906
2303,0.282707,0.716599,0.756773,0.474489,0.428052,0.827462,0.956523,0.639981,0.666667,0.650126,0.220490,0.755906
2304,0.283459,0.703441,0.756698,0.476314,0.451638,0.828963,0.956255,0.642241,0.666667,0.650967,0.220490,0.755906
2305,0.289474,0.680162,0.755904,0.471038,0.443366,0.830665,0.956447,0.648404,0.666667,0.652649,0.220490,0.755906
2306,0.257143,0.888664,0.756202,0.462711,0.478732,0.826461,0.956255,0.653335,0.666667,0.656013,0.220490,0.755906
2307,0.292481,0.797571,0.757567,0.452283,0.483905,0.830164,0.956064,0.655595,0.666667,0.656013,0.220490,0.755906
2308,0.252632,0.748988,0.757716,0.458218,0.482138,0.830665,0.956447,0.647514,0.666667,0.652649,0.220490,0.755906
2309,0.248120,0.737854,0.757592,0.465778,0.431868,0.825360,0.958074,0.641830,0.666667,0.649285,0.220490,0.755906
2310,0.275188,0.696356,0.757269,0.478584,0.448334,0.826461,0.956476,0.635036,0.666667,0.644239,0.220490,0.755906
2311,0.296241,0.801619,0.756748,0.481727,0.441753,0.830665,0.957423,0.637132,0.666667,0.646762,0.220490,0.755906
2312,0.245113,0.709514,0.757121,0.484795,0.487593,0.830665,0.956418,0.642857,0.666667,0.648444,0.233018,0.755906
2313,0.210526,0.742915,0.757046,0.467281,0.417296,0.830665,0.956342,0.651609,0.666667,0.650967,0.221604,0.755906
2314,0.257143,0.837045,0.757046,0.459353,0.449948,0.830665,0.956255,0.650938,0.666667,0.656013,0.246938,0.755906
2315,0.247368,0.697368,0.756425,0.456040,0.445594,0.830665,0.956064,0.651075,0.666667,0.650967,0.220490,0.755906
2316,0.232331,0.716599,0.757791,0.457236,0.423186,0.830665,0.956543,0.643405,0.666667,0.650967,0.222717,0.755906
2317,0.262406,0.626518,0.757418,0.466346,0.416246,0.830665,0.956160,0.636146,0.666667,0.648444,0.248330,0.755906
2318,0.269925,0.689271,0.757096,0.478200,0.486389,0.830665,0.956677,0.631776,0.666667,0.644239,0.243597,0.755906
2319,0.260902,0.521255,0.757121,0.478798,0.445210,0.834868,0.956782,0.633817,0.666667,0.648444,0.234410,0.755906
2320,0.147368,0.726721,0.756847,0.469121,0.438961,0.831365,0.955968,0.646144,0.666667,0.649285,0.239978,0.755906
2321,0.254135,0.738866,0.757269,0.460794,0.433225,0.840172,0.956255,0.650253,0.666667,0.650967,0.248330,0.755906
2322,0.326316,0.584008,0.758163,0.462650,0.413993,0.830665,0.956236,0.646829,0.666667,0.655172,0.248330,0.755906
2323,0.233835,0.600202,0.757766,0.465318,0.435274,0.830665,0.957050,0.640597,0.666667,0.650126,0.248330,0.755906
2324,0.265414,0.569838,0.757990,0.464444,0.457477,0.830665,0.956667,0.639118,0.666667,0.652649,0.248330,0.755906
2325,0.224812,0.831984,0.758586,0.474474,0.416938,0.836970,0.956160,0.633954,0.666667,0.648444,0.248330,0.755906
2326,0.212782,0.663968,0.758387,0.480761,0.474481,0.838871,0.956495,0.634502,0.666667,0.646762,0.224109,0.755906
2327,0.299248,0.748988,0.758685,0.470425,0.437783,0.830665,0.956878,0.643816,0.666667,0.652649,0.220490,0.755906
2328,0.221805,0.729757,0.759107,0.464352,0.394376,0.838171,0.956734,0.646692,0.666667,0.656854,0.220490,0.755906
2329,0.257895,0.551619,0.759331,0.458448,0.393839,0.835869,0.955968,0.647309,0.666667,0.654331,0.220490,0.755906
2330,0.266165,0.687247,0.759355,0.459506,0.404338,0.840673,0.955566,0.641145,0.666667,0.651808,0.220490,0.755906
2331,0.230827,0.681174,0.759355,0.457758,0.429563,0.840673,0.955346,0.645802,0.666667,0.649285,0.220490,0.755906
2332,0.284962,0.714575,0.758412,0.462680,0.446490,0.840673,0.956638,0.639433,0.666667,0.648444,0.220490,0.755906
2333,0.227068,0.778340,0.760075,0.470977,0.405951,0.840673,0.956705,0.637995,0.666667,0.647603,0.224109,0.755906
2334,0.256391,0.738866,0.760001,0.469489,0.413480,0.840673,0.956543,0.632530,0.666667,0.649285,0.230512,0.755906
2335,0.268421,0.558704,0.760100,0.479335,0.472560,0.840673,0.956198,0.635612,0.666667,0.647603,0.236637,0.755906
2336,0.251128,0.622470,0.760274,0.476835,0.477349,0.840673,0.956514,0.643884,0.666667,0.648444,0.226615,0.755906
2337,0.230827,0.870445,0.759976,0.463953,0.477477,0.840673,0.955949,0.647993,0.666667,0.655172,0.248330,0.755906
2338,0.281955,0.683198,0.759728,0.466422,0.477605,0.840673,0.956447,0.649842,0.666667,0.653490,0.228007,0.755906
2339,0.232331,0.790486,0.759728,0.461070,0.451638,0.840673,0.956208,0.647993,0.666667,0.651808,0.228007,0.755906
2340,0.278947,0.692308,0.759256,0.463601,0.503060,0.840673,0.955825,0.639775,0.666667,0.650126,0.226615,0.755906
2341,0.232331,0.652834,0.759529,0.466039,0.444237,0.840673,0.954389,0.643337,0.666667,0.649285,0.243318,0.755906
2342,0.287970,0.838057,0.759256,0.464490,0.486927,0.840673,0.955968,0.642241,0.666667,0.648444,0.248330,0.755906
2343,0.194737,0.591093,0.759281,0.466376,0.474660,0.840673,0.956734,0.636694,0.666667,0.650126,0.248330,0.755906
2344,0.269925,0.692308,0.759256,0.469029,0.461958,0.840673,0.956227,0.637789,0.666667,0.648444,0.248330,0.755906
2345,0.284962,0.681174,0.759182,0.465947,0.459448,0.840673,0.955968,0.642309,0.666667,0.646762,0.248330,0.755906
2346,0.242105,0.599190,0.759355,0.464781,0.470716,0.840673,0.956992,0.641446,0.666667,0.645921,0.248330,0.755906
2347,0.242857,0.732794,0.759206,0.457528,0.499014,0.840673,0.955566,0.648760,0.666667,0.650967,0.248330,0.755906
2348,0.299248,0.543522,0.759728,0.454537,0.525442,0.840673,0.956849,0.647856,0.666667,0.651808,0.234410,0.755906
2349,0.270677,0.720648,0.759926,0.458754,0.500755,0.840673,0.956973,0.641282,0.666667,0.650126,0.247773,0.755906
2350,0.239850,0.774291,0.759976,0.470916,0.512407,0.840673,0.955011,0.637447,0.666667,0.649285,0.220490,0.755906
2351,0.271429,0.717611,0.759877,0.471498,0.515224,0.840673,0.956897,0.639775,0.666667,0.649285,0.234131,0.755906
2352,0.306015,0.802632,0.760299,0.473876,0.543241,0.840673,0.958361,0.640940,0.666667,0.647603,0.220490,0.755906
2353,0.235338,0.787449,0.760423,0.461745,0.517145,0.840673,0.955614,0.651623,0.666667,0.650967,0.220490,0.755906
2354,0.257895,0.675101,0.760771,0.456454,0.510410,0.840673,0.956284,0.646692,0.666667,0.653490,0.220490,0.755906
2355,0.264662,0.795547,0.760423,0.462174,0.564112,0.840673,0.956543,0.643679,0.666667,0.647603,0.220490,0.755906
2356,0.283459,0.731781,0.760398,0.460533,0.514123,0.840673,0.956418,0.645939,0.666667,0.650126,0.220490,0.755906
2357,0.267669,0.682186,0.760721,0.457758,0.516146,0.836469,0.957998,0.645596,0.666667,0.650967,0.220490,0.755906
2358,0.278947,0.874494,0.760572,0.459184,0.515839,0.830665,0.955585,0.644638,0.666667,0.650126,0.220490,0.755906
2359,0.261654,0.963563,0.760423,0.460993,0.469641,0.830665,0.956160,0.643063,0.666667,0.645921,0.220490,0.755906
2360,0.286466,0.723684,0.761094,0.465119,0.462573,0.830665,0.956447,0.638954,0.666667,0.644239,0.220490,0.755906
2361,0.275940,0.736842,0.761218,0.460595,0.476760,0.830665,0.955537,0.637447,0.666667,0.641716,0.220490,0.755906
2362,0.274436,0.668016,0.760696,0.473247,0.516633,0.830665,0.955872,0.632379,0.666667,0.642557,0.220490,0.755906
2363,0.262406,0.745951,0.761044,0.475394,0.497503,0.830665,0.956447,0.639912,0.666667,0.644239,0.220490,0.755906
2364,0.244361,0.765182,0.761267,0.466545,0.461011,0.830665,0.956849,0.644980,0.666667,0.646762,0.220490,0.755906
2365,0.245113,0.788462,0.761143,0.462711,0.450332,0.830665,0.956016,0.642241,0.666667,0.650126,0.220490,0.755906
2366,0.251880,0.733806,0.760920,0.461714,0.464596,0.830665,0.956638,0.646829,0.666667,0.650126,0.220490,0.755906
2367,0.253383,0.834008,0.761640,0.467665,0.477707,0.830665,0.957184,0.641898,0.666667,0.645080,0.220490,0.755906
2368,0.230075,0.772267,0.761565,0.469919,0.513278,0.830665,0.955892,0.640255,0.666667,0.646762,0.220490,0.755906
2369,0.279699,0.751012,0.761913,0.471805,0.467438,0.826962,0.955968,0.639433,0.666667,0.647603,0.220490,0.755906
2370,0.203759,0.878543,0.761714,0.474688,0.452483,0.820857,0.956361,0.641446,0.666667,0.645921,0.220490,0.755906
2371,0.282707,0.698381,0.762062,0.467158,0.453968,0.824660,0.956141,0.642926,0.666667,0.650126,0.220490,0.755906
2372,0.239098,0.820850,0.761342,0.461484,0.431023,0.810949,0.956093,0.649089,0.666667,0.649285,0.220490,0.755906
2373,0.257895,0.834008,0.761565,0.457236,0.437322,0.810649,0.956284,0.649021,0.666667,0.651808,0.220490,0.755906
2374,0.243609,0.910931,0.762062,0.459843,0.442418,0.811649,0.956447,0.647103,0.666667,0.652649,0.220490,0.755906
2375,0.294737,0.805668,0.761789,0.463677,0.424825,0.814452,0.956351,0.637173,0.666667,0.647603,0.220490,0.755906
2376,0.258647,0.845142,0.761814,0.472342,0.469205,0.810649,0.956160,0.635324,0.666667,0.645921,0.220490,0.755906
2377,0.284962,0.802632,0.762087,0.472495,0.467080,0.810649,0.956351,0.636926,0.666667,0.648444,0.220490,0.755906
2378,0.283459,0.857287,0.761938,0.470440,0.497503,0.813351,0.956523,0.641556,0.666667,0.646762,0.220490,0.755906
2379,0.274436,0.836032,0.762112,0.464352,0.445671,0.815853,0.957375,0.645665,0.666667,0.650967,0.220490,0.755906
2380,0.300752,0.769231,0.762459,0.457681,0.466644,0.824159,0.956208,0.651692,0.666667,0.650126,0.220490,0.755906
2381,0.269925,0.753036,0.762658,0.449875,0.451996,0.817154,0.955968,0.652102,0.666667,0.654331,0.220490,0.755906
2382,0.254887,0.744939,0.762360,0.455243,0.452585,0.825360,0.955968,0.641898,0.666667,0.650126,0.220490,0.755906
2383,0.239098,0.914980,0.762857,0.471652,0.471485,0.811149,0.956351,0.633201,0.666667,0.647603,0.230791,0.755906
2384,0.219549,0.714575,0.762708,0.478553,0.522241,0.820456,0.956294,0.630886,0.666667,0.644239,0.248330,0.755906
2385,0.263910,0.860324,0.763428,0.472863,0.487669,0.830665,0.955777,0.648404,0.666667,0.645921,0.222439,0.755906
2386,0.224060,0.632591,0.763006,0.472572,0.485211,0.830665,0.956447,0.647021,0.666667,0.653490,0.220490,0.755906
2387,0.234586,0.614372,0.762757,0.483936,0.520423,0.827962,0.956571,0.644227,0.666667,0.648444,0.220490,0.755906
2388,0.257143,0.680162,0.762261,0.510083,0.514840,0.818855,0.956255,0.629229,0.666667,0.650126,0.234410,0.755906
2389,0.234586,0.885628,0.761938,0.493735,0.474891,0.821657,0.956035,0.649021,0.666667,0.652649,0.248330,0.755906
2390,0.247368,0.940283,0.761416,0.461024,0.410612,0.820456,0.956447,0.659156,0.666667,0.658537,0.248330,0.755906
2391,0.252632,0.723684,0.761044,0.449093,0.464288,0.830665,0.956160,0.657992,0.666667,0.660219,0.248330,0.755906
2392,0.265414,0.767206,0.761342,0.441241,0.456094,0.830665,0.956160,0.651623,0.666667,0.655172,0.248330,0.755906
2393,0.246617,0.727733,0.761367,0.442468,0.442495,0.830665,0.956035,0.647788,0.666667,0.650967,0.248330,0.756850
2394,0.309774,0.576923,0.761640,0.464352,0.406156,0.830665,0.956035,0.635187,0.666667,0.645921,0.248330,0.758819
2395,0.306767,0.870445,0.761491,0.476099,0.443929,0.830665,0.956830,0.634365,0.666667,0.650126,0.248330,0.759606
2396,0.236842,0.688259,0.762137,0.471452,0.461625,0.830665,0.956064,0.642789,0.666667,0.650967,0.248330,0.755906
2397,0.226316,0.765182,0.761416,0.481160,0.466491,0.835468,0.956160,0.633817,0.666667,0.648444,0.248330,0.755906
2398,0.244361,0.884615,0.761168,0.466346,0.482343,0.831665,0.956610,0.643405,0.666667,0.646762,0.248330,0.755906
2399,0.306767,0.874494,0.761143,0.456469,0.460345,0.840673,0.957280,0.651555,0.666667,0.653490,0.234410,0.755906
2400,0.231579,0.887652,0.761516,0.451286,0.428026,0.840673,0.956016,0.646761,0.666667,0.655172,0.248330,0.755906
2401,0.248120,0.938259,0.761392,0.451547,0.429384,0.840673,0.955585,0.642857,0.666667,0.651808,0.248330,0.758268
2402,0.239850,0.879555,0.762062,0.459828,0.426490,0.840673,0.956188,0.639364,0.666667,0.647603,0.248330,0.757244
2403,0.263158,0.730769,0.761317,0.471575,0.435069,0.840673,0.955461,0.630188,0.666667,0.645080,0.248330,0.755906
2404,0.212030,0.841093,0.761267,0.482602,0.435299,0.840673,0.955968,0.631489,0.666667,0.645080,0.248330,0.755906
2405,0.225564,0.769231,0.761317,0.482448,0.413839,0.844175,0.956447,0.635187,0.666667,0.646762,0.236359,0.755906
2406,0.216541,0.825911,0.761193,0.475348,0.431663,0.850681,0.956447,0.639995,0.666667,0.650126,0.220490,0.755906
2407,0.252632,0.782389,0.761292,0.466269,0.438424,0.850681,0.955853,0.646144,0.666667,0.650126,0.247494,0.755906
2408,0.247368,0.815789,0.760945,0.466668,0.485032,0.850681,0.956064,0.644295,0.666667,0.653490,0.248330,0.755906
2409,0.242105,0.757085,0.760721,0.467143,0.444493,0.850681,0.956389,0.640282,0.666667,0.650967,0.248330,0.755906
2410,0.228571,0.750000,0.760671,0.466560,0.418269,0.850681,0.956543,0.640049,0.666667,0.651808,0.248330,0.755906
2411,0.269173,0.847166,0.760820,0.466913,0.472714,0.850681,0.955892,0.639145,0.666667,0.647603,0.248330,0.755906
2412,0.295489,0.696356,0.760820,0.475470,0.448078,0.850681,0.956514,0.636831,0.666667,0.648444,0.248330,0.755906
2413,0.199248,0.727733,0.760324,0.476697,0.456478,0.850681,0.954628,0.635529,0.666667,0.644239,0.244989,0.755906
2414,0.228571,0.668016,0.760299,0.483031,0.457784,0.850681,0.956801,0.649089,0.666667,0.649285,0.220490,0.755906
2415,0.254887,0.694332,0.760349,0.454077,0.496197,0.850681,0.954800,0.671072,0.666667,0.660219,0.220490,0.755906
2416,0.242857,0.744939,0.759951,0.421320,0.484468,0.850681,0.955652,0.663663,0.666667,0.664424,0.220490,0.757480
2417,0.267669,0.657895,0.760696,0.442851,0.460985,0.853983,0.956351,0.642172,0.666667,0.652649,0.220490,0.763780
2418,0.272932,0.799595,0.760994,0.468692,0.432508,0.852182,0.956255,0.629571,0.666667,0.649285,0.220490,0.763780
2419,0.244361,0.703441,0.760547,0.478691,0.475121,0.850681,0.956428,0.632653,0.666667,0.648444,0.220490,0.762520
2420,0.235338,0.821862,0.760969,0.475026,0.483469,0.850681,0.955442,0.637762,0.666667,0.647603,0.220490,0.755906
2421,0.236842,0.820850,0.760373,0.466928,0.447463,0.855484,0.956064,0.647651,0.666667,0.654331,0.220490,0.755906
2422,0.278947,0.696356,0.760175,0.462834,0.441138,0.855484,0.956638,0.646555,0.666667,0.653490,0.220490,0.755906
2423,0.235338,0.778340,0.759877,0.465610,0.449435,0.850681,0.956054,0.647939,0.666667,0.649285,0.220490,0.755906
2424,0.266165,0.801619,0.759604,0.470333,0.424697,0.854884,0.956543,0.640734,0.666667,0.648444,0.220490,0.755906
2425,0.263158,0.723684,0.758983,0.473369,0.478322,0.850681,0.956447,0.639091,0.666667,0.648444,0.220490,0.755906
2426,0.266165,0.714575,0.758983,0.470916,0.466312,0.855685,0.955758,0.645049,0.666667,0.649285,0.220490,0.755906
2427,0.281203,0.854251,0.758884,0.466315,0.482650,0.853082,0.955289,0.649117,0.666667,0.653490,0.220490,0.755906
2428,0.216541,0.767206,0.758660,0.461990,0.420164,0.857986,0.956255,0.653130,0.666667,0.655172,0.220490,0.755906
2429,0.207519,0.901822,0.758660,0.461684,0.466875,0.850681,0.957107,0.643008,0.666667,0.650967,0.220490,0.755906
2430,0.289474,0.614372,0.758188,0.464229,0.492048,0.850681,0.957193,0.639433,0.666667,0.649285,0.220490,0.755906
2431,0.270677,0.814777,0.757642,0.471943,0.484135,0.855584,0.956275,0.637789,0.666667,0.648444,0.220490,0.755906
2432,0.232331,0.786437,0.757915,0.475363,0.428769,0.855685,0.956782,0.637858,0.666667,0.646762,0.220490,0.755906
2433,0.225564,0.759109,0.757394,0.471713,0.463008,0.855584,0.957528,0.643542,0.666667,0.647603,0.220490,0.755906
2434,0.258647,0.762146,0.757543,0.463278,0.468283,0.855584,0.954810,0.651267,0.666667,0.653490,0.220490,0.755906
2435,0.230075,0.822874,0.757394,0.456086,0.439499,0.860388,0.956255,0.650596,0.666667,0.653490,0.220490,0.755906
2436,0.221053,0.671053,0.757344,0.450734,0.452073,0.856085,0.957126,0.650637,0.666667,0.651808,0.220490,0.755906
2437,0.221053,0.762146,0.757294,0.450013,0.449077,0.854684,0.956667,0.647103,0.666667,0.652649,0.220490,0.755906
2438,0.260902,0.674089,0.757369,0.457850,0.409895,0.850681,0.956906,0.639022,0.666667,0.645921,0.220490,0.755906
2439,0.251128,0.798583,0.757021,0.472143,0.457451,0.850681,0.955825,0.633105,0.666667,0.645921,0.233853,0.755906
2440,0.244361,0.815789,0.757344,0.472189,0.452252,0.857686,0.955892,0.641624,0.666667,0.645921,0.220490,0.755906
2441,0.287218,0.836032,0.756872,0.475056,0.441753,0.853383,0.956255,0.642857,0.666667,0.647603,0.220490,0.755906
2442,0.279699,0.714575,0.757269,0.474397,0.458885,0.853683,0.955968,0.642994,0.666667,0.646762,0.220490,0.755906
2443,0.231579,0.674089,0.757269,0.475409,0.438014,0.852482,0.956255,0.644980,0.666667,0.648444,0.220490,0.755906
2444,0.269925,0.801619,0.757071,0.462558,0.449768,0.855484,0.956351,0.652034,0.666667,0.652649,0.220490,0.755906
2445,0.223308,0.685223,0.757021,0.451056,0.454147,0.850681,0.957165,0.653335,0.666667,0.654331,0.220490,0.755906
2446,0.221053,0.778340,0.756525,0.455795,0.455889,0.850681,0.956188,0.641515,0.666667,0.647603,0.220490,0.755906
2447,0.240602,0.691296,0.756301,0.463478,0.460806,0.850881,0.956255,0.639364,0.666667,0.647603,0.220490,0.755906
2448,0.210526,0.685223,0.756326,0.468876,0.454557,0.855084,0.956141,0.636611,0.666667,0.645080,0.220490,0.755906
2449,0.312782,0.718623,0.756276,0.479120,0.462906,0.850681,0.955805,0.635118,0.666667,0.642557,0.220490,0.755906
2450,0.275940,0.738866,0.755879,0.480991,0.439832,0.850681,0.955853,0.635529,0.666667,0.640875,0.220490,0.755906
2451,0.252632,0.767206,0.755730,0.477157,0.399370,0.852882,0.955911,0.639912,0.666667,0.640875,0.220490,0.755906
2452,0.252632,0.873482,0.755680,0.466177,0.434685,0.853383,0.955949,0.645090,0.666667,0.645080,0.220490,0.755906
2453,0.245113,0.797571,0.755606,0.464168,0.424339,0.850681,0.956284,0.644775,0.666667,0.650126,0.220490,0.755906
2454,0.272932,0.913968,0.755755,0.457911,0.430203,0.850681,0.956160,0.636488,0.666667,0.648444,0.220490,0.755906
2455,0.258647,0.822874,0.756003,0.479810,0.459218,0.850681,0.955729,0.631146,0.666667,0.642557,0.220490,0.755906
2456,0.245865,0.858300,0.755283,0.479611,0.443059,0.850681,0.955470,0.640063,0.666667,0.642557,0.220490,0.755906
2457,0.227820,0.779352,0.755308,0.480194,0.489590,0.850681,0.954083,0.641556,0.666667,0.645921,0.220490,0.755906
2458,0.273684,0.556680,0.755184,0.468416,0.454301,0.850681,0.956064,0.647583,0.666667,0.647603,0.220490,0.755906
2459,0.266917,0.721660,0.755407,0.463831,0.459986,0.850681,0.956954,0.648610,0.666667,0.648444,0.227450,0.755906
2460,0.272932,0.674089,0.754960,0.462205,0.472970,0.850681,0.956992,0.643953,0.666667,0.647603,0.226893,0.755906
2461,0.203008,0.586032,0.754836,0.467818,0.441548,0.850681,0.956638,0.638200,0.666667,0.647603,0.228842,0.755906
2462,0.271429,0.747976,0.754687,0.473876,0.474762,0.850681,0.956255,0.637926,0.666667,0.643398,0.248330,0.755906
2463,0.235338,0.767206,0.755084,0.472327,0.481370,0.850681,0.957021,0.641693,0.666667,0.645921,0.225501,0.755906
2464,0.267669,0.914980,0.754662,0.473599,0.452457,0.850681,0.955968,0.641898,0.666667,0.645921,0.220490,0.755906
2465,0.270677,0.619433,0.754637,0.466545,0.455095,0.850681,0.956351,0.647240,0.666667,0.640875,0.220490,0.755906
2466,0.270677,0.837045,0.754290,0.466085,0.491255,0.850681,0.956255,0.645323,0.666667,0.644239,0.220490,0.755906
2467,0.259398,0.683198,0.754488,0.465119,0.499705,0.850681,0.956351,0.645254,0.666667,0.645080,0.220490,0.755906
2468,0.260150,0.774291,0.753868,0.460825,0.467720,0.850681,0.956284,0.646966,0.666667,0.647603,0.234410,0.755906
2469,0.234586,0.971660,0.754240,0.465978,0.461139,0.850681,0.955327,0.639228,0.666667,0.647603,0.233853,0.755906
2470,0.261654,0.529352,0.753768,0.472020,0.482163,0.850681,0.956064,0.637036,0.666667,0.645080,0.220490,0.755906
2471,0.286466,0.459514,0.753917,0.476590,0.495275,0.850681,0.955040,0.637789,0.666667,0.645080,0.220490,0.755906
2472,0.237594,0.770243,0.753371,0.477234,0.456555,0.850681,0.956064,0.639433,0.666667,0.644239,0.220490,0.755906
2473,0.249624,0.637652,0.753570,0.469183,0.447694,0.850681,0.955968,0.645049,0.666667,0.645921,0.220490,0.755906
2474,0.286466,0.830972,0.753570,0.462910,0.496863,0.850681,0.956447,0.650185,0.666667,0.645921,0.220490,0.755906
2475,0.232331,0.735830,0.753594,0.459230,0.473354,0.850681,0.957404,0.647514,0.666667,0.646762,0.220490,0.755906
2476,0.252632,0.688259,0.753172,0.451255,0.492535,0.850681,0.955968,0.647035,0.666667,0.647603,0.220490,0.755906
2477,0.260150,0.810729,0.752750,0.459537,0.479116,0.850681,0.956351,0.633543,0.666667,0.644239,0.220490,0.755906
2478,0.291729,0.913968,0.752998,0.482295,0.446900,0.850681,0.956064,0.627476,0.666667,0.642557,0.220490,0.755906
2479,0.251880,0.890688,0.752800,0.489503,0.463367,0.850681,0.956208,0.633612,0.666667,0.645921,0.220490,0.755906
2480,0.267669,0.777328,0.752452,0.473185,0.541653,0.850681,0.956083,0.643884,0.666667,0.646762,0.220490,0.755906
2481,0.248872,0.825911,0.752005,0.463401,0.495173,0.850681,0.954705,0.651404,0.666667,0.651808,0.220490,0.755906
2482,0.275188,0.785425,0.752179,0.458003,0.516556,0.850681,0.956543,0.651965,0.666667,0.649285,0.220490,0.755906
2483,0.321805,0.792510,0.751409,0.454644,0.470844,0.850681,0.955940,0.648939,0.666667,0.648444,0.220490,0.755906
2484,0.291729,0.851215,0.751310,0.458647,0.468437,0.850681,0.956284,0.641898,0.666667,0.646762,0.220490,0.755906
2485,0.284211,0.849190,0.750714,0.464398,0.477861,0.850681,0.957146,0.641556,0.666667,0.646762,0.220490,0.755906
2486,0.264662,0.610324,0.750416,0.473247,0.455172,0.850681,0.956543,0.633817,0.666667,0.645921,0.220490,0.755906
2487,0.289474,0.718623,0.749919,0.477709,0.458296,0.850681,0.956188,0.638543,0.666667,0.643398,0.220490,0.755906
2488,0.224060,0.676113,0.749522,0.473952,0.493918,0.850681,0.955968,0.645665,0.666667,0.643398,0.220490,0.755906
2489,0.281203,0.815789,0.749721,0.466254,0.489129,0.851481,0.956543,0.649911,0.666667,0.644239,0.220490,0.755906
2490,0.288722,0.604251,0.749100,0.468585,0.474378,0.852882,0.955844,0.643679,0.666667,0.646762,0.220490,0.755906
2491,0.281955,0.761134,0.749199,0.466652,0.480755,0.850681,0.956638,0.645391,0.666667,0.645921,0.220490,0.755906
2492,0.245113,0.806680,0.749299,0.464275,0.461676,0.850681,0.956255,0.647377,0.666667,0.644239,0.220490,0.755906
2493,0.278195,0.811741,0.748852,0.466162,0.482317,0.850681,0.957404,0.644364,0.666667,0.645921,0.220490,0.755906
2494,0.283459,0.765182,0.748777,0.467588,0.480806,0.850681,0.956428,0.641008,0.666667,0.643398,0.220490,0.755906
2495,0.273684,0.897773,0.748603,0.474949,0.488617,0.850681,0.955777,0.638200,0.666667,0.643398,0.220490,0.755906
2496,0.277444,0.710526,0.748554,0.475746,0.437502,0.860388,0.956160,0.640118,0.666667,0.647603,0.220490,0.755906
2497,0.251880,0.747976,0.748852,0.471345,0.514994,0.850681,0.956179,0.646692,0.666667,0.648444,0.220490,0.755906
2498,0.333083,0.650810,0.748802,0.474351,0.477810,0.871697,0.955317,0.643665,0.666667,0.650967,0.220490,0.755906
2499,0.180451,0.668016,0.748131,0.474320,0.450639,0.868995,0.956543,0.641419,0.666667,0.648444,0.220490,0.755906
2500,0.254887,0.854251,0.748280,0.474642,0.491536,0.852482,0.956342,0.642131,0.666667,0.649285,0.220490,0.755906
2501,0.245865,0.780364,0.748082,0.473293,0.484315,0.853683,0.955394,0.641556,0.666667,0.647603,0.220490,0.755906
2502,0.227068,0.898785,0.747784,0.465702,0.517376,0.858187,0.956351,0.647035,0.666667,0.646762,0.228007,0.755906
2503,0.278195,0.931174,0.748082,0.461131,0.524853,0.857686,0.956992,0.647377,0.666667,0.650126,0.226893,0.755906
2504,0.242857,0.876518,0.747883,0.460411,0.503419,0.853983,0.956179,0.644638,0.666667,0.649285,0.220490,0.755906
2505,0.302256,0.573887,0.748057,0.462282,0.530334,0.852182,0.956160,0.638748,0.666667,0.645921,0.220490,0.755906
2506,0.266165,0.706478,0.747535,0.460886,0.455197,0.855584,0.954992,0.639296,0.666667,0.646762,0.220490,0.755906
2507,0.257895,0.682186,0.747883,0.464919,0.455914,0.850681,0.955423,0.635105,0.666667,0.643398,0.220490,0.755906
2508,0.242857,0.797571,0.747684,0.469183,0.583011,0.850681,0.954025,0.634365,0.666667,0.642557,0.220490,0.755906
2509,0.287970,0.718623,0.747535,0.465410,0.564854,0.850681,0.956246,0.639008,0.666667,0.642557,0.245546,0.755906
2510,0.225564,0.773279,0.747461,0.464275,0.539220,0.850681,0.956160,0.638817,0.666667,0.644239,0.222439,0.755906
2511,0.255639,0.762146,0.747560,0.465625,0.500064,0.852382,0.956734,0.635187,0.666667,0.645080,0.220490,0.755906
2512,0.236842,0.733806,0.747312,0.475716,0.538733,0.855885,0.955796,0.628955,0.666667,0.640875,0.220490,0.755906
2513,0.288722,0.718623,0.747287,0.478354,0.584932,0.853383,0.957710,0.633680,0.666667,0.642557,0.220490,0.755906
2514,0.269925,0.533401,0.747610,0.475317,0.607493,0.850681,0.956466,0.633543,0.666667,0.645080,0.220490,0.755906
2515,0.233835,0.790486,0.746865,0.467572,0.641399,0.850681,0.956447,0.641350,0.666667,0.648444,0.220490,0.755906
2516,0.232331,0.724696,0.747014,0.454966,0.631719,0.850681,0.956188,0.644569,0.666667,0.650126,0.220490,0.755906
2517,0.265414,0.645749,0.747237,0.445274,0.653563,0.850681,0.956571,0.642309,0.666667,0.650967,0.220490,0.755906
2518,0.237594,0.686235,0.747312,0.444768,0.668186,0.854984,0.955585,0.635872,0.666667,0.647603,0.220490,0.755906
2519,0.200752,0.687247,0.747784,0.462788,0.670465,0.851181,0.955940,0.622312,0.666667,0.643398,0.234410,0.755906
2520,0.218045,0.790486,0.748206,0.472219,0.756562,0.850681,0.955700,0.619915,0.666667,0.643398,0.220490,0.755906
2521,0.248872,0.750000,0.748355,0.469428,0.703193,0.855484,0.956351,0.625736,0.666667,0.640875,0.220490,0.751969
2522,0.266917,0.628543,0.747908,0.471575,0.668237,0.850681,0.956351,0.631763,0.666667,0.643398,0.220490,0.750157
2523,0.268421,0.710526,0.748901,0.463094,0.699045,0.850681,0.956255,0.634434,0.666667,0.648444,0.220490,0.748031
2524,0.315789,0.771255,0.748703,0.454997,0.641835,0.857186,0.956734,0.638063,0.666667,0.652649,0.220490,0.748031
2525,0.279699,0.843117,0.748852,0.456316,0.678430,0.853883,0.956093,0.632722,0.666667,0.644239,0.220490,0.748031
2526,0.256391,0.754049,0.748777,0.461592,0.663064,0.851481,0.956179,0.625914,0.666667,0.640875,0.220490,0.748031
2527,0.233083,0.840081,0.748926,0.465886,0.662911,0.855885,0.956160,0.624093,0.666667,0.641716,0.220490,0.748031
2528,0.200752,0.840081,0.749199,0.467465,0.650875,0.855885,0.955968,0.622654,0.666667,0.641716,0.220490,0.748031
2529,0.242105,0.787449,0.749497,0.470548,0.678455,0.855785,0.956543,0.624901,0.666667,0.640034,0.220490,0.748031
2530,0.172180,0.697368,0.749547,0.459690,0.640503,0.854884,0.956160,0.634625,0.666667,0.639193,0.220490,0.748031
2531,0.237594,0.788462,0.750242,0.446179,0.654741,0.851481,0.956476,0.642241,0.666667,0.645080,0.220490,0.748031
2532,0.242105,0.743927,0.751161,0.443955,0.608415,0.850681,0.956351,0.633749,0.666667,0.644239,0.220490,0.748031
2533,0.245865,0.847166,0.751012,0.449492,0.577198,0.850681,0.956437,0.627955,0.666667,0.642557,0.220490,0.748031
2534,0.194737,0.771255,0.750888,0.462374,0.603652,0.850681,0.955863,0.620353,0.666667,0.640875,0.220490,0.748031
2535,0.242857,0.841093,0.751211,0.468063,0.600707,0.850681,0.955872,0.622107,0.666667,0.636669,0.220490,0.748031
2536,0.257143,0.752024,0.751484,0.469873,0.580783,0.855484,0.956399,0.625325,0.666667,0.640875,0.220490,0.748031
2537,0.242105,1.000000,0.752278,0.465272,0.579016,0.850681,0.955777,0.630736,0.666667,0.642557,0.220490,0.748031
2538,0.235338,0.850202,0.752502,0.468861,0.570514,0.856685,0.956418,0.639721,0.666667,0.644239,0.220490,0.748031
2539,0.227820,0.787449,0.752676,0.451393,0.544265,0.860689,0.957816,0.642652,0.666667,0.649285,0.220490,0.748031
2540,0.324060,0.635628,0.752700,0.451869,0.576404,0.857686,0.956093,0.637105,0.666667,0.647603,0.220490,0.748031
2541,0.284962,0.524291,0.752924,0.452175,0.607544,0.855384,0.955633,0.633749,0.666667,0.648444,0.220490,0.748031
2542,0.284962,0.836032,0.752725,0.450565,0.641374,0.850681,0.956543,0.636351,0.666667,0.645921,0.220490,0.748031
2543,0.224060,0.792510,0.753197,0.452053,0.599887,0.859488,0.955997,0.633954,0.666667,0.647603,0.220490,0.748031
2544,0.223308,0.847166,0.753396,0.461714,0.659505,0.855885,0.955968,0.628270,0.666667,0.641716,0.220490,0.750630
2545,0.254887,0.808704,0.753445,0.460334,0.610822,0.855885,0.956476,0.630051,0.666667,0.642557,0.220490,0.749449
2546,0.231579,0.795547,0.753768,0.462098,0.631233,0.855885,0.957088,0.631078,0.666667,0.642557,0.220490,0.748031
2547,0.272932,0.756073,0.753793,0.457727,0.633614,0.855985,0.955633,0.635872,0.666667,0.645921,0.220490,0.748031
2548,0.234586,0.790486,0.753644,0.455457,0.606443,0.855685,0.956255,0.633886,0.666667,0.646762,0.220490,0.748031
2549,0.235338,0.621457,0.753520,0.454353,0.629670,0.854384,0.956322,0.633543,0.666667,0.643398,0.220490,0.748031
2550,0.245865,0.763158,0.753892,0.462665,0.612692,0.857386,0.956590,0.630736,0.666667,0.644239,0.220490,0.748031
2551,0.231579,0.754049,0.753570,0.467005,0.568184,0.858487,0.956351,0.629845,0.666667,0.642557,0.220490,0.748031
2552,0.198496,0.565789,0.753892,0.473937,0.612282,0.853183,0.956093,0.622312,0.666667,0.637511,0.220490,0.748031
2553,0.254887,0.720648,0.753768,0.442621,0.552409,0.857686,0.956858,0.628202,0.666667,0.642557,0.220490,0.748031
2554,0.223308,0.787449,0.753719,0.465471,0.554969,0.850681,0.955825,0.609437,0.666667,0.638352,0.220490,0.748031
2555,0.220301,0.730769,0.754513,0.484074,0.586212,0.854283,0.956150,0.613847,0.666667,0.637511,0.220490,0.748031
2556,0.233835,0.800607,0.754836,0.490990,0.588184,0.856986,0.957012,0.621477,0.666667,0.643398,0.220490,0.748031
2557,0.244361,0.776316,0.754712,0.468677,0.556199,0.850681,0.955834,0.638789,0.666667,0.642557,0.220490,0.748031
2558,0.215038,0.699393,0.755010,0.456393,0.598172,0.850681,0.956447,0.640940,0.666667,0.645080,0.220490,0.748031
2559,0.253383,0.829960,0.756078,0.458923,0.537658,0.850681,0.956160,0.637173,0.666667,0.645921,0.220490,0.748031
2560,0.230075,0.688259,0.755829,0.463831,0.554380,0.848679,0.956447,0.632790,0.666667,0.642557,0.220490,0.748031
2561,0.213534,0.821862,0.755432,0.472787,0.538861,0.846477,0.955805,0.631900,0.666667,0.640034,0.220490,0.748031
2562,0.274436,0.637652,0.755407,0.435398,0.538810,0.850681,0.956246,0.629119,0.666667,0.642557,0.220490,0.748031
2563,0.254887,0.798583,0.756202,0.474949,0.540782,0.850681,0.956648,0.598397,0.666667,0.635828,0.220490,0.748031
2564,0.257895,0.761134,0.756773,0.496066,0.569413,0.850681,0.956878,0.593206,0.666667,0.634146,0.220490,0.748031
2565,0.281203,0.575911,0.757443,0.525020,0.588082,0.850681,0.957088,0.604917,0.666667,0.638352,0.220490,0.748031
2566,0.257895,0.733806,0.758064,0.519407,0.594202,0.850681,0.956543,0.630941,0.666667,0.646762,0.220490,0.740945
2567,0.232331,0.827935,0.757096,0.472035,0.609260,0.850681,0.956064,0.640392,0.666667,0.649285,0.220490,0.740157
2568,0.287970,0.649798,0.756624,0.476391,0.594612,0.850681,0.955509,0.626558,0.666667,0.645921,0.220490,0.743937
2569,0.259398,0.654858,0.756475,0.456745,0.589157,0.850681,0.956638,0.611711,0.666667,0.641716,0.220490,0.748031
2570,0.280451,0.766194,0.756624,0.518917,0.559169,0.850681,0.955748,0.605944,0.666667,0.640875,0.220490,0.748031
2571,0.309023,0.616397,0.756823,0.512767,0.553919,0.850681,0.955652,0.637241,0.666667,0.644239,0.220490,0.748031
2572,0.273684,0.682186,0.757493,0.487708,0.573536,0.850681,0.955940,0.650048,0.666667,0.648444,0.220490,0.748031
2573,0.268421,0.855263,0.756525,0.460671,0.542293,0.850681,0.955901,0.645391,0.666667,0.652649,0.220490,0.748031
2574,0.206767,0.809717,0.755929,0.477157,0.590975,0.850681,0.955872,0.627996,0.666667,0.645921,0.226615,0.748031
2575,0.266917,0.598178,0.756177,0.491956,0.576225,0.850681,0.955825,0.615258,0.666667,0.640034,0.242205,0.748031
2576,0.242105,0.764170,0.756823,0.486712,0.607442,0.850681,0.956035,0.619093,0.666667,0.641716,0.240813,0.748031
2577,0.183459,0.781377,0.757220,0.474550,0.567902,0.850681,0.956418,0.635324,0.666667,0.644239,0.248330,0.748031
2578,0.245113,0.859312,0.757543,0.468263,0.572640,0.847478,0.956131,0.635187,0.666667,0.651808,0.248330,0.748031
2579,0.257143,0.701417,0.757543,0.474290,0.534149,0.848879,0.957002,0.629777,0.666667,0.643398,0.248330,0.748031
2580,0.218045,0.867409,0.758139,0.459092,0.585418,0.850681,0.956141,0.613656,0.666667,0.642557,0.248330,0.748031
2581,0.218045,0.689271,0.758337,0.507568,0.563446,0.850681,0.955968,0.600055,0.666667,0.640034,0.248330,0.748031
2582,0.156391,0.581984,0.758586,0.510099,0.517837,0.845877,0.956131,0.615601,0.666667,0.646762,0.223274,0.748031
2583,0.242857,0.758097,0.758908,0.491849,0.519040,0.850681,0.956858,0.621148,0.666667,0.646762,0.246102,0.748031
2584,0.261654,0.798583,0.759926,0.474412,0.518502,0.850681,0.956992,0.630325,0.666667,0.645921,0.248330,0.748031
2585,0.259398,0.841093,0.759976,0.478538,0.507132,0.850681,0.956112,0.631352,0.666667,0.645080,0.220490,0.748031
2586,0.269173,0.751012,0.759157,0.480086,0.502907,0.850681,0.957662,0.626695,0.666667,0.642557,0.233853,0.748031
2587,0.234586,0.744939,0.759529,0.485761,0.519015,0.850681,0.957213,0.624161,0.666667,0.644239,0.220490,0.748031
2588,0.242105,0.711538,0.759455,0.487049,0.492305,0.850681,0.956160,0.626010,0.666667,0.643398,0.233853,0.748031
2589,0.245865,0.825911,0.758859,0.480378,0.488258,0.850681,0.956255,0.632516,0.666667,0.646762,0.234410,0.748031
2590,0.237594,0.634615,0.759554,0.474060,0.471357,0.850681,0.956179,0.632448,0.666667,0.644239,0.220490,0.748031
2591,0.245865,0.686235,0.759157,0.467174,0.470998,0.850681,0.956074,0.633078,0.666667,0.646762,0.239143,0.748031
2592,0.248872,0.735830,0.759480,0.473783,0.474481,0.850681,0.955777,0.624846,0.666667,0.646762,0.243318,0.748031
2593,0.207519,0.828947,0.760051,0.483000,0.466696,0.850681,0.955078,0.617381,0.666667,0.644239,0.226615,0.748031
2594,0.210526,0.831984,0.760473,0.488905,0.469538,0.850681,0.954437,0.616148,0.666667,0.645080,0.241927,0.748031
2595,0.251880,0.807692,0.760994,0.483261,0.476837,0.850681,0.956351,0.625736,0.666667,0.645080,0.240813,0.748031
2596,0.218045,0.786437,0.761516,0.481927,0.469974,0.845977,0.955968,0.625188,0.666667,0.646762,0.248330,0.748031
2597,0.212030,0.913968,0.762931,0.489012,0.491587,0.850681,0.956160,0.622586,0.666667,0.643398,0.239421,0.748031
2598,0.236842,0.825911,0.763800,0.486205,0.491331,0.850681,0.956160,0.628202,0.666667,0.646762,0.220490,0.748031
2599,0.218797,0.852227,0.763552,0.486328,0.468898,0.850681,0.957433,0.628407,0.666667,0.648444,0.220490,0.748031
2600,0.246617,0.682186,0.763353,0.482801,0.464775,0.850681,0.956160,0.628202,0.666667,0.648444,0.220490,0.748031
2601,0.269925,0.821862,0.763428,0.488214,0.464493,0.850681,0.955949,0.625531,0.666667,0.645921,0.220490,0.748031
2602,0.248872,0.878543,0.764024,0.490929,0.493457,0.850681,0.956255,0.622997,0.666667,0.647603,0.220490,0.748031
2603,0.209774,0.773279,0.763974,0.481467,0.451612,0.850681,0.957404,0.623778,0.666667,0.645921,0.220490,0.748031
2604,0.242105,0.911943,0.764744,0.495453,0.463879,0.850681,0.957404,0.629503,0.666667,0.654331,0.220490,0.748031
2605,0.239850,0.745951,0.766383,0.497247,0.421522,0.850681,0.959510,0.643542,0.666667,0.674516,0.220490,0.748031
2606,0.215038,0.776316,0.768071,0.485960,0.442367,0.850681,0.962286,0.655650,0.666667,0.698907,0.220490,0.748031
2607,0.211278,0.771255,0.768940,0.483384,0.450690,0.850681,0.964095,0.661772,0.666667,0.712363,0.220490,0.752598
2608,0.214286,0.824899,0.770281,0.486129,0.467182,0.850681,0.967168,0.670662,0.666667,0.713204,0.220490,0.755906
2609,0.177444,0.860324,0.771424,0.491895,0.464826,0.850681,0.968776,0.679660,0.666667,0.717410,0.224666,0.755906
2610,0.250376,0.844130,0.772392,0.496634,0.444570,0.850681,0.971475,0.690522,0.666667,0.736754,0.235245,0.760787
2611,0.224060,0.664980,0.773410,0.494456,0.464212,0.850681,0.973772,0.702096,0.666667,0.751051,0.229399,0.763780
2612,0.211278,0.728745,0.773683,0.493551,0.454480,0.850681,0.975380,0.716231,0.666667,0.770395,0.220490,0.763780
2613,0.209023,0.780364,0.774627,0.496634,0.418602,0.850681,0.978310,0.727873,0.666667,0.782170,0.235245,0.769843
2614,0.228571,0.651822,0.774627,0.499486,0.459141,0.850681,0.981047,0.742296,0.666667,0.793944,0.220490,0.774016
2615,0.203008,0.685223,0.774726,0.491803,0.471741,0.850681,0.983057,0.756061,0.666667,0.801514,0.244710,0.779528
2616,0.206015,0.676113,0.775297,0.480117,0.424646,0.850681,0.984828,0.758444,0.666667,0.803196,0.248330,0.786614
2617,0.181203,0.874494,0.774379,0.479166,0.437041,0.850681,0.984589,0.758321,0.666667,0.804037,0.248330,0.787953
2618,0.203759,0.771255,0.773460,0.480930,0.456503,0.850681,0.984474,0.749007,0.666667,0.798150,0.248330,0.795276
2619,0.196992,0.724696,0.772914,0.491726,0.450997,0.850681,0.985067,0.742501,0.666667,0.790580,0.248330,0.799449
2620,0.208271,0.512146,0.772169,0.500391,0.434121,0.850681,0.984206,0.742227,0.666667,0.795627,0.254733,0.803150
2621,0.237594,0.663968,0.771672,0.487739,0.444518,0.850681,0.985067,0.749486,0.666667,0.798991,0.276169,0.803150
2622,0.213534,0.698381,0.771697,0.485914,0.467182,0.850681,0.984273,0.740515,0.666667,0.795627,0.255290,0.803150
2623,0.179699,0.849190,0.771175,0.487678,0.484212,0.850681,0.984168,0.737762,0.666667,0.792262,0.248330,0.803150
2624,0.189474,0.847166,0.771200,0.492033,0.442367,0.850681,0.984876,0.733667,0.666667,0.789739,0.248330,0.803150
2625,0.120301,0.785425,0.771101,0.492769,0.482317,0.850681,0.984464,0.736611,0.666667,0.792262,0.248330,0.803150
2626,0.225564,0.671053,0.770728,0.489441,0.469410,0.850681,0.984034,0.740857,0.666667,0.797309,0.248330,0.803150
2627,0.215789,0.827935,0.770232,0.485439,0.457681,0.850681,0.984493,0.740652,0.666667,0.795627,0.248330,0.810079
2628,0.185714,0.761134,0.769586,0.485837,0.443699,0.850681,0.985163,0.738597,0.666667,0.794786,0.248330,0.811024
2629,0.181203,0.731781,0.769512,0.487632,0.448616,0.850681,0.983919,0.736954,0.666667,0.792262,0.248330,0.811024
2630,0.203759,0.753036,0.768742,0.493812,0.479244,0.850681,0.984082,0.734762,0.666667,0.791421,0.248330,0.811024
2631,0.172932,0.871457,0.768493,0.490085,0.461164,0.850681,0.983105,0.739282,0.666667,0.792262,0.246938,0.811024
2632,0.184962,0.809717,0.768022,0.488245,0.438859,0.850681,0.984015,0.742296,0.666667,0.796468,0.235802,0.811024
2633,0.203759,0.737854,0.767674,0.479228,0.470383,0.850681,0.985163,0.743528,0.666667,0.796468,0.245546,0.811024
2634,0.199248,0.698381,0.767351,0.483721,0.449179,0.855484,0.983536,0.739351,0.666667,0.796468,0.220490,0.811024
2635,0.239850,0.608300,0.767202,0.501004,0.473508,0.855484,0.984015,0.735310,0.666667,0.793944,0.220490,0.811024
2636,0.206767,0.738866,0.767227,0.502630,0.478732,0.850681,0.985230,0.736379,0.666667,0.792262,0.220490,0.811024
2637,0.213534,0.668016,0.766631,0.497922,0.478783,0.850681,0.984321,0.740419,0.666667,0.793944,0.220490,0.811024
2638,0.212782,0.683198,0.766457,0.488935,0.440549,0.850681,0.984972,0.744898,0.666667,0.800673,0.220490,0.811024
2639,0.185714,0.678138,0.766259,0.480608,0.428615,0.855685,0.983201,0.744624,0.666667,0.798150,0.220490,0.811024
2640,0.201504,0.706478,0.765762,0.481022,0.410664,0.853082,0.984254,0.740720,0.666667,0.796468,0.220490,0.811024
2641,0.214286,0.715587,0.765836,0.484565,0.378166,0.853183,0.983536,0.735447,0.666667,0.795627,0.220490,0.811024
2642,0.209023,0.750000,0.765439,0.490929,0.378909,0.850681,0.984082,0.730448,0.666667,0.795627,0.220490,0.811024
2643,0.229323,0.647773,0.765514,0.495177,0.381034,0.850681,0.984608,0.733050,0.666667,0.790580,0.220490,0.811024
2644,0.184962,0.694332,0.765389,0.494425,0.370022,0.850681,0.984302,0.735310,0.666667,0.797309,0.220490,0.811024
2645,0.189474,0.827935,0.765389,0.491098,0.377295,0.850681,0.984455,0.738666,0.666667,0.795627,0.220490,0.811024
2646,0.206015,0.757085,0.765265,0.486374,0.371712,0.859988,0.984493,0.739625,0.666667,0.793103,0.220490,0.811024
2647,0.203759,0.720648,0.765340,0.490315,0.352173,0.855985,0.984139,0.737365,0.666667,0.798991,0.220490,0.811024
2648,0.218797,0.634615,0.765315,0.486359,0.341699,0.855384,0.984905,0.736748,0.666667,0.804037,0.220490,0.811024
2649,0.187970,0.764170,0.765389,0.481037,0.338677,0.851481,0.984943,0.738460,0.666667,0.800673,0.220490,0.811024
2650,0.204511,0.609312,0.765141,0.484442,0.317806,0.854684,0.983488,0.733256,0.666667,0.800673,0.220490,0.811024
2651,0.185714,0.663968,0.765290,0.484687,0.331583,0.857186,0.983345,0.735584,0.666667,0.798991,0.220490,0.811024
2652,0.223308,0.751012,0.765836,0.488168,0.334938,0.858887,0.984972,0.731818,0.666667,0.798150,0.220490,0.811024
2653,0.203759,0.733806,0.765365,0.496097,0.349740,0.857886,0.984464,0.732365,0.666667,0.797309,0.220490,0.811024
2654,0.219549,0.715587,0.765365,0.495300,0.360957,0.853183,0.985067,0.736201,0.666667,0.797309,0.220490,0.811024
2655,0.195489,0.694332,0.765290,0.492110,0.396860,0.853883,0.984809,0.739556,0.666667,0.799832,0.220490,0.811024
2656,0.218045,0.615385,0.765067,0.489426,0.354836,0.852382,0.984943,0.738392,0.666667,0.802355,0.220490,0.811024
2657,0.202256,0.683198,0.764893,0.488506,0.319778,0.850681,0.984637,0.739145,0.666667,0.799832,0.220490,0.811024
2658,0.169173,0.789474,0.764694,0.489702,0.304310,0.850681,0.983871,0.735310,0.666667,0.798991,0.220490,0.811024
2659,0.209023,0.660931,0.764396,0.489349,0.275218,0.850681,0.984397,0.737159,0.666667,0.796468,0.220490,0.811024
2660,0.188722,0.765182,0.764570,0.486405,0.284924,0.850681,0.984302,0.740515,0.666667,0.800673,0.220490,0.811024
2661,0.234586,0.769231,0.764446,0.489089,0.340751,0.851181,0.984206,0.739625,0.666667,0.800673,0.206013,0.811024
2662,0.199248,0.814777,0.764272,0.493275,0.346027,0.854984,0.984876,0.739625,0.666667,0.799832,0.220490,0.811024
2663,0.222556,0.797571,0.764446,0.492892,0.331891,0.851882,0.984589,0.741200,0.666667,0.798991,0.207127,0.811024
2664,0.184211,0.679150,0.764148,0.490423,0.329125,0.854484,0.985058,0.744062,0.666667,0.803196,0.196548,0.811024
2665,0.228571,0.702429,0.763626,0.488981,0.333863,0.855484,0.984493,0.742638,0.666667,0.799832,0.192650,0.811024
2666,0.200752,0.782389,0.763279,0.491389,0.327409,0.850681,0.983345,0.738324,0.666667,0.798150,0.205178,0.814331
2667,0.191729,0.758097,0.763105,0.493383,0.344337,0.850681,0.983948,0.738118,0.666667,0.799832,0.220490,0.811654
2668,0.222556,0.762146,0.762633,0.493613,0.339292,0.850681,0.984876,0.740515,0.666667,0.798991,0.220490,0.811024
2669,0.175188,0.702429,0.762459,0.494640,0.323952,0.850681,0.984685,0.739351,0.666667,0.798150,0.220490,0.811024
2670,0.229323,0.707490,0.761839,0.491006,0.335297,0.850681,0.984685,0.740447,0.666667,0.798991,0.220490,0.811024
2671,0.181203,0.720648,0.761094,0.493582,0.326538,0.850681,0.984876,0.737091,0.666667,0.797309,0.220490,0.811417
2672,0.197744,0.739879,0.761044,0.495116,0.284335,0.855484,0.984876,0.737022,0.666667,0.794786,0.220490,0.814724
2673,0.190226,0.784413,0.760796,0.497753,0.264002,0.850681,0.983938,0.737365,0.666667,0.794786,0.217706,0.811024
2674,0.198496,0.694332,0.760498,0.495990,0.298522,0.850681,0.983967,0.739419,0.666667,0.796468,0.210189,0.811024
2675,0.194737,0.726721,0.760150,0.493015,0.298804,0.850681,0.985058,0.741789,0.666667,0.798150,0.220490,0.811024
2676,0.178947,0.808704,0.760051,0.493168,0.305795,0.850681,0.984551,0.738611,0.666667,0.800673,0.220490,0.811024
2677,0.196992,0.846154,0.759430,0.499471,0.325309,0.850681,0.985067,0.737022,0.666667,0.797309,0.220490,0.811024
2678,0.207519,0.898785,0.759182,0.497416,0.339036,0.850681,0.984493,0.737844,0.666667,0.798150,0.220490,0.811024
2679,0.220301,0.796559,0.758859,0.497416,0.321007,0.850681,0.984043,0.738871,0.666667,0.798150,0.220490,0.811024
2680,0.191729,0.821862,0.758263,0.492877,0.333478,0.850681,0.984015,0.739899,0.666667,0.796468,0.220490,0.811024
2681,0.203008,0.714575,0.758933,0.492278,0.327332,0.850681,0.985259,0.740378,0.666667,0.796468,0.220490,0.811024
2682,0.209023,0.786437,0.758387,0.498183,0.325335,0.850681,0.984847,0.738187,0.666667,0.795627,0.220490,0.811024
2683,0.223308,0.729757,0.758610,0.494533,0.364670,0.850681,0.984493,0.740926,0.666667,0.798991,0.220490,0.811024
2684,0.211278,0.806680,0.758312,0.494686,0.370227,0.850681,0.984484,0.739844,0.666667,0.798150,0.220490,0.811024
2685,0.199248,0.729757,0.757791,0.491159,0.348357,0.850681,0.984895,0.741063,0.666667,0.796468,0.220490,0.811024
2686,0.220301,0.639676,0.756897,0.487632,0.368435,0.850681,0.985029,0.742118,0.666667,0.798991,0.220490,0.811024
2687,0.206015,0.743927,0.756847,0.494226,0.350201,0.850681,0.984656,0.736885,0.666667,0.798150,0.220490,0.811024
2688,0.220301,0.663968,0.756376,0.497324,0.380880,0.850681,0.984206,0.737981,0.666667,0.795627,0.220490,0.811024
2689,0.193233,0.821862,0.755482,0.494303,0.389280,0.851681,0.984876,0.740652,0.666667,0.800673,0.220490,0.811024
2690,0.202256,0.727733,0.755010,0.492508,0.375656,0.859388,0.984493,0.740857,0.666667,0.798150,0.220490,0.811024
2691,0.203008,0.746964,0.754637,0.495652,0.392532,0.850681,0.983919,0.737981,0.666667,0.798150,0.220490,0.811024
2692,0.204511,0.643725,0.753644,0.496603,0.391354,0.852882,0.983823,0.735858,0.666667,0.796468,0.220490,0.811024
2693,0.190226,0.773279,0.753247,0.495560,0.387411,0.853483,0.984493,0.740241,0.666667,0.795627,0.220490,0.811024
2694,0.178947,0.726721,0.752924,0.493245,0.394171,0.853583,0.984570,0.736981,0.666667,0.798991,0.220490,0.811024
2695,0.203759,0.768219,0.752452,0.493076,0.370304,0.852682,0.984905,0.736885,0.666667,0.798150,0.220490,0.811024
2696,0.195489,0.711538,0.752402,0.490852,0.386463,0.850681,0.985163,0.737022,0.666667,0.796468,0.220490,0.815118
2697,0.198496,0.696356,0.752129,0.492033,0.349484,0.850681,0.984330,0.735036,0.866667,0.793944,0.220490,0.811024
2698,0.201504,0.687247,0.751633,0.499594,0.380189,0.850681,0.983316,0.732571,0.700000,0.794786,0.220490,0.811024
2699,0.201504,0.781377,0.751409,0.503566,0.384286,0.850681,0.983948,0.734488,0.666667,0.793944,0.220490,0.811024
2700,0.215038,0.656883,0.750937,0.504317,0.364337,0.850681,0.985450,0.736365,0.666667,0.793944,0.220490,0.811024
2701,0.206767,0.716599,0.750739,0.500360,0.371354,0.850681,0.985259,0.737981,0.666667,0.797309,0.220490,0.811024
2702,0.168421,0.701417,0.750267,0.502431,0.373838,0.850681,0.984972,0.733050,0.666667,0.799832,0.220490,0.811024
2703,0.181955,0.761134,0.750590,0.500560,0.379933,0.850681,0.984369,0.732365,0.666667,0.793944,0.220490,0.811024
2704,0.167669,0.797571,0.750441,0.489135,0.367717,0.850681,0.983412,0.734899,0.666667,0.794786,0.220490,0.811024
2705,0.172180,0.722672,0.750391,0.488030,0.375349,0.850681,0.984551,0.732420,0.666667,0.797309,0.220490,0.811024
2706,0.178195,0.719636,0.750391,0.488168,0.357781,0.853883,0.984780,0.729763,0.666667,0.793103,0.220490,0.811024
2707,0.195489,0.805668,0.749944,0.490653,0.369408,0.852382,0.984369,0.728256,0.666667,0.790580,0.220490,0.811024
2708,0.172932,0.794534,0.750192,0.497600,0.373019,0.850681,0.984656,0.725106,0.666667,0.793103,0.220490,0.811024
2709,0.199248,0.766194,0.750068,0.498627,0.366309,0.850681,0.982100,0.722572,0.666667,0.791421,0.220490,0.811024
2710,0.196241,0.757085,0.750093,0.506295,0.375579,0.855184,0.983727,0.732708,0.666667,0.793944,0.220490,0.811024
2711,0.189474,0.839069,0.750043,0.481390,0.388230,0.850881,0.984780,0.742501,0.666667,0.800673,0.220490,0.811024
2712,0.212030,0.688259,0.749969,0.474136,0.368358,0.850681,0.984780,0.735721,0.666667,0.798991,0.220490,0.811024
2713,0.227068,0.769231,0.749870,0.489625,0.373889,0.850681,0.984685,0.721750,0.666667,0.793944,0.220490,0.811024
2714,0.200000,0.724696,0.750143,0.496634,0.363569,0.856685,0.984685,0.726270,0.666667,0.790580,0.220490,0.811024
2715,0.164662,0.723684,0.750043,0.499256,0.379805,0.855885,0.984589,0.725723,0.666667,0.795627,0.220490,0.811024
2716,0.171429,0.806680,0.749944,0.493352,0.346206,0.860689,0.984761,0.728941,0.666667,0.791421,0.220490,0.811024
2717,0.180451,0.772267,0.749944,0.494763,0.370099,0.853583,0.984866,0.735557,0.666667,0.795627,0.220490,0.811024
2718,0.195489,0.786437,0.749671,0.476023,0.338062,0.850681,0.984780,0.739077,0.666667,0.799832,0.220490,0.811024
2719,0.178947,0.844130,0.749572,0.472894,0.337012,0.850681,0.984244,0.730366,0.666667,0.795627,0.220490,0.811024
2720,0.182707,0.727733,0.749845,0.490592,0.354964,0.850681,0.984522,0.722161,0.666667,0.788898,0.199053,0.811024
2721,0.175188,0.736842,0.749820,0.492355,0.351584,0.855484,0.983584,0.724695,0.666667,0.795627,0.214365,0.811024
2722,0.179699,0.659919,0.750366,0.495560,0.360137,0.858987,0.984713,0.725175,0.666667,0.792262,0.197661,0.811024
2723,0.197744,0.708502,0.749994,0.494563,0.359113,0.851982,0.982004,0.719285,0.666667,0.793944,0.192650,0.811024
2724,0.206015,0.684211,0.748901,0.485163,0.353453,0.860288,0.977094,0.704588,0.666667,0.778806,0.192650,0.811024
2725,0.169925,0.798583,0.746915,0.479504,0.325540,0.860188,0.973409,0.678811,0.666667,0.750210,0.192650,0.804409
2726,0.181203,0.840081,0.745325,0.480700,0.368486,0.855384,0.968613,0.650294,0.666667,0.714045,0.207684,0.803150
2727,0.206015,0.695344,0.744084,0.489426,0.365003,0.851882,0.963434,0.626969,0.666667,0.703112,0.220490,0.802126
2728,0.209023,0.751012,0.743115,0.494303,0.355733,0.860689,0.959031,0.604986,0.666667,0.660219,0.212695,0.795276
2729,0.221805,0.727733,0.742072,0.493275,0.366821,0.860689,0.956399,0.598206,0.666667,0.634987,0.192650,0.789370
2730,0.210526,0.803644,0.742892,0.491435,0.338831,0.860088,0.954973,0.602822,0.666667,0.631623,0.192650,0.781260
2731,0.201504,0.712551,0.744084,0.493398,0.366975,0.850681,0.956227,0.607656,0.666667,0.635828,0.168430,0.772992
2732,0.221053,0.777328,0.745003,0.488475,0.326410,0.853683,0.955461,0.612930,0.666667,0.635828,0.164811,0.771654
2733,0.250376,0.762146,0.745599,0.486604,0.338626,0.860689,0.954465,0.613957,0.666667,0.637511,0.164811,0.764567
2734,0.231579,0.848178,0.745574,0.486758,0.339036,0.860689,0.955604,0.614149,0.666667,0.635828,0.164811,0.763780
2735,0.229323,0.781377,0.746393,0.486405,0.335937,0.860689,0.957117,0.613820,0.666667,0.635828,0.164811,0.760866
2736,0.234586,0.806680,0.746964,0.491052,0.344234,0.860689,0.955518,0.615464,0.666667,0.639193,0.164811,0.759843
2737,0.252632,0.734818,0.747213,0.496020,0.299419,0.855985,0.956897,0.616559,0.666667,0.638352,0.164811,0.755906
2738,0.274436,0.765182,0.747262,0.493996,0.310994,0.855484,0.956476,0.620326,0.666667,0.637511,0.164811,0.755906
2739,0.239098,0.805668,0.747511,0.488245,0.337115,0.856385,0.956284,0.625120,0.666667,0.638352,0.164811,0.755906
2740,0.248120,0.754049,0.747734,0.483644,0.295424,0.855885,0.955901,0.625736,0.666667,0.640034,0.170935,0.755906
2741,0.254887,0.745951,0.748032,0.483338,0.321494,0.854384,0.954150,0.622107,0.666667,0.639193,0.192650,0.755906
2742,0.242105,0.705466,0.748628,0.487279,0.284002,0.850681,0.955585,0.619627,0.666667,0.639193,0.192650,0.755906
2743,0.251128,0.759109,0.748479,0.493045,0.330815,0.855484,0.957423,0.616628,0.666667,0.641716,0.192650,0.754094
2744,0.227820,0.793522,0.748752,0.490822,0.326641,0.850681,0.956447,0.621422,0.666667,0.640034,0.192650,0.748031
2745,0.277444,0.695344,0.748976,0.493521,0.296397,0.850681,0.956543,0.621271,0.666667,0.641716,0.192650,0.748031
2746,0.224060,0.681174,0.749174,0.494778,0.283311,0.852482,0.955681,0.620244,0.666667,0.641716,0.192650,0.748031
2747,0.263158,0.763158,0.749075,0.498873,0.280571,0.857186,0.955777,0.620600,0.666667,0.641716,0.192650,0.748031
2748,0.255639,0.721660,0.749472,0.495039,0.277446,0.854684,0.954226,0.626353,0.666667,0.640875,0.216871,0.748031
2749,0.226316,0.758097,0.749770,0.495453,0.247817,0.855985,0.956035,0.621764,0.466667,0.642557,0.220490,0.748031
2750,0.227820,0.770243,0.750416,0.494119,0.260801,0.850681,0.954992,0.622997,0.666667,0.639193,0.220490,0.748031
2751,0.254887,0.715587,0.750391,0.484841,0.259213,0.850681,0.955700,0.628407,0.666667,0.640034,0.220490,0.748031
2752,0.256391,0.715587,0.750118,0.483736,0.266793,0.855384,0.956523,0.626106,0.666667,0.641716,0.220490,0.748031
2753,0.275188,0.756073,0.750267,0.493229,0.276371,0.850681,0.956830,0.621216,0.666667,0.638352,0.220490,0.748031
2754,0.240602,0.780364,0.750217,0.500130,0.292274,0.855384,0.957768,0.619312,0.666667,0.642557,0.220490,0.748031
2755,0.224812,0.769231,0.750192,0.501741,0.284694,0.857686,0.957998,0.618340,0.666667,0.642557,0.220490,0.748031
2756,0.272180,0.702429,0.750391,0.495806,0.295449,0.854884,0.957500,0.625257,0.666667,0.638352,0.220490,0.748031
2757,0.257895,0.751012,0.750466,0.485331,0.298650,0.852882,0.957050,0.628681,0.666667,0.640875,0.220490,0.748031
2758,0.215789,0.759109,0.750118,0.482111,0.305437,0.850681,0.954887,0.627722,0.666667,0.640034,0.220490,0.748031
2759,0.279699,0.750000,0.750019,0.495606,0.310559,0.850681,0.956476,0.620121,0.666667,0.640034,0.220490,0.748031
2760,0.260902,0.720648,0.746741,0.501557,0.287306,0.850681,0.956227,0.622038,0.666667,0.637511,0.220490,0.748031
2761,0.242105,0.748988,0.749745,0.501633,0.282542,0.850681,0.957624,0.622517,0.666667,0.640034,0.220490,0.748031
2762,0.252632,0.851215,0.749994,0.498382,0.293862,0.850681,0.957366,0.623860,0.666667,0.638352,0.220490,0.748031
2763,0.255639,0.774291,0.749919,0.491006,0.321724,0.850681,0.956897,0.626133,0.666667,0.642557,0.220490,0.748031
2764,0.241353,0.782389,0.750168,0.487831,0.272837,0.851882,0.955365,0.627037,0.666667,0.640034,0.220490,0.748031
2765,0.268421,0.721660,0.750267,0.488276,0.282005,0.860689,0.957308,0.623750,0.666667,0.641716,0.220490,0.748031
2766,0.252632,0.817814,0.750341,0.487432,0.261722,0.858687,0.956064,0.622449,0.666667,0.639193,0.220490,0.748031
2767,0.233835,0.767206,0.750391,0.496097,0.301903,0.850681,0.955222,0.618682,0.666667,0.641716,0.220490,0.748031
2768,0.238346,0.709514,0.750565,0.497048,0.310302,0.850681,0.955758,0.619600,0.666667,0.642557,0.236915,0.748031
2769,0.263910,0.738866,0.750441,0.495453,0.344541,0.858487,0.957816,0.623476,0.666667,0.643398,0.220490,0.748031
2770,0.255639,0.775304,0.750341,0.489181,0.368204,0.857286,0.955652,0.626147,0.666667,0.643398,0.220490,0.748031
2771,0.251880,0.818826,0.750093,0.484258,0.349433,0.854684,0.955518,0.625942,0.666667,0.642557,0.220490,0.748031
2772,0.263910,0.708502,0.750242,0.482540,0.325309,0.860689,0.956428,0.623408,0.666667,0.641716,0.220490,0.748031
2773,0.277444,0.844130,0.750590,0.486666,0.349433,0.855985,0.956906,0.622312,0.666667,0.640875,0.220490,0.748031
2774,0.239850,0.742915,0.750242,0.489319,0.336731,0.850981,0.957193,0.621970,0.666667,0.640875,0.222439,0.748031
2775,0.264662,0.751012,0.750540,0.495422,0.317217,0.855184,0.957069,0.620326,0.666667,0.641716,0.246102,0.748031
2776,0.262406,0.819838,0.750664,0.498244,0.329202,0.855484,0.956878,0.620121,0.666667,0.644239,0.220490,0.748031
2777,0.254135,0.762146,0.750788,0.496312,0.337320,0.855284,0.956983,0.625298,0.666667,0.641716,0.220490,0.748031
2778,0.260902,0.751012,0.750540,0.492156,0.336219,0.852482,0.955805,0.626079,0.666667,0.645921,0.220490,0.748031
2779,0.248872,0.811741,0.750292,0.493045,0.360957,0.856085,0.956150,0.626750,0.666667,0.643398,0.202116,0.748031
2780,0.265414,0.745951,0.750317,0.488675,0.323107,0.857986,0.954628,0.627380,0.666667,0.645080,0.192650,0.748031
2781,0.242857,0.755061,0.750714,0.489165,0.344490,0.850681,0.956255,0.624230,0.666667,0.641716,0.192650,0.748031
2782,0.239098,0.800607,0.750466,0.498106,0.327819,0.863691,0.956380,0.620326,0.666667,0.642557,0.192650,0.748031
2783,0.259398,0.794534,0.750590,0.500176,0.370637,0.855885,0.954839,0.620874,0.666667,0.642557,0.192650,0.748031
2784,0.251880,0.721660,0.749969,0.491527,0.335578,0.860689,0.956925,0.626572,0.666667,0.640875,0.192650,0.748031
2785,0.250376,0.699393,0.750863,0.523625,0.295065,0.860689,0.955872,0.652376,0.666667,0.648444,0.192650,0.748031
2786,0.269925,0.807692,0.750913,0.447283,0.315603,0.865592,0.955853,0.673004,0.666667,0.657696,0.192650,0.748031
2787,0.258647,0.826923,0.751384,0.421811,0.360573,0.866393,0.957461,0.653143,0.666667,0.657696,0.192650,0.748031
2788,0.236090,0.840081,0.751509,0.469873,0.401009,0.860689,0.955183,0.618052,0.666667,0.637511,0.192650,0.748031
2789,0.248872,0.848178,0.751533,0.513396,0.360598,0.860689,0.956093,0.609916,0.666667,0.634987,0.192650,0.748031
2790,0.232331,0.780364,0.751956,0.501204,0.332326,0.857686,0.956141,0.616285,0.666667,0.639193,0.192650,0.748031
2791,0.242857,0.768219,0.751608,0.497385,0.361725,0.858987,0.955231,0.623408,0.666667,0.637511,0.192650,0.748031
2792,0.277444,0.664980,0.751533,0.484902,0.317729,0.853383,0.956830,0.633064,0.666667,0.641716,0.192650,0.748031
2793,0.247368,0.910931,0.751211,0.478967,0.344132,0.853483,0.957739,0.631146,0.666667,0.647603,0.192650,0.748031
2794,0.267669,0.809717,0.751111,0.475900,0.363979,0.857386,0.957193,0.631146,0.666667,0.642557,0.192650,0.748031
2795,0.266165,0.754049,0.751161,0.473937,0.372250,0.859187,0.956332,0.623887,0.666667,0.640875,0.192650,0.748031
2796,0.260150,0.762146,0.751161,0.481421,0.348127,0.851882,0.955317,0.616765,0.666667,0.641716,0.192650,0.748031
2797,0.226316,0.738866,0.751360,0.490131,0.344567,0.850681,0.956035,0.616285,0.666667,0.640034,0.192650,0.742756
2798,0.255639,0.816802,0.751335,0.496526,0.350099,0.850681,0.957002,0.619093,0.666667,0.640875,0.192650,0.741890
2799,0.246617,0.818826,0.751757,0.496143,0.343466,0.850681,0.954437,0.625668,0.666667,0.639193,0.192650,0.742362
2800,0.268421,0.850202,0.751782,0.492953,0.357243,0.855484,0.956734,0.625873,0.666667,0.640875,0.192650,0.740157
2801,0.238346,0.794534,0.751881,0.491665,0.366693,0.850681,0.954312,0.624024,0.666667,0.643398,0.192650,0.740157
2802,0.239850,0.768219,0.751807,0.497094,0.339727,0.850681,0.956476,0.623545,0.666667,0.641716,0.192650,0.740157
2803,0.263910,0.860324,0.752328,0.486742,0.377244,0.852682,0.955968,0.628613,0.666667,0.644239,0.192650,0.740157
2804,0.266165,0.759109,0.751782,0.477326,0.363441,0.855885,0.955222,0.631078,0.666667,0.641716,0.192650,0.740157
2805,0.257143,0.779352,0.751856,0.473645,0.367308,0.852982,0.955518,0.629366,0.666667,0.645921,0.192650,0.740157
2806,0.235338,0.827935,0.752080,0.446716,0.339753,0.850681,0.956571,0.595055,0.666667,0.641716,0.192650,0.740157
2807,0.261654,0.714575,0.752527,0.531538,0.379600,0.854384,0.957069,0.585536,0.666667,0.633305,0.193207,0.740157
2808,0.262406,0.743927,0.753296,0.530879,0.370176,0.851882,0.956332,0.599712,0.666667,0.637511,0.205735,0.740157
2809,0.266165,0.789474,0.753793,0.537856,0.342903,0.864692,0.956160,0.614984,0.666667,0.640034,0.192650,0.740157
2810,0.251128,0.723684,0.753669,0.502661,0.335015,0.860689,0.956255,0.636351,0.666667,0.644239,0.192650,0.739606
2811,0.244361,0.709514,0.753594,0.477081,0.363799,0.865693,0.955681,0.638200,0.666667,0.642557,0.192650,0.737165
2812,0.263158,0.768219,0.753619,0.481037,0.375810,0.870697,0.956351,0.630393,0.666667,0.637511,0.192650,0.740157
2813,0.263910,0.761134,0.753421,0.483077,0.380727,0.870697,0.955231,0.623271,0.666667,0.631623,0.192650,0.740157
2814,0.277444,0.716599,0.753669,0.492493,0.320725,0.870697,0.957308,0.619504,0.666667,0.636669,0.192650,0.740157
2815,0.276692,0.592105,0.753594,0.497401,0.323030,0.870697,0.956160,0.621696,0.666667,0.634146,0.192650,0.740157
2816,0.248872,0.706478,0.753495,0.494609,0.331865,0.870697,0.956992,0.622244,0.666667,0.634146,0.192650,0.740157
2817,0.254887,0.709514,0.753445,0.499287,0.344311,0.870697,0.956801,0.621079,0.666667,0.634987,0.192650,0.740157
2818,0.245113,0.676113,0.753868,0.499977,0.352378,0.870697,0.955844,0.623202,0.666667,0.636669,0.192650,0.740157
2819,0.251880,0.781377,0.753073,0.499410,0.319701,0.870697,0.955423,0.622244,0.666667,0.634146,0.192650,0.740157
2820,0.253383,0.703441,0.753545,0.494763,0.359856,0.870697,0.957864,0.624640,0.666667,0.636669,0.192650,0.740157
2821,0.260902,0.726721,0.753396,0.490193,0.382263,0.870697,0.956734,0.625325,0.666667,0.636669,0.192650,0.740157
2822,0.253383,0.654858,0.753892,0.487448,0.369152,0.870697,0.957241,0.625188,0.666667,0.636669,0.192650,0.740157
2823,0.236090,0.764170,0.754017,0.487218,0.386284,0.870697,0.955202,0.620189,0.666667,0.635828,0.192650,0.740157
2824,0.266165,0.695344,0.753992,0.495836,0.361238,0.870697,0.956141,0.617929,0.666667,0.634987,0.192650,0.740157
2825,0.248872,0.743927,0.753818,0.497217,0.342211,0.870697,0.956878,0.617381,0.666667,0.637511,0.192650,0.740157
2826,0.263910,0.737854,0.753967,0.491926,0.344900,0.870697,0.955413,0.624298,0.666667,0.634987,0.192650,0.740157
2827,0.245865,0.767206,0.754166,0.485975,0.314912,0.870697,0.954657,0.623819,0.666667,0.640875,0.192650,0.740157
2828,0.236090,0.704453,0.754315,0.482648,0.348383,0.870697,0.956466,0.625051,0.666667,0.645921,0.192650,0.740157
2829,0.275940,0.799595,0.754339,0.486205,0.328818,0.870697,0.956332,0.621627,0.666667,0.639193,0.192650,0.740157
2830,0.262406,0.770243,0.754687,0.491542,0.287997,0.870697,0.955940,0.616491,0.666667,0.641716,0.192650,0.740157
2831,0.252632,0.663968,0.754861,0.496480,0.306948,0.870697,0.956543,0.617244,0.666667,0.638352,0.192650,0.740157
2832,0.251128,0.757085,0.755084,0.495913,0.310559,0.870697,0.955241,0.619504,0.666667,0.642557,0.192650,0.740157
2833,0.238346,0.819838,0.755134,0.489794,0.327973,0.870697,0.956389,0.623641,0.666667,0.642557,0.192650,0.740157
2834,0.248120,0.732794,0.755333,0.484749,0.347051,0.875400,0.955777,0.626147,0.666667,0.643398,0.192650,0.740157
2835,0.254887,0.699393,0.755308,0.486129,0.341981,0.870897,0.954753,0.620737,0.666667,0.641716,0.186247,0.740157
2836,0.245865,0.763158,0.755308,0.490239,0.390561,0.870697,0.954753,0.618819,0.666667,0.641716,0.179287,0.740157
2837,0.239098,0.775304,0.755233,0.490269,0.352916,0.875500,0.955901,0.618477,0.666667,0.641716,0.186247,0.740157
2838,0.250376,0.653846,0.755059,0.495269,0.342057,0.875500,0.955279,0.617998,0.666667,0.638352,0.178731,0.740157
2839,0.287218,0.696356,0.755506,0.491420,0.337781,0.875500,0.956236,0.620189,0.666667,0.639193,0.170379,0.740157
2840,0.239098,0.865385,0.755581,0.496848,0.354631,0.870697,0.956973,0.615203,0.666667,0.640034,0.164811,0.740157
2841,0.257143,0.762146,0.755556,0.498796,0.317755,0.870697,0.957433,0.617792,0.666667,0.640034,0.164811,0.740157
2842,0.261654,0.800607,0.755780,0.497401,0.303619,0.881205,0.957519,0.619586,0.666667,0.642557,0.164811,0.737323
2843,0.264662,0.764170,0.755854,0.493536,0.311685,0.882706,0.956275,0.622997,0.666667,0.644239,0.164811,0.735984
2844,0.223308,0.755061,0.755556,0.490760,0.310123,0.872498,0.956830,0.621970,0.666667,0.642557,0.164811,0.734488
2845,0.252632,0.785425,0.755929,0.490009,0.305616,0.875500,0.956543,0.621216,0.666667,0.640875,0.164811,0.740157
2846,0.269925,0.769231,0.756127,0.485178,0.352506,0.870697,0.956217,0.624969,0.666667,0.640875,0.164811,0.732835
2847,0.241353,0.669028,0.756078,0.480040,0.376655,0.870697,0.957136,0.624846,0.666667,0.640034,0.164811,0.732283
2848,0.264662,0.783401,0.756127,0.482387,0.330252,0.871197,0.956772,0.619586,0.666667,0.639193,0.164811,0.735984
2849,0.239850,0.746964,0.756202,0.486972,0.304054,0.875200,0.956858,0.619641,0.666667,0.634987,0.164811,0.732283
2850,0.251128,0.711538,0.756599,0.491895,0.290993,0.870697,0.957433,0.617655,0.666667,0.638352,0.164811,0.732283
2851,0.251128,0.780364,0.756251,0.492355,0.322569,0.872198,0.955997,0.617929,0.666667,0.638352,0.164811,0.736063
2852,0.259398,0.751012,0.756574,0.495192,0.315501,0.873999,0.957528,0.620052,0.666667,0.638352,0.164811,0.732283
2853,0.238346,0.783401,0.756947,0.488245,0.323850,0.877702,0.957117,0.621970,0.666667,0.634987,0.164811,0.732283
2854,0.263910,0.790486,0.757195,0.487754,0.322057,0.873299,0.958409,0.620997,0.666667,0.637511,0.164811,0.732283
2855,0.242857,0.740891,0.757195,0.487678,0.318805,0.873699,0.955652,0.621833,0.666667,0.638352,0.164811,0.732283
2856,0.255639,0.737854,0.757369,0.489058,0.319598,0.872498,0.956945,0.621422,0.666667,0.635828,0.164811,0.732283
2857,0.230827,0.751012,0.757319,0.486343,0.302569,0.870697,0.956035,0.622285,0.666667,0.638352,0.164811,0.732283
2858,0.255639,0.813765,0.757741,0.488276,0.294809,0.870697,0.955652,0.617217,0.666667,0.637511,0.164811,0.732283
2859,0.240602,0.745951,0.757965,0.490515,0.326308,0.870697,0.957040,0.619737,0.666667,0.635828,0.164811,0.732283
2860,0.250376,0.835020,0.758610,0.486681,0.292914,0.870697,0.956035,0.621970,0.666667,0.637511,0.164811,0.732283
2861,0.254135,0.697368,0.758213,0.482648,0.305283,0.865893,0.956255,0.621148,0.666667,0.640875,0.164811,0.732283
2862,0.260902,0.745951,0.758735,0.484672,0.288176,0.870697,0.956112,0.620257,0.666667,0.634987,0.155624,0.732283
2863,0.250376,0.759109,0.758884,0.486528,0.312146,0.865693,0.956255,0.619093,0.666667,0.637511,0.136971,0.732283
2864,0.249624,0.853239,0.759057,0.492355,0.302261,0.870697,0.955423,0.618066,0.666667,0.633305,0.136971,0.732283
2865,0.280451,0.842105,0.759157,0.490592,0.322262,0.870697,0.957088,0.622285,0.666667,0.635828,0.150056,0.732283
2866,0.275940,0.517206,0.759380,0.490193,0.286998,0.865893,0.956705,0.622928,0.666667,0.634987,0.164811,0.732283
2867,0.250376,0.721660,0.759554,0.493643,0.266076,0.870697,0.956753,0.620189,0.666667,0.640034,0.164811,0.732283
2868,0.237594,0.852227,0.759504,0.491496,0.295449,0.864692,0.956179,0.622038,0.666667,0.636669,0.164811,0.732283
2869,0.238346,0.865385,0.759902,0.487708,0.309406,0.866994,0.956447,0.623887,0.666667,0.636669,0.164811,0.732283
2870,0.237594,0.506073,0.759852,0.485761,0.315603,0.870697,0.956562,0.621696,0.666667,0.637511,0.164811,0.732283
2871,0.263910,0.841093,0.760249,0.492416,0.302953,0.865893,0.957193,0.618271,0.666667,0.636669,0.164811,0.732283
2872,0.240602,0.797571,0.760075,0.494272,0.287075,0.870697,0.958045,0.620805,0.666667,0.637511,0.164811,0.732283
2873,0.273684,0.681174,0.760051,0.492140,0.315834,0.865893,0.956543,0.620696,0.666667,0.637511,0.164811,0.732283
2874,0.259398,0.632591,0.759728,0.489993,0.277677,0.870697,0.955863,0.620805,0.666667,0.635828,0.164811,0.732283
2875,0.263158,0.711538,0.760200,0.489273,0.329483,0.870697,0.955681,0.623956,0.666667,0.635828,0.164811,0.732283
2876,0.244361,0.809717,0.760175,0.498996,0.315271,0.870697,0.954408,0.627955,0.666667,0.640034,0.164811,0.732283
2877,0.255639,0.558704,0.760001,0.487018,0.314579,0.870697,0.955940,0.629229,0.666667,0.640034,0.164811,0.732283
2878,0.258647,0.710526,0.760274,0.486282,0.265615,0.870697,0.955805,0.624230,0.666667,0.639193,0.164811,0.732283
2879,0.239098,0.771255,0.760398,0.488138,0.300904,0.870697,0.954915,0.619436,0.666667,0.635828,0.164811,0.732283
2880,0.239850,0.734818,0.760274,0.496572,0.308792,0.870697,0.957777,0.627174,0.666667,0.636669,0.164811,0.732283
2881,0.253383,0.801619,0.760448,0.480071,0.331609,0.870697,0.957050,0.625394,0.666667,0.641716,0.164811,0.732283
2882,0.232331,0.716599,0.760448,0.481881,0.325924,0.870697,0.957184,0.623065,0.666667,0.640034,0.164811,0.732283
2883,0.253383,0.945344,0.760771,0.428926,0.266742,0.870697,0.957787,0.607314,0.666667,0.639193,0.164811,0.732283
2884,0.266917,0.480769,0.761590,0.518763,0.313555,0.870697,0.956255,0.557869,0.666667,0.609756,0.164811,0.732283
2885,0.252632,0.617409,0.763477,0.558882,0.318600,0.870697,0.955710,0.585947,0.666667,0.619008,0.164811,0.728898
2886,0.265414,0.695344,0.764843,0.562118,0.277062,0.870697,0.956351,0.592385,0.666667,0.625736,0.164811,0.724409
2887,0.232331,0.699393,0.766035,0.573619,0.267536,0.870697,0.956255,0.624846,0.666667,0.638352,0.163419,0.724409
2888,0.270677,0.733806,0.765514,0.508764,0.256882,0.870697,0.957710,0.650664,0.666667,0.645921,0.153675,0.724409
2889,0.248872,0.910931,0.764992,0.477019,0.242516,0.872198,0.956275,0.648473,0.666667,0.641716,0.150891,0.725354
2890,0.287218,0.777328,0.764744,0.478139,0.251453,0.873899,0.955758,0.646090,0.666667,0.639193,0.164811,0.732283
2891,0.261654,0.797571,0.764396,0.479703,0.251633,0.870697,0.956543,0.634023,0.666667,0.641716,0.164811,0.732283
2892,0.263158,0.523279,0.763924,0.489165,0.300674,0.870697,0.956255,0.623408,0.666667,0.638352,0.152840,0.732283
2893,0.245865,0.736842,0.764421,0.503704,0.302466,0.875500,0.956543,0.618888,0.666667,0.636669,0.164811,0.732283
2894,0.214286,0.745951,0.763974,0.507691,0.271454,0.870697,0.955748,0.621463,0.666667,0.642557,0.164811,0.732283
2895,0.263158,0.661943,0.763651,0.510927,0.282594,0.870697,0.956399,0.624736,0.666667,0.640875,0.164811,0.732283
2896,0.260902,0.738866,0.763701,0.503458,0.284745,0.870697,0.956447,0.635324,0.666667,0.645080,0.164811,0.732283
2897,0.288722,0.671053,0.763651,0.491435,0.269610,0.870697,0.956131,0.637105,0.666667,0.643398,0.164811,0.732283
2898,0.262406,0.714575,0.763403,0.487202,0.289380,0.880204,0.956523,0.632790,0.666667,0.648444,0.164811,0.732283
2899,0.265414,0.705466,0.763229,0.491082,0.290123,0.870697,0.956638,0.626010,0.666667,0.640875,0.164811,0.732283
2900,0.270677,0.637652,0.762807,0.518809,0.273298,0.870697,0.956772,0.625613,0.666667,0.637511,0.151448,0.732283
2901,0.238346,0.692308,0.762881,0.536277,0.235729,0.876902,0.956131,0.696001,0.666667,0.652649,0.150334,0.732283
2902,0.242857,0.804656,0.763651,0.437637,0.240057,0.880705,0.955518,0.713669,0.666667,0.667788,0.136971,0.733071
2903,0.290226,0.763158,0.764843,0.418559,0.270814,0.873699,0.956227,0.712368,0.666667,0.675357,0.150056,0.740157
2904,0.265414,0.733806,0.766333,0.383747,0.224077,0.870697,0.956150,0.699877,0.666667,0.673675,0.155345,0.745118
2905,0.254887,0.852227,0.767426,0.408852,0.238470,0.875400,0.956284,0.645665,0.666667,0.652649,0.164811,0.748031
2906,0.256391,0.616397,0.767401,0.482816,0.257318,0.875400,0.957433,0.611012,0.666667,0.637511,0.164811,0.748031
2907,0.260902,0.684211,0.767128,0.516846,0.235012,0.876301,0.956600,0.608821,0.666667,0.634987,0.164811,0.748031
2908,0.221053,0.847166,0.767351,0.509086,0.237368,0.879504,0.957126,0.623695,0.666667,0.640875,0.164811,0.741260
2909,0.244361,0.811741,0.767028,0.501281,0.239596,0.880705,0.955633,0.633886,0.666667,0.645080,0.164811,0.740157
2910,0.264662,0.751012,0.766606,0.489518,0.258675,0.880705,0.956945,0.641487,0.666667,0.645921,0.164811,0.740157
2911,0.242105,0.957490,0.766408,0.484718,0.215038,0.871197,0.954791,0.639638,0.666667,0.645921,0.138920,0.740157
2912,0.230075,0.731781,0.766060,0.475562,0.292427,0.880705,0.956035,0.639638,0.666667,0.642557,0.136971,0.740157
2913,0.263910,0.561741,0.765365,0.474213,0.368255,0.880705,0.956906,0.635461,0.666667,0.641716,0.136971,0.740157
2914,0.239850,0.849190,0.765067,0.481068,0.292581,0.875901,0.958007,0.626147,0.666667,0.639193,0.136971,0.740157
2915,0.249624,0.748988,0.764843,0.490009,0.283848,0.878903,0.958361,0.623750,0.666667,0.638352,0.136971,0.740157
2916,0.249624,0.802632,0.764918,0.493429,0.266972,0.877702,0.956093,0.624709,0.666667,0.634987,0.136971,0.739606
2917,0.268421,0.853239,0.764893,0.494333,0.263336,0.875901,0.956399,0.627311,0.666667,0.637511,0.136971,0.732283
2918,0.233835,0.819838,0.764297,0.495376,0.235243,0.880705,0.957500,0.629434,0.666667,0.638352,0.136971,0.732283
2919,0.263910,0.633603,0.764520,0.491742,0.283157,0.877402,0.954848,0.629914,0.666667,0.635828,0.136971,0.732283
2920,0.258647,0.726721,0.763999,0.483767,0.291275,0.875500,0.958103,0.632653,0.666667,0.638352,0.136971,0.733307
2921,0.249624,0.951417,0.763775,0.485837,0.274988,0.870697,0.955844,0.627928,0.666667,0.637511,0.136971,0.734882
2922,0.260902,0.760121,0.763453,0.485991,0.295859,0.879904,0.955796,0.625599,0.666667,0.638352,0.136971,0.732283
2923,0.246617,0.550607,0.763527,0.492386,0.268227,0.871197,0.956543,0.623134,0.666667,0.634987,0.136971,0.732283
2924,0.252632,0.704453,0.763304,0.492892,0.249251,0.870697,0.956284,0.623134,0.666667,0.634146,0.136971,0.732283
2925,0.276692,0.768219,0.763428,0.490592,0.284975,0.870697,0.954820,0.624777,0.666667,0.635828,0.136971,0.732283
2926,0.261654,0.766194,0.763304,0.487448,0.279290,0.870697,0.958208,0.627394,0.666667,0.634146,0.136971,0.732283
2927,0.263910,0.754049,0.763353,0.488966,0.261313,0.871998,0.956322,0.624367,0.666667,0.636669,0.136971,0.732283
2928,0.260150,0.796559,0.763328,0.493659,0.288356,0.879003,0.956322,0.620600,0.666667,0.634987,0.136971,0.732283
2929,0.242857,0.760121,0.763229,0.493720,0.235064,0.870697,0.956447,0.620121,0.666667,0.636669,0.136971,0.732283
2930,0.225564,0.752024,0.763477,0.495729,0.258086,0.870697,0.955997,0.619984,0.666667,0.634146,0.136971,0.732283
2931,0.244361,0.650810,0.763378,0.492877,0.311276,0.870697,0.956543,0.623339,0.666667,0.635828,0.136971,0.732283
2932,0.246617,0.674089,0.763353,0.488583,0.309022,0.870697,0.954848,0.629092,0.666667,0.633305,0.136971,0.732283
2933,0.263910,0.689271,0.763030,0.480424,0.273246,0.874400,0.956734,0.629160,0.666667,0.637511,0.136971,0.732283
2934,0.253383,0.685223,0.763279,0.487095,0.289150,0.871898,0.957213,0.623476,0.666667,0.635828,0.136971,0.732283
2935,0.254135,0.658907,0.763229,0.490131,0.289175,0.870697,0.956925,0.620463,0.666667,0.636669,0.136971,0.732283
2936,0.220301,0.837045,0.763428,0.491251,0.305257,0.870697,0.956629,0.618600,0.733333,0.634146,0.136971,0.732283
2937,0.244361,0.699393,0.763751,0.475286,0.291506,0.870697,0.955892,0.611916,0.733333,0.634987,0.136971,0.732283
2938,0.242857,0.766194,0.763974,0.509838,0.326820,0.870697,0.957481,0.597384,0.666667,0.633305,0.136971,0.727323
2939,0.257143,0.720648,0.764272,0.519331,0.276319,0.872198,0.954695,0.610670,0.666667,0.633305,0.136971,0.724409
2940,0.250376,0.707490,0.764496,0.501373,0.248150,0.873899,0.956992,0.624572,0.666667,0.636669,0.136971,0.724409
2941,0.257895,0.747976,0.764471,0.492493,0.278880,0.870697,0.955088,0.627174,0.666667,0.638352,0.136971,0.724409
2942,0.266165,0.777328,0.764669,0.490131,0.260237,0.870697,0.955920,0.628065,0.666667,0.636669,0.136971,0.724409
2943,0.250376,0.738866,0.764545,0.487356,0.269712,0.870697,0.956332,0.625668,0.666667,0.635828,0.136971,0.724409
2944,0.265414,0.529352,0.764918,0.489365,0.294988,0.870697,0.955681,0.625668,0.666667,0.634146,0.136971,0.724409
2945,0.235338,0.674089,0.764694,0.490806,0.288945,0.870697,0.956160,0.623819,0.666667,0.634987,0.136971,0.724409
2946,0.230827,0.720648,0.764694,0.493766,0.302389,0.870697,0.956322,0.622517,0.666667,0.634987,0.136971,0.726929
2947,0.239098,0.730769,0.764496,0.496342,0.329253,0.870697,0.956035,0.621970,0.666667,0.631623,0.136971,0.729764
2948,0.252632,0.769231,0.764769,0.498873,0.296679,0.870697,0.953834,0.621559,0.666667,0.636669,0.136971,0.724409
2949,0.221053,0.684211,0.764347,0.496710,0.328075,0.870697,0.955777,0.624230,0.666667,0.631623,0.136971,0.727402
2950,0.227820,0.804656,0.764446,0.495146,0.331481,0.870697,0.956571,0.626147,0.666667,0.632464,0.136971,0.729134
2951,0.233835,0.790486,0.764421,0.487202,0.331276,0.870697,0.957193,0.629023,0.666667,0.636669,0.136971,0.728189
2952,0.227820,0.772267,0.764098,0.487632,0.252170,0.870697,0.957481,0.625503,0.666667,0.635828,0.149777,0.728268
2953,0.244361,0.752024,0.763800,0.489809,0.288356,0.870697,0.956925,0.621079,0.666667,0.631623,0.137528,0.731890
2954,0.260902,0.715587,0.763800,0.492953,0.340188,0.872998,0.957423,0.621764,0.666667,0.632464,0.150056,0.728346
2955,0.258647,0.796559,0.764545,0.493045,0.289278,0.873199,0.956428,0.623819,0.666667,0.632464,0.150056,0.732283
2956,0.227068,0.812753,0.764545,0.496250,0.351840,0.870697,0.955490,0.622654,0.666667,0.632464,0.150891,0.732283
2957,0.243609,0.857287,0.764769,0.494272,0.326487,0.870697,0.956112,0.623819,0.666667,0.633305,0.136971,0.732283
2958,0.228571,0.785425,0.764744,0.492462,0.330969,0.870697,0.955681,0.624983,0.666667,0.631623,0.136971,0.728504
2959,0.264662,0.722672,0.764992,0.492386,0.305795,0.870697,0.955518,0.623408,0.666667,0.632464,0.136971,0.732283
2960,0.242105,0.820850,0.764818,0.490315,0.299854,0.870697,0.956112,0.625051,0.666667,0.632464,0.136971,0.732283
2961,0.254887,0.745951,0.764744,0.485745,0.279572,0.870697,0.955116,0.625147,0.666667,0.630782,0.136971,0.732283
2962,0.279699,0.656883,0.764347,0.508611,0.294835,0.870697,0.956208,0.636146,0.666667,0.636669,0.136971,0.732283
2963,0.255639,0.735830,0.764769,0.465978,0.323747,0.870697,0.955365,0.653267,0.666667,0.645080,0.136971,0.732283
2964,0.249624,0.729757,0.764645,0.458540,0.344055,0.870697,0.956705,0.638871,0.666667,0.640875,0.136971,0.732283
2965,0.262406,0.729757,0.764073,0.480470,0.358370,0.870697,0.956093,0.621627,0.666667,0.633305,0.136971,0.732283
2966,0.257895,0.756073,0.764173,0.493919,0.346821,0.870697,0.957720,0.619641,0.666667,0.634146,0.146715,0.732283
2967,0.240602,0.725709,0.764198,0.497646,0.332454,0.870697,0.957165,0.619093,0.666667,0.632464,0.154232,0.732283
2968,0.260150,0.673077,0.764496,0.498321,0.329253,0.870697,0.955174,0.625051,0.666667,0.635828,0.148107,0.732283
2969,0.266165,0.760121,0.763999,0.496404,0.276550,0.870697,0.956093,0.626558,0.666667,0.636669,0.152840,0.732283
2970,0.269173,0.717611,0.764297,0.493183,0.265103,0.875400,0.956093,0.629366,0.666667,0.635828,0.136971,0.732283
2971,0.250376,0.737854,0.763800,0.488889,0.307357,0.870697,0.955872,0.631968,0.666667,0.639193,0.136971,0.732283
2972,0.251128,0.804656,0.763825,0.516708,0.283157,0.870697,0.958553,0.633612,0.666667,0.637511,0.136971,0.732283
2973,0.238346,0.798583,0.763726,0.486251,0.295629,0.870697,0.956638,0.674976,0.666667,0.645080,0.136971,0.732283
2974,0.227068,0.876518,0.763428,0.432009,0.279905,0.870697,0.957758,0.668470,0.666667,0.654331,0.136971,0.732283
2975,0.281203,0.615385,0.763477,0.447697,0.267612,0.870697,0.954532,0.633228,0.666667,0.642557,0.136971,0.732283
2976,0.263158,0.756073,0.763701,0.495146,0.277677,0.870697,0.955298,0.612519,0.666667,0.636669,0.136971,0.737402
2977,0.260150,0.698381,0.764173,0.501664,0.294553,0.870697,0.956734,0.618545,0.666667,0.633305,0.136971,0.734646
2978,0.235338,0.865385,0.764049,0.495836,0.234961,0.870697,0.955729,0.620805,0.666667,0.631623,0.136971,0.732283
2979,0.230075,0.791498,0.764371,0.494609,0.261876,0.870697,0.956753,0.628544,0.666667,0.633305,0.136971,0.732283
2980,0.265414,0.736842,0.765067,0.489119,0.279521,0.870697,0.954887,0.631968,0.666667,0.638352,0.136971,0.732283
2981,0.270677,0.687247,0.764893,0.485454,0.261313,0.870697,0.955078,0.631557,0.666667,0.639193,0.136971,0.732283
2982,0.260150,0.792510,0.765042,0.488138,0.349843,0.870697,0.955920,0.627654,0.666667,0.640875,0.136971,0.732283
2983,0.215789,0.574899,0.764620,0.489426,0.335630,0.870697,0.956255,0.626900,0.666667,0.636669,0.136971,0.732283
2984,0.237594,0.697368,0.764694,0.494655,0.295116,0.865893,0.956303,0.625257,0.666667,0.635828,0.136971,0.732283
2985,0.273684,0.752024,0.764570,0.494333,0.283183,0.870697,0.955901,0.625462,0.666667,0.636669,0.136971,0.732283
2986,0.248120,0.809717,0.764496,0.486221,0.327973,0.865893,0.956064,0.631352,0.666667,0.637511,0.136971,0.732283
2987,0.224060,0.707490,0.764893,0.486175,0.265769,0.870697,0.956351,0.630051,0.666667,0.639193,0.136971,0.732283
2988,0.244361,0.774291,0.765017,0.487448,0.282927,0.870697,0.957528,0.627585,0.666667,0.635828,0.136971,0.732283
2989,0.223308,0.698381,0.765017,0.491098,0.283003,0.858587,0.956495,0.629517,0.666667,0.639193,0.136971,0.732283
2990,0.254135,0.756073,0.765216,0.456592,0.280699,0.855484,0.955825,0.607383,0.666667,0.637511,0.136971,0.732283
2991,0.271429,0.509109,0.765886,0.525174,0.316039,0.857386,0.956351,0.594302,0.666667,0.630782,0.136971,0.732283
2992,0.279699,0.621457,0.767202,0.501894,0.310046,0.868195,0.956035,0.589714,0.666667,0.628259,0.136971,0.731654
2993,0.254135,0.597166,0.768245,0.561750,0.352403,0.853283,0.955585,0.602657,0.666667,0.625736,0.136971,0.724409
2994,0.223308,0.760121,0.769164,0.495990,0.329893,0.850681,0.955241,0.609560,0.666667,0.640034,0.136971,0.724409
2995,0.259398,0.688259,0.769636,0.554772,0.311762,0.850681,0.956590,0.612861,0.666667,0.631623,0.136971,0.724409
2996,0.248872,0.791498,0.770157,0.534943,0.331481,0.850681,0.956925,0.639364,0.800000,0.637511,0.136971,0.724409
2997,0.254887,0.783401,0.769611,0.498213,0.328203,0.850681,0.956284,0.652376,0.666667,0.642557,0.136971,0.724409
2998,0.226316,0.804656,0.768965,0.485745,0.316986,0.850681,0.956016,0.651897,0.666667,0.639193,0.136971,0.724409
2999,0.272932,0.797571,0.768195,0.487632,0.300417,0.855384,0.956332,0.641624,0.666667,0.643398,0.136971,0.731102
3000,0.257143,0.906883,0.768146,0.492386,0.305923,0.850681,0.956351,0.635598,0.666667,0.634146,0.136971,0.732283
3001,0.283459,0.782389,0.767947,0.501465,0.308203,0.850681,0.957404,0.627859,0.666667,0.635828,0.136971,0.732283
3002,0.282707,0.727733,0.767798,0.503412,0.291557,0.850681,0.956370,0.633297,0.666667,0.632464,0.136971,0.732283
3003,0.239850,0.737854,0.767749,0.500560,0.327230,0.850681,0.956322,0.635324,0.666667,0.635828,0.136971,0.732283
3004,0.282707,0.601215,0.767600,0.500054,0.336961,0.850681,0.956418,0.636694,0.666667,0.636669,0.136971,0.732283
3005,0.248120,0.728745,0.767624,0.494609,0.328946,0.850681,0.955997,0.636625,0.666667,0.637511,0.136971,0.732283
3006,0.240602,0.762146,0.766954,0.459353,0.330047,0.850681,0.955298,0.610464,0.666667,0.637511,0.136971,0.732283
3007,0.239098,0.681174,0.767823,0.541491,0.378985,0.850681,0.954848,0.595124,0.666667,0.625736,0.136971,0.732283
3008,0.230827,0.616397,0.768618,0.563728,0.349484,0.850681,0.955930,0.616217,0.666667,0.638352,0.136971,0.732283
3009,0.244361,0.723684,0.769462,0.530020,0.318523,0.850681,0.956026,0.640131,0.666667,0.636669,0.136971,0.730709
3010,0.251128,0.783401,0.769015,0.501465,0.321289,0.850681,0.956351,0.646624,0.666667,0.637511,0.136971,0.729921
3011,0.221053,0.803644,0.768916,0.504915,0.338344,0.850681,0.957184,0.638063,0.666667,0.634987,0.136971,0.732283
3012,0.216541,0.851215,0.768965,0.505529,0.316781,0.850681,0.956638,0.636968,0.666667,0.630782,0.136971,0.732283
3013,0.231579,0.780364,0.768965,0.507752,0.327460,0.850681,0.956686,0.633132,0.666667,0.633305,0.136971,0.732283
3014,0.272180,0.774291,0.768791,0.509761,0.320520,0.850681,0.957433,0.631557,0.666667,0.634987,0.160078,0.732283
3015,0.260902,0.737854,0.768419,0.516432,0.305181,0.850681,0.954370,0.627517,0.666667,0.638352,0.154510,0.732283
3016,0.289474,0.677126,0.768816,0.522705,0.292351,0.850681,0.956782,0.626626,0.666667,0.630782,0.136971,0.732283
3017,0.231579,0.608300,0.768469,0.522904,0.332889,0.848479,0.956514,0.629777,0.666667,0.629941,0.136971,0.732283
3018,0.262406,0.721660,0.768295,0.519867,0.336654,0.845476,0.956705,0.634913,0.666667,0.635828,0.136971,0.732283
3019,0.274436,0.657895,0.767972,0.535295,0.324899,0.840673,0.956418,0.629845,0.666667,0.639193,0.136971,0.732283
3020,0.312782,0.649798,0.767699,0.536982,0.330072,0.837370,0.956495,0.633338,0.666667,0.635828,0.136971,0.732283
3021,0.281955,0.730769,0.767078,0.506464,0.316090,0.830665,0.956083,0.650322,0.666667,0.638352,0.123051,0.732283
3022,0.234586,0.734818,0.766184,0.481988,0.306666,0.830665,0.956255,0.655938,0.666667,0.642557,0.123886,0.732283
3023,0.286466,0.603239,0.766184,0.470026,0.300648,0.830665,0.955710,0.643953,0.666667,0.637511,0.136971,0.732283
3024,0.278947,0.695344,0.766432,0.503443,0.291070,0.815352,0.957500,0.635447,0.666667,0.634987,0.123608,0.735906
3025,0.242857,0.808704,0.766110,0.506571,0.306589,0.830665,0.957308,0.635735,0.666667,0.632464,0.109131,0.739134
3026,0.257143,0.667004,0.765389,0.504532,0.354068,0.830665,0.956543,0.639419,0.666667,0.635828,0.109131,0.733622
3027,0.242105,0.782389,0.764967,0.497523,0.324899,0.830665,0.957213,0.642172,0.666667,0.634987,0.109131,0.734882
3028,0.251880,0.737854,0.764347,0.499548,0.330585,0.830665,0.955155,0.638132,0.666667,0.635828,0.109131,0.732283
3029,0.278195,0.680162,0.763850,0.496526,0.339010,0.830665,0.956255,0.641487,0.666667,0.636669,0.115535,0.732283
3030,0.300000,0.590081,0.763254,0.495790,0.334247,0.830665,0.956351,0.638200,0.666667,0.636669,0.136971,0.732283
3031,0.315789,0.671053,0.762608,0.499824,0.332864,0.830665,0.956064,0.635050,0.666667,0.631623,0.136971,0.732283
3032,0.215789,0.711538,0.762261,0.502354,0.318318,0.830665,0.956447,0.631626,0.666667,0.634146,0.136971,0.735984
3033,0.279699,0.602227,0.762385,0.523042,0.327486,0.830665,0.956447,0.642104,0.666667,0.636669,0.136971,0.732283
3034,0.273684,0.702429,0.761441,0.492846,0.304771,0.830665,0.956906,0.678948,0.666667,0.650126,0.136971,0.732283
3035,0.287218,0.775304,0.761243,0.437392,0.315988,0.825861,0.956447,0.669018,0.666667,0.649285,0.136971,0.735433
3036,0.242105,0.853239,0.761392,0.457681,0.312812,0.825861,0.956351,0.629845,0.666667,0.639193,0.136971,0.740157
3037,0.263910,0.767206,0.760969,0.498781,0.305770,0.825861,0.955537,0.612861,0.666667,0.631623,0.136971,0.740157
3038,0.266165,0.759109,0.761019,0.502553,0.308433,0.830665,0.956667,0.620257,0.666667,0.633305,0.136971,0.740157
3039,0.263910,0.718623,0.761044,0.496434,0.338216,0.830665,0.957777,0.628873,0.666667,0.633305,0.136971,0.732283
3040,0.250376,0.659919,0.761019,0.492386,0.314246,0.830665,0.955997,0.630804,0.666667,0.633305,0.136971,0.732283
3041,0.226316,0.685223,0.760895,0.489426,0.288637,0.827962,0.955710,0.631146,0.666667,0.634146,0.136971,0.732283
3042,0.266165,0.731781,0.760845,0.488245,0.304079,0.821657,0.955681,0.628544,0.666667,0.635828,0.136971,0.732283
3043,0.227068,0.729757,0.760324,0.492002,0.325770,0.818655,0.956523,0.625531,0.666667,0.635828,0.136971,0.732283
3044,0.263158,0.741903,0.760498,0.520481,0.355015,0.822658,0.956657,0.644295,0.666667,0.632464,0.136971,0.732283
3045,0.235338,0.747976,0.760175,0.469980,0.317883,0.828263,0.956868,0.661361,0.666667,0.643398,0.136971,0.732283
3046,0.248872,0.829960,0.759951,0.463861,0.340931,0.825861,0.957117,0.644912,0.666667,0.640034,0.136971,0.732283
3047,0.246617,0.809717,0.759331,0.485975,0.330533,0.830665,0.955633,0.630311,0.666667,0.634987,0.136971,0.734252
3048,0.227820,0.708502,0.759082,0.503458,0.349868,0.822758,0.955767,0.624188,0.666667,0.631623,0.136971,0.733780
3049,0.251880,0.632591,0.758685,0.501004,0.337730,0.828663,0.955222,0.627791,0.666667,0.635828,0.136971,0.732283
3050,0.218797,0.812753,0.758114,0.498091,0.342314,0.821357,0.956945,0.633338,0.666667,0.638352,0.136971,0.732283
3051,0.246617,0.705466,0.757940,0.493490,0.331583,0.815953,0.956303,0.634982,0.666667,0.640034,0.136971,0.732283
3052,0.231579,0.715587,0.757841,0.490361,0.323952,0.825460,0.956255,0.639091,0.666667,0.641716,0.136971,0.732283
3053,0.269925,0.722672,0.757145,0.494487,0.331379,0.826361,0.956543,0.637789,0.666667,0.639193,0.136971,0.732283
3054,0.281203,0.767206,0.756326,0.490239,0.323747,0.820957,0.957576,0.643610,0.666667,0.640875,0.136971,0.732283
3055,0.239850,0.816802,0.756102,0.481758,0.339317,0.830665,0.959271,0.637830,0.666667,0.639193,0.136971,0.732283
3056,0.251880,0.689271,0.755804,0.484074,0.324464,0.830665,0.957241,0.631489,0.466667,0.636669,0.136971,0.736220
3057,0.230827,0.803644,0.755283,0.491772,0.325028,0.828163,0.957854,0.629503,0.666667,0.635828,0.136971,0.736220
3058,0.245865,0.729757,0.755730,0.492616,0.336372,0.828463,0.956035,0.626216,0.666667,0.632464,0.136971,0.732283
3059,0.253383,0.712551,0.755159,0.497953,0.362365,0.830665,0.956208,0.625462,0.666667,0.632464,0.136971,0.732283
3060,0.250376,0.744939,0.755184,0.501664,0.360265,0.825861,0.956093,0.622038,0.666667,0.633305,0.136971,0.732283
3061,0.221053,0.732794,0.755159,0.499088,0.346385,0.830665,0.956188,0.626832,0.666667,0.632464,0.136971,0.732283
3062,0.242105,0.691296,0.755159,0.496020,0.335681,0.830665,0.955815,0.631256,0.666667,0.635828,0.136971,0.732283
3063,0.259398,0.689271,0.755159,0.498520,0.358063,0.830665,0.956543,0.629955,0.666667,0.633305,0.151169,0.732283
3064,0.233835,0.763158,0.754588,0.500636,0.326257,0.830665,0.956169,0.631420,0.666667,0.636669,0.136971,0.732283
3065,0.251880,0.772267,0.754166,0.493720,0.300417,0.830665,0.957002,0.637926,0.666667,0.637511,0.136971,0.732283
3066,0.228571,0.847166,0.754215,0.477326,0.310251,0.836669,0.956715,0.634913,0.666667,0.637511,0.136971,0.732283
3067,0.236842,0.798583,0.753743,0.487632,0.300469,0.834367,0.956064,0.625599,0.666667,0.632464,0.159800,0.732283
3068,0.239850,0.769231,0.754166,0.499548,0.345566,0.830665,0.956571,0.619915,0.666667,0.634146,0.164811,0.732283
3069,0.258647,0.696356,0.754389,0.498106,0.297165,0.830665,0.956466,0.622312,0.666667,0.634146,0.140590,0.732283
3070,0.268421,0.777328,0.754488,0.498029,0.315527,0.830665,0.956811,0.624503,0.666667,0.636669,0.136971,0.732283
3071,0.222556,0.700405,0.754538,0.497600,0.310840,0.830665,0.957337,0.631900,0.666667,0.637511,0.136971,0.732283
3072,0.254135,0.723684,0.754538,0.496296,0.338600,0.830665,0.955968,0.632653,0.666667,0.638352,0.136971,0.732283
3073,0.241353,0.717611,0.754414,0.498781,0.315143,0.830665,0.955250,0.632585,0.666667,0.640034,0.136971,0.732283
3074,0.240602,0.689271,0.754166,0.495683,0.342211,0.839672,0.956543,0.632995,0.666667,0.635828,0.136971,0.732283
3075,0.256391,0.717611,0.754066,0.496419,0.353889,0.840673,0.956543,0.632516,0.666667,0.634146,0.136971,0.732283
3076,0.245113,0.706478,0.754017,0.494502,0.319394,0.840673,0.956734,0.634639,0.666667,0.637511,0.136971,0.732283
3077,0.230075,0.797571,0.753818,0.502507,0.313119,0.840673,0.956992,0.624435,0.666667,0.634146,0.136971,0.732283
3078,0.242105,0.743927,0.753644,0.501848,0.338754,0.846377,0.955681,0.623956,0.666667,0.635828,0.136971,0.732283
3079,0.268421,0.676113,0.753272,0.495637,0.306410,0.850681,0.956782,0.627243,0.666667,0.638352,0.154510,0.732283
3080,0.239850,0.684211,0.753619,0.488675,0.290097,0.850681,0.955777,0.630393,0.666667,0.635828,0.151726,0.732283
3081,0.252632,0.728745,0.753222,0.488291,0.306615,0.850681,0.954982,0.629434,0.666667,0.638352,0.164811,0.732283
3082,0.248120,0.786437,0.753371,0.490346,0.338190,0.850681,0.956447,0.625846,0.666667,0.634987,0.158686,0.732283
3083,0.241353,0.737854,0.753868,0.492263,0.341853,0.861689,0.955997,0.624503,0.666667,0.636669,0.157294,0.732283
3084,0.200000,0.756073,0.753421,0.493981,0.301058,0.854784,0.955930,0.623490,0.666667,0.633305,0.156459,0.732283
3085,0.242105,0.679150,0.753321,0.493168,0.315578,0.850681,0.956150,0.627380,0.666667,0.634146,0.136971,0.732283
3086,0.245865,0.739879,0.753272,0.493889,0.319752,0.850681,0.956246,0.628215,0.666667,0.634987,0.136971,0.732283
3087,0.226316,0.740891,0.753272,0.493153,0.329970,0.850681,0.956753,0.630256,0.666667,0.638352,0.136971,0.732283
3088,0.260902,0.562753,0.752924,0.492892,0.339138,0.850681,0.956284,0.630462,0.666667,0.638352,0.136971,0.732283
3089,0.247368,0.759109,0.752725,0.490315,0.347051,0.850681,0.956878,0.630325,0.666667,0.640034,0.136971,0.732283
3090,0.258647,0.767206,0.752452,0.487969,0.308177,0.850681,0.957146,0.631968,0.666667,0.640875,0.136971,0.732283
3091,0.230075,0.722672,0.752005,0.485868,0.343210,0.850681,0.957978,0.631215,0.666667,0.636669,0.149499,0.732283
3092,0.251880,0.754049,0.752030,0.488935,0.347512,0.850681,0.956112,0.627448,0.666667,0.635828,0.136971,0.732283
3093,0.273684,0.712551,0.751484,0.491926,0.328715,0.850681,0.956160,0.626695,0.666667,0.634146,0.136971,0.732283
3094,0.243609,0.774291,0.751310,0.498060,0.321929,0.850681,0.955892,0.625462,0.666667,0.636669,0.136971,0.732283
3095,0.245865,0.807692,0.751633,0.498029,0.388691,0.850681,0.957012,0.628010,0.666667,0.635828,0.136971,0.732283
3096,0.260150,0.651822,0.751409,0.497247,0.358165,0.850681,0.957720,0.631009,0.666667,0.638352,0.136971,0.732283
3097,0.277444,0.700405,0.751186,0.491726,0.357039,0.850681,0.956782,0.630051,0.666667,0.638352,0.136971,0.732283
3098,0.254887,0.843117,0.750888,0.489365,0.340290,0.850681,0.956418,0.631968,0.666667,0.635828,0.136971,0.732283
3099,0.259398,0.673077,0.750863,0.489809,0.327127,0.850681,0.954389,0.627037,0.666667,0.634146,0.136971,0.732283
3100,0.254887,0.781377,0.750987,0.488398,0.370048,0.850681,0.956705,0.624640,0.666667,0.635828,0.136971,0.732283
3101,0.209023,0.789474,0.750813,0.497830,0.378166,0.850681,0.957050,0.621559,0.666667,0.634146,0.136971,0.732283
3102,0.245113,0.741903,0.751161,0.501495,0.361034,0.850681,0.957883,0.619586,0.666667,0.634146,0.136971,0.732283
3103,0.238346,0.732794,0.751012,0.498796,0.323926,0.850681,0.956026,0.624599,0.666667,0.634987,0.136971,0.732283
3104,0.240602,0.674089,0.751037,0.495484,0.376424,0.850681,0.956543,0.625462,0.666667,0.634987,0.136971,0.732283
3105,0.282707,0.694332,0.750962,0.491082,0.374453,0.850681,0.955269,0.629571,0.666667,0.639193,0.136971,0.732283
3106,0.237594,0.798583,0.750565,0.490929,0.354119,0.850681,0.956830,0.628886,0.666667,0.639193,0.136971,0.732283
3107,0.233083,0.764170,0.750813,0.498029,0.378550,0.850681,0.956801,0.625394,0.666667,0.637511,0.136971,0.732283
3108,0.255639,0.720648,0.750888,0.497370,0.360368,0.850681,0.957500,0.626558,0.666667,0.637511,0.136971,0.732283
3109,0.233835,0.804656,0.750490,0.498811,0.344567,0.850681,0.957777,0.627106,0.666667,0.637511,0.136971,0.732283
3110,0.251128,0.706478,0.750664,0.495100,0.349612,0.850681,0.957567,0.625942,0.666667,0.637511,0.136971,0.732283
3111,0.219549,0.798583,0.750366,0.490361,0.361008,0.850681,0.956715,0.628339,0.666667,0.637511,0.136971,0.732283
3112,0.227068,0.831984,0.750739,0.485454,0.335655,0.850681,0.955269,0.625531,0.666667,0.635828,0.136971,0.732283
3113,0.221053,0.744939,0.751136,0.488966,0.339445,0.850681,0.957356,0.619025,0.666667,0.634987,0.136971,0.732283
3114,0.231579,0.701417,0.751086,0.494180,0.353863,0.850681,0.956313,0.617984,0.666667,0.632464,0.136971,0.732283
3115,0.222556,0.684211,0.750888,0.496741,0.360240,0.850681,0.955738,0.616327,0.666667,0.634146,0.136971,0.732283
3116,0.221053,0.883603,0.751658,0.499502,0.363338,0.850681,0.956351,0.616587,0.666667,0.633305,0.136971,0.732283
3117,0.224060,0.779352,0.751856,0.496879,0.346155,0.850681,0.955107,0.620271,0.666667,0.632464,0.136971,0.731969
3118,0.230827,0.816802,0.752378,0.497140,0.332966,0.850681,0.957337,0.618203,0.666667,0.635828,0.136971,0.728583
3119,0.224812,0.736842,0.752576,0.494073,0.337115,0.850681,0.955174,0.620668,0.666667,0.633305,0.136971,0.731654
3120,0.243609,0.720648,0.752626,0.496358,0.341699,0.850681,0.955681,0.621285,0.666667,0.633305,0.136971,0.725354
3121,0.230827,0.623482,0.752750,0.496189,0.335066,0.851882,0.957500,0.622709,0.666667,0.634146,0.136971,0.732283
3122,0.234586,0.750000,0.752651,0.494349,0.357679,0.865793,0.957251,0.622271,0.666667,0.635828,0.136971,0.731181
3123,0.236090,0.775304,0.752800,0.500498,0.353197,0.864592,0.956150,0.619929,0.666667,0.636669,0.136971,0.729213
3124,0.248872,0.704453,0.752353,0.494548,0.341135,0.867994,0.955911,0.629256,0.666667,0.633305,0.136971,0.732283
3125,0.240602,0.812753,0.753098,0.491818,0.370048,0.865893,0.956112,0.628749,0.666667,0.638352,0.136971,0.732283
3126,0.249624,0.744939,0.752353,0.491834,0.403493,0.870697,0.956466,0.630311,0.666667,0.638352,0.136971,0.732283
3127,0.254887,0.761134,0.752229,0.494379,0.367641,0.870697,0.955710,0.626010,0.666667,0.635828,0.150056,0.732283
3128,0.248872,0.827935,0.752353,0.499594,0.378832,0.860388,0.956131,0.621285,0.666667,0.638352,0.159243,0.732283
3129,0.235338,0.745951,0.751732,0.503458,0.362007,0.850681,0.957184,0.621285,0.666667,0.636669,0.141704,0.732283
3130,0.242857,0.698381,0.751782,0.501158,0.367257,0.850681,0.956610,0.624298,0.666667,0.636669,0.136971,0.732283
3131,0.226316,0.728745,0.751260,0.498152,0.346897,0.850681,0.957241,0.625010,0.666667,0.639193,0.136971,0.732283
3132,0.242105,0.745951,0.751310,0.494487,0.350918,0.850681,0.955585,0.626353,0.666667,0.640034,0.136971,0.732283
3133,0.241353,0.670040,0.751807,0.492079,0.326948,0.850681,0.956973,0.625325,0.666667,0.636669,0.136971,0.732283
3134,0.269173,0.727733,0.751658,0.492079,0.381393,0.850681,0.956897,0.627174,0.666667,0.638352,0.136971,0.732283
3135,0.247368,0.845142,0.751707,0.488736,0.387769,0.850681,0.956543,0.628065,0.666667,0.638352,0.136971,0.732283
3136,0.234586,0.807692,0.751533,0.491926,0.347358,0.850681,0.957471,0.623065,0.666667,0.638352,0.136971,0.732283
3137,0.234586,0.810729,0.751533,0.498566,0.355733,0.850681,0.956992,0.622312,0.666667,0.638352,0.136971,0.732283
3138,0.245113,0.733806,0.751409,0.500866,0.344695,0.850681,0.956543,0.621011,0.666667,0.634146,0.136971,0.732283
3139,0.236090,0.740891,0.751310,0.497186,0.358447,0.850681,0.956418,0.624805,0.666667,0.636669,0.136971,0.732283
3140,0.252632,0.659919,0.751235,0.496956,0.368588,0.850681,0.955758,0.626490,0.666667,0.635828,0.136971,0.732283
3141,0.260150,0.676113,0.751062,0.501311,0.370919,0.850681,0.956083,0.629640,0.666667,0.636669,0.136971,0.732283
3142,0.265414,0.701417,0.751037,0.486988,0.396399,0.850681,0.955346,0.633886,0.666667,0.640034,0.136971,0.732283
3143,0.239850,0.674089,0.750565,0.492263,0.352557,0.850681,0.956638,0.626216,0.666667,0.637511,0.136971,0.732283
3144,0.227820,0.740891,0.750565,0.502921,0.369945,0.850681,0.955174,0.617381,0.666667,0.636669,0.136971,0.732283
3145,0.191729,0.753036,0.750366,0.500268,0.377551,0.850681,0.956112,0.621011,0.666667,0.635828,0.136971,0.732283
3146,0.223308,0.846154,0.750416,0.498520,0.386668,0.850681,0.956724,0.621737,0.666667,0.636669,0.136971,0.732283
3147,0.258647,0.763158,0.750391,0.493858,0.362596,0.850681,0.955585,0.624476,0.666667,0.637511,0.136971,0.732283
3148,0.270677,0.674089,0.749969,0.485914,0.366309,0.850681,0.955844,0.629475,0.666667,0.641716,0.158686,0.732283
3149,0.270677,0.805668,0.750366,0.485055,0.379523,0.850681,0.956064,0.626243,0.666667,0.640034,0.164811,0.732283
3150,0.251128,0.739879,0.750391,0.491450,0.361469,0.850681,0.955537,0.618751,0.666667,0.634987,0.164811,0.732283
3151,0.206767,0.823887,0.750292,0.495560,0.337601,0.850681,0.958333,0.620463,0.666667,0.634146,0.164811,0.732283
3152,0.235338,0.661943,0.750540,0.493536,0.340444,0.850681,0.955681,0.618682,0.666667,0.633305,0.164811,0.732283
3153,0.251880,0.645749,0.750466,0.498443,0.349586,0.850681,0.955805,0.617587,0.666667,0.637511,0.164811,0.732283
3154,0.208271,0.738866,0.750416,0.498520,0.361059,0.850681,0.954628,0.622572,0.666667,0.634987,0.164811,0.732283
3155,0.233083,0.718623,0.750242,0.497876,0.319701,0.850681,0.956083,0.622928,0.666667,0.636669,0.164811,0.732283
3156,0.231579,0.799595,0.750962,0.491435,0.339881,0.850681,0.955997,0.626353,0.666667,0.638352,0.164811,0.732283
3157,0.237594,0.815789,0.750788,0.492539,0.354785,0.850681,0.955633,0.627380,0.666667,0.640034,0.164811,0.732283
3158,0.206015,0.781377,0.750292,0.489549,0.364312,0.850681,0.957998,0.625051,0.666667,0.641716,0.164811,0.732283
3159,0.226316,0.709514,0.750317,0.492309,0.361827,0.850681,0.956878,0.618614,0.666667,0.639193,0.164811,0.732283
3160,0.239850,0.652834,0.750441,0.494563,0.334810,0.850681,0.957835,0.618682,0.666667,0.634146,0.164811,0.732283
3161,0.214286,0.729757,0.750639,0.491389,0.332608,0.850681,0.956715,0.616833,0.666667,0.637511,0.164811,0.732283
3162,0.190226,0.859312,0.750987,0.493873,0.356859,0.850681,0.956112,0.618682,0.666667,0.633305,0.164811,0.732283
3163,0.226316,0.614372,0.751186,0.489119,0.370048,0.850681,0.955853,0.623476,0.666667,0.634987,0.164811,0.732283
3164,0.235338,0.818826,0.751335,0.491696,0.364670,0.850681,0.955346,0.618408,0.666667,0.634987,0.164811,0.732283
3165,0.218797,0.776316,0.751807,0.522413,0.358217,0.846477,0.956399,0.605260,0.666667,0.635828,0.164811,0.732283
3166,0.232331,0.653846,0.751360,0.577990,0.338114,0.849980,0.956179,0.606629,0.666667,0.633305,0.164811,0.732283
3167,0.248872,0.643725,0.750788,0.540387,0.322108,0.845677,0.956236,0.658540,0.666667,0.645080,0.164811,0.732283
3168,0.259398,0.716599,0.751384,0.439707,0.352992,0.845376,0.958811,0.678195,0.666667,0.655172,0.164811,0.732283
3169,0.243609,0.664980,0.753495,0.403208,0.335783,0.840673,0.956322,0.653061,0.666667,0.649285,0.164811,0.732283
3170,0.260150,0.792510,0.754737,0.440045,0.328331,0.840673,0.958457,0.615738,0.666667,0.639193,0.164811,0.738976
3171,0.221805,0.737854,0.754563,0.479350,0.336065,0.840673,0.957624,0.606903,0.666667,0.628259,0.164811,0.740157
3172,0.249624,0.619433,0.754290,0.493122,0.335732,0.840673,0.956370,0.609163,0.666667,0.634146,0.164811,0.732913
3173,0.233835,0.771255,0.754141,0.491343,0.327358,0.840673,0.956801,0.619641,0.666667,0.633305,0.164811,0.732283
3174,0.257143,0.795547,0.753570,0.483154,0.318805,0.844976,0.956744,0.629434,0.666667,0.638352,0.164811,0.732283
3175,0.263910,0.668016,0.753868,0.474596,0.309304,0.843975,0.955327,0.629434,0.500000,0.642557,0.164811,0.732283
3176,0.249624,0.659919,0.753992,0.473446,0.359343,0.845877,0.954657,0.625531,0.666667,0.637511,0.164811,0.732283
3177,0.256391,0.823887,0.753967,0.478001,0.343748,0.841873,0.958103,0.618477,0.666667,0.636669,0.164811,0.732283
3178,0.245113,0.764170,0.753793,0.488214,0.335143,0.849980,0.956294,0.612793,0.666667,0.632464,0.164811,0.732283
3179,0.209774,0.721660,0.754464,0.493367,0.340777,0.845777,0.954810,0.612861,0.666667,0.634987,0.170935,0.732283
3180,0.203759,0.774291,0.753868,0.493291,0.331455,0.850681,0.955987,0.618326,0.666667,0.634146,0.192650,0.732283
3181,0.218797,0.806680,0.754066,0.484212,0.326180,0.849980,0.956543,0.623339,0.666667,0.635828,0.192650,0.732283
3182,0.233835,0.747976,0.754339,0.480301,0.272325,0.846677,0.955356,0.623764,0.666667,0.635828,0.192650,0.732283
3183,0.239098,0.765182,0.754960,0.478170,0.329816,0.849179,0.956370,0.621422,0.666667,0.637511,0.192650,0.732283
3184,0.234586,0.787449,0.755457,0.478783,0.343210,0.847378,0.956227,0.617724,0.666667,0.636669,0.192650,0.732283
3185,0.236090,0.676113,0.755482,0.487632,0.292351,0.850681,0.957452,0.615464,0.666667,0.634146,0.192650,0.732283
3186,0.239098,0.698381,0.755581,0.490331,0.322492,0.845977,0.957385,0.616518,0.666667,0.632464,0.192650,0.732283
3187,0.203759,0.618421,0.755407,0.488859,0.343594,0.850681,0.955872,0.622997,0.666667,0.635828,0.192650,0.732283
3188,0.232331,0.687247,0.755357,0.485071,0.308433,0.850681,0.956236,0.622380,0.666667,0.633305,0.192650,0.732283
3189,0.228571,0.775304,0.755159,0.483644,0.316397,0.850681,0.958476,0.624435,0.666667,0.634987,0.192650,0.732283
3190,0.216541,0.750000,0.755382,0.482678,0.338139,0.850681,0.955825,0.623339,0.666667,0.638352,0.192650,0.732283
3191,0.264662,0.663968,0.755556,0.488782,0.344465,0.850681,0.957404,0.619984,0.666667,0.635828,0.192650,0.735669
3192,0.250376,0.688259,0.755283,0.496480,0.318267,0.850681,0.956188,0.619915,0.666667,0.637511,0.192650,0.732677
3193,0.240602,0.766194,0.754960,0.497477,0.340034,0.850681,0.957050,0.623271,0.666667,0.639193,0.192650,0.736063
3194,0.252632,0.726721,0.755010,0.493950,0.359369,0.850681,0.958620,0.623682,0.666667,0.640034,0.192650,0.736220
3195,0.251880,0.770243,0.755159,0.490515,0.339240,0.850681,0.956954,0.625668,0.666667,0.639193,0.192650,0.736220
3196,0.213534,0.694332,0.755134,0.486374,0.322339,0.850681,0.957471,0.626832,0.666667,0.640875,0.192650,0.736772
3197,0.258647,0.735830,0.755333,0.483384,0.343261,0.850681,0.955585,0.624640,0.666667,0.639193,0.192650,0.740157
3198,0.258647,0.789474,0.755059,0.487938,0.336603,0.850681,0.955997,0.620531,0.666667,0.640034,0.192650,0.740157
3199,0.244361,0.688259,0.755159,0.497401,0.347461,0.850681,0.955844,0.619573,0.666667,0.637511,0.192650,0.740157
3200,0.194737,0.835020,0.754488,0.496603,0.345694,0.850681,0.956954,0.621970,0.666667,0.636669,0.192650,0.740157
3201,0.231579,0.659919,0.754588,0.495330,0.309893,0.850681,0.955901,0.624230,0.666667,0.640034,0.192650,0.740157
3202,0.241353,0.692308,0.755084,0.489978,0.306282,0.850681,0.956255,0.628613,0.666667,0.640034,0.192650,0.740157
3203,0.249624,0.668016,0.755184,0.481313,0.318088,0.850681,0.956370,0.626147,0.666667,0.640034,0.192650,0.740157
3204,0.245113,0.733806,0.754910,0.487739,0.323132,0.850681,0.957471,0.603753,0.666667,0.640034,0.185134,0.740157
3205,0.252632,0.691296,0.754861,0.527781,0.326180,0.850681,0.955566,0.607588,0.666667,0.637511,0.186526,0.740157
3206,0.251880,0.713563,0.754737,0.518027,0.314886,0.850681,0.954867,0.625051,0.666667,0.640034,0.192650,0.737953
3207,0.247368,0.745951,0.754761,0.485975,0.300315,0.850681,0.956322,0.632448,0.666667,0.640875,0.192650,0.738740
3208,0.223308,0.753036,0.754215,0.495192,0.320111,0.850681,0.955930,0.624243,0.666667,0.645080,0.192650,0.740157
3209,0.255639,0.628543,0.754190,0.496020,0.313888,0.850681,0.955968,0.622449,0.666667,0.640034,0.192650,0.740157
3210,0.221053,0.760121,0.753818,0.498781,0.298881,0.850681,0.957117,0.625942,0.666667,0.640034,0.192650,0.740157
3211,0.285714,0.709514,0.753570,0.498919,0.291582,0.850681,0.956925,0.624188,0.666667,0.640034,0.192650,0.740157
3212,0.242857,0.752024,0.753570,0.494379,0.329381,0.850681,0.956906,0.626325,0.666667,0.639193,0.192650,0.740157
3213,0.212782,0.691296,0.753371,0.495652,0.338882,0.850681,0.956906,0.625257,0.666667,0.637511,0.178731,0.740157
3214,0.245113,0.837045,0.753495,0.495453,0.335194,0.850681,0.956179,0.622586,0.666667,0.638352,0.192650,0.740157
3215,0.225564,0.681174,0.752899,0.495836,0.340546,0.850681,0.957662,0.622997,0.666667,0.638352,0.192650,0.740157
3216,0.272180,0.703441,0.752924,0.496526,0.331455,0.850681,0.956093,0.621627,0.666667,0.640034,0.192650,0.740157
3217,0.260902,0.765182,0.753545,0.500422,0.304694,0.850681,0.956035,0.620764,0.666667,0.638352,0.192650,0.740157
3218,0.255639,0.783401,0.753222,0.497646,0.299265,0.850681,0.957213,0.623956,0.666667,0.637511,0.192650,0.740157
3219,0.248872,0.671053,0.752626,0.495499,0.330687,0.850681,0.955777,0.626353,0.666667,0.640875,0.192650,0.740157
3220,0.238346,0.675101,0.753023,0.492693,0.298958,0.855484,0.955968,0.622997,0.666667,0.637511,0.192650,0.740157
3221,0.221053,0.722672,0.752998,0.493505,0.335706,0.850681,0.955461,0.621148,0.666667,0.639193,0.192650,0.740157
3222,0.236090,0.765182,0.752849,0.497094,0.337473,0.850681,0.955585,0.618203,0.666667,0.638352,0.192650,0.740157
3223,0.212030,0.817814,0.752800,0.492892,0.344644,0.850681,0.956035,0.612176,0.666667,0.640875,0.192650,0.740157
3224,0.235338,0.699393,0.752899,0.506679,0.324080,0.850681,0.956399,0.612656,0.666667,0.637511,0.192650,0.740157
3225,0.232331,0.717611,0.752700,0.505636,0.346616,0.850681,0.955375,0.619258,0.666667,0.637511,0.192650,0.740157
3226,0.224060,0.684211,0.753296,0.498198,0.316269,0.850681,0.955758,0.623928,0.666667,0.640034,0.192650,0.740157
3227,0.233083,0.678138,0.753197,0.494717,0.312991,0.850681,0.957002,0.621764,0.666667,0.640034,0.192650,0.740157
3228,0.260150,0.821862,0.752924,0.493643,0.322441,0.850681,0.956992,0.621079,0.666667,0.639193,0.192650,0.740157
3229,0.235338,0.737854,0.752899,0.494333,0.339420,0.855384,0.957576,0.620874,0.666667,0.639193,0.192650,0.740157
3230,0.231579,0.721660,0.753023,0.490162,0.318728,0.850681,0.955681,0.621490,0.666667,0.639193,0.192650,0.740157
3231,0.231579,0.713563,0.752974,0.492892,0.334631,0.850681,0.955758,0.617039,0.666667,0.635828,0.192650,0.740157
3232,0.227820,0.738866,0.753048,0.497171,0.313247,0.850681,0.956590,0.616765,0.666667,0.639193,0.192650,0.740157
3233,0.248120,0.733806,0.753222,0.496557,0.323721,0.850681,0.957050,0.618135,0.666667,0.640034,0.192650,0.740157
3234,0.230075,0.778340,0.753719,0.499011,0.337883,0.850681,0.955614,0.620257,0.666667,0.636669,0.192650,0.740157
3235,0.216541,0.796559,0.753743,0.495744,0.342826,0.850681,0.956236,0.621189,0.666667,0.639193,0.192650,0.740157
3236,0.235338,0.766194,0.753669,0.492340,0.309150,0.850681,0.955394,0.620668,0.666667,0.636669,0.192650,0.740157
3237,0.222556,0.750000,0.753942,0.494502,0.299086,0.850681,0.956351,0.619011,0.666667,0.636669,0.192650,0.740157
3238,0.217293,0.723684,0.753942,0.497263,0.292658,0.850681,0.956246,0.618463,0.666667,0.636669,0.192650,0.740157
3239,0.251880,0.694332,0.753917,0.495606,0.309611,0.850681,0.955940,0.619641,0.666667,0.639193,0.192650,0.740157
3240,0.228571,0.745951,0.753892,0.491849,0.305181,0.850681,0.955260,0.619970,0.666667,0.638352,0.192650,0.740157
3241,0.220301,0.722672,0.754041,0.495146,0.292197,0.854183,0.955968,0.616765,0.666667,0.637511,0.192650,0.740157
3242,0.224812,0.714575,0.754091,0.501097,0.296627,0.856886,0.956466,0.615395,0.666667,0.639193,0.192650,0.740157
3243,0.214286,0.744939,0.754041,0.502323,0.299854,0.850681,0.955872,0.617313,0.666667,0.639193,0.192650,0.740157
3244,0.226316,0.724696,0.754240,0.498796,0.305360,0.850681,0.956399,0.620189,0.666667,0.635828,0.192650,0.740157
3245,0.242105,0.704453,0.754563,0.493843,0.334554,0.850681,0.956715,0.619573,0.666667,0.639193,0.192650,0.740157
3246,0.229323,0.803644,0.754687,0.490975,0.315373,0.850681,0.955030,0.619847,0.666667,0.637511,0.206013,0.740157
3247,0.229323,0.690283,0.755059,0.492616,0.302978,0.850681,0.957768,0.614505,0.666667,0.636669,0.192650,0.740157
3248,0.227068,0.693320,0.755333,0.499272,0.304643,0.850681,0.956064,0.615053,0.666667,0.634146,0.192650,0.740157
3249,0.244361,0.664980,0.756053,0.498750,0.313350,0.857486,0.956227,0.617724,0.666667,0.640875,0.215479,0.740157
3250,0.231579,0.718623,0.756351,0.500406,0.289918,0.853383,0.956227,0.617381,0.666667,0.636669,0.196826,0.740157
3251,0.239850,0.737854,0.756102,0.500897,0.319803,0.850681,0.956428,0.617107,0.666667,0.639193,0.216871,0.740157
3252,0.238346,0.720648,0.756425,0.497937,0.305462,0.850681,0.955652,0.619984,0.666667,0.638352,0.220490,0.740157
3253,0.269173,0.720648,0.756698,0.494425,0.300827,0.850681,0.956351,0.619778,0.666667,0.635828,0.220490,0.740157
3254,0.239850,0.770243,0.757170,0.492999,0.312940,0.850681,0.956447,0.619025,0.666667,0.634987,0.220490,0.740157
3255,0.215038,0.779352,0.757096,0.490730,0.296883,0.850681,0.956093,0.621874,0.666667,0.640875,0.220490,0.740157
3256,0.246617,0.628543,0.757667,0.489855,0.302236,0.850681,0.957241,0.616559,0.666667,0.639193,0.220490,0.740157
3257,0.239098,0.685223,0.757642,0.503382,0.317473,0.850681,0.956112,0.611423,0.666667,0.640875,0.219933,0.740157
3258,0.253383,0.682186,0.757741,0.500437,0.321161,0.850681,0.955557,0.607054,0.666667,0.634146,0.192650,0.740157
3259,0.237594,0.742915,0.758586,0.506648,0.314323,0.850681,0.957758,0.611218,0.666667,0.637511,0.192650,0.740157
3260,0.233083,0.677126,0.758735,0.501434,0.299521,0.850681,0.956476,0.619299,0.666667,0.640034,0.192650,0.740157
3261,0.217293,0.739879,0.759132,0.500483,0.291557,0.850681,0.958074,0.618819,0.666667,0.639193,0.192650,0.740157
3262,0.227068,0.752024,0.759728,0.494379,0.312377,0.850681,0.955920,0.619573,0.666667,0.641716,0.192650,0.740157
3263,0.218797,0.707490,0.760324,0.497861,0.290788,0.850681,0.957050,0.620531,0.666667,0.640034,0.192650,0.740157
3264,0.203759,0.733806,0.760696,0.492324,0.316397,0.850681,0.957002,0.625996,0.666667,0.642557,0.192650,0.740157
3265,0.257895,0.809717,0.760671,0.498811,0.346257,0.855584,0.957404,0.620011,0.666667,0.641716,0.192650,0.740157
3266,0.221053,0.682186,0.760473,0.500084,0.335374,0.855484,0.954370,0.618545,0.666667,0.639193,0.192650,0.740157
3267,0.236842,0.786437,0.761094,0.502584,0.305155,0.850681,0.955959,0.617573,0.666667,0.641716,0.192650,0.740157
3268,0.238346,0.674089,0.761590,0.501557,0.323337,0.850681,0.956035,0.620121,0.666667,0.640875,0.192650,0.740157
3269,0.222556,0.790486,0.761988,0.494870,0.287434,0.855384,0.957375,0.622586,0.666667,0.642557,0.192650,0.740157
3270,0.238346,0.768219,0.761888,0.496358,0.271710,0.850881,0.957528,0.619162,0.666667,0.642557,0.192650,0.740157
3271,0.249624,0.787449,0.762310,0.497339,0.294194,0.855384,0.956093,0.619573,0.666667,0.642557,0.192650,0.740157
3272,0.221053,0.774291,0.761690,0.495407,0.294604,0.850681,0.955585,0.621422,0.666667,0.642557,0.192650,0.740157
3273,0.203008,0.848178,0.761367,0.497723,0.309304,0.850681,0.955585,0.619504,0.666667,0.641716,0.192650,0.740157
3274,0.231579,0.708502,0.761516,0.496710,0.331660,0.850681,0.955872,0.620463,0.666667,0.645080,0.192650,0.740157
3275,0.227820,0.722672,0.761640,0.480976,0.291838,0.850681,0.956973,0.609643,0.666667,0.641716,0.192650,0.740157
3276,0.238346,0.702429,0.761863,0.517276,0.292607,0.850681,0.954791,0.607109,0.666667,0.639193,0.192650,0.740157
3277,0.248872,0.664980,0.761988,0.520159,0.282158,0.850681,0.956351,0.616299,0.666667,0.640875,0.192650,0.740157
3278,0.245113,0.771255,0.762186,0.500774,0.325053,0.850681,0.955518,0.628202,0.666667,0.644239,0.192650,0.740157
3279,0.252632,0.793522,0.762310,0.492585,0.313452,0.850681,0.957911,0.626900,0.666667,0.646762,0.192650,0.740157
3280,0.232331,0.720648,0.762161,0.487417,0.305565,0.850681,0.955585,0.626900,0.666667,0.644239,0.192650,0.740157
3281,0.231579,0.720648,0.762012,0.487785,0.289457,0.850681,0.955490,0.621353,0.666667,0.642557,0.206570,0.740157
3282,0.233083,0.835020,0.762360,0.493889,0.312249,0.850681,0.955413,0.615738,0.666667,0.645921,0.212138,0.740157
3283,0.249624,0.737854,0.761963,0.501281,0.318036,0.850681,0.956284,0.615121,0.666667,0.642557,0.220490,0.740157
3284,0.242857,0.741903,0.762286,0.505452,0.319137,0.850681,0.956083,0.615738,0.666667,0.641716,0.220490,0.740157
3285,0.231579,0.757085,0.762211,0.502584,0.330277,0.850681,0.954705,0.617929,0.666667,0.643398,0.220490,0.740157
3286,0.245113,0.739879,0.762534,0.500897,0.309406,0.850681,0.956476,0.622928,0.666667,0.641716,0.220490,0.740157
3287,0.229323,0.756073,0.761839,0.494947,0.334247,0.850681,0.956734,0.621668,0.666667,0.643398,0.220490,0.740157
3288,0.229323,0.722672,0.762559,0.489503,0.328510,0.850681,0.956811,0.622997,0.666667,0.643398,0.220490,0.740157
3289,0.221805,0.750000,0.762807,0.490392,0.308407,0.850681,0.955490,0.619299,0.666667,0.642557,0.220490,0.740157
3290,0.213534,0.767206,0.762782,0.496266,0.304105,0.850681,0.955537,0.613409,0.666667,0.643398,0.220490,0.740157
3291,0.218045,0.793522,0.762956,0.501848,0.317703,0.856986,0.956112,0.613067,0.666667,0.640875,0.220490,0.740157
3292,0.221053,0.670040,0.763155,0.501863,0.301263,0.857486,0.957375,0.616559,0.666667,0.642557,0.220490,0.740157
3293,0.227820,0.707490,0.763155,0.500958,0.327358,0.855885,0.954858,0.615203,0.666667,0.645921,0.220490,0.740157
3294,0.238346,0.728745,0.763080,0.502185,0.323491,0.869696,0.954245,0.616217,0.666667,0.640034,0.220490,0.740157
3295,0.224060,0.756073,0.763179,0.497033,0.304668,0.870697,0.957950,0.618271,0.666667,0.644239,0.220490,0.740157
3296,0.216541,0.717611,0.763651,0.495192,0.312044,0.870697,0.956284,0.619025,0.666667,0.643398,0.220490,0.740157
3297,0.232331,0.750000,0.763800,0.494333,0.298292,0.871197,0.955394,0.615532,0.666667,0.642557,0.220490,0.740157
3298,0.228571,0.702429,0.764024,0.500054,0.342570,0.875100,0.954360,0.611724,0.666667,0.639193,0.220490,0.740157
3299,0.230075,0.719636,0.764471,0.501863,0.321417,0.875500,0.956992,0.615943,0.666667,0.640875,0.220490,0.740157
3300,0.229323,0.651822,0.764868,0.498259,0.323414,0.870697,0.956657,0.615738,0.666667,0.640875,0.220490,0.740157
3301,0.228571,0.773279,0.764843,0.498566,0.329944,0.875400,0.955461,0.618682,0.666667,0.644239,0.220490,0.740157
3302,0.230827,0.784413,0.765092,0.495760,0.339548,0.870697,0.953910,0.620463,0.933333,0.645080,0.220490,0.740157
3303,0.249624,0.724696,0.765340,0.493843,0.327076,0.870697,0.956878,0.619162,0.700000,0.645921,0.220490,0.740157
3304,0.232331,0.739879,0.765017,0.495100,0.329996,0.870697,0.956801,0.618135,0.666667,0.644239,0.220490,0.740157
3305,0.232331,0.703441,0.764545,0.501695,0.289687,0.874400,0.956428,0.616381,0.666667,0.640034,0.220490,0.740157
3306,0.224060,0.747976,0.764769,0.497416,0.345284,0.872098,0.956964,0.618847,0.666667,0.642557,0.220490,0.740157
3307,0.212030,0.755061,0.765067,0.494655,0.331327,0.875500,0.954944,0.620121,0.666667,0.644239,0.220490,0.740157
3308,0.227820,0.796559,0.765290,0.490039,0.342518,0.870697,0.957184,0.619641,0.666667,0.638352,0.220490,0.740157
3309,0.249624,0.708502,0.765315,0.491420,0.344490,0.870697,0.954915,0.616970,0.666667,0.642557,0.220490,0.740157
3310,0.232331,0.661943,0.765265,0.497171,0.315424,0.870697,0.956093,0.613272,0.666667,0.637511,0.220490,0.740157
3311,0.241353,0.728745,0.765514,0.501327,0.334913,0.870697,0.956188,0.613546,0.666667,0.640034,0.220490,0.740157
3312,0.232331,0.685223,0.765911,0.503320,0.342877,0.870697,0.955059,0.615327,0.666667,0.639193,0.220490,0.740157
3313,0.225564,0.747976,0.766134,0.493950,0.329074,0.870697,0.956093,0.619162,0.666667,0.638352,0.220490,0.740157
3314,0.209023,0.712551,0.766482,0.492432,0.323568,0.870697,0.956466,0.621257,0.666667,0.640875,0.220490,0.740157
3315,0.238346,0.684211,0.766755,0.489043,0.341315,0.870697,0.955566,0.620805,0.666667,0.640034,0.220490,0.740157
3316,0.237594,0.740891,0.767053,0.490162,0.312915,0.870697,0.956763,0.615395,0.666667,0.638352,0.219098,0.740157
3317,0.240602,0.715587,0.767202,0.496097,0.345182,0.863991,0.955327,0.614231,0.666667,0.640034,0.206570,0.740157
3318,0.233083,0.790486,0.767376,0.497677,0.335374,0.863191,0.956667,0.616217,0.666667,0.640034,0.208519,0.740157
3319,0.224060,0.760121,0.767475,0.494563,0.332966,0.852682,0.956284,0.620737,0.666667,0.639193,0.220490,0.740157
3320,0.227820,0.713563,0.767575,0.493889,0.294399,0.855484,0.956016,0.616765,0.666667,0.643398,0.220490,0.740157
3321,0.241353,0.720648,0.767649,0.496373,0.332249,0.855484,0.957433,0.613615,0.666667,0.640034,0.220490,0.740157
3322,0.225564,0.722672,0.768022,0.497186,0.315296,0.850681,0.955518,0.617039,0.666667,0.641716,0.207405,0.740157
3323,0.245113,0.716599,0.768444,0.496112,0.314502,0.850681,0.954887,0.617450,0.666667,0.642557,0.220490,0.740157
3324,0.205263,0.694332,0.768369,0.493674,0.316269,0.850681,0.955844,0.617217,0.666667,0.642557,0.206292,0.740157
3325,0.240602,0.793522,0.768518,0.491987,0.355784,0.850681,0.956657,0.618518,0.666667,0.638352,0.201002,0.740157
3326,0.245865,0.709514,0.768916,0.494364,0.336577,0.850681,0.954925,0.616450,0.666667,0.640875,0.192650,0.740157
3327,0.234586,0.711538,0.769065,0.496419,0.324515,0.850681,0.956265,0.616518,0.666667,0.643398,0.192650,0.740157
3328,0.231579,0.629555,0.769437,0.497370,0.311762,0.850681,0.955710,0.616080,0.666667,0.644239,0.192650,0.740157
3329,0.250376,0.707490,0.769561,0.498397,0.292991,0.850681,0.957500,0.617724,0.666667,0.643398,0.192650,0.740157
3330,0.224812,0.728745,0.769934,0.497784,0.324080,0.850681,0.955796,0.617587,0.666667,0.645080,0.192650,0.740157
3331,0.222556,0.650810,0.769934,0.497140,0.305975,0.850681,0.956255,0.621148,0.666667,0.642557,0.192650,0.740157
3332,0.231579,0.742915,0.770331,0.496143,0.312735,0.850681,0.957883,0.620942,0.666667,0.646762,0.192650,0.740157
3333,0.259398,0.701417,0.770455,0.498014,0.293452,0.850681,0.956638,0.619504,0.666667,0.643398,0.218541,0.740157
3334,0.236842,0.728745,0.770902,0.499164,0.275449,0.850681,0.955557,0.620942,0.666667,0.645921,0.206570,0.740157
3335,0.245865,0.761134,0.771126,0.496342,0.274706,0.850681,0.955135,0.621696,0.666667,0.643398,0.207127,0.740157
3336,0.246617,0.709514,0.770952,0.496266,0.317985,0.851381,0.956705,0.622175,0.666667,0.644239,0.192650,0.740157
3337,0.237594,0.716599,0.771126,0.496174,0.307178,0.854684,0.957184,0.621764,0.666667,0.642557,0.192650,0.740157
3338,0.239850,0.717611,0.771200,0.494655,0.285052,0.852182,0.955537,0.620668,0.666667,0.644239,0.194599,0.740157
3339,0.239850,0.700405,0.771225,0.502124,0.299598,0.853983,0.955920,0.618408,0.666667,0.641716,0.220490,0.740157
3340,0.240602,0.734818,0.771225,0.503244,0.289021,0.850681,0.956878,0.620394,0.666667,0.642557,0.220490,0.740157
3341,0.231579,0.745951,0.771200,0.494119,0.298932,0.850681,0.957567,0.627311,0.666667,0.645080,0.220490,0.740157
3342,0.235338,0.751012,0.771448,0.491282,0.354017,0.850681,0.954197,0.625723,0.666667,0.646762,0.220490,0.740157
3343,0.239098,0.704453,0.771672,0.489395,0.318139,0.855484,0.955298,0.625736,0.666667,0.649285,0.207127,0.740157
3344,0.250376,0.724696,0.771498,0.493582,0.309816,0.850681,0.957950,0.619710,0.666667,0.644239,0.220490,0.740157
3345,0.229323,0.731781,0.771573,0.500161,0.287664,0.850681,0.955509,0.618751,0.666667,0.647603,0.207127,0.740157
3346,0.244361,0.741903,0.771672,0.505544,0.274092,0.850681,0.955566,0.619915,0.666667,0.644239,0.200167,0.740157
3347,0.225564,0.810729,0.771399,0.503811,0.265948,0.850681,0.956973,0.622654,0.666667,0.643398,0.200167,0.740157
3348,0.225564,0.743927,0.771448,0.497753,0.264770,0.850681,0.955346,0.627859,0.666667,0.642557,0.206570,0.740157
3349,0.257143,0.686235,0.771448,0.492800,0.263566,0.850681,0.956925,0.627174,0.666667,0.647603,0.206570,0.740157
3350,0.254135,0.731781,0.771299,0.491389,0.249097,0.850681,0.954197,0.626284,0.666667,0.649285,0.220490,0.740157
3351,0.229323,0.730769,0.771101,0.494103,0.327384,0.850681,0.954887,0.624024,0.666667,0.646762,0.220490,0.740157
3352,0.251880,0.684211,0.771225,0.497186,0.359190,0.850681,0.957184,0.622175,0.666667,0.644239,0.220490,0.740157
3353,0.266165,0.719636,0.771324,0.501771,0.329996,0.850681,0.957241,0.620805,0.666667,0.643398,0.220490,0.740157
3354,0.257143,0.644737,0.770877,0.501235,0.326820,0.850681,0.955317,0.621970,0.666667,0.645921,0.220490,0.740157
3355,0.260902,0.622470,0.770803,0.499226,0.298983,0.850681,0.956418,0.624435,0.666667,0.645080,0.220490,0.740157
3356,0.225564,0.763158,0.770828,0.497033,0.265769,0.850681,0.958333,0.625462,0.666667,0.647603,0.220490,0.740157
3357,0.253383,0.713563,0.771200,0.494257,0.284796,0.850681,0.955662,0.624914,0.666667,0.645080,0.220490,0.740157
3358,0.249624,0.711538,0.771026,0.498259,0.355502,0.850681,0.956093,0.620326,0.666667,0.646762,0.220490,0.744252
3359,0.260902,0.687247,0.770852,0.499486,0.352403,0.850681,0.957356,0.620394,0.666667,0.645921,0.220490,0.747638
3360,0.230827,0.725709,0.770728,0.499946,0.317678,0.850681,0.957385,0.620600,0.666667,0.645080,0.220490,0.740394
3361,0.226316,0.758097,0.771126,0.497983,0.285155,0.846177,0.957184,0.623887,0.800000,0.645921,0.220490,0.747402
3362,0.248872,0.750000,0.770728,0.496220,0.307998,0.850681,0.955700,0.623682,1.000000,0.643398,0.220490,0.740157
3363,0.228571,0.634615,0.770406,0.498520,0.327435,0.850681,0.956322,0.624914,1.000000,0.644239,0.220490,0.744094
3364,0.254135,0.772267,0.771051,0.495637,0.329637,0.850681,0.956811,0.623545,1.000000,0.645921,0.220490,0.740157
3365,0.245865,0.683198,0.770828,0.498029,0.351200,0.850681,0.954456,0.623887,1.000000,0.643398,0.220490,0.743858
3366,0.251128,0.691296,0.770852,0.500161,0.339087,0.850681,0.957165,0.625736,1.000000,0.645921,0.220490,0.743858
3367,0.245865,0.724696,0.770803,0.495530,0.330713,0.850681,0.955920,0.628818,1.000000,0.646762,0.220490,0.745827
3368,0.252632,0.659919,0.770778,0.494916,0.321109,0.850681,0.956227,0.628065,1.000000,0.642557,0.220490,0.748031
3369,0.227068,0.742915,0.770480,0.499057,0.322364,0.850681,0.956418,0.624093,1.000000,0.645921,0.220490,0.748031
3370,0.254887,0.663968,0.770356,0.501787,0.308074,0.850681,0.956112,0.626147,1.000000,0.645921,0.220490,0.748031
3371,0.233083,0.773279,0.770058,0.501664,0.298932,0.850681,0.957117,0.623613,0.833333,0.646762,0.230234,0.748031
3372,0.242857,0.698381,0.770132,0.502630,0.270378,0.850681,0.957959,0.625092,0.666667,0.645080,0.224388,0.748031
3373,0.236842,0.722672,0.770132,0.497339,0.305642,0.850681,0.956543,0.628202,0.666667,0.649285,0.220490,0.748031
3374,0.256391,0.645749,0.770033,0.493873,0.320367,0.850681,0.956284,0.628065,0.666667,0.651808,0.220490,0.748031
3375,0.252632,0.640688,0.769909,0.495039,0.303798,0.850681,0.955088,0.626490,0.666667,0.646762,0.220490,0.748031
3376,0.248120,0.691296,0.770157,0.499624,0.308459,0.850681,0.956705,0.623202,0.666667,0.648444,0.220490,0.748031
3377,0.243609,0.728745,0.770083,0.503535,0.307383,0.850681,0.955155,0.623682,0.666667,0.645080,0.220490,0.748031
3378,0.267669,0.736842,0.769785,0.503121,0.305027,0.850681,0.953977,0.626490,0.666667,0.646762,0.220490,0.748031
3379,0.247368,0.703441,0.769909,0.500698,0.287126,0.850681,0.956801,0.628681,0.666667,0.645921,0.220490,0.748031
3380,0.260902,0.748988,0.769760,0.501173,0.298574,0.850681,0.955135,0.627791,0.666667,0.645080,0.220490,0.748031
3381,0.254887,0.641700,0.769363,0.501633,0.307255,0.847478,0.956093,0.625531,0.666667,0.647603,0.220490,0.748031
3382,0.254887,0.681174,0.769487,0.500284,0.300494,0.849179,0.957375,0.625462,0.666667,0.645080,0.220490,0.748031
3383,0.261654,0.722672,0.769363,0.492877,0.279085,0.850681,0.955968,0.631694,0.666667,0.648444,0.220490,0.748031
3384,0.250376,0.771255,0.769238,0.494180,0.267126,0.850681,0.954264,0.627722,0.666667,0.650126,0.220490,0.748031
3385,0.263158,0.746964,0.769313,0.498489,0.290071,0.850681,0.957528,0.625531,0.666667,0.647603,0.220490,0.748031
3386,0.268421,0.734818,0.769089,0.502277,0.278112,0.850681,0.956514,0.624230,0.666667,0.647603,0.220490,0.748031
3387,0.228571,0.690283,0.768940,0.503581,0.254475,0.849880,0.954848,0.624777,0.666667,0.646762,0.220490,0.748031
3388,0.245113,0.654858,0.769214,0.501664,0.314477,0.845376,0.954044,0.626092,0.666667,0.648444,0.220490,0.748031
3389,0.256391,0.702429,0.768791,0.494717,0.348024,0.840673,0.957528,0.628202,0.666667,0.647603,0.220490,0.748031
3390,0.215038,0.710526,0.768618,0.492923,0.274220,0.847278,0.956246,0.627092,0.666667,0.646762,0.220490,0.748031
3391,0.245113,0.710526,0.768568,0.489426,0.256678,0.848379,0.955681,0.625120,0.666667,0.646762,0.220490,0.748031
3392,0.239850,0.676113,0.768866,0.493812,0.311276,0.848179,0.956610,0.622107,0.666667,0.646762,0.220490,0.748031
3393,0.256391,0.648785,0.769015,0.495300,0.301493,0.847678,0.957528,0.619915,0.666667,0.645921,0.220490,0.748031
3394,0.250376,0.742915,0.769040,0.498152,0.313145,0.840673,0.956849,0.621805,0.666667,0.643398,0.220490,0.748031
3395,0.255639,0.766194,0.769437,0.499686,0.309432,0.840673,0.955815,0.622860,0.666667,0.645921,0.220490,0.748031
3396,0.227820,0.700405,0.769412,0.501204,0.274783,0.840673,0.955968,0.619641,0.666667,0.645921,0.220490,0.748031
3397,0.247368,0.723684,0.769338,0.502891,0.255756,0.845677,0.955557,0.622038,0.666667,0.646762,0.207405,0.748031
3398,0.218045,0.793522,0.769313,0.496450,0.280647,0.840673,0.957184,0.625668,0.666667,0.645921,0.220490,0.748031
3399,0.248872,0.695344,0.769437,0.494533,0.254962,0.840673,0.954934,0.624846,0.666667,0.645921,0.220490,0.748031
3400,0.238346,0.755061,0.769636,0.492355,0.245128,0.840673,0.956619,0.627174,0.666667,0.645080,0.220490,0.748031
3401,0.246617,0.750000,0.769760,0.495346,0.284181,0.840673,0.957500,0.624709,0.666667,0.647603,0.220490,0.748031
3402,0.247368,0.744939,0.769611,0.501771,0.244872,0.840673,0.956399,0.622244,0.666667,0.645921,0.220490,0.748031
3403,0.246617,0.729757,0.769586,0.502615,0.238879,0.845476,0.954934,0.623613,0.666667,0.647603,0.220490,0.748031
3404,0.249624,0.730769,0.769710,0.500268,0.236114,0.840673,0.957040,0.623408,0.666667,0.644239,0.220490,0.748031
3405,0.242857,0.710526,0.769437,0.503458,0.250378,0.845376,0.957213,0.624777,0.666667,0.644239,0.220490,0.748031
3406,0.232331,0.782389,0.769114,0.501281,0.223514,0.840673,0.956925,0.625051,0.666667,0.646762,0.220490,0.748031
3407,0.252632,0.671053,0.769363,0.498336,0.270481,0.840673,0.954628,0.624572,0.666667,0.644239,0.220490,0.748031
3408,0.239098,0.746964,0.769139,0.494487,0.231683,0.840673,0.955777,0.627106,0.666667,0.645080,0.220490,0.748031
3409,0.234586,0.804656,0.769338,0.493950,0.226203,0.840673,0.957184,0.623134,0.666667,0.645080,0.220490,0.748031
3410,0.221805,0.772267,0.769636,0.501189,0.229122,0.840673,0.956543,0.620559,0.666667,0.645080,0.220490,0.748031
3411,0.230827,0.786437,0.769859,0.506081,0.236267,0.840673,0.955461,0.621422,0.666667,0.647603,0.220490,0.748031
3412,0.235338,0.733806,0.769834,0.501741,0.244769,0.840673,0.955729,0.624709,0.666667,0.645080,0.220490,0.748031
3413,0.259398,0.768219,0.769959,0.502615,0.261850,0.840673,0.957356,0.625805,0.666667,0.646762,0.220490,0.748031
3414,0.223308,0.712551,0.770008,0.499824,0.299649,0.840673,0.956858,0.624572,0.666667,0.645921,0.220490,0.748031
3415,0.237594,0.732794,0.770033,0.502201,0.268970,0.841974,0.954915,0.623202,0.666667,0.645921,0.220490,0.748031
3416,0.230075,0.785425,0.770306,0.503428,0.234321,0.843975,0.957184,0.623271,0.666667,0.647603,0.220490,0.748031
3417,0.231579,0.664980,0.770306,0.500774,0.265692,0.840673,0.957241,0.626079,0.666667,0.647603,0.220490,0.748031
3418,0.246617,0.806680,0.770356,0.498781,0.280007,0.840673,0.955805,0.626654,0.666667,0.646762,0.220490,0.748031
3419,0.221053,0.764170,0.770281,0.495913,0.242798,0.840673,0.954341,0.623750,0.666667,0.647603,0.220490,0.748031
3420,0.234586,0.711538,0.770604,0.501541,0.233553,0.840673,0.955949,0.621079,0.600000,0.646762,0.220490,0.748031
3421,0.231579,0.718623,0.771051,0.502553,0.235243,0.840673,0.957050,0.623969,0.566667,0.647603,0.220490,0.748031
3422,0.232331,0.757085,0.771051,0.499026,0.228047,0.840673,0.955269,0.626900,0.666667,0.646762,0.220490,0.748031
3423,0.242105,0.750000,0.771771,0.498520,0.277677,0.840673,0.956610,0.626010,0.666667,0.650126,0.220490,0.748031
3424,0.247368,0.733806,0.770877,0.503826,0.268483,0.840673,0.957021,0.625325,0.666667,0.648444,0.220490,0.748031
3425,0.255639,0.667004,0.771076,0.504608,0.227099,0.840673,0.955892,0.624503,0.666667,0.646762,0.220490,0.748031
3426,0.252632,0.696356,0.770728,0.501265,0.245563,0.840673,0.955700,0.625366,0.666667,0.646762,0.220490,0.748031
3427,0.230827,0.676113,0.770629,0.501817,0.221747,0.840673,0.957768,0.626490,0.666667,0.649285,0.220490,0.748031
3428,0.221053,0.734818,0.770430,0.502768,0.256626,0.840673,0.955901,0.623887,0.666667,0.646762,0.220490,0.748031
3429,0.248872,0.690283,0.770554,0.503013,0.241338,0.840673,0.958715,0.629092,0.666667,0.647603,0.220490,0.748031
3430,0.231579,0.730769,0.770480,0.499839,0.281006,0.840673,0.955662,0.628297,0.666667,0.644239,0.220490,0.748031
3431,0.228571,0.809717,0.770554,0.498765,0.266076,0.837770,0.957050,0.627585,0.666667,0.646762,0.220490,0.748031
3432,0.243609,0.669028,0.770505,0.496174,0.329560,0.838271,0.958132,0.627640,0.666667,0.647603,0.220490,0.748031
3433,0.232331,0.694332,0.770257,0.497309,0.252350,0.840673,0.957423,0.622997,0.666667,0.645921,0.220490,0.748031
3434,0.263910,0.732794,0.770728,0.501250,0.252657,0.840673,0.957950,0.621148,0.666667,0.645080,0.220490,0.748031
3435,0.231579,0.708502,0.770852,0.502875,0.278445,0.840673,0.956610,0.622298,0.666667,0.645080,0.220490,0.748031
3436,0.248872,0.714575,0.770952,0.501204,0.281288,0.840673,0.956332,0.623271,0.666667,0.644239,0.220490,0.748031
3437,0.248120,0.758097,0.771126,0.501863,0.274655,0.840673,0.958045,0.626079,0.666667,0.645921,0.220490,0.748031
3438,0.233835,0.685223,0.771324,0.501587,0.230889,0.840673,0.956954,0.625051,0.666667,0.647603,0.220490,0.748031
3439,0.245113,0.625506,0.771424,0.503550,0.253912,0.840673,0.955365,0.624230,0.666667,0.645080,0.220490,0.748031
3440,0.256391,0.672065,0.771597,0.502001,0.244052,0.840673,0.956820,0.628722,0.666667,0.646762,0.220490,0.748031
3441,0.222556,0.760121,0.771697,0.495499,0.249891,0.840673,0.957117,0.632722,0.666667,0.650126,0.220490,0.748031
3442,0.241353,0.766194,0.771597,0.499226,0.258905,0.840673,0.956734,0.629475,0.666667,0.649285,0.220490,0.748031
3443,0.237594,0.800607,0.771573,0.507369,0.246818,0.840673,0.955844,0.626421,0.666667,0.647603,0.220490,0.748031
3444,0.239098,0.709514,0.771101,0.507722,0.257625,0.840673,0.957433,0.626421,0.666667,0.648444,0.220490,0.748031
3445,0.230075,0.831984,0.771101,0.505237,0.259392,0.840673,0.956667,0.631009,0.666667,0.650126,0.220490,0.748031
3446,0.240602,0.731781,0.770604,0.512614,0.261287,0.840673,0.954322,0.626558,0.666667,0.648444,0.220490,0.748031
3447,0.235338,0.748988,0.770530,0.513503,0.255653,0.840673,0.957213,0.626284,0.666667,0.650126,0.220490,0.748031
3448,0.232331,0.789474,0.770679,0.495806,0.260980,0.831665,0.957471,0.635598,0.666667,0.649285,0.220490,0.748031
3449,0.260150,0.613360,0.770828,0.493705,0.275935,0.830665,0.956035,0.633201,0.666667,0.649285,0.220490,0.748031
3450,0.251128,0.806680,0.770703,0.494655,0.239033,0.840472,0.954695,0.630462,0.666667,0.648444,0.220490,0.748031
3451,0.242857,0.813765,0.770430,0.499931,0.234603,0.835969,0.957146,0.621148,0.666667,0.646762,0.220490,0.748031
3452,0.246617,0.730769,0.770356,0.505114,0.228559,0.839672,0.956380,0.624846,0.666667,0.646762,0.220490,0.748031
3453,0.252632,0.709514,0.770505,0.502277,0.229558,0.835468,0.956705,0.627106,0.666667,0.646762,0.220490,0.748031
3454,0.233083,0.753036,0.770356,0.506801,0.247612,0.830665,0.956514,0.627859,0.666667,0.648444,0.220490,0.748031
3455,0.260150,0.678138,0.769909,0.497140,0.268355,0.837470,0.955317,0.634845,0.666667,0.648444,0.220490,0.748031
3456,0.276692,0.708502,0.769685,0.500667,0.241133,0.833367,0.957481,0.631009,0.666667,0.648444,0.220490,0.748031
3457,0.246617,0.729757,0.769412,0.504394,0.254962,0.830665,0.955681,0.625531,0.666667,0.647603,0.220490,0.748031
3458,0.248872,0.797571,0.769586,0.505651,0.260647,0.830665,0.954839,0.626394,0.666667,0.646762,0.220490,0.748031
3459,0.235338,0.716599,0.769685,0.497447,0.245000,0.830665,0.956791,0.630023,0.666667,0.647603,0.220490,0.748031
3460,0.245113,0.732794,0.769288,0.503964,0.219084,0.835468,0.957327,0.637036,0.666667,0.649285,0.220490,0.748031
3461,0.257143,0.714575,0.768791,0.489809,0.242029,0.830665,0.957471,0.635461,0.666667,0.648444,0.220490,0.748031
3462,0.236090,0.735830,0.769214,0.496220,0.226946,0.830665,0.954456,0.624914,0.666667,0.647603,0.220490,0.748031
3463,0.247368,0.784413,0.768965,0.497477,0.226638,0.830665,0.956227,0.623750,0.666667,0.645080,0.220490,0.748031
3464,0.251128,0.780364,0.768618,0.503198,0.221389,0.830665,0.958333,0.623613,0.666667,0.645921,0.220490,0.748031
3465,0.228571,0.836032,0.768444,0.496174,0.232989,0.830665,0.955327,0.629297,0.666667,0.645921,0.220490,0.748031
3466,0.227820,0.751012,0.768469,0.494579,0.212041,0.830665,0.955844,0.627722,0.666667,0.647603,0.220490,0.748031
3467,0.247368,0.697368,0.768916,0.492969,0.242516,0.830665,0.956543,0.626147,0.666667,0.646762,0.220490,0.748031
3468,0.242857,0.730769,0.768642,0.492202,0.236293,0.830665,0.958170,0.625188,0.666667,0.643398,0.220490,0.748031
3469,0.233083,0.773279,0.768742,0.495576,0.233706,0.829664,0.957165,0.623134,0.666667,0.644239,0.220490,0.748031
3470,0.220301,0.677126,0.768742,0.499164,0.214525,0.816353,0.954743,0.619367,0.666667,0.645921,0.220490,0.748031
3471,0.235338,0.756073,0.769065,0.500084,0.213885,0.822658,0.957213,0.620668,0.666667,0.641716,0.220490,0.748031
3472,0.254887,0.761134,0.769512,0.499088,0.226049,0.819155,0.958285,0.626079,0.666667,0.644239,0.220490,0.748031
3473,0.245865,0.631579,0.769164,0.494533,0.220211,0.825861,0.956351,0.628476,0.666667,0.649285,0.220490,0.748031
3474,0.234586,0.799595,0.768767,0.495683,0.216420,0.830665,0.955968,0.625394,0.666667,0.647603,0.220490,0.748031
3475,0.239850,0.682186,0.768791,0.500882,0.221517,0.821357,0.957117,0.623134,0.666667,0.646762,0.220490,0.748031
3476,0.230075,0.720648,0.769189,0.499256,0.229942,0.815953,0.957816,0.624024,0.666667,0.646762,0.220490,0.748031
3477,0.248120,0.673077,0.769015,0.495530,0.231530,0.819956,0.957433,0.627448,0.666667,0.647603,0.220490,0.748031
3478,0.243609,0.796559,0.768940,0.496066,0.215883,0.810649,0.956064,0.626216,0.666667,0.649285,0.220490,0.748031
3479,0.257895,0.770243,0.768717,0.499946,0.223975,0.817954,0.956351,0.624435,0.666667,0.646762,0.220490,0.748031
3480,0.249624,0.773279,0.768767,0.501817,0.227663,0.826361,0.957500,0.626626,0.666667,0.647603,0.220490,0.748031
3481,0.261654,0.712551,0.768642,0.495422,0.214346,0.822858,0.955844,0.631900,0.666667,0.650126,0.220490,0.748031
3482,0.252632,0.715587,0.768618,0.493413,0.228866,0.820657,0.956878,0.633817,0.666667,0.651808,0.220490,0.748031
3483,0.250376,0.786437,0.768220,0.500100,0.221824,0.825460,0.957481,0.631489,0.666667,0.646762,0.220490,0.748031
3484,0.225564,0.857287,0.767972,0.489242,0.255090,0.819456,0.955614,0.636694,0.666667,0.650967,0.224109,0.748031
3485,0.233835,0.784413,0.767798,0.475900,0.227176,0.830665,0.956992,0.634639,0.666667,0.650126,0.248330,0.748031
3486,0.262406,0.839069,0.767376,0.491466,0.241082,0.826161,0.956562,0.622997,0.666667,0.649285,0.248330,0.748031
3487,0.240602,0.734818,0.767227,0.501557,0.219622,0.825460,0.954982,0.621216,0.666667,0.645080,0.248330,0.748031
3488,0.248872,0.675101,0.767500,0.498719,0.235832,0.825460,0.956035,0.622312,0.666667,0.640875,0.248330,0.748031
3489,0.236090,0.661943,0.767451,0.500866,0.234756,0.820657,0.954791,0.623271,0.666667,0.641716,0.248330,0.748031
3490,0.245113,0.596154,0.767550,0.496680,0.285897,0.825861,0.957404,0.625421,0.666667,0.650126,0.248330,0.748031
3491,0.252632,0.627530,0.767972,0.496036,0.259136,0.829163,0.955662,0.623339,0.666667,0.645080,0.225780,0.748031
3492,0.212782,0.712551,0.767947,0.494027,0.247202,0.827362,0.955298,0.623613,0.666667,0.645921,0.229399,0.748031
3493,0.220301,0.770243,0.767922,0.490852,0.234142,0.828363,0.957806,0.626969,0.666667,0.643398,0.235245,0.748031
3494,0.241353,0.760121,0.768046,0.487478,0.245051,0.827962,0.956332,0.628613,0.666667,0.645080,0.248330,0.748031
3495,0.229323,0.763158,0.767972,0.494579,0.240851,0.830665,0.957289,0.623545,0.666667,0.645080,0.248330,0.748031
3496,0.242857,0.671053,0.767823,0.496082,0.241543,0.830665,0.956332,0.623613,0.666667,0.646762,0.248330,0.748031
3497,0.249624,0.659919,0.768146,0.495177,0.241466,0.830665,0.956705,0.626147,0.666667,0.646762,0.234967,0.748031
3498,0.248872,0.656883,0.768146,0.497017,0.247561,0.830665,0.956064,0.625873,0.666667,0.646762,0.248330,0.748031
3499,0.241353,0.670040,0.768071,0.497109,0.241568,0.830665,0.955844,0.628407,0.666667,0.650126,0.248330,0.748031
3500,0.256391,0.784413,0.767674,0.495100,0.251658,0.830665,0.955537,0.628202,0.666667,0.646762,0.220490,0.748031
3501,0.260902,0.675101,0.767475,0.492156,0.243438,0.830665,0.957883,0.629503,0.666667,0.649285,0.220490,0.748031
3502,0.255639,0.783401,0.767202,0.492002,0.251223,0.830665,0.957308,0.629023,0.666667,0.649285,0.220490,0.748031
3503,0.261654,0.680162,0.766879,0.497523,0.225332,0.830665,0.956543,0.626626,0.666667,0.647603,0.220490,0.748031
3504,0.242857,0.702429,0.766979,0.500636,0.235038,0.832166,0.956035,0.626353,0.666667,0.650967,0.220490,0.748031
3505,0.239850,0.673077,0.766979,0.498336,0.239238,0.834067,0.957059,0.627106,0.666667,0.650126,0.220490,0.748031
3506,0.248120,0.733806,0.767078,0.498520,0.275116,0.830665,0.956054,0.625791,0.666667,0.651808,0.220490,0.748031
3507,0.268421,0.692308,0.766755,0.497140,0.277984,0.833167,0.955470,0.628065,0.666667,0.647603,0.220490,0.748031
3508,0.271429,0.696356,0.767078,0.495116,0.240211,0.832966,0.956657,0.627037,0.666667,0.646762,0.220490,0.748031
3509,0.264662,0.714575,0.767202,0.492769,0.236600,0.835468,0.957528,0.627517,0.666667,0.647603,0.220490,0.748031
3510,0.273684,0.721660,0.767078,0.495913,0.249149,0.835669,0.955490,0.626216,0.666667,0.649285,0.220490,0.748031
3511,0.252632,0.748988,0.767252,0.496327,0.257036,0.839472,0.957146,0.624709,0.666667,0.650126,0.220490,0.748031
3512,0.222556,0.763158,0.766979,0.491420,0.245051,0.840673,0.957423,0.630530,0.666667,0.646762,0.220490,0.748031
3513,0.254135,0.737854,0.766631,0.486129,0.262030,0.840673,0.957739,0.629845,0.666667,0.646762,0.220490,0.748031
3514,0.256391,0.653846,0.766656,0.490361,0.250813,0.840673,0.954312,0.623476,0.666667,0.647603,0.220490,0.748031
3515,0.251128,0.724696,0.766457,0.499364,0.298189,0.839972,0.955748,0.621216,0.666667,0.644239,0.220490,0.748031
3516,0.239098,0.695344,0.766457,0.502860,0.255141,0.836469,0.956543,0.620463,0.666667,0.645080,0.220490,0.748031
3517,0.242857,0.710526,0.766606,0.500023,0.250327,0.840673,0.956734,0.626010,0.666667,0.645080,0.220490,0.748031
3518,0.237594,0.760121,0.766482,0.491926,0.274271,0.838871,0.955557,0.628544,0.666667,0.646762,0.220490,0.748031
3519,0.241353,0.800607,0.766507,0.491803,0.269123,0.837670,0.956476,0.627243,0.666667,0.647603,0.220490,0.748031
3520,0.249624,0.806680,0.766482,0.496296,0.301749,0.838171,0.956064,0.621764,0.666667,0.648444,0.247494,0.748031
3521,0.261654,0.693320,0.766457,0.496189,0.315629,0.838371,0.957241,0.623476,0.666667,0.645080,0.221047,0.748031
3522,0.238346,0.720648,0.766656,0.495484,0.277958,0.840673,0.955997,0.621627,0.666667,0.645921,0.220490,0.748031
3523,0.266165,0.660931,0.766432,0.497109,0.245435,0.836970,0.956322,0.622175,0.666667,0.645921,0.220490,0.748031
3524,0.227820,0.741903,0.766929,0.496220,0.295961,0.839371,0.954982,0.622654,0.666667,0.647603,0.220490,0.748031
3525,0.235338,0.747976,0.766805,0.494717,0.301416,0.840673,0.956409,0.625901,0.666667,0.646762,0.220490,0.748031
3526,0.239098,0.675101,0.766532,0.492646,0.252811,0.840673,0.957117,0.624777,0.666667,0.647603,0.220490,0.748031
3527,0.233083,0.657895,0.766805,0.494502,0.279930,0.840673,0.956447,0.623202,0.666667,0.645080,0.220490,0.748031
3528,0.251128,0.725709,0.766979,0.493689,0.315219,0.835869,0.955949,0.624777,0.666667,0.646762,0.239143,0.748031
3529,0.258647,0.732794,0.767004,0.493996,0.263131,0.840673,0.955844,0.626421,0.666667,0.647603,0.242762,0.748031
3530,0.243609,0.648785,0.767103,0.499164,0.299956,0.839371,0.956543,0.622244,0.666667,0.644239,0.220490,0.748031
3531,0.239098,0.794534,0.767004,0.497094,0.281774,0.837370,0.955202,0.623134,0.666667,0.643398,0.220490,0.748031
3532,0.224812,0.758097,0.767351,0.498397,0.252273,0.840673,0.957327,0.624640,0.666667,0.642557,0.220490,0.748031
3533,0.251880,0.743927,0.767252,0.495330,0.263720,0.840673,0.958744,0.622654,0.666667,0.645080,0.220490,0.748031
3534,0.223308,0.706478,0.767525,0.494042,0.252375,0.837870,0.954839,0.625668,0.666667,0.643398,0.220490,0.748031
3535,0.228571,0.743927,0.767972,0.497876,0.256421,0.830665,0.955461,0.621353,0.666667,0.643398,0.220490,0.748031
3536,0.244361,0.752024,0.768096,0.492186,0.247484,0.835468,0.956112,0.626832,0.666667,0.645080,0.220490,0.748031
3537,0.231579,0.724696,0.768071,0.490392,0.285308,0.830665,0.957098,0.625942,0.666667,0.645080,0.231069,0.748031
3538,0.251128,0.816802,0.768146,0.490929,0.256575,0.830665,0.957021,0.626832,0.666667,0.644239,0.223274,0.748031
3539,0.232331,0.783401,0.767897,0.499103,0.284002,0.835168,0.957002,0.619367,0.800000,0.646762,0.220490,0.748031
3540,0.230075,0.758097,0.768146,0.504884,0.264181,0.830665,0.956543,0.618545,0.800000,0.643398,0.220490,0.748031
3541,0.227068,0.829960,0.768369,0.505114,0.284719,0.830665,0.956275,0.622175,0.666667,0.645921,0.220490,0.748031
3542,0.239850,0.739879,0.768692,0.501587,0.247612,0.830665,0.955652,0.624435,0.666667,0.647603,0.220490,0.748031
3543,0.218797,0.766194,0.768816,0.497247,0.258854,0.830665,0.954628,0.624503,0.666667,0.647603,0.220490,0.748031
3544,0.194737,0.804656,0.769263,0.496450,0.283259,0.830665,0.957471,0.623887,0.666667,0.645921,0.222717,0.748031
3545,0.198496,0.696356,0.769710,0.495192,0.260212,0.830665,0.957050,0.625873,0.666667,0.643398,0.232183,0.748031
3546,0.260150,0.710526,0.770108,0.493275,0.277088,0.830665,0.955968,0.624914,0.666667,0.645080,0.220490,0.748031
3547,0.230827,0.841093,0.769983,0.494870,0.264770,0.830665,0.956495,0.626147,0.666667,0.649285,0.220490,0.748031
3548,0.242105,0.710526,0.770430,0.496128,0.287459,0.830665,0.956849,0.621805,0.666667,0.647603,0.220490,0.748031
3549,0.230827,0.697368,0.770455,0.491772,0.293349,0.830665,0.956131,0.626695,0.666667,0.643398,0.220490,0.748031
3550,0.246617,0.785425,0.770033,0.489963,0.279034,0.830665,0.956830,0.626353,0.666667,0.645921,0.220490,0.748031
3551,0.228571,0.711538,0.770505,0.488843,0.316525,0.830665,0.956811,0.627092,0.666667,0.644239,0.220490,0.748031
3552,0.230075,0.750000,0.770554,0.490208,0.310354,0.830665,0.956035,0.626353,0.666667,0.647603,0.220490,0.748031
3553,0.263910,0.719636,0.770480,0.491573,0.272657,0.831465,0.955183,0.629640,0.666667,0.645080,0.220490,0.748031
3554,0.269925,0.678138,0.770281,0.492278,0.280366,0.834668,0.955298,0.629023,0.666667,0.645921,0.220490,0.748031
3555,0.240602,0.797571,0.769884,0.495146,0.310584,0.836970,0.956476,0.626969,0.666667,0.644239,0.233853,0.748031
3556,0.226316,0.756073,0.769909,0.493490,0.297472,0.840673,0.955987,0.626353,0.666667,0.646762,0.233853,0.748031
3557,0.261654,0.591093,0.769760,0.499517,0.305027,0.840673,0.956638,0.624367,0.666667,0.642557,0.244710,0.748031
3558,0.251880,0.775304,0.769810,0.493613,0.290097,0.840673,0.956992,0.628886,0.666667,0.643398,0.237751,0.748031
3559,0.233835,0.657895,0.769934,0.492877,0.269328,0.840673,0.955920,0.627448,0.666667,0.646762,0.220490,0.748031
3560,0.242105,0.697368,0.769760,0.498397,0.311071,0.840673,0.956160,0.624093,0.666667,0.644239,0.220490,0.748031
3561,0.213534,0.712551,0.769512,0.495376,0.311916,0.840673,0.956763,0.630119,0.666667,0.642557,0.220490,0.748031
3562,0.266917,0.754049,0.769834,0.488322,0.275474,0.840673,0.955681,0.632927,0.666667,0.646762,0.220490,0.748031
3563,0.225564,0.736842,0.769462,0.499241,0.276422,0.840673,0.954724,0.623819,0.666667,0.645080,0.235802,0.748031
3564,0.232331,0.768219,0.769238,0.497247,0.281672,0.840673,0.957595,0.629503,0.666667,0.645921,0.248330,0.748031
3565,0.254887,0.691296,0.769164,0.498259,0.265922,0.840673,0.956925,0.629023,0.666667,0.646762,0.245546,0.748031
3566,0.230075,0.705466,0.769089,0.503918,0.266665,0.840673,0.955078,0.623545,0.666667,0.647603,0.220490,0.748031
3567,0.215038,0.826923,0.769611,0.497217,0.258163,0.840673,0.955997,0.627517,0.666667,0.644239,0.233575,0.748031
3568,0.253383,0.717611,0.769437,0.493183,0.294655,0.840673,0.955844,0.629708,0.666667,0.645921,0.220490,0.748031
3569,0.239098,0.741903,0.769238,0.494794,0.281774,0.840673,0.957691,0.624640,0.666667,0.646762,0.220490,0.751811
3570,0.254887,0.776316,0.769040,0.490730,0.294092,0.840673,0.957528,0.628407,0.666667,0.641716,0.220490,0.748031
3571,0.241353,0.744939,0.769313,0.487570,0.252554,0.840673,0.955059,0.629078,0.666667,0.639193,0.220490,0.748031
3572,0.244361,0.800607,0.769040,0.493628,0.317242,0.840673,0.956380,0.624175,0.666667,0.644239,0.220490,0.748031
3573,0.249624,0.692308,0.769189,0.500943,0.298983,0.840673,0.955135,0.621079,0.666667,0.643398,0.220490,0.748031
3574,0.234586,0.688259,0.769189,0.502354,0.278035,0.844175,0.957519,0.623408,0.666667,0.642557,0.220490,0.748031
3575,0.209774,0.756073,0.769462,0.500360,0.286794,0.841873,0.958744,0.625120,0.666667,0.647603,0.220490,0.748031
3576,0.221053,0.734818,0.769263,0.493735,0.318625,0.840673,0.956811,0.629914,0.666667,0.642557,0.220490,0.748031
3577,0.255639,0.713563,0.769065,0.489288,0.304028,0.840673,0.955614,0.629366,0.666667,0.646762,0.220490,0.748031
3578,0.237594,0.721660,0.769363,0.491588,0.302773,0.840673,0.956610,0.626147,0.666667,0.648444,0.220490,0.748031
3579,0.251128,0.714575,0.769164,0.495576,0.288151,0.840673,0.958103,0.624846,0.666667,0.641716,0.220490,0.748031
3580,0.217293,0.763158,0.769065,0.494732,0.320034,0.840673,0.955796,0.626284,0.666667,0.644239,0.220490,0.748031
3581,0.257895,0.711538,0.768841,0.490085,0.297498,0.840673,0.955825,0.625462,0.666667,0.644239,0.220490,0.748031
3582,0.245113,0.669028,0.769040,0.492186,0.294783,0.840673,0.957452,0.625942,0.666667,0.645921,0.220490,0.748031
3583,0.244361,0.742915,0.768816,0.497784,0.331609,0.840673,0.956763,0.620189,0.666667,0.643398,0.220490,0.748031
3584,0.215789,0.738866,0.768742,0.501081,0.330405,0.840673,0.955614,0.619025,0.666667,0.643398,0.220490,0.748031
3585,0.215789,0.777328,0.768965,0.504961,0.297011,0.839071,0.955892,0.617614,0.666667,0.645921,0.220490,0.748031
3586,0.244361,0.694332,0.769114,0.498842,0.295347,0.839071,0.956610,0.622791,0.666667,0.644239,0.220490,0.748031
3587,0.257143,0.737854,0.769487,0.494993,0.285795,0.835869,0.956447,0.625942,0.666667,0.644239,0.220490,0.748031
3588,0.226316,0.774291,0.769462,0.492079,0.300776,0.840673,0.956992,0.627174,0.666667,0.645080,0.220490,0.748031
3589,0.215789,0.745951,0.769760,0.493199,0.270378,0.840673,0.956476,0.623956,0.666667,0.645080,0.220490,0.748031
3590,0.211278,0.792510,0.769462,0.502461,0.288074,0.840673,0.956236,0.620121,0.666667,0.644239,0.220490,0.748031
3591,0.244361,0.728745,0.769909,0.500054,0.291378,0.840673,0.956495,0.623682,0.666667,0.644239,0.220490,0.748031
3592,0.262406,0.672065,0.769934,0.502247,0.310405,0.840673,0.956160,0.624367,0.666667,0.645080,0.220490,0.748031
3593,0.246617,0.746964,0.769884,0.501204,0.278163,0.839872,0.958074,0.623887,0.666667,0.646762,0.220490,0.748031
3594,0.242105,0.687247,0.769909,0.500820,0.290430,0.830665,0.957184,0.627517,0.666667,0.643398,0.220490,0.748031
3595,0.236842,0.764170,0.769760,0.488659,0.265999,0.830665,0.955652,0.629708,0.666667,0.645921,0.220490,0.748031
3596,0.239850,0.642713,0.769959,0.484381,0.331353,0.830665,0.957423,0.617285,0.666667,0.644239,0.220490,0.748031
3597,0.234586,0.707490,0.770281,0.508519,0.331660,0.830665,0.958457,0.614916,0.666667,0.645080,0.220490,0.748031
3598,0.250376,0.720648,0.770778,0.506985,0.325156,0.830665,0.954963,0.622107,0.633333,0.645080,0.220490,0.748031
3599,0.254887,0.736842,0.770778,0.497339,0.307127,0.830665,0.956801,0.627174,0.533333,0.646762,0.220490,0.748031
3600,0.221805,0.722672,0.770927,0.500897,0.273528,0.830665,0.955011,0.624572,0.666667,0.645921,0.220490,0.748031
3601,0.242857,0.730769,0.770977,0.505345,0.281800,0.830665,0.957184,0.618477,0.666667,0.645080,0.220490,0.748031
3602,0.245865,0.781377,0.771150,0.507906,0.233066,0.830665,0.955135,0.618477,0.666667,0.643398,0.220490,0.748031
3603,0.197744,0.715587,0.771672,0.505268,0.252068,0.830665,0.957088,0.622586,0.666667,0.644239,0.220490,0.748031
3604,0.221053,0.789474,0.771871,0.502231,0.274629,0.820957,0.955844,0.623271,0.666667,0.645921,0.222439,0.748031
3605,0.239850,0.816802,0.771846,0.499287,0.315988,0.820156,0.955748,0.626079,0.666667,0.645080,0.245546,0.748031
3606,0.245865,0.711538,0.771672,0.504624,0.259008,0.821958,0.958026,0.620600,0.666667,0.646762,0.220490,0.748031
3607,0.242857,0.649798,0.771796,0.502354,0.338242,0.824359,0.955901,0.623545,0.666667,0.648444,0.220490,0.748031
3608,0.243609,0.706478,0.771697,0.498259,0.308484,0.820657,0.955327,0.626353,0.666667,0.647603,0.234410,0.748031
3609,0.231579,0.787449,0.771697,0.496296,0.296115,0.825460,0.957213,0.626695,0.666667,0.644239,0.220490,0.748031
3610,0.247368,0.717611,0.771697,0.494947,0.306077,0.823359,0.956188,0.624846,0.666667,0.645921,0.226058,0.748031
3611,0.251880,0.757085,0.771647,0.493735,0.306282,0.827562,0.956141,0.625846,0.666667,0.646762,0.234688,0.748031
3612,0.252632,0.752024,0.771548,0.495806,0.311250,0.829063,0.957079,0.622189,0.666667,0.643398,0.241091,0.748031
3613,0.225564,0.781377,0.771722,0.498244,0.330098,0.830665,0.957050,0.621559,0.666667,0.644239,0.241370,0.748031
3614,0.266165,0.723684,0.771722,0.501281,0.355092,0.820957,0.957308,0.620600,0.666667,0.645921,0.248330,0.748031
3615,0.229323,0.720648,0.771746,0.500084,0.342621,0.830665,0.956590,0.623641,0.666667,0.645921,0.248330,0.748031
3616,0.236090,0.787449,0.771796,0.503918,0.307050,0.830665,0.956619,0.619847,0.666667,0.645080,0.248330,0.748031
3617,0.245113,0.697368,0.771672,0.499931,0.287562,0.830665,0.957050,0.624038,0.666667,0.647603,0.248330,0.748031
3618,0.231579,0.723684,0.771995,0.497278,0.313862,0.831665,0.955825,0.625873,0.666667,0.646762,0.248330,0.748031
3619,0.241353,0.733806,0.771945,0.491036,0.324259,0.840673,0.956102,0.627311,0.666667,0.646762,0.248330,0.748031
3620,0.244361,0.786437,0.772020,0.491282,0.303055,0.835669,0.957481,0.623476,0.666667,0.646762,0.248330,0.748031
3621,0.229323,0.734818,0.771970,0.485822,0.288048,0.840673,0.957337,0.621627,0.666667,0.644239,0.248330,0.748031
3622,0.236090,0.746964,0.771970,0.481758,0.294988,0.838171,0.955882,0.621148,0.666667,0.641716,0.248330,0.748031
3623,0.262406,0.735830,0.772044,0.485025,0.253374,0.838371,0.957260,0.617628,0.666667,0.642557,0.248330,0.748031
3624,0.242857,0.770243,0.772417,0.491650,0.297600,0.840673,0.957950,0.617861,0.666667,0.644239,0.248330,0.748031
3625,0.242857,0.720648,0.772665,0.497217,0.321237,0.840673,0.956667,0.619230,0.666667,0.646762,0.248330,0.748031
3626,0.255639,0.755061,0.772640,0.495484,0.322953,0.840673,0.955968,0.624709,0.666667,0.648444,0.234967,0.748031
3627,0.245113,0.745951,0.772342,0.497477,0.289124,0.836469,0.958773,0.633269,0.666667,0.649285,0.232183,0.748031
3628,0.254135,0.787449,0.771895,0.477387,0.294425,0.839972,0.957950,0.639228,0.666667,0.652649,0.220490,0.748031
3629,0.245113,0.731781,0.771548,0.470026,0.255141,0.840673,0.956351,0.631968,0.666667,0.654331,0.233853,0.748031
3630,0.248120,0.753036,0.771821,0.475378,0.300545,0.840673,0.956217,0.625777,0.666667,0.648444,0.220490,0.748031
3631,0.254135,0.713563,0.771746,0.492018,0.320085,0.839772,0.957796,0.619737,0.666667,0.649285,0.220490,0.752126
3632,0.233083,0.747976,0.771672,0.492769,0.299035,0.830665,0.957615,0.621490,0.666667,0.646762,0.220490,0.748031
3633,0.235338,0.692308,0.771672,0.495499,0.271454,0.830665,0.956093,0.621353,0.666667,0.649285,0.220490,0.748031
3634,0.240602,0.691296,0.771548,0.497907,0.328869,0.830665,0.956543,0.620531,0.666667,0.647603,0.220490,0.748031
3635,0.255639,0.697368,0.771647,0.492018,0.321878,0.830665,0.956141,0.625736,0.666667,0.645921,0.220490,0.748031
3636,0.245113,0.697368,0.771448,0.493919,0.295603,0.830665,0.957213,0.621970,0.666667,0.647603,0.220490,0.748031
3637,0.251880,0.665992,0.771548,0.497293,0.253400,0.830665,0.955700,0.619504,0.666667,0.645080,0.220490,0.748031
3638,0.224060,0.727733,0.771473,0.499548,0.282056,0.830665,0.955585,0.622107,0.666667,0.644239,0.232461,0.748031
3639,0.214286,0.763158,0.771399,0.499701,0.305411,0.830665,0.956322,0.619436,0.666667,0.646762,0.248330,0.748031
3640,0.229323,0.747976,0.771548,0.505605,0.254962,0.830665,0.957337,0.617655,0.666667,0.646762,0.221882,0.748031
3641,0.217293,0.668016,0.771647,0.497293,0.327051,0.825961,0.954552,0.622175,0.666667,0.647603,0.220490,0.748031
3642,0.261654,0.661943,0.771846,0.498597,0.297805,0.820456,0.956035,0.620326,0.666667,0.646762,0.220490,0.748031
3643,0.235338,0.734818,0.771945,0.508335,0.282517,0.815352,0.957576,0.617176,0.666667,0.646762,0.220490,0.748031
3644,0.239098,0.696356,0.772094,0.510896,0.271403,0.810649,0.955940,0.616833,0.666667,0.645921,0.220490,0.748031
3645,0.224060,0.740891,0.772442,0.509056,0.250250,0.810649,0.954992,0.622175,0.666667,0.645080,0.220490,0.748031
3646,0.210526,0.746964,0.772491,0.508366,0.253425,0.810649,0.955853,0.624572,0.666667,0.646762,0.220490,0.748031
3647,0.247368,0.720648,0.772144,0.509102,0.247740,0.810649,0.957213,0.623339,0.666667,0.650967,0.220490,0.748031
3648,0.232331,0.707490,0.772516,0.519484,0.296141,0.810649,0.957260,0.615669,0.666667,0.645921,0.220490,0.748031
3649,0.251128,0.706478,0.772864,0.513733,0.230992,0.810649,0.956093,0.622107,0.666667,0.645921,0.220490,0.748031
3650,0.228571,0.741903,0.772665,0.498597,0.244872,0.805845,0.956208,0.628202,0.666667,0.645080,0.220490,0.748031
3651,0.228571,0.761134,0.772541,0.497723,0.256114,0.801942,0.958313,0.624503,0.666667,0.650967,0.220490,0.748031
3652,0.237594,0.707490,0.772442,0.501173,0.248099,0.800641,0.957308,0.621011,0.666667,0.646762,0.220490,0.748031
3653,0.251128,0.748988,0.772864,0.506617,0.215806,0.800641,0.955461,0.620942,0.666667,0.645921,0.220490,0.748031
3654,0.233083,0.692308,0.773013,0.507630,0.231991,0.800641,0.955892,0.624846,0.666667,0.647603,0.220490,0.748031
3655,0.224812,0.717611,0.773162,0.500713,0.211939,0.801141,0.957375,0.629571,0.666667,0.648444,0.220490,0.748031
3656,0.240602,0.759109,0.773187,0.498949,0.225947,0.810649,0.957184,0.632105,0.666667,0.648444,0.220490,0.748031
3657,0.274436,0.688259,0.773038,0.494794,0.252170,0.810649,0.956035,0.633269,0.666667,0.650126,0.220490,0.748031
3658,0.251128,0.837045,0.772193,0.499026,0.287434,0.804343,0.955585,0.633886,0.666667,0.650967,0.246102,0.748031
3659,0.246617,0.737854,0.771920,0.502201,0.267280,0.800641,0.956858,0.631763,0.666667,0.650126,0.222717,0.748031
3660,0.261654,0.688259,0.771374,0.522015,0.245538,0.800641,0.955614,0.623408,0.666667,0.647603,0.233853,0.748031
3661,0.225564,0.708502,0.770952,0.519714,0.250480,0.808447,0.956131,0.626558,0.666667,0.650126,0.233575,0.748031
3662,0.231579,0.756073,0.770877,0.505927,0.271659,0.826962,0.956466,0.631900,0.666667,0.650967,0.248330,0.748031
3663,0.231579,0.775304,0.770530,0.490576,0.278266,0.830665,0.955652,0.636899,0.666667,0.650126,0.248330,0.748031
3664,0.227068,0.764170,0.770505,0.483522,0.276729,0.839472,0.955279,0.633132,0.666667,0.650126,0.248330,0.748031
3665,0.239850,0.746964,0.770679,0.486558,0.234347,0.835969,0.958199,0.622791,0.666667,0.646762,0.248330,0.751811
3666,0.242105,0.711538,0.770281,0.498704,0.244641,0.840673,0.955758,0.616765,0.666667,0.646762,0.248330,0.752992
3667,0.245113,0.754049,0.770505,0.500054,0.249968,0.835869,0.957021,0.617587,0.666667,0.648444,0.248330,0.750787
3668,0.249624,0.752024,0.770455,0.502277,0.285923,0.839972,0.956351,0.619504,0.666667,0.645080,0.248330,0.748031
3669,0.241353,0.745951,0.770232,0.500590,0.230633,0.835468,0.958246,0.618545,0.666667,0.643398,0.248330,0.748031
3670,0.215789,0.778340,0.770554,0.504378,0.264616,0.830665,0.956830,0.620668,0.666667,0.646762,0.248330,0.748031
3671,0.209774,0.660931,0.770381,0.501281,0.257318,0.832466,0.954705,0.623065,0.666667,0.645921,0.248330,0.748031
3672,0.224060,0.741903,0.770679,0.496097,0.283234,0.833667,0.956351,0.623956,0.666667,0.645921,0.248330,0.748031
3673,0.249624,0.697368,0.770505,0.495346,0.274092,0.830665,0.956284,0.620531,0.666667,0.645080,0.248330,0.750394
3674,0.216541,0.737854,0.770679,0.497937,0.256831,0.830665,0.956093,0.614847,0.666667,0.644239,0.248330,0.749606
3675,0.209774,0.766194,0.770579,0.505544,0.259238,0.830665,0.957595,0.610396,0.666667,0.642557,0.248330,0.748031
3676,0.233835,0.747976,0.770852,0.504961,0.281595,0.834367,0.954896,0.624846,0.666667,0.641716,0.236637,0.748031
3677,0.248120,0.743927,0.771076,0.481697,0.271582,0.835869,0.956954,0.626284,0.666667,0.645080,0.220490,0.748031
3678,0.237594,0.761134,0.771349,0.485055,0.285539,0.840673,0.955652,0.616080,0.666667,0.644239,0.234410,0.748031
3679,0.206767,0.705466,0.771374,0.501158,0.299982,0.835969,0.956571,0.608273,0.666667,0.641716,0.220490,0.748031
3680,0.206015,0.700405,0.772144,0.500636,0.293913,0.835468,0.955652,0.608958,0.666667,0.642557,0.220490,0.748031
3681,0.200000,0.660931,0.772665,0.508841,0.276038,0.830665,0.955202,0.606561,0.666667,0.644239,0.220490,0.748031
3682,0.228571,0.707490,0.773013,0.506418,0.296909,0.830665,0.955490,0.611971,0.666667,0.643398,0.220490,0.748031
3683,0.242105,0.734818,0.773360,0.495576,0.263438,0.830665,0.958294,0.620257,0.666667,0.642557,0.220490,0.748031
3684,0.222556,0.778340,0.773683,0.482065,0.287664,0.832466,0.957595,0.627448,0.666667,0.643398,0.220490,0.748031
3685,0.230827,0.750000,0.773634,0.480240,0.268125,0.833467,0.956160,0.622244,0.666667,0.646762,0.220490,0.748031
3686,0.230075,0.750000,0.773956,0.497247,0.272427,0.836469,0.958380,0.611944,0.666667,0.644239,0.220490,0.748031
3687,0.225564,0.663968,0.774056,0.505835,0.267997,0.830665,0.958141,0.610327,0.666667,0.643398,0.239143,0.748031
3688,0.231579,0.755061,0.773981,0.507844,0.292837,0.830665,0.956255,0.615121,0.666667,0.644239,0.241370,0.748031
3689,0.216541,0.737854,0.773882,0.504240,0.306589,0.830665,0.955652,0.622928,0.666667,0.647603,0.227450,0.748031
3690,0.237594,0.737854,0.773832,0.495683,0.310712,0.839171,0.957433,0.623572,0.666667,0.647603,0.243875,0.748031
3691,0.269925,0.657895,0.773907,0.493137,0.296525,0.840673,0.956380,0.625010,0.666667,0.645921,0.234688,0.748031
3692,0.229323,0.815789,0.774155,0.500744,0.290942,0.840673,0.954552,0.629941,0.666667,0.647603,0.242762,0.748031
3693,0.250376,0.752024,0.773981,0.490285,0.297703,0.840372,0.956562,0.628982,0.666667,0.648444,0.248330,0.748031
3694,0.239098,0.751012,0.773783,0.486742,0.292786,0.835468,0.957567,0.625325,0.666667,0.645921,0.248330,0.748031
3695,0.227820,0.822874,0.773435,0.497370,0.297472,0.836469,0.956686,0.622175,0.666667,0.644239,0.248330,0.748031
3696,0.248120,0.831984,0.773286,0.500560,0.295065,0.839071,0.956054,0.622339,0.666667,0.644239,0.248330,0.748031
3697,0.225564,0.738866,0.773038,0.500054,0.290968,0.832466,0.954992,0.625051,0.666667,0.646762,0.248330,0.748031
3698,0.236842,0.683198,0.772914,0.498750,0.275218,0.833667,0.958572,0.624914,0.666667,0.647603,0.248330,0.748031
3699,0.260150,0.743927,0.773162,0.504961,0.301339,0.835468,0.955901,0.631968,0.666667,0.647603,0.248330,0.748031
3700,0.247368,0.751012,0.772963,0.481727,0.278957,0.830665,0.955585,0.640077,0.666667,0.649285,0.248330,0.748031
3701,0.260902,0.669028,0.772839,0.475746,0.300341,0.830665,0.955892,0.627243,0.666667,0.646762,0.248330,0.748425
3702,0.239850,0.658907,0.772740,0.503320,0.286537,0.834367,0.955298,0.617587,0.666667,0.644239,0.248330,0.751575
3703,0.257895,0.763158,0.772119,0.505544,0.290891,0.835969,0.956131,0.626216,0.666667,0.645080,0.248330,0.752598
3704,0.230827,0.680162,0.771846,0.504348,0.286076,0.840673,0.957289,0.631352,0.666667,0.645921,0.248330,0.750866
3705,0.282707,0.663968,0.771622,0.493689,0.307767,0.835869,0.957615,0.633543,0.666667,0.649285,0.242762,0.748031
3706,0.257143,0.734818,0.771324,0.494165,0.335374,0.854283,0.956141,0.633872,0.666667,0.649285,0.239978,0.749528
3707,0.281955,0.677126,0.770728,0.491849,0.337217,0.835468,0.955614,0.635666,0.666667,0.649285,0.240535,0.755906
3708,0.265414,0.723684,0.770058,0.490960,0.323286,0.835468,0.957184,0.631763,0.666667,0.648444,0.241927,0.755906
3709,0.260150,0.750000,0.770033,0.493122,0.314579,0.831966,0.957816,0.626558,0.666667,0.647603,0.248330,0.755906
3710,0.263158,0.717611,0.769760,0.500514,0.308996,0.840673,0.955298,0.625120,0.666667,0.645080,0.248330,0.755906
3711,0.267669,0.774291,0.769089,0.501618,0.303234,0.840673,0.956753,0.629051,0.666667,0.647603,0.248330,0.755906
3712,0.233835,0.788462,0.769114,0.499870,0.300136,0.837870,0.957471,0.639707,0.666667,0.647603,0.248330,0.755906
3713,0.239098,0.783401,0.768618,0.474719,0.334528,0.835368,0.957806,0.643610,0.666667,0.654331,0.248330,0.755906
3714,0.232331,0.831984,0.768767,0.474704,0.294988,0.830665,0.955279,0.631694,0.666667,0.650126,0.236637,0.755906
3715,0.228571,0.722672,0.768841,0.486712,0.323286,0.835468,0.956188,0.619573,0.666667,0.646762,0.220490,0.755906
3716,0.261654,0.732794,0.768518,0.511387,0.309176,0.839672,0.957500,0.616148,0.666667,0.646762,0.247773,0.755906
3717,0.227068,0.755061,0.767798,0.510390,0.318472,0.831465,0.955777,0.624106,0.666667,0.649285,0.248330,0.755906
3718,0.237594,0.697368,0.767798,0.496772,0.315399,0.835368,0.955308,0.631352,0.666667,0.650967,0.248330,0.752362
3719,0.279699,0.636640,0.767451,0.490668,0.299726,0.840673,0.956045,0.632448,0.666667,0.650126,0.248330,0.755906
3720,0.273684,0.684211,0.767451,0.491220,0.305949,0.840673,0.957500,0.629119,0.666667,0.651808,0.248330,0.755906
3721,0.278947,0.725709,0.767078,0.495284,0.294220,0.838871,0.956495,0.625407,0.666667,0.648444,0.248330,0.755906
3722,0.235338,0.690283,0.766408,0.498259,0.272606,0.837470,0.957883,0.622517,0.666667,0.650967,0.248330,0.755906
3723,0.237594,0.702429,0.766755,0.497569,0.292658,0.840673,0.955518,0.624983,0.666667,0.649285,0.248330,0.755906
3724,0.236090,0.660931,0.766557,0.499440,0.312812,0.840673,0.957691,0.623202,0.666667,0.647603,0.248330,0.755906
3725,0.232331,0.738866,0.766532,0.499732,0.308817,0.840673,0.957442,0.625092,0.666667,0.648444,0.248330,0.755748
3726,0.242857,0.782389,0.766234,0.495514,0.284796,0.840673,0.955777,0.626270,0.666667,0.649285,0.248330,0.753228
3727,0.266165,0.740891,0.766035,0.496680,0.258905,0.840673,0.956476,0.628270,0.666667,0.649285,0.248330,0.755906
3728,0.259398,0.738866,0.766060,0.490438,0.252350,0.840673,0.954695,0.632105,0.666667,0.652649,0.248330,0.755906
3729,0.255639,0.692308,0.765936,0.489901,0.267741,0.840673,0.957519,0.631489,0.666667,0.647603,0.248330,0.755906
3730,0.281203,0.744939,0.765563,0.491236,0.267689,0.840673,0.956705,0.629722,0.666667,0.651808,0.248330,0.755906
3731,0.260902,0.775304,0.765365,0.498413,0.266486,0.840673,0.954791,0.628818,0.666667,0.652649,0.248330,0.755906
3732,0.269925,0.703441,0.764918,0.497339,0.296115,0.840673,0.956925,0.628270,0.666667,0.645921,0.238586,0.755906
3733,0.251880,0.779352,0.764446,0.497447,0.305590,0.840673,0.954322,0.626243,0.666667,0.652649,0.227728,0.755906
3734,0.235338,0.704453,0.764421,0.501204,0.273374,0.840673,0.956590,0.624640,0.666667,0.649285,0.248330,0.755906
3735,0.177444,0.692308,0.764545,0.515052,0.271684,0.847378,0.955892,0.600315,0.666667,0.644239,0.248330,0.755906
3736,0.202256,0.705466,0.765365,0.515727,0.291480,0.848379,0.956179,0.589851,0.666667,0.638352,0.248330,0.755906
3737,0.210526,0.760121,0.766408,0.503734,0.258957,0.833167,0.957021,0.608684,0.666667,0.640034,0.248330,0.748268
3738,0.209023,0.722672,0.767426,0.494149,0.286640,0.813351,0.956083,0.616696,0.666667,0.640034,0.233853,0.748031
3739,0.218797,0.677126,0.768369,0.492125,0.333299,0.810649,0.955863,0.610095,0.666667,0.638352,0.220490,0.748031
3740,0.202256,0.707490,0.769487,0.477464,0.308126,0.806845,0.957672,0.606492,0.666667,0.634146,0.220490,0.748031
3741,0.216541,0.759109,0.770579,0.474719,0.298676,0.800641,0.956657,0.600274,0.666667,0.633305,0.220490,0.748031
3742,0.216541,0.658907,0.771424,0.486742,0.264130,0.800641,0.955509,0.590823,0.666667,0.629941,0.216314,0.748031
3743,0.215789,0.701417,0.772318,0.495744,0.269047,0.800641,0.956064,0.592385,0.666667,0.633305,0.192650,0.743071
3744,0.193985,0.651822,0.773187,0.497830,0.251684,0.800641,0.957959,0.596631,0.666667,0.635828,0.192650,0.740157
3745,0.221805,0.637652,0.773807,0.491466,0.325258,0.800641,0.955566,0.602178,0.666667,0.631623,0.206013,0.740157
3746,0.229323,0.778340,0.774751,0.487708,0.298138,0.806845,0.955853,0.606629,0.666667,0.634146,0.212695,0.740157
3747,0.213534,0.699393,0.775720,0.485485,0.281032,0.817154,0.955796,0.606355,0.666667,0.634987,0.220490,0.740157
3748,0.209774,0.764170,0.776216,0.489503,0.280468,0.818455,0.957864,0.604849,0.666667,0.635828,0.220490,0.740157
3749,0.219549,0.628543,0.776713,0.494303,0.261979,0.810649,0.956801,0.603137,0.666667,0.637511,0.220490,0.740157
3750,0.215789,0.771255,0.777135,0.498443,0.272120,0.825961,0.953671,0.605465,0.666667,0.636669,0.220490,0.740157
3751,0.221053,0.794534,0.777607,0.499716,0.288791,0.830665,0.956543,0.619723,0.666667,0.640034,0.220490,0.740157
3752,0.221805,0.835020,0.778029,0.478507,0.309201,0.830665,0.957241,0.622586,0.666667,0.641716,0.244989,0.740157
3753,0.235338,0.736842,0.778774,0.479657,0.258803,0.830665,0.956992,0.617107,0.666667,0.640034,0.248330,0.740157
3754,0.233083,0.753036,0.778898,0.492263,0.284745,0.830665,0.956035,0.613135,0.666667,0.639193,0.248330,0.740157
3755,0.220301,0.685223,0.778923,0.498213,0.333683,0.835468,0.956992,0.616696,0.666667,0.637511,0.248330,0.740157
3756,0.232331,0.743927,0.778972,0.495928,0.284898,0.840372,0.958390,0.619641,0.666667,0.642557,0.248330,0.740157
3757,0.232331,0.677126,0.779146,0.493843,0.309790,0.835869,0.956284,0.623545,0.666667,0.641716,0.248330,0.743937
3758,0.249624,0.715587,0.778997,0.486942,0.328331,0.840673,0.955202,0.626695,0.666667,0.639193,0.248330,0.748031
3759,0.248120,0.759109,0.779097,0.484381,0.338344,0.840673,0.956657,0.623476,0.666667,0.642557,0.248330,0.748031
3760,0.231579,0.737854,0.778799,0.487494,0.320085,0.840673,0.957500,0.620230,0.666667,0.640034,0.248330,0.748031
3761,0.241353,0.690283,0.778699,0.497063,0.342877,0.840673,0.956571,0.616491,0.666667,0.645080,0.248330,0.748031
3762,0.224812,0.677126,0.778774,0.502231,0.293093,0.840673,0.954532,0.619025,0.666667,0.644239,0.248330,0.748031
3763,0.248120,0.707490,0.778525,0.497631,0.337653,0.840673,0.956476,0.623545,0.666667,0.645080,0.248330,0.748031
3764,0.236090,0.708502,0.778600,0.489089,0.298266,0.840673,0.956188,0.626626,0.666667,0.642557,0.248330,0.748031
3765,0.239098,0.737854,0.778724,0.484764,0.317780,0.840673,0.956945,0.625805,0.666667,0.644239,0.248330,0.748031
3766,0.242857,0.680162,0.778848,0.488368,0.339164,0.840673,0.956543,0.622586,0.666667,0.642557,0.248330,0.748031
3767,0.239850,0.694332,0.778724,0.493045,0.325514,0.840673,0.956858,0.621764,0.666667,0.641716,0.248330,0.748031
3768,0.256391,0.766194,0.778550,0.493567,0.326871,0.840673,0.956504,0.622764,0.666667,0.645921,0.248330,0.748031
3769,0.245113,0.732794,0.778252,0.493996,0.307793,0.840673,0.957720,0.622654,0.666667,0.641716,0.248330,0.748031
3770,0.251128,0.706478,0.778277,0.495637,0.299982,0.840673,0.954312,0.623682,0.666667,0.644239,0.248330,0.748031
3771,0.250376,0.656883,0.778128,0.493919,0.306922,0.840673,0.955423,0.622997,0.666667,0.646762,0.248330,0.748031
3772,0.235338,0.696356,0.777880,0.488214,0.332198,0.840673,0.955987,0.623065,0.666667,0.643398,0.248330,0.748031
3773,0.240602,0.640688,0.778079,0.493122,0.349689,0.840673,0.958380,0.615601,0.666667,0.645080,0.248330,0.748031
3774,0.239098,0.716599,0.778327,0.501419,0.351942,0.840673,0.955920,0.617998,0.666667,0.645080,0.248330,0.748031
3775,0.247368,0.741903,0.778103,0.500774,0.323414,0.840673,0.956227,0.624408,0.666667,0.645080,0.248330,0.748031
3776,0.240602,0.681174,0.778178,0.490745,0.325028,0.840673,0.957117,0.625257,0.666667,0.645921,0.248330,0.748031
3777,0.239098,0.720648,0.778128,0.485914,0.340572,0.840673,0.957117,0.626626,0.666667,0.641716,0.248330,0.748031
3778,0.235338,0.793522,0.778203,0.484994,0.329151,0.840673,0.955126,0.625394,0.666667,0.646762,0.247773,0.748031
3779,0.242105,0.832996,0.777905,0.493536,0.310635,0.840673,0.957308,0.619573,0.666667,0.645921,0.235245,0.748031
3780,0.232331,0.776316,0.777930,0.497140,0.328946,0.840673,0.956906,0.621696,0.666667,0.645080,0.248330,0.748031
3781,0.245113,0.769231,0.777632,0.494119,0.345284,0.850180,0.955135,0.624230,0.666667,0.647603,0.248330,0.748031
3782,0.257895,0.667004,0.777557,0.494609,0.323568,0.840673,0.956322,0.625599,0.666667,0.648444,0.248330,0.748031
3783,0.236090,0.720648,0.777408,0.488368,0.324925,0.840673,0.957710,0.631078,0.666667,0.645921,0.248330,0.748031
3784,0.218045,0.771255,0.777060,0.486374,0.324618,0.841673,0.956284,0.631215,0.666667,0.649285,0.248330,0.749055
3785,0.250376,0.670040,0.777135,0.487739,0.297831,0.844476,0.957385,0.626490,0.666667,0.647603,0.248330,0.754724
3786,0.249624,0.735830,0.776663,0.494533,0.358575,0.847178,0.955269,0.625188,0.666667,0.649285,0.248330,0.753307
3787,0.248120,0.735830,0.776415,0.496603,0.332582,0.850681,0.954753,0.626832,0.666667,0.645080,0.248330,0.754488
3788,0.243609,0.757085,0.776589,0.494303,0.323004,0.848179,0.957184,0.630051,0.666667,0.645921,0.234410,0.748031
3789,0.222556,0.778340,0.776340,0.491205,0.347410,0.845476,0.954370,0.633064,0.666667,0.644239,0.234967,0.753937
3790,0.248872,0.773279,0.775695,0.485684,0.328126,0.848679,0.955777,0.629845,0.666667,0.650126,0.248330,0.751969
3791,0.266917,0.714575,0.774850,0.484304,0.344413,0.845877,0.955078,0.629571,0.666667,0.650967,0.235245,0.755906
3792,0.252632,0.745951,0.775024,0.489242,0.328562,0.845877,0.956667,0.624914,0.666667,0.649285,0.248330,0.755906
3793,0.264662,0.628543,0.774726,0.495484,0.317140,0.850681,0.957500,0.623202,0.666667,0.646762,0.237194,0.755906
3794,0.254887,0.710526,0.774329,0.496158,0.333197,0.850681,0.955710,0.626353,0.666667,0.649285,0.234410,0.755906
3795,0.278947,0.772267,0.774304,0.490822,0.368383,0.845877,0.957280,0.630393,0.666667,0.650967,0.246381,0.755906
3796,0.269173,0.722672,0.774403,0.491512,0.312991,0.850681,0.956035,0.630325,0.666667,0.650126,0.248330,0.755906
3797,0.240602,0.725709,0.773758,0.488322,0.325847,0.850681,0.954695,0.628886,0.666667,0.649285,0.248330,0.755906
3798,0.268421,0.710526,0.773658,0.489733,0.307562,0.850681,0.957385,0.625599,0.666667,0.647603,0.234410,0.755748
3799,0.267669,0.720648,0.773311,0.471759,0.349561,0.850681,0.958170,0.614642,0.666667,0.649285,0.220490,0.751969
3800,0.256391,0.801619,0.773783,0.513503,0.378268,0.850681,0.954389,0.603068,0.666667,0.642557,0.222717,0.751417
3801,0.250376,0.644737,0.773758,0.521186,0.352455,0.850681,0.956476,0.620052,0.666667,0.647603,0.234410,0.748031
3802,0.268421,0.742915,0.774379,0.505851,0.326692,0.850681,0.957500,0.632516,0.666667,0.654331,0.230791,0.748031
3803,0.251128,0.753036,0.773336,0.490009,0.344695,0.850681,0.956734,0.635187,0.666667,0.652649,0.220490,0.748031
3804,0.245865,0.748988,0.773038,0.487754,0.319855,0.850681,0.955384,0.634886,0.666667,0.652649,0.220490,0.749291
3805,0.258647,0.765182,0.772864,0.484350,0.349689,0.850681,0.956409,0.632256,0.666667,0.650967,0.241370,0.752205
3806,0.248120,0.687247,0.772193,0.493153,0.351738,0.850681,0.956801,0.625051,0.666667,0.649285,0.227450,0.755906
3807,0.243609,0.775304,0.772268,0.497861,0.347743,0.850681,0.954724,0.622038,0.666667,0.651808,0.220490,0.755906
3808,0.227820,0.735830,0.772218,0.488475,0.351379,0.850681,0.954657,0.621833,0.666667,0.647603,0.220490,0.755906
3809,0.243609,0.713563,0.772044,0.501940,0.345796,0.850681,0.956160,0.620394,0.666667,0.648444,0.220490,0.753543
3810,0.252632,0.641700,0.772243,0.503704,0.355220,0.850681,0.957662,0.625462,0.666667,0.647603,0.220490,0.748031
3811,0.271429,0.705466,0.772044,0.500560,0.324899,0.850681,0.955585,0.629571,0.666667,0.648444,0.230791,0.748031
3812,0.261654,0.621457,0.771895,0.495422,0.323619,0.850681,0.955413,0.631968,0.666667,0.649285,0.237194,0.750945
3813,0.235338,0.735830,0.771399,0.493996,0.350150,0.850681,0.956083,0.631146,0.666667,0.648444,0.233575,0.752756
3814,0.271429,0.739879,0.770877,0.498014,0.324285,0.850681,0.957088,0.624983,0.666667,0.646762,0.220490,0.751339
3815,0.266165,0.772267,0.771101,0.499072,0.333658,0.850681,0.955394,0.628708,0.666667,0.648444,0.236637,0.755906
3816,0.262406,0.788462,0.771250,0.493398,0.305360,0.845576,0.956035,0.629749,0.666667,0.646762,0.220490,0.752047
3817,0.249624,0.764170,0.770430,0.495024,0.382186,0.850681,0.955844,0.626216,0.666667,0.649285,0.248330,0.752126
3818,0.247368,0.775304,0.770083,0.492278,0.379907,0.850681,0.957500,0.627380,0.666667,0.648444,0.248330,0.751969
3819,0.248872,0.775304,0.770182,0.493919,0.382340,0.850681,0.956332,0.623134,0.666667,0.646762,0.248330,0.755906
3820,0.266165,0.764170,0.769983,0.496036,0.380419,0.850681,0.956093,0.621833,0.666667,0.645080,0.248330,0.752126
3821,0.252632,0.701417,0.769785,0.497569,0.354913,0.850681,0.955652,0.621490,0.666667,0.645080,0.248330,0.751417
3822,0.257143,0.740891,0.769685,0.499256,0.360547,0.850681,0.957002,0.620655,0.666667,0.643398,0.244432,0.748031
3823,0.260902,0.782389,0.769387,0.496833,0.343082,0.850681,0.955987,0.624736,0.666667,0.644239,0.234688,0.749134
3824,0.225564,0.782389,0.769561,0.494272,0.324976,0.850681,0.955298,0.622928,0.666667,0.643398,0.239421,0.751969
3825,0.266165,0.731781,0.769338,0.492462,0.306077,0.850681,0.956858,0.624572,0.666667,0.645080,0.228842,0.750630
3826,0.261654,0.701417,0.769387,0.492386,0.305795,0.850681,0.958170,0.619778,0.666667,0.642557,0.234410,0.748031
3827,0.265414,0.711538,0.769363,0.490822,0.340572,0.845877,0.955423,0.617176,0.666667,0.640875,0.220490,0.748031
3828,0.251128,0.668016,0.769561,0.505958,0.389715,0.850681,0.955375,0.614573,0.666667,0.642557,0.229399,0.748031
3829,0.247368,0.676113,0.769661,0.505851,0.397296,0.850681,0.956313,0.619093,0.666667,0.641716,0.248330,0.748031
3830,0.244361,0.739879,0.769685,0.499379,0.357039,0.850681,0.957902,0.625942,0.666667,0.645921,0.248330,0.748031
3831,0.223308,0.808704,0.769412,0.489963,0.324976,0.842174,0.955269,0.626900,0.666667,0.645080,0.248330,0.748031
3832,0.230827,0.757085,0.769735,0.489211,0.326615,0.844676,0.956380,0.624777,0.666667,0.646762,0.223831,0.748031
3833,0.251880,0.706478,0.769363,0.488889,0.358498,0.850681,0.956667,0.623545,0.666667,0.643398,0.220490,0.748031
3834,0.252632,0.695344,0.769214,0.494732,0.358063,0.850681,0.958648,0.617518,0.666667,0.647603,0.234410,0.748031
3835,0.250376,0.699393,0.769387,0.496327,0.332224,0.850681,0.957280,0.621559,0.666667,0.648444,0.234410,0.748031
3836,0.261654,0.722672,0.769710,0.495254,0.349586,0.845176,0.955585,0.626421,0.666667,0.644239,0.220490,0.748031
3837,0.254135,0.696356,0.769636,0.491726,0.362365,0.842174,0.955174,0.624914,0.666667,0.645080,0.220490,0.748031
3838,0.254887,0.785425,0.769288,0.489319,0.340521,0.848879,0.956811,0.624640,0.666667,0.644239,0.220490,0.748031
3839,0.266165,0.735830,0.769338,0.490392,0.328920,0.845476,0.955222,0.618340,0.666667,0.645080,0.220490,0.748031
3840,0.233835,0.736842,0.769611,0.495085,0.320956,0.840673,0.956724,0.613012,0.666667,0.643398,0.220490,0.748031
3841,0.233083,0.759109,0.769586,0.508703,0.344900,0.840673,0.956102,0.612519,0.666667,0.641716,0.220490,0.748031
3842,0.231579,0.675101,0.769735,0.498719,0.334503,0.840673,0.957385,0.622175,0.666667,0.643398,0.220490,0.748031
3843,0.249624,0.714575,0.769512,0.488521,0.348536,0.844476,0.955997,0.626147,0.666667,0.647603,0.238029,0.748031
3844,0.250376,0.719636,0.769586,0.491696,0.371559,0.850681,0.956016,0.625668,0.666667,0.645080,0.243597,0.748031
3845,0.251128,0.721660,0.769512,0.493873,0.357346,0.845877,0.956035,0.620052,0.666667,0.643398,0.220490,0.748031
3846,0.244361,0.737854,0.769536,0.498949,0.340879,0.840673,0.955805,0.619436,0.666667,0.645080,0.226615,0.748031
3847,0.226316,0.745951,0.769661,0.497523,0.401035,0.840673,0.957107,0.622285,0.666667,0.644239,0.234410,0.748031
3848,0.237594,0.767206,0.769685,0.494962,0.380548,0.841673,0.955135,0.626147,0.666667,0.643398,0.248330,0.748031
3849,0.248872,0.729757,0.769512,0.489319,0.370253,0.850681,0.956332,0.624640,0.666667,0.646762,0.248330,0.748031
3850,0.256391,0.743927,0.769487,0.489058,0.366719,0.843975,0.957002,0.621559,0.666667,0.643398,0.248330,0.748031
3851,0.246617,0.756073,0.769661,0.483338,0.345105,0.847678,0.955662,0.618408,0.666667,0.645080,0.248330,0.748031
3852,0.236090,0.692308,0.769983,0.498643,0.384107,0.850681,0.955987,0.602726,0.666667,0.644239,0.248330,0.748031
3853,0.249624,0.794534,0.770480,0.519285,0.373121,0.847678,0.954590,0.608821,0.666667,0.645921,0.248330,0.748031
3854,0.248872,0.651822,0.771051,0.514899,0.341417,0.848879,0.955710,0.620531,0.666667,0.646762,0.248330,0.748031
3855,0.246617,0.687247,0.770728,0.489748,0.376885,0.850681,0.956878,0.627859,0.666667,0.647603,0.248330,0.748031
3856,0.236842,0.736842,0.770629,0.486804,0.372122,0.850681,0.955183,0.627640,0.666667,0.643398,0.248330,0.748031
3857,0.263910,0.741903,0.770778,0.484841,0.358370,0.850681,0.955729,0.624257,0.666667,0.640875,0.248330,0.748031
3858,0.233083,0.690283,0.770629,0.503274,0.384312,0.850681,0.956418,0.615806,0.666667,0.645921,0.248330,0.748031
3859,0.252632,0.709514,0.770977,0.507538,0.380035,0.850681,0.956380,0.621490,0.666667,0.642557,0.234410,0.748031
3860,0.272180,0.785425,0.771200,0.516923,0.390100,0.846077,0.956083,0.627558,0.666667,0.646762,0.235523,0.748031
3861,0.256391,0.727733,0.770753,0.485347,0.399524,0.850681,0.955805,0.639570,0.666667,0.645921,0.223831,0.748031
3862,0.224060,0.796559,0.770679,0.481191,0.366668,0.845777,0.955719,0.633160,0.666667,0.645921,0.244432,0.748031
3863,0.245113,0.710526,0.770977,0.490515,0.377142,0.845877,0.957567,0.622038,0.666667,0.646762,0.238029,0.749055
3864,0.257895,0.726721,0.771101,0.497186,0.363594,0.850681,0.958457,0.621833,0.666667,0.642557,0.230234,0.750945
3865,0.235338,0.771255,0.771250,0.498443,0.349791,0.850681,0.955470,0.622517,0.666667,0.645921,0.233853,0.751811
3866,0.232331,0.673077,0.771225,0.502477,0.348127,0.847978,0.956064,0.621490,0.666667,0.644239,0.220490,0.748031
3867,0.242105,0.754049,0.771126,0.498367,0.364568,0.845476,0.957423,0.622997,0.666667,0.645921,0.220490,0.748031
3868,0.242857,0.700405,0.771200,0.497907,0.405542,0.840673,0.956026,0.625092,0.666667,0.640875,0.220490,0.748031
3869,0.248120,0.724696,0.771101,0.500161,0.357474,0.840673,0.954724,0.621079,0.666667,0.645080,0.220490,0.748031
3870,0.234586,0.746964,0.771175,0.505375,0.363723,0.845476,0.956571,0.617381,0.666667,0.642557,0.220490,0.748031
3871,0.266165,0.777328,0.771225,0.503857,0.407155,0.840673,0.957816,0.616902,0.666667,0.644239,0.220490,0.748031
3872,0.233083,0.750000,0.771374,0.499624,0.387385,0.845476,0.955901,0.621833,0.666667,0.643398,0.220490,0.748031
3873,0.233083,0.745951,0.771722,0.492355,0.382263,0.850681,0.955202,0.623750,0.666667,0.640034,0.220490,0.748031
3874,0.228571,0.753036,0.771970,0.487739,0.408743,0.850681,0.958007,0.623476,0.666667,0.641716,0.220490,0.748031
3875,0.215789,0.705466,0.771945,0.488122,0.426259,0.850681,0.957433,0.618682,0.666667,0.645080,0.220490,0.748031
3876,0.241353,0.668016,0.772094,0.501618,0.404031,0.850681,0.957146,0.612450,0.666667,0.642557,0.220490,0.748031
3877,0.246617,0.723684,0.772417,0.508688,0.396220,0.850681,0.955346,0.612998,0.666667,0.644239,0.221047,0.748031
3878,0.259398,0.762146,0.772491,0.507522,0.367103,0.850681,0.955585,0.618340,0.666667,0.641716,0.248330,0.748031
3879,0.220301,0.709514,0.772715,0.504118,0.407437,0.850681,0.956351,0.623545,0.666667,0.646762,0.248330,0.748031
3880,0.219549,0.764170,0.772914,0.501081,0.381623,0.850681,0.956973,0.625394,0.666667,0.646762,0.248330,0.748031
3881,0.248120,0.665992,0.772914,0.497063,0.361725,0.850681,0.957184,0.626900,0.666667,0.646762,0.245546,0.748031
3882,0.254135,0.725709,0.772740,0.495836,0.358217,0.841473,0.955710,0.624024,0.666667,0.647603,0.220490,0.748031
3883,0.244361,0.720648,0.772740,0.501894,0.374529,0.840673,0.956255,0.622860,0.666667,0.646762,0.234967,0.748031
3884,0.227820,0.734818,0.773087,0.512966,0.366565,0.845476,0.957978,0.626695,0.666667,0.647603,0.220490,0.748031
3885,0.257143,0.729757,0.773087,0.494272,0.381444,0.840673,0.954293,0.645870,0.666667,0.650126,0.220490,0.748031
3886,0.272932,0.718623,0.772541,0.473937,0.335706,0.841673,0.954848,0.641693,0.666667,0.651808,0.220490,0.749764
3887,0.255639,0.797571,0.772467,0.483522,0.367871,0.850681,0.956447,0.627311,0.666667,0.646762,0.241370,0.750236
3888,0.253383,0.697368,0.772094,0.495882,0.385516,0.848979,0.957500,0.624435,0.666667,0.644239,0.248330,0.751732
3889,0.270677,0.721660,0.771871,0.503918,0.358626,0.842874,0.956322,0.622791,0.666667,0.646762,0.248330,0.748031
3890,0.240602,0.761134,0.771498,0.501664,0.368127,0.850681,0.955394,0.629640,0.666667,0.646762,0.248330,0.748031
3891,0.258647,0.728745,0.771374,0.496097,0.323209,0.850681,0.956093,0.634023,0.666667,0.649285,0.248330,0.751969
3892,0.283459,0.673077,0.770679,0.493889,0.419934,0.850681,0.957117,0.636146,0.666667,0.648444,0.224109,0.754724
3893,0.279699,0.744939,0.770232,0.494947,0.420472,0.850681,0.956657,0.632995,0.666667,0.647603,0.231626,0.752126
3894,0.257895,0.726721,0.770058,0.497646,0.435171,0.850681,0.957883,0.632174,0.666667,0.649285,0.222717,0.755906
3895,0.267669,0.740891,0.769586,0.499701,0.424595,0.850681,0.956045,0.633406,0.666667,0.648444,0.246381,0.755906
3896,0.278947,0.701417,0.769065,0.499180,0.399216,0.850681,0.956112,0.632995,0.666667,0.650967,0.248330,0.755906
3897,0.291729,0.726721,0.768344,0.487739,0.370176,0.850681,0.957433,0.639912,0.666667,0.650967,0.248330,0.755906
3898,0.273684,0.753036,0.767798,0.487785,0.350252,0.850681,0.955853,0.637447,0.666667,0.650126,0.248330,0.755906
3899,0.261654,0.731781,0.767252,0.477663,0.381085,0.850681,0.956610,0.635940,0.666667,0.651808,0.248330,0.755906
3900,0.269925,0.726721,0.767202,0.482878,0.389485,0.850681,0.956380,0.624777,0.666667,0.647603,0.248330,0.755906
3901,0.254887,0.739879,0.766855,0.494272,0.396963,0.845677,0.957232,0.621833,0.666667,0.645080,0.248330,0.755906
3902,0.245865,0.764170,0.766507,0.503704,0.401009,0.850681,0.956610,0.618408,0.666667,0.648444,0.248330,0.755906
3903,0.263910,0.678138,0.766482,0.506004,0.413250,0.850681,0.954820,0.623271,0.666667,0.651808,0.248330,0.755906
3904,0.269173,0.733806,0.766308,0.501465,0.427847,0.850681,0.957500,0.631763,0.666667,0.654331,0.229677,0.755906
3905,0.251880,0.754049,0.765514,0.494870,0.405286,0.850681,0.956763,0.633338,0.666667,0.654331,0.220490,0.755906
3906,0.224812,0.867409,0.765067,0.490315,0.385003,0.850681,0.956160,0.632927,0.666667,0.653490,0.220490,0.755906
3907,0.242105,0.924089,0.764620,0.490361,0.349919,0.850681,0.956447,0.629229,0.666667,0.650126,0.226893,0.755906
3908,0.237594,0.754049,0.764396,0.509378,0.343901,0.850180,0.956045,0.638474,0.666667,0.652649,0.248330,0.755906
3909,0.284962,0.756073,0.763875,0.474060,0.349458,0.845376,0.956571,0.646418,0.666667,0.655172,0.226893,0.755906
3910,0.267669,0.769231,0.763428,0.469566,0.365029,0.842174,0.955920,0.635666,0.666667,0.652649,0.220490,0.755906
3911,0.240602,0.784413,0.762881,0.487816,0.337294,0.844676,0.955738,0.623750,0.666667,0.654331,0.220490,0.755906
3912,0.231579,0.673077,0.763006,0.494425,0.335015,0.840673,0.957031,0.623997,0.666667,0.650967,0.220490,0.755906
3913,0.248120,0.703441,0.762683,0.498643,0.342211,0.840673,0.956543,0.627448,0.666667,0.650967,0.220490,0.755906
3914,0.257895,0.822874,0.762385,0.493229,0.389997,0.840673,0.955758,0.633612,0.666667,0.650967,0.220490,0.755906
3915,0.275188,0.753036,0.761938,0.485086,0.344746,0.840673,0.958084,0.635461,0.666667,0.650126,0.220490,0.751890
3916,0.264662,0.678138,0.761243,0.482418,0.415555,0.840673,0.957117,0.632653,0.666667,0.649285,0.220490,0.755906
3917,0.281203,0.730769,0.760920,0.482295,0.419114,0.840673,0.955078,0.631489,0.666667,0.647603,0.220490,0.755906
3918,0.268421,0.667004,0.760547,0.490806,0.363338,0.840673,0.955269,0.624983,0.666667,0.649285,0.220490,0.755906
3919,0.254135,0.665992,0.759926,0.493413,0.363646,0.840673,0.957308,0.625188,0.666667,0.646762,0.220490,0.755906
3920,0.261654,0.740891,0.759877,0.494149,0.374683,0.840673,0.956035,0.629640,0.666667,0.647603,0.220490,0.755906
3921,0.264662,0.813765,0.759852,0.484841,0.395708,0.840673,0.955193,0.635447,0.666667,0.646762,0.220490,0.752520
3922,0.266917,0.766194,0.759256,0.479994,0.378652,0.839371,0.955710,0.629434,0.666667,0.649285,0.220490,0.755354
3923,0.251128,0.695344,0.759355,0.479534,0.353351,0.835468,0.956093,0.620121,0.666667,0.645080,0.220490,0.752520
3924,0.227820,0.695344,0.759281,0.486144,0.408640,0.835468,0.955614,0.615464,0.666667,0.643398,0.220490,0.751339
3925,0.250376,0.788462,0.759629,0.494655,0.344362,0.835468,0.956160,0.614368,0.666667,0.641716,0.220490,0.748031
3926,0.236842,0.711538,0.759728,0.496925,0.381905,0.838471,0.956992,0.615053,0.666667,0.645080,0.220490,0.748031
3927,0.224060,0.721660,0.759926,0.498551,0.379421,0.840673,0.957002,0.618819,0.666667,0.644239,0.220490,0.748031
3928,0.249624,0.757085,0.759802,0.499563,0.348280,0.835969,0.955040,0.620463,0.666667,0.645921,0.220490,0.748031
3929,0.226316,0.767206,0.759877,0.500176,0.353812,0.840673,0.956179,0.622928,0.666667,0.645080,0.220490,0.748031
3930,0.245865,0.658907,0.760175,0.500054,0.348280,0.836169,0.956160,0.624024,0.666667,0.646762,0.220490,0.748031
3931,0.272180,0.819838,0.759703,0.503688,0.344849,0.835669,0.957452,0.624435,0.666667,0.647603,0.220490,0.748031
3932,0.245865,0.752024,0.759579,0.500514,0.333376,0.840172,0.955461,0.629092,0.666667,0.649285,0.220490,0.748031
3933,0.267669,0.714575,0.759331,0.498229,0.380701,0.835468,0.954628,0.629653,0.666667,0.649285,0.220490,0.748031
3934,0.260150,0.725709,0.759206,0.492554,0.369997,0.840673,0.956121,0.630722,0.666667,0.645921,0.220490,0.748031
3935,0.240602,0.744939,0.759132,0.500253,0.390535,0.838971,0.956897,0.629845,0.666667,0.646762,0.220490,0.748031
3936,0.254887,0.714575,0.758735,0.484181,0.356322,0.837470,0.956064,0.631489,0.666667,0.649285,0.220490,0.748031
3937,0.269173,0.748988,0.758263,0.455457,0.393019,0.840673,0.956322,0.604438,0.666667,0.646762,0.220490,0.748031
3938,0.266917,0.644737,0.760125,0.568298,0.377577,0.840673,0.957117,0.629297,0.666667,0.641716,0.220490,0.748031
3939,0.285714,0.738866,0.760498,0.510022,0.362621,0.840673,0.955940,0.635118,0.666667,0.645080,0.220490,0.748031
3940,0.287970,0.740891,0.759380,0.445274,0.352480,0.840673,0.956619,0.611355,0.666667,0.644239,0.220490,0.748031
3941,0.281955,0.703441,0.759926,0.568083,0.344951,0.840673,0.955490,0.597589,0.666667,0.634987,0.220490,0.748031
3942,0.266917,0.655870,0.761367,0.538608,0.319035,0.840673,0.955825,0.639981,0.666667,0.648444,0.220490,0.748031
3943,0.278195,0.721660,0.761094,0.552456,0.336884,0.835969,0.957481,0.674497,0.666667,0.648444,0.220490,0.748031
3944,0.282707,0.707490,0.760001,0.428558,0.366207,0.835869,0.957615,0.680866,0.666667,0.661060,0.220490,0.748031
3945,0.287970,0.711538,0.758884,0.485761,0.348204,0.840673,0.956160,0.648500,0.666667,0.647603,0.220490,0.753858
3946,0.292481,0.742915,0.758139,0.445918,0.330661,0.840673,0.957241,0.654842,0.666667,0.655172,0.220490,0.755906
3947,0.301504,0.756073,0.757418,0.503121,0.362519,0.840673,0.955805,0.636420,0.666667,0.649285,0.232461,0.755906
3948,0.290977,0.729757,0.756227,0.503121,0.356142,0.840673,0.957184,0.640529,0.666667,0.650967,0.234410,0.755906
3949,0.281955,0.752024,0.755606,0.430475,0.334349,0.840673,0.957500,0.639159,0.666667,0.654331,0.248330,0.755906
3950,0.300000,0.669028,0.754985,0.526953,0.330252,0.840673,0.956418,0.591837,0.666667,0.637511,0.248330,0.755906
3951,0.273684,0.653846,0.756152,0.557210,0.333837,0.840673,0.955537,0.621353,0.666667,0.646762,0.248330,0.755906
3952,0.272932,0.717611,0.756351,0.586685,0.299265,0.835869,0.955490,0.681345,0.666667,0.655172,0.248330,0.755906
3953,0.289474,0.703441,0.755134,0.412854,0.337832,0.840673,0.954867,0.702507,0.666667,0.670311,0.248330,0.755906
3954,0.298496,0.752024,0.754339,0.438297,0.364491,0.836869,0.957059,0.662827,0.666667,0.660219,0.233853,0.757008
3955,0.279699,0.802632,0.753222,0.488583,0.354836,0.840172,0.957576,0.632680,0.666667,0.647603,0.248330,0.763780
3956,0.276692,0.724696,0.753123,0.492064,0.350944,0.840673,0.956801,0.626010,0.666667,0.648444,0.248330,0.757717
3957,0.248120,0.743927,0.752527,0.465211,0.360803,0.840673,0.955681,0.631913,0.666667,0.644239,0.224944,0.759685
3958,0.271429,0.652834,0.752229,0.503995,0.365438,0.840673,0.957576,0.598754,0.666667,0.642557,0.220490,0.755906
3959,0.267669,0.706478,0.752700,0.526523,0.337320,0.840673,0.956093,0.613957,0.666667,0.645080,0.220490,0.755906
3960,0.240602,0.753036,0.753048,0.502109,0.341801,0.840673,0.956160,0.626010,0.666667,0.646762,0.220490,0.755906
3961,0.254135,0.752024,0.752676,0.530511,0.336347,0.840673,0.956830,0.620668,0.666667,0.644239,0.220490,0.755906
3962,0.254887,0.701417,0.752551,0.509240,0.375528,0.840673,0.954963,0.634776,0.666667,0.644239,0.220490,0.755906
3963,0.270677,0.670040,0.752502,0.493858,0.396220,0.840673,0.957107,0.630215,0.666667,0.646762,0.220490,0.752362
3964,0.267669,0.664980,0.751807,0.536645,0.361571,0.840673,0.956610,0.631763,0.666667,0.645921,0.220490,0.755906
3965,0.256391,0.732794,0.751633,0.462374,0.314425,0.840673,0.955872,0.643610,0.666667,0.650126,0.220490,0.755906
3966,0.258647,0.702429,0.751161,0.503719,0.315501,0.840673,0.956035,0.616628,0.666667,0.645080,0.220490,0.755906
3967,0.256391,0.744939,0.751186,0.504378,0.343287,0.840673,0.956083,0.627859,0.666667,0.644239,0.220490,0.755906
3968,0.254887,0.772267,0.750739,0.503167,0.361495,0.840673,0.957950,0.632995,0.666667,0.646762,0.220490,0.755906
3969,0.275188,0.747976,0.750267,0.485623,0.349023,0.840673,0.956255,0.627174,0.666667,0.648444,0.220490,0.755906
3970,0.261654,0.762146,0.749770,0.503121,0.338882,0.840673,0.955805,0.632448,0.666667,0.643398,0.220490,0.754173
3971,0.286466,0.673077,0.749150,0.503121,0.332224,0.842474,0.956543,0.633612,0.666667,0.650126,0.220490,0.753701
3972,0.269173,0.688259,0.748802,0.506111,0.308305,0.843675,0.955413,0.629092,0.666667,0.645080,0.220490,0.755906
3973,0.276692,0.683198,0.748330,0.510973,0.320162,0.840673,0.955901,0.636146,0.666667,0.649285,0.220490,0.755906
3974,0.272932,0.724696,0.747684,0.502553,0.334452,0.840673,0.957423,0.642172,0.666667,0.651808,0.220490,0.755906
3975,0.263158,0.720648,0.746666,0.490361,0.308817,0.843975,0.956035,0.649637,0.666667,0.654331,0.220490,0.755906
3976,0.275188,0.764170,0.745921,0.475056,0.330277,0.842474,0.956619,0.650240,0.666667,0.652649,0.220490,0.755906
3977,0.258647,0.817814,0.745176,0.482372,0.307639,0.840673,0.957624,0.631283,0.666667,0.647603,0.220490,0.755906
3978,0.262406,0.766194,0.744680,0.504455,0.329919,0.840673,0.956897,0.623641,0.666667,0.648444,0.220490,0.755906
3979,0.266917,0.697368,0.744183,0.502814,0.322851,0.840973,0.955365,0.626969,0.666667,0.647603,0.220490,0.755906
3980,0.272180,0.726721,0.743761,0.504302,0.300366,0.845176,0.956657,0.623887,0.666667,0.647603,0.220490,0.755906
3981,0.238346,0.715587,0.743562,0.502937,0.292453,0.840673,0.957854,0.628065,0.666667,0.645921,0.220490,0.755906
3982,0.271429,0.748988,0.743091,0.496649,0.342057,0.840673,0.953738,0.629777,0.666667,0.647603,0.220490,0.751969
3983,0.259398,0.739879,0.742942,0.496266,0.326487,0.840673,0.955796,0.627873,0.666667,0.648444,0.220490,0.752205
3984,0.238346,0.777328,0.742569,0.496526,0.330457,0.840673,0.957777,0.626421,0.666667,0.648444,0.220490,0.751339
3985,0.267669,0.769231,0.742197,0.504148,0.318292,0.843175,0.955968,0.623271,0.666667,0.647603,0.220490,0.748031
3986,0.242105,0.791498,0.741799,0.507062,0.332121,0.845877,0.954896,0.622928,0.666667,0.647603,0.220490,0.748031
3987,0.261654,0.745951,0.741551,0.505651,0.285744,0.847478,0.955872,0.625120,0.666667,0.650967,0.220490,0.748031
3988,0.270677,0.739879,0.741030,0.498949,0.315885,0.840673,0.957433,0.630393,0.666667,0.650126,0.220490,0.748031
3989,0.274436,0.750000,0.740756,0.496296,0.303695,0.845476,0.956992,0.627174,0.666667,0.650967,0.220490,0.748031
3990,0.271429,0.785425,0.740458,0.494333,0.341417,0.845476,0.954820,0.627928,0.666667,0.650967,0.220490,0.748031
3991,0.279699,0.718623,0.740309,0.500360,0.326615,0.840673,0.954887,0.622380,0.666667,0.647603,0.220490,0.748031
3992,0.269173,0.674089,0.740036,0.504148,0.314682,0.845677,0.957500,0.622723,0.666667,0.648444,0.220490,0.748031
3993,0.265414,0.775304,0.740086,0.504992,0.315603,0.845176,0.957193,0.622723,0.666667,0.649285,0.220490,0.748031
3994,0.277444,0.759109,0.739838,0.496266,0.289585,0.840673,0.955442,0.623750,0.666667,0.648444,0.220490,0.748031
3995,0.237594,0.767206,0.739540,0.496833,0.285411,0.840673,0.955834,0.620655,0.666667,0.647603,0.220490,0.748031
3996,0.260902,0.697368,0.739564,0.515926,0.265769,0.840673,0.957002,0.618477,0.666667,0.645921,0.220490,0.748031
3997,0.255639,0.684211,0.739887,0.504317,0.267203,0.840673,0.956294,0.625394,0.666667,0.645921,0.220490,0.748031
3998,0.257895,0.765182,0.739887,0.494794,0.260903,0.848179,0.954178,0.624777,0.666667,0.645080,0.220490,0.748031
3999,0.252632,0.702429,0.739763,0.492585,0.267331,0.850681,0.955317,0.621353,0.666667,0.642557,0.220490,0.748031
4000,0.246617,0.747976,0.739813,0.495959,0.285103,0.850681,0.957088,0.615532,0.666667,0.648444,0.220490,0.748031
4001,0.256391,0.764170,0.739862,0.506449,0.290660,0.850681,0.956705,0.614025,0.666667,0.645921,0.220490,0.748031
4002,0.254135,0.774291,0.740011,0.504148,0.280212,0.850681,0.955710,0.616628,0.666667,0.647603,0.220490,0.748031
4003,0.251128,0.716599,0.740434,0.495024,0.280545,0.850681,0.956447,0.619915,0.666667,0.643398,0.220490,0.748031
4004,0.237594,0.756073,0.740856,0.490975,0.293938,0.850681,0.957050,0.619093,0.666667,0.645921,0.220490,0.748031
4005,0.246617,0.718623,0.740831,0.491435,0.303158,0.845376,0.956992,0.616422,0.666667,0.646762,0.220490,0.748031
4006,0.247368,0.755061,0.740781,0.496250,0.297985,0.846377,0.955872,0.612998,0.666667,0.642557,0.220490,0.744331
4007,0.228571,0.777328,0.740881,0.500437,0.274424,0.850681,0.956303,0.611697,0.666667,0.645080,0.220490,0.747402
4008,0.245113,0.730769,0.741253,0.501158,0.304336,0.850681,0.957758,0.611766,0.666667,0.645080,0.220490,0.740157
4009,0.246617,0.755061,0.740806,0.501081,0.264258,0.850681,0.956255,0.616559,0.666667,0.645080,0.220490,0.740157
4010,0.245113,0.748988,0.740831,0.495177,0.258137,0.850681,0.955135,0.621764,0.666667,0.643398,0.220490,0.740157
4011,0.254135,0.674089,0.740980,0.493889,0.268739,0.850681,0.955825,0.617929,0.666667,0.642557,0.220490,0.740157
4012,0.242857,0.773279,0.740955,0.493919,0.268125,0.850681,0.957864,0.616559,0.666667,0.643398,0.220490,0.740157
4013,0.242105,0.756073,0.740905,0.500130,0.236216,0.842374,0.956667,0.612930,0.666667,0.643398,0.220490,0.740157
4014,0.254135,0.768219,0.741179,0.511402,0.232452,0.845476,0.956035,0.613820,0.666667,0.645080,0.220490,0.740157
4015,0.233083,0.756073,0.741452,0.494993,0.224846,0.849680,0.955461,0.626079,0.666667,0.645921,0.220490,0.740157
4016,0.221053,0.727733,0.741700,0.493352,0.255653,0.850681,0.956925,0.625736,0.666667,0.647603,0.220490,0.740157
4017,0.213534,0.726721,0.741998,0.479764,0.272350,0.845877,0.955279,0.622312,0.666667,0.650126,0.220490,0.740157
4018,0.233835,0.765182,0.742445,0.483077,0.297063,0.844976,0.957050,0.611423,0.666667,0.643398,0.220490,0.740157
4019,0.236842,0.763158,0.742793,0.500682,0.303490,0.840673,0.956102,0.607040,0.666667,0.642557,0.220490,0.743858
4020,0.245113,0.696356,0.742991,0.501771,0.240493,0.847278,0.956236,0.608780,0.666667,0.641716,0.220490,0.740157
4021,0.250376,0.703441,0.743364,0.500238,0.222054,0.850681,0.956801,0.611697,0.666667,0.644239,0.220490,0.740157
4022,0.229323,0.704453,0.743761,0.502017,0.227022,0.845977,0.955633,0.611300,0.666667,0.643398,0.220490,0.740157
4023,0.245113,0.737854,0.744258,0.499839,0.287050,0.850681,0.956543,0.615820,0.666667,0.643398,0.220490,0.740157
4024,0.249624,0.723684,0.744779,0.511080,0.258624,0.850681,0.956131,0.607520,0.666667,0.646762,0.220490,0.740157
4025,0.235338,0.697368,0.745003,0.533026,0.264975,0.845977,0.956523,0.599096,0.666667,0.640875,0.220490,0.740157
4026,0.232331,0.756073,0.745400,0.516846,0.264463,0.846377,0.956858,0.615738,0.666667,0.640034,0.220490,0.740157
4027,0.253383,0.736842,0.745474,0.490806,0.231376,0.840673,0.955585,0.628339,0.666667,0.645921,0.220490,0.740157
4028,0.231579,0.750000,0.745897,0.476099,0.218341,0.840673,0.956035,0.628544,0.666667,0.647603,0.220490,0.740157
4029,0.249624,0.800607,0.746393,0.475363,0.213501,0.840673,0.956035,0.620600,0.666667,0.642557,0.220490,0.740157
4030,0.257895,0.704453,0.746443,0.488997,0.208533,0.840673,0.954915,0.609848,0.666667,0.636669,0.220490,0.743858
4031,0.257143,0.682186,0.746344,0.504808,0.234884,0.846077,0.956964,0.605040,0.666667,0.639193,0.220490,0.740157
4032,0.250376,0.712551,0.746517,0.511847,0.233117,0.840673,0.955710,0.612108,0.666667,0.643398,0.220490,0.740157
4033,0.251128,0.744939,0.746741,0.509838,0.218315,0.840673,0.956973,0.620394,0.666667,0.641716,0.220490,0.740157
4034,0.263158,0.711538,0.746939,0.503780,0.238777,0.840673,0.956868,0.626942,0.666667,0.646762,0.220490,0.740157
4035,0.256391,0.712551,0.746642,0.522383,0.235576,0.840673,0.955585,0.610095,0.666667,0.645080,0.220490,0.740157
4036,0.243609,0.714575,0.746592,0.517291,0.239545,0.840673,0.956543,0.615258,0.666667,0.644239,0.209354,0.740157
4037,0.257895,0.718623,0.746666,0.493873,0.202796,0.840673,0.957184,0.628818,0.666667,0.645080,0.206570,0.740157
4038,0.259398,0.703441,0.746517,0.475562,0.210402,0.840673,0.957471,0.634913,0.666667,0.647603,0.192650,0.740157
4039,0.269173,0.770243,0.746790,0.476897,0.215780,0.840673,0.956973,0.626010,0.666667,0.644239,0.206570,0.740157
4040,0.264662,0.705466,0.746766,0.490822,0.221414,0.840673,0.956619,0.612245,0.666667,0.644239,0.219933,0.740157
4041,0.256391,0.745951,0.746567,0.498903,0.231914,0.845476,0.958122,0.610464,0.666667,0.642557,0.194878,0.740157
4042,0.258647,0.755061,0.746790,0.502661,0.218828,0.840673,0.955231,0.615464,0.666667,0.642557,0.204343,0.740157
4043,0.251128,0.734818,0.746517,0.501940,0.204512,0.840673,0.954800,0.617107,0.666667,0.642557,0.192650,0.740157
4044,0.254135,0.729757,0.746567,0.498796,0.233501,0.840673,0.956428,0.621696,0.666667,0.641716,0.192650,0.740157
4045,0.239098,0.710526,0.746517,0.494870,0.218443,0.842674,0.956610,0.619984,0.666667,0.642557,0.206013,0.740157
4046,0.256391,0.789474,0.746468,0.497186,0.227688,0.843475,0.955317,0.615395,0.666667,0.641716,0.197661,0.740157
4047,0.247368,0.750000,0.746666,0.501173,0.230121,0.843375,0.955557,0.615053,0.666667,0.645080,0.220490,0.740157
4048,0.229323,0.785425,0.747064,0.504777,0.201747,0.845877,0.956035,0.615258,0.666667,0.642557,0.220490,0.740157
4049,0.214286,0.823887,0.747213,0.504072,0.228533,0.842474,0.956016,0.616354,0.666667,0.642557,0.220490,0.740157
4050,0.263158,0.698381,0.747933,0.503612,0.212349,0.844376,0.955365,0.613204,0.666667,0.643398,0.198775,0.740157
4051,0.254135,0.780364,0.747560,0.505130,0.234500,0.841673,0.955040,0.617381,0.666667,0.643398,0.214365,0.740157
4052,0.232331,0.728745,0.747535,0.500851,0.218623,0.845376,0.957050,0.617929,0.666667,0.642557,0.220490,0.740157
4053,0.260902,0.724696,0.747138,0.498581,0.230275,0.850681,0.956160,0.618751,0.666667,0.643398,0.197383,0.740157
4054,0.248872,0.721660,0.747833,0.497707,0.203514,0.850681,0.954791,0.617039,0.666667,0.645080,0.203229,0.740157
4055,0.260150,0.762146,0.747610,0.500253,0.205306,0.850681,0.956638,0.614847,0.666667,0.643398,0.220490,0.740157
4056,0.256391,0.766194,0.747709,0.503811,0.240595,0.850681,0.957662,0.615327,0.666667,0.644239,0.220490,0.740157
4057,0.250376,0.693320,0.748007,0.505544,0.259853,0.850681,0.957117,0.615258,0.666667,0.645080,0.220490,0.740157
4058,0.225564,0.761134,0.747933,0.502446,0.215601,0.850681,0.956715,0.617450,0.666667,0.643398,0.220490,0.740157
4059,0.260902,0.710526,0.748777,0.502860,0.217906,0.850681,0.954791,0.616422,0.666667,0.645080,0.220490,0.740157
4060,0.258647,0.695344,0.748802,0.504516,0.242721,0.847378,0.956179,0.616148,0.666667,0.644239,0.220490,0.740157
4061,0.246617,0.737854,0.748976,0.505222,0.254168,0.848879,0.957902,0.617381,0.666667,0.641716,0.220490,0.740157
4062,0.224060,0.791498,0.748951,0.502553,0.230531,0.846978,0.955078,0.617107,0.666667,0.642557,0.220490,0.740157
4063,0.260150,0.723684,0.748752,0.500866,0.242106,0.840673,0.955949,0.618751,0.666667,0.645080,0.220490,0.740157
4064,0.242857,0.762146,0.748529,0.501480,0.245743,0.840673,0.957950,0.615190,0.666667,0.643398,0.217149,0.740157
4065,0.243609,0.724696,0.749224,0.507384,0.248969,0.845476,0.957232,0.611697,0.666667,0.642557,0.192650,0.740157
4066,0.242857,0.742915,0.749447,0.508994,0.246024,0.840673,0.955968,0.614847,0.666667,0.640034,0.210189,0.740157
4067,0.246617,0.720648,0.749522,0.504731,0.244693,0.840673,0.954887,0.616559,0.666667,0.641716,0.220490,0.740157
4068,0.239098,0.740891,0.749423,0.504608,0.235525,0.840673,0.957816,0.615738,0.666667,0.640875,0.220490,0.740157
4069,0.245865,0.757085,0.749820,0.505851,0.250301,0.840673,0.957864,0.613683,0.666667,0.640875,0.220490,0.740157
4070,0.233835,0.783401,0.749770,0.508795,0.233476,0.840673,0.956543,0.612382,0.666667,0.639193,0.220490,0.740157
4071,0.245865,0.740891,0.750341,0.509639,0.242080,0.840673,0.956610,0.613546,0.666667,0.640875,0.220490,0.740157
4072,0.243609,0.743927,0.750217,0.508841,0.246741,0.840673,0.956992,0.616422,0.666667,0.640875,0.220490,0.740157
4073,0.249624,0.786437,0.750093,0.508642,0.254680,0.840673,0.957816,0.618545,0.666667,0.643398,0.220490,0.740157
4074,0.257143,0.766194,0.750242,0.507844,0.233834,0.840673,0.955327,0.619093,0.666667,0.646762,0.220490,0.740157
4075,0.251880,0.663968,0.750267,0.506648,0.239263,0.840673,0.955490,0.621011,0.666667,0.645080,0.207127,0.740157
4076,0.270677,0.759109,0.749894,0.514040,0.237957,0.840673,0.957452,0.614984,0.666667,0.643398,0.220490,0.740157
4077,0.248120,0.738866,0.749423,0.522567,0.238572,0.840673,0.955987,0.616491,0.666667,0.644239,0.220490,0.740157
4078,0.259398,0.753036,0.749646,0.526922,0.214909,0.839972,0.956830,0.618614,0.666667,0.643398,0.220490,0.740157
4079,0.276692,0.739879,0.749870,0.522873,0.194832,0.835468,0.956571,0.625120,0.666667,0.644239,0.220490,0.740157
4080,0.251128,0.767206,0.749323,0.517536,0.212963,0.830665,0.956160,0.625462,0.666667,0.647603,0.220490,0.740157
4081,0.265414,0.654858,0.748951,0.517536,0.226690,0.830665,0.958036,0.623367,0.666667,0.646762,0.220490,0.740157
4082,0.270677,0.688259,0.749299,0.519407,0.229071,0.830665,0.955777,0.615888,0.666667,0.645080,0.192650,0.740157
4083,0.241353,0.802632,0.749125,0.524637,0.236011,0.830665,0.956954,0.615601,0.666667,0.640034,0.192650,0.740157
4084,0.236090,0.768219,0.749150,0.525020,0.232349,0.822858,0.955997,0.616628,0.666667,0.641716,0.192650,0.740157
4085,0.278947,0.773279,0.749125,0.528379,0.254168,0.812450,0.955614,0.617724,0.666667,0.640034,0.192650,0.740157
4086,0.262406,0.752024,0.749174,0.533746,0.264565,0.810649,0.957385,0.616422,0.666667,0.640034,0.196269,0.740157
4087,0.242857,0.759109,0.748951,0.533516,0.264437,0.815452,0.955040,0.620737,0.666667,0.640875,0.206570,0.740157
4088,0.254135,0.718623,0.749100,0.527689,0.257727,0.810649,0.955901,0.623613,0.666667,0.643398,0.202394,0.740157
4089,0.243609,0.753036,0.748628,0.525465,0.248047,0.810649,0.955805,0.617313,0.666667,0.640034,0.198218,0.740157
4090,0.233835,0.741903,0.749150,0.516969,0.235089,0.810649,0.955126,0.617381,0.666667,0.636669,0.201002,0.740157
4091,0.256391,0.681174,0.749249,0.512353,0.226536,0.810649,0.957423,0.614299,0.666667,0.639193,0.199610,0.740157
4092,0.246617,0.708502,0.749150,0.510436,0.224974,0.810649,0.955700,0.614642,0.666667,0.637511,0.206013,0.740157
4093,0.239850,0.648785,0.749348,0.509485,0.214961,0.810649,0.955155,0.609711,0.666667,0.640875,0.212138,0.740157
4094,0.263910,0.742915,0.749398,0.514055,0.258470,0.810649,0.956734,0.613067,0.666667,0.639193,0.192650,0.740157
4095,0.228571,0.694332,0.749447,0.510835,0.248508,0.810649,0.954820,0.617792,0.666667,0.642557,0.216871,0.740157
4096,0.255639,0.684211,0.749299,0.504501,0.252350,0.810649,0.954245,0.613889,0.666667,0.644239,0.209911,0.740157
4097,0.251128,0.688259,0.749323,0.507906,0.254936,0.810649,0.956351,0.614094,0.666667,0.642557,0.217149,0.740157
4098,0.255639,0.669028,0.749249,0.505697,0.233758,0.810649,0.956925,0.617313,0.666667,0.642557,0.207127,0.740157
4099,0.265414,0.724696,0.748852,0.501020,0.246203,0.818955,0.955250,0.619984,0.666667,0.646762,0.220490,0.740157
4100,0.250376,0.779352,0.748852,0.499870,0.243591,0.830665,0.956715,0.619641,0.666667,0.645080,0.220490,0.740157
4101,0.274436,0.719636,0.748578,0.502737,0.225409,0.830665,0.957911,0.618408,0.666667,0.647603,0.220490,0.740157
4102,0.253383,0.663968,0.748355,0.504378,0.246946,0.825861,0.956035,0.616491,0.666667,0.644239,0.220490,0.740157
4103,0.254135,0.769231,0.748429,0.503428,0.239135,0.830665,0.954848,0.618614,0.666667,0.644239,0.220490,0.740157
4104,0.260902,0.726721,0.748156,0.505222,0.238214,0.825861,0.955853,0.615327,0.666667,0.645921,0.220490,0.740157
4105,0.257143,0.798583,0.748181,0.511632,0.229635,0.830665,0.956954,0.611492,0.666667,0.642557,0.220490,0.740157
4106,0.250376,0.727733,0.747958,0.518426,0.234398,0.821857,0.955135,0.614094,0.666667,0.646762,0.220490,0.740157
4107,0.260150,0.679150,0.748181,0.519346,0.242465,0.810649,0.954532,0.622107,0.666667,0.646762,0.220490,0.740157
4108,0.277444,0.692308,0.747660,0.515619,0.239417,0.815452,0.955327,0.627243,0.666667,0.646762,0.220490,0.740157
4109,0.267669,0.714575,0.747138,0.526048,0.238700,0.821457,0.957146,0.618956,0.666667,0.648444,0.220490,0.740157
4110,0.251128,0.752024,0.746915,0.505452,0.233194,0.833967,0.958007,0.627311,0.666667,0.646762,0.220490,0.740157
4111,0.252632,0.786437,0.746865,0.489242,0.244027,0.840673,0.956801,0.629503,0.666667,0.649285,0.220490,0.740157
4112,0.260150,0.798583,0.746642,0.482617,0.240902,0.840673,0.954753,0.624983,0.666667,0.647603,0.220490,0.740157
4113,0.248120,0.795547,0.746691,0.488276,0.235781,0.840673,0.956476,0.616285,0.666667,0.646762,0.220490,0.740157
4114,0.248872,0.801619,0.746865,0.499548,0.242106,0.840673,0.957146,0.610944,0.666667,0.643398,0.220490,0.740157
4115,0.268421,0.731781,0.746691,0.506495,0.236959,0.841173,0.956380,0.610259,0.666667,0.644239,0.220490,0.740157
4116,0.254887,0.707490,0.746493,0.505222,0.221158,0.844976,0.955365,0.614231,0.666667,0.641716,0.220490,0.740157
4117,0.261654,0.756073,0.746542,0.501434,0.224794,0.840673,0.954370,0.617518,0.666667,0.643398,0.220490,0.740157
4118,0.258647,0.761134,0.746592,0.495223,0.249251,0.840673,0.956064,0.620189,0.666667,0.647603,0.220490,0.740157
4119,0.269173,0.746964,0.746716,0.494073,0.237010,0.847678,0.957864,0.618066,0.666667,0.643398,0.220490,0.740157
4120,0.272180,0.726721,0.746368,0.500253,0.259238,0.845877,0.955949,0.614779,0.666667,0.646762,0.220490,0.740157
4121,0.257895,0.734818,0.746443,0.502768,0.281928,0.850681,0.954695,0.614779,0.666667,0.645921,0.220490,0.740157
4122,0.263158,0.752024,0.746493,0.502477,0.267510,0.850681,0.956351,0.616902,0.666667,0.646762,0.220490,0.740157
4123,0.251128,0.799595,0.746269,0.503612,0.259085,0.850681,0.956897,0.615601,0.666667,0.645921,0.220490,0.740157
4124,0.264662,0.776316,0.746493,0.503121,0.244488,0.850681,0.957002,0.616148,0.666667,0.646762,0.220490,0.740157
4125,0.254135,0.783401,0.746269,0.502262,0.235858,0.850681,0.955202,0.616491,0.666667,0.644239,0.220490,0.740157
4126,0.263910,0.744939,0.746741,0.497937,0.241107,0.850681,0.956667,0.618271,0.666667,0.645921,0.217706,0.740157
4127,0.242857,0.755061,0.746840,0.498581,0.235832,0.850681,0.955968,0.615806,0.666667,0.646762,0.209354,0.740157
4128,0.267669,0.789474,0.746418,0.497201,0.235294,0.850681,0.956093,0.615546,0.666667,0.645080,0.216314,0.740157
4129,0.245113,0.795547,0.746741,0.498413,0.257856,0.850681,0.956284,0.612998,0.666667,0.644239,0.192650,0.740157
4130,0.254135,0.757085,0.746493,0.500207,0.252324,0.850681,0.956677,0.613108,0.666667,0.642557,0.206849,0.740157
4131,0.242105,0.725709,0.746939,0.502507,0.241415,0.850681,0.958333,0.613615,0.666667,0.644239,0.192650,0.740157
4132,0.247368,0.712551,0.746964,0.503474,0.244897,0.850681,0.956705,0.615464,0.666667,0.645921,0.192650,0.740157
4133,0.266165,0.715587,0.746716,0.504348,0.215780,0.847978,0.956093,0.614984,0.666667,0.645921,0.192650,0.740157
4134,0.262406,0.740891,0.747014,0.501557,0.214039,0.848979,0.955758,0.617724,0.666667,0.645921,0.206570,0.740157
4135,0.261654,0.694332,0.747014,0.500054,0.217291,0.850681,0.956705,0.616422,0.666667,0.646762,0.192650,0.740157
4136,0.250376,0.830972,0.747486,0.501771,0.230736,0.850681,0.955135,0.614505,0.666667,0.644239,0.192650,0.740157
4137,0.260150,0.728745,0.747386,0.504225,0.218111,0.850681,0.957088,0.615669,0.666667,0.646762,0.202951,0.740157
4138,0.240602,0.755061,0.747312,0.502707,0.197982,0.850681,0.956275,0.616970,0.666667,0.644239,0.207405,0.740157
4139,0.272180,0.721660,0.747337,0.501403,0.204256,0.850681,0.958294,0.617244,0.666667,0.646762,0.206570,0.740157
4140,0.257895,0.800607,0.747213,0.501587,0.264027,0.850681,0.956992,0.615053,0.666667,0.646762,0.220490,0.740157
4141,0.245113,0.778340,0.747163,0.501357,0.251812,0.850681,0.956131,0.616902,0.666667,0.644239,0.220490,0.740157
4142,0.257143,0.727733,0.747262,0.499931,0.262337,0.850681,0.957308,0.616765,0.666667,0.645080,0.220490,0.740157
4143,0.260902,0.759109,0.747014,0.498091,0.250864,0.850681,0.955997,0.617244,0.666667,0.644239,0.220490,0.740157
4144,0.248872,0.747976,0.747287,0.497324,0.252196,0.850681,0.955853,0.613272,0.666667,0.647603,0.220490,0.740157
4145,0.254887,0.754049,0.747635,0.504455,0.249251,0.850681,0.955940,0.611286,0.666667,0.645080,0.220490,0.740157
4146,0.257143,0.735830,0.747784,0.503964,0.261953,0.850681,0.955461,0.612519,0.666667,0.647603,0.220490,0.740157
4147,0.271429,0.716599,0.747660,0.503765,0.265666,0.850681,0.956418,0.615053,0.666667,0.646762,0.220490,0.740157
4148,0.251128,0.764170,0.747933,0.498367,0.252170,0.850681,0.955040,0.614231,0.666667,0.645080,0.220490,0.740157
4149,0.251880,0.773279,0.747784,0.499854,0.255141,0.850681,0.956849,0.612793,0.666667,0.645080,0.220490,0.740157
4150,0.260150,0.761134,0.747982,0.504072,0.236293,0.850681,0.957088,0.611423,0.666667,0.643398,0.220490,0.740157
4151,0.258647,0.762146,0.747982,0.504302,0.250275,0.850681,0.955317,0.613272,0.666667,0.645080,0.220490,0.740157
4152,0.246617,0.781377,0.747635,0.500774,0.233681,0.850681,0.956973,0.616012,0.666667,0.648444,0.220490,0.740157
4153,0.245113,0.814777,0.747908,0.499854,0.252298,0.850681,0.956734,0.613341,0.666667,0.645080,0.220490,0.740157
4154,0.249624,0.756073,0.748107,0.501633,0.250429,0.850681,0.955585,0.611423,0.666667,0.646762,0.220490,0.740157
4155,0.266917,0.740891,0.747982,0.503305,0.233041,0.850681,0.956992,0.611697,0.666667,0.645080,0.220490,0.740157
4156,0.258647,0.801619,0.748256,0.505498,0.224692,0.850681,0.958007,0.610807,0.666667,0.644239,0.220490,0.740157
4157,0.243609,0.722672,0.748206,0.497447,0.271326,0.850681,0.955585,0.616422,0.666667,0.646762,0.220490,0.740157
4158,0.263910,0.719636,0.748355,0.496618,0.264642,0.850681,0.954724,0.613587,0.666667,0.647603,0.220490,0.740157
4159,0.271429,0.737854,0.748405,0.501357,0.238982,0.850681,0.957576,0.611492,0.666667,0.645080,0.210189,0.740157
4160,0.248872,0.779352,0.748777,0.502538,0.233758,0.850681,0.957050,0.610738,0.666667,0.645080,0.216871,0.740157
4161,0.272180,0.675101,0.748901,0.503581,0.254757,0.850681,0.954848,0.612108,0.666667,0.643398,0.207127,0.740157
4162,0.242105,0.835020,0.748901,0.504808,0.243028,0.850681,0.955633,0.615190,0.666667,0.643398,0.194878,0.736063
4163,0.239850,0.734818,0.748727,0.495882,0.250198,0.850681,0.956657,0.618340,0.666667,0.646762,0.192650,0.740157
4164,0.255639,0.795547,0.748901,0.497861,0.252913,0.849980,0.956255,0.615464,0.666667,0.644239,0.205735,0.736772
4165,0.272180,0.764170,0.749025,0.504118,0.261441,0.846477,0.955365,0.612245,0.666667,0.646762,0.220490,0.739921
4166,0.279699,0.746964,0.748951,0.505191,0.276806,0.850681,0.956380,0.614779,0.666667,0.645921,0.220490,0.740157
4167,0.261654,0.721660,0.748951,0.501204,0.266691,0.850681,0.957241,0.617724,0.666667,0.644239,0.220490,0.740157
4168,0.261654,0.698381,0.749025,0.500544,0.257881,0.850681,0.955614,0.614231,0.666667,0.644239,0.218541,0.740157
4169,0.257143,0.770243,0.749025,0.504164,0.262568,0.850681,0.956447,0.613067,0.666667,0.644239,0.192650,0.740157
4170,0.259398,0.730769,0.748901,0.501051,0.268919,0.850681,0.956112,0.617998,0.666667,0.644239,0.192650,0.740157
4171,0.261654,0.770243,0.749125,0.501480,0.277318,0.850681,0.956830,0.615053,0.666667,0.643398,0.192650,0.740157
4172,0.263158,0.730769,0.749025,0.504302,0.282030,0.850681,0.956705,0.612245,0.666667,0.640875,0.192650,0.740157
4173,0.257143,0.721660,0.749249,0.503857,0.240595,0.850681,0.955279,0.614299,0.666667,0.639193,0.198218,0.738819
4174,0.256391,0.740891,0.749373,0.501097,0.246306,0.846577,0.955585,0.618176,0.666667,0.643398,0.201281,0.737480
4175,0.280451,0.741903,0.748852,0.498121,0.257958,0.849980,0.956543,0.617532,0.666667,0.646762,0.192650,0.736220
4176,0.246617,0.752024,0.748802,0.500529,0.259136,0.850681,0.957442,0.611861,0.666667,0.645921,0.192650,0.734961
4177,0.265414,0.721660,0.749075,0.503903,0.244872,0.850681,0.956265,0.614382,0.666667,0.640875,0.192650,0.738268
4178,0.270677,0.743927,0.748901,0.504424,0.244923,0.850681,0.956083,0.618135,0.666667,0.644239,0.192650,0.740157
4179,0.284211,0.732794,0.748628,0.501281,0.259110,0.850681,0.957241,0.616970,0.666667,0.644239,0.192650,0.736220
4180,0.257895,0.771255,0.748703,0.506495,0.241671,0.850681,0.957729,0.614573,0.666667,0.644239,0.192650,0.735276
4181,0.267669,0.748988,0.748876,0.504578,0.222029,0.850681,0.955719,0.618107,0.666667,0.643398,0.192650,0.740157
4182,0.239850,0.742915,0.748653,0.502354,0.189173,0.850681,0.954245,0.618545,0.666667,0.644239,0.192650,0.740157
4183,0.269925,0.717611,0.748703,0.505268,0.209301,0.850681,0.956801,0.614847,0.666667,0.645080,0.192650,0.733228
4184,0.285714,0.708502,0.748802,0.506679,0.222925,0.850681,0.956992,0.617518,0.666667,0.644239,0.192650,0.739370
4185,0.261654,0.816802,0.748727,0.502921,0.217701,0.850681,0.955968,0.618956,0.666667,0.644239,0.206570,0.740157
4186,0.271429,0.775304,0.748578,0.502630,0.217726,0.850681,0.956858,0.619504,0.666667,0.642557,0.192650,0.736614
4187,0.252632,0.714575,0.748628,0.503550,0.219032,0.850681,0.957950,0.615464,0.666667,0.646762,0.192650,0.735984
4188,0.250376,0.764170,0.748603,0.505605,0.204922,0.850681,0.957193,0.615738,0.666667,0.645921,0.207405,0.740157
4189,0.249624,0.747976,0.748429,0.499931,0.221440,0.850681,0.957519,0.616491,0.666667,0.647603,0.219098,0.740157
4190,0.251128,0.754049,0.748256,0.477571,0.211427,0.850681,0.957768,0.608547,0.666667,0.644239,0.208797,0.740157
4191,0.269173,0.694332,0.748429,0.528471,0.236831,0.850681,0.956973,0.586153,0.666667,0.638352,0.220490,0.736220
4192,0.244361,0.776316,0.749224,0.590841,0.263336,0.850681,0.957040,0.619230,0.666667,0.642557,0.220490,0.735276
4193,0.252632,0.742915,0.749522,0.470379,0.261748,0.850681,0.956064,0.662307,0.666667,0.656013,0.215479,0.732283
4194,0.257143,0.811741,0.749572,0.481865,0.250173,0.850681,0.953671,0.685317,0.666667,0.660219,0.211581,0.737638
4195,0.256391,0.789474,0.751285,0.468493,0.246562,0.850681,0.956610,0.613272,0.666667,0.652649,0.220490,0.740157
4196,0.250376,0.733806,0.751583,0.497707,0.221747,0.850681,0.955107,0.685591,0.666667,0.658537,0.220490,0.740157
4197,0.272932,0.784413,0.753545,0.463892,0.242132,0.841974,0.957662,0.653404,0.666667,0.657696,0.220490,0.743307
4198,0.288722,0.718623,0.753445,0.465011,0.226843,0.840673,0.957337,0.620600,0.666667,0.649285,0.220490,0.748031
4199,0.291729,0.730769,0.753346,0.501465,0.241287,0.840673,0.955681,0.623134,0.666667,0.650967,0.220490,0.748031
4200,0.257895,0.788462,0.753098,0.504501,0.226049,0.850480,0.957816,0.620600,0.666667,0.647603,0.220490,0.748031
4201,0.248120,0.769231,0.752974,0.507384,0.229148,0.850681,0.955901,0.618203,0.666667,0.646762,0.220490,0.744094
4202,0.264662,0.754049,0.752626,0.549910,0.189147,0.850681,0.956447,0.644980,0.666667,0.648444,0.220490,0.747244
4203,0.287218,0.731781,0.753371,0.396583,0.216446,0.850681,0.956514,0.628476,0.666667,0.654331,0.220490,0.745039
4204,0.260150,0.741903,0.753147,0.541522,0.198597,0.850681,0.955202,0.627859,0.666667,0.642557,0.220490,0.742362
4205,0.297744,0.696356,0.754166,0.471728,0.194883,0.850681,0.957222,0.620997,0.666667,0.649285,0.220490,0.743937
4206,0.269925,0.769231,0.753694,0.499778,0.205485,0.850681,0.956715,0.622928,0.666667,0.645921,0.220490,0.743937
4207,0.243609,0.800607,0.753495,0.499517,0.196983,0.850681,0.955040,0.624161,0.666667,0.648444,0.220490,0.742913
4208,0.271429,0.758097,0.753197,0.496833,0.205870,0.850681,0.956897,0.626147,0.666667,0.648444,0.220490,0.744331
4209,0.264662,0.793522,0.752825,0.490438,0.199262,0.850681,0.955748,0.621216,0.666667,0.647603,0.220490,0.741181
4210,0.275188,0.765182,0.753023,0.493107,0.182105,0.850681,0.956983,0.616970,0.666667,0.643398,0.220490,0.740157
4211,0.261654,0.783401,0.752899,0.502507,0.193347,0.850681,0.955289,0.614916,0.666667,0.643398,0.220490,0.740157
4212,0.260902,0.723684,0.753222,0.470824,0.209173,0.850681,0.955518,0.611560,0.666667,0.649285,0.220490,0.740157
4213,0.258647,0.711538,0.752924,0.548775,0.205870,0.850681,0.955509,0.607602,0.666667,0.643398,0.205457,0.740157
4214,0.277444,0.694332,0.753098,0.501480,0.204487,0.850681,0.955997,0.617450,0.666667,0.647603,0.192650,0.740157
4215,0.275188,0.754049,0.752949,0.495438,0.209916,0.850681,0.955327,0.623202,0.666667,0.640875,0.192650,0.740157
4216,0.297744,0.714575,0.752378,0.514945,0.186560,0.850681,0.956227,0.618819,0.666667,0.645080,0.192650,0.740157
4217,0.243609,0.811741,0.753147,0.503075,0.198161,0.850681,0.957433,0.619162,0.666667,0.645080,0.192650,0.740157
4218,0.260902,0.793522,0.752998,0.502477,0.195677,0.850681,0.956667,0.617792,0.666667,0.642557,0.192650,0.740157
4219,0.254135,0.725709,0.752775,0.494701,0.186765,0.850681,0.955183,0.609095,0.666667,0.640875,0.192650,0.740157
4220,0.254135,0.794534,0.752998,0.501327,0.166150,0.850681,0.957213,0.617587,0.666667,0.638352,0.192650,0.740157
4221,0.248872,0.759109,0.752998,0.500100,0.175907,0.850681,0.957835,0.617518,0.666667,0.643398,0.192650,0.740157
4222,0.266917,0.723684,0.753023,0.476682,0.183667,0.850681,0.955442,0.593069,0.666667,0.640875,0.192650,0.738346
4223,0.266165,0.720648,0.753296,0.548193,0.165971,0.850681,0.954934,0.619025,0.666667,0.643398,0.192650,0.736063
4224,0.276692,0.793522,0.753296,0.549542,0.182335,0.850681,0.956275,0.628585,0.666667,0.645080,0.192650,0.732283
4225,0.276692,0.788462,0.753768,0.428068,0.173372,0.850681,0.954628,0.635173,0.666667,0.648444,0.192650,0.734724
4226,0.272180,0.782389,0.754017,0.504808,0.175369,0.850681,0.955738,0.620189,0.666667,0.643398,0.192650,0.740157
4227,0.268421,0.724696,0.753073,0.501741,0.172091,0.850681,0.957806,0.619641,0.666667,0.646762,0.192650,0.740157
4228,0.281203,0.800607,0.752899,0.501004,0.176138,0.845376,0.956102,0.615916,0.666667,0.645080,0.192650,0.740157
4229,0.266917,0.776316,0.753098,0.485929,0.154652,0.850681,0.955078,0.609779,0.666667,0.644239,0.192650,0.740157
4230,0.269925,0.738866,0.753495,0.515957,0.136956,0.850681,0.956188,0.614573,0.666667,0.645080,0.192650,0.740157
4231,0.283459,0.701417,0.752924,0.512108,0.137135,0.850681,0.956590,0.617176,0.666667,0.649285,0.192650,0.740157
4232,0.272932,0.794534,0.752775,0.500360,0.136367,0.850681,0.955107,0.623271,0.666667,0.649285,0.192650,0.736457
4233,0.258647,0.787449,0.752402,0.499318,0.140490,0.850681,0.954724,0.623339,0.666667,0.650126,0.194878,0.739764
4234,0.260902,0.752024,0.752477,0.500544,0.139850,0.850681,0.956763,0.620737,0.666667,0.647603,0.220490,0.736614
4235,0.278947,0.761134,0.751881,0.503075,0.142949,0.850681,0.957069,0.618545,0.666667,0.648444,0.220490,0.740157
4236,0.275188,0.785425,0.751732,0.503581,0.170657,0.850681,0.956064,0.618340,0.666667,0.643398,0.220490,0.740157
4237,0.252632,0.805668,0.751658,0.501741,0.171963,0.850681,0.954820,0.618340,0.666667,0.646762,0.220490,0.740157
4238,0.268421,0.740891,0.751583,0.501327,0.173013,0.850681,0.957117,0.620121,0.666667,0.645921,0.220490,0.740157
4239,0.264662,0.751012,0.751285,0.499088,0.165638,0.850681,0.957069,0.618176,0.666667,0.644239,0.220490,0.740157
4240,0.245113,0.779352,0.751161,0.498735,0.154549,0.850681,0.956112,0.616121,0.666667,0.645080,0.220490,0.740157
4241,0.265414,0.812753,0.750937,0.504961,0.176701,0.850681,0.956093,0.615738,0.666667,0.642557,0.220490,0.740157
4242,0.254135,0.763158,0.750391,0.502431,0.172194,0.850681,0.957069,0.615395,0.666667,0.642557,0.220490,0.740157
4243,0.251128,0.835020,0.750093,0.503274,0.147328,0.850681,0.958007,0.613341,0.666667,0.644239,0.212138,0.740157
4244,0.257143,0.737854,0.750118,0.500238,0.143205,0.850681,0.955863,0.615409,0.666667,0.643398,0.206013,0.740157
4245,0.239098,0.779352,0.750391,0.496036,0.153499,0.850681,0.955805,0.616135,0.666667,0.641716,0.192650,0.740157
4246,0.276692,0.682186,0.750590,0.497063,0.158135,0.850681,0.955940,0.611711,0.666667,0.640875,0.207405,0.740157
4247,0.262406,0.785425,0.750416,0.503167,0.139415,0.850681,0.957978,0.611629,0.666667,0.641716,0.192650,0.740157
4248,0.265414,0.720648,0.750615,0.502783,0.129222,0.850681,0.956705,0.614573,0.666667,0.640875,0.192650,0.736220
4249,0.261654,0.821862,0.750714,0.501771,0.129709,0.850681,0.955681,0.615121,0.666667,0.645080,0.192650,0.733071
4250,0.250376,0.729757,0.750863,0.504777,0.142923,0.850681,0.956925,0.614779,0.666667,0.644239,0.192650,0.732283
4251,0.259398,0.776316,0.750615,0.503121,0.150478,0.850681,0.957787,0.614299,0.666667,0.645921,0.192650,0.732283
4252,0.264662,0.756073,0.750838,0.503121,0.162488,0.850681,0.955365,0.613546,0.833333,0.642557,0.192650,0.732283
4253,0.256391,0.753036,0.751161,0.504992,0.149812,0.850681,0.955844,0.614436,0.766667,0.644239,0.206570,0.732283
4254,0.248120,0.758097,0.751012,0.500544,0.142129,0.850681,0.957816,0.615203,0.666667,0.646762,0.192650,0.732283
4255,0.258647,0.737854,0.751136,0.503888,0.100105,0.850681,0.955681,0.613272,0.666667,0.642557,0.192650,0.732283
4256,0.249624,0.785425,0.751335,0.504762,0.097979,0.850681,0.957595,0.613409,0.666667,0.642557,0.192650,0.732283
4257,0.269173,0.719636,0.751409,0.502661,0.095393,0.850681,0.955748,0.613409,0.666667,0.642557,0.192650,0.732283
4258,0.262406,0.708502,0.751434,0.501863,0.090707,0.850681,0.956571,0.613409,0.666667,0.644239,0.192650,0.732283
4259,0.261654,0.730769,0.751459,0.504087,0.097903,0.850681,0.956160,0.612108,0.666667,0.643398,0.192650,0.732283
4260,0.261654,0.799595,0.751583,0.505114,0.093831,0.850681,0.955566,0.616546,0.666667,0.640875,0.192650,0.732283
4261,0.251880,0.748988,0.751633,0.500544,0.109145,0.845777,0.957404,0.618258,0.666667,0.645921,0.199332,0.732283
4262,0.261654,0.715587,0.751484,0.499900,0.126508,0.850681,0.956045,0.616012,0.666667,0.643398,0.220490,0.732283
4263,0.242105,0.754049,0.751260,0.504486,0.135368,0.849780,0.955384,0.614067,0.666667,0.642557,0.198497,0.732283
4264,0.253383,0.762146,0.751384,0.504424,0.136444,0.846677,0.956858,0.613820,0.466667,0.645921,0.192650,0.732283
4265,0.260902,0.723684,0.751509,0.504700,0.145663,0.850681,0.956093,0.616080,0.666667,0.647603,0.203229,0.732283
4266,0.257895,0.690283,0.751260,0.496603,0.157571,0.848679,0.957567,0.620436,0.666667,0.643398,0.206292,0.732283
4267,0.260902,0.752024,0.751285,0.496680,0.160772,0.847978,0.955202,0.616491,0.666667,0.643398,0.220490,0.732283
4268,0.248872,0.741903,0.751459,0.501511,0.146636,0.850681,0.955461,0.610464,0.666667,0.644239,0.206013,0.732283
4269,0.262406,0.779352,0.751533,0.504700,0.151451,0.850681,0.957337,0.608547,0.666667,0.643398,0.207962,0.732283
4270,0.239098,0.798583,0.751509,0.505529,0.138569,0.850681,0.955518,0.611902,0.666667,0.645921,0.192650,0.732283
4271,0.250376,0.763158,0.751856,0.499594,0.140900,0.850681,0.956284,0.615464,0.666667,0.640875,0.220490,0.735984
4272,0.260150,0.745951,0.752179,0.497370,0.120285,0.850681,0.957758,0.614436,0.666667,0.644239,0.207127,0.732441
4273,0.269173,0.761134,0.752030,0.501465,0.110092,0.845877,0.956418,0.610122,0.666667,0.642557,0.205178,0.732283
4274,0.265414,0.722672,0.752328,0.504578,0.114728,0.850681,0.956322,0.611012,0.666667,0.645080,0.192650,0.732283
4275,0.263910,0.765182,0.752378,0.502814,0.100489,0.850681,0.958380,0.614642,0.666667,0.641716,0.192650,0.732283
4276,0.251128,0.770243,0.752477,0.501158,0.112244,0.850681,0.956523,0.613683,0.666667,0.642557,0.192650,0.732283
4277,0.254135,0.768219,0.752477,0.499241,0.098108,0.850681,0.954245,0.614368,0.666667,0.640875,0.192650,0.732283
4278,0.257895,0.745951,0.752651,0.500023,0.102000,0.850681,0.955040,0.610464,0.666667,0.641716,0.192650,0.732283
4279,0.248120,0.757085,0.752775,0.505651,0.091321,0.850681,0.957232,0.613272,0.666667,0.642557,0.192650,0.732283
4280,0.255639,0.756073,0.752924,0.503811,0.098517,0.850681,0.954628,0.613204,0.666667,0.644239,0.192650,0.732283
4281,0.242857,0.731781,0.752775,0.500790,0.104279,0.850681,0.955423,0.614094,0.666667,0.643398,0.192650,0.732283
4282,0.266165,0.737854,0.752551,0.496987,0.118492,0.850681,0.954274,0.614025,0.666667,0.641716,0.192650,0.732283
4283,0.241353,0.806680,0.752626,0.496434,0.073267,0.850681,0.955547,0.614491,0.666667,0.642557,0.192650,0.732283
4284,0.264662,0.715587,0.752874,0.497063,0.072550,0.850681,0.958026,0.612656,0.666667,0.643398,0.192650,0.732283
4285,0.264662,0.746964,0.753023,0.505774,0.072038,0.850681,0.956897,0.609574,0.666667,0.641716,0.192650,0.732283
4286,0.233083,0.743927,0.753147,0.511908,0.090271,0.850681,0.955729,0.609369,0.666667,0.640875,0.192650,0.732283
4287,0.271429,0.646761,0.753172,0.516310,0.075700,0.850681,0.957500,0.612998,0.666667,0.642557,0.192650,0.732283
4288,0.272932,0.646761,0.753172,0.519484,0.080847,0.850681,0.956657,0.617655,0.666667,0.644239,0.192650,0.732283
4289,0.262406,0.673077,0.752974,0.506909,0.070015,0.850681,0.955174,0.626832,0.666667,0.646762,0.192650,0.732283
4290,0.264662,0.708502,0.752800,0.495070,0.063126,0.850681,0.954293,0.627996,0.666667,0.645921,0.192650,0.732283
4291,0.254135,0.765182,0.752849,0.491742,0.097979,0.850681,0.956236,0.617518,0.666667,0.642557,0.192650,0.732283
4292,0.253383,0.793522,0.752800,0.491665,0.100950,0.850681,0.956858,0.612656,0.666667,0.643398,0.192650,0.732283
4293,0.259398,0.799595,0.752825,0.497033,0.072294,0.850681,0.955614,0.607588,0.666667,0.638352,0.205735,0.732283
4294,0.251128,0.786437,0.753272,0.501925,0.072319,0.850681,0.955518,0.609232,0.666667,0.644239,0.192650,0.732283
4295,0.252632,0.704453,0.753421,0.501817,0.060667,0.850681,0.956160,0.612176,0.666667,0.640875,0.192650,0.732283
4296,0.243609,0.769231,0.753371,0.501235,0.074112,0.850681,0.955585,0.612519,0.666667,0.643398,0.192650,0.732283
4297,0.261654,0.810729,0.753396,0.501173,0.068145,0.850681,0.957050,0.615053,0.666667,0.645080,0.192650,0.732283
4298,0.271429,0.783401,0.753421,0.495944,0.053804,0.850681,0.955327,0.617244,0.666667,0.642557,0.192650,0.732283
4299,0.261654,0.743927,0.753520,0.496404,0.064688,0.850681,0.955461,0.616354,0.666667,0.644239,0.192650,0.732283
4300,0.244361,0.767206,0.753346,0.496327,0.054803,0.850681,0.957758,0.614025,0.666667,0.642557,0.192650,0.732283
4301,0.257143,0.669028,0.753520,0.500544,0.069374,0.850681,0.957433,0.612587,0.666667,0.643398,0.192650,0.732283
4302,0.254135,0.780364,0.753495,0.500820,0.084432,0.850681,0.956667,0.611766,0.666667,0.643398,0.192650,0.732283
4303,0.271429,0.725709,0.753768,0.500406,0.078133,0.850681,0.954360,0.614162,0.666667,0.642557,0.192650,0.732283
4304,0.251128,0.746964,0.753942,0.500636,0.069477,0.850681,0.956543,0.614642,0.666667,0.641716,0.192650,0.732283
4305,0.257895,0.764170,0.754116,0.501051,0.070066,0.850681,0.956945,0.614779,0.666667,0.643398,0.192650,0.732283
4306,0.266917,0.745951,0.753917,0.500054,0.078517,0.850681,0.956026,0.615491,0.666667,0.640875,0.192650,0.732283
4307,0.250376,0.807692,0.753892,0.500544,0.052396,0.850681,0.955853,0.614025,0.666667,0.643398,0.192650,0.732283
4308,0.258647,0.741903,0.754066,0.501710,0.049271,0.850681,0.956045,0.612272,0.666667,0.640034,0.192650,0.732283
4309,0.252632,0.715587,0.754116,0.504470,0.054060,0.850681,0.956916,0.612272,0.666667,0.640034,0.203508,0.732283
4310,0.254135,0.747976,0.754166,0.504624,0.076570,0.850681,0.957911,0.613272,0.666667,0.641716,0.208797,0.732283
4311,0.263158,0.718623,0.754190,0.504608,0.066481,0.850681,0.955710,0.616902,0.666667,0.640034,0.218263,0.732283
4312,0.257895,0.786437,0.754389,0.505299,0.070066,0.850681,0.956083,0.613957,0.666667,0.641716,0.220490,0.732283
4313,0.249624,0.747976,0.754637,0.505682,0.066353,0.850681,0.957280,0.613204,0.666667,0.644239,0.206570,0.732283
4314,0.243609,0.742915,0.755084,0.508534,0.091833,0.850681,0.956255,0.610259,0.666667,0.640875,0.207127,0.732283
4315,0.254887,0.743927,0.755606,0.516294,0.082153,0.850681,0.957260,0.614423,0.666667,0.642557,0.207405,0.732283
4316,0.246617,0.709514,0.755382,0.503044,0.066890,0.850681,0.955116,0.620614,0.666667,0.643398,0.220490,0.732283
4317,0.274436,0.782389,0.755407,0.489625,0.053446,0.850681,0.954705,0.626216,0.666667,0.639193,0.220490,0.732283
4318,0.254135,0.689271,0.755631,0.484795,0.063203,0.850681,0.955557,0.620942,0.666667,0.642557,0.220490,0.732283
4319,0.268421,0.731781,0.755631,0.485607,0.056852,0.850681,0.955729,0.612724,0.666667,0.634146,0.220490,0.736220
4320,0.250376,0.737854,0.755606,0.500207,0.052677,0.854684,0.956275,0.607793,0.666667,0.643398,0.220490,0.732283
4321,0.250376,0.645749,0.755854,0.507001,0.059028,0.851381,0.955892,0.608437,0.666667,0.642557,0.220490,0.736142
4322,0.254887,0.726721,0.756177,0.513503,0.053343,0.850881,0.955011,0.609848,0.666667,0.642557,0.220490,0.732283
4323,0.260150,0.664980,0.756152,0.503995,0.054803,0.855184,0.956418,0.619710,0.666667,0.640875,0.220490,0.732283
4324,0.240602,0.746964,0.756301,0.490852,0.066660,0.850681,0.956600,0.623202,0.666667,0.645080,0.220490,0.733228
4325,0.237594,0.781377,0.756276,0.480930,0.076289,0.850681,0.956179,0.621216,0.666667,0.644239,0.220490,0.736457
4326,0.247368,0.801619,0.756301,0.481221,0.060309,0.850681,0.956753,0.616628,0.666667,0.641716,0.220490,0.736457
4327,0.236090,0.701417,0.756450,0.491864,0.061948,0.850681,0.955604,0.607396,0.666667,0.643398,0.209633,0.740157
4328,0.251128,0.704453,0.756549,0.498781,0.058824,0.850681,0.957308,0.606766,0.666667,0.640875,0.192650,0.736063
4329,0.251880,0.748988,0.756922,0.502661,0.062716,0.850681,0.954437,0.608752,0.666667,0.640034,0.192650,0.732913
4330,0.254135,0.729757,0.756947,0.500544,0.060053,0.850681,0.956227,0.613204,0.666667,0.645921,0.192650,0.732283
4331,0.258647,0.722672,0.757220,0.495530,0.056263,0.850681,0.957184,0.618408,0.666667,0.638352,0.192650,0.736220
4332,0.275188,0.797571,0.757071,0.489472,0.058824,0.850681,0.955269,0.622175,0.666667,0.642557,0.192650,0.732283
4333,0.273684,0.748988,0.756947,0.488705,0.078747,0.850681,0.957308,0.623408,0.666667,0.642557,0.192650,0.736063
4334,0.275188,0.777328,0.756823,0.490361,0.102205,0.850681,0.956275,0.617929,0.666667,0.644239,0.192650,0.740157
4335,0.254135,0.747976,0.756798,0.496864,0.077620,0.850681,0.957347,0.615970,0.666667,0.642557,0.192650,0.736378
4336,0.278947,0.745951,0.756674,0.498903,0.080514,0.850681,0.956208,0.617313,0.666667,0.645080,0.192650,0.736850
4337,0.266165,0.733806,0.756549,0.496572,0.070066,0.850681,0.955126,0.621011,0.666667,0.643398,0.192650,0.739213
4338,0.258647,0.722672,0.756475,0.488521,0.062076,0.850681,0.956667,0.622449,0.666667,0.645921,0.192650,0.732283
4339,0.258647,0.724696,0.756376,0.483460,0.063100,0.850681,0.955834,0.622216,0.666667,0.644239,0.192650,0.732283
4340,0.257895,0.731781,0.756376,0.483614,0.072780,0.850681,0.955777,0.619093,0.666667,0.643398,0.192650,0.738740
4341,0.260902,0.764170,0.756251,0.490622,0.067198,0.850681,0.957337,0.615806,0.666667,0.642557,0.192650,0.737795
4342,0.254135,0.786437,0.756500,0.494257,0.089990,0.850681,0.956160,0.615875,0.666667,0.640875,0.192650,0.740157
4343,0.251128,0.745951,0.756127,0.496189,0.092627,0.855384,0.954217,0.618271,0.666667,0.644239,0.192650,0.738189
4344,0.282707,0.724696,0.755929,0.494870,0.101872,0.854884,0.955537,0.620121,0.666667,0.645080,0.192650,0.732283
4345,0.251128,0.718623,0.755755,0.494211,0.080898,0.855685,0.957059,0.621107,0.666667,0.646762,0.192650,0.738504
4346,0.250376,0.733806,0.755755,0.493919,0.084407,0.854884,0.956973,0.619340,0.666667,0.645921,0.192650,0.735354
4347,0.254887,0.787449,0.755432,0.495453,0.101923,0.854984,0.956035,0.616354,0.666667,0.646762,0.192650,0.733701
4348,0.274436,0.735830,0.755506,0.495760,0.120771,0.855484,0.956399,0.616628,0.666667,0.644239,0.192650,0.732283
4349,0.251128,0.760121,0.755606,0.492125,0.092038,0.856986,0.957595,0.618271,0.666667,0.645080,0.192650,0.735433
4350,0.251880,0.799595,0.755556,0.490883,0.081769,0.853983,0.957165,0.617313,0.666667,0.643398,0.192650,0.733228
4351,0.257895,0.754049,0.755457,0.492508,0.102845,0.853183,0.956610,0.614025,0.666667,0.644239,0.192650,0.732283
4352,0.256391,0.765182,0.755407,0.497646,0.108607,0.854884,0.957385,0.614162,0.666667,0.642557,0.192650,0.732283
4353,0.263158,0.741903,0.755035,0.498903,0.100079,0.855785,0.957117,0.614984,0.666667,0.644239,0.192650,0.732283
4354,0.258647,0.669028,0.755010,0.500084,0.120259,0.857186,0.956476,0.615806,0.666667,0.643398,0.206013,0.732283
4355,0.272932,0.704453,0.754886,0.503152,0.120003,0.850681,0.955078,0.615875,0.666667,0.643398,0.192650,0.732283
4356,0.252632,0.764170,0.754786,0.501480,0.117519,0.850681,0.956160,0.618135,0.666667,0.642557,0.192650,0.732283
4357,0.268421,0.771255,0.754513,0.496373,0.118595,0.850681,0.956112,0.621079,0.666667,0.640875,0.209354,0.732913
4358,0.265414,0.724696,0.754488,0.492693,0.096904,0.850681,0.957098,0.622586,0.666667,0.643398,0.220490,0.735433
4359,0.257895,0.783401,0.754339,0.492769,0.091757,0.855484,0.956667,0.616491,0.666667,0.642557,0.220490,0.737165
4360,0.257143,0.783401,0.754364,0.500897,0.088299,0.855484,0.955872,0.612245,0.666667,0.640875,0.206570,0.738976
4361,0.254135,0.732794,0.754116,0.503274,0.109683,0.850681,0.956322,0.614710,0.666667,0.642557,0.220490,0.737402
4362,0.258647,0.742915,0.754041,0.503013,0.104074,0.850681,0.956495,0.617107,0.666667,0.640875,0.220490,0.734803
4363,0.251128,0.748988,0.754166,0.499410,0.081462,0.850681,0.956514,0.619915,0.666667,0.642557,0.220490,0.737795
4364,0.241353,0.758097,0.753843,0.499977,0.077723,0.850681,0.955585,0.617381,0.666667,0.645080,0.207405,0.740157
4365,0.247368,0.740891,0.753942,0.502507,0.080130,0.845977,0.956093,0.617724,0.666667,0.642557,0.206570,0.740157
4366,0.248120,0.779352,0.754017,0.469766,0.087147,0.850681,0.957500,0.619833,0.666667,0.642557,0.198775,0.740157
4367,0.272180,0.714575,0.753967,0.531676,0.083690,0.850681,0.957136,0.619847,0.666667,0.645921,0.192650,0.740157
4368,0.245113,0.777328,0.754240,0.475608,0.087070,0.850681,0.954513,0.627092,0.666667,0.649285,0.192650,0.740157
4369,0.254135,0.747976,0.754538,0.486052,0.092550,0.850681,0.955269,0.634023,0.666667,0.651808,0.192650,0.740157
4370,0.264662,0.765182,0.754588,0.513887,0.102948,0.850681,0.958514,0.610519,0.666667,0.645921,0.192650,0.740157
4371,0.254135,0.728745,0.754960,0.511126,0.114830,0.845877,0.957040,0.622038,0.666667,0.648444,0.192650,0.740157
4372,0.260150,0.734818,0.754563,0.496250,0.104919,0.850681,0.956514,0.619504,0.666667,0.649285,0.192650,0.740157
4373,0.254135,0.727733,0.754588,0.511556,0.090630,0.850681,0.956255,0.616012,0.666667,0.647603,0.192650,0.740157
4374,0.246617,0.719636,0.754563,0.483905,0.090169,0.850681,0.957940,0.623695,0.666667,0.649285,0.192650,0.740157
4375,0.251880,0.687247,0.754563,0.510298,0.069912,0.848879,0.957146,0.615943,0.666667,0.645921,0.192650,0.740157
4376,0.256391,0.742915,0.754637,0.497079,0.081001,0.847878,0.955126,0.616477,0.666667,0.646762,0.192650,0.740157
4377,0.265414,0.758097,0.754761,0.508994,0.081411,0.850681,0.955844,0.618682,0.666667,0.646762,0.192650,0.740157
4378,0.252632,0.748988,0.754910,0.517352,0.087966,0.850681,0.956035,0.611834,0.666667,0.644239,0.192650,0.740157
4379,0.250376,0.739879,0.754910,0.495070,0.095162,0.850681,0.957816,0.619984,0.666667,0.648444,0.192650,0.740157
4380,0.266165,0.707490,0.755109,0.513074,0.068427,0.850681,0.955078,0.617724,0.666667,0.645921,0.192650,0.740157
4381,0.263910,0.791498,0.755233,0.495453,0.079131,0.850681,0.956571,0.612053,0.666667,0.645080,0.199332,0.740157
4382,0.254135,0.746964,0.755357,0.498873,0.065354,0.845977,0.956035,0.623545,0.666667,0.645921,0.206570,0.740157
4383,0.244361,0.773279,0.755357,0.512184,0.071551,0.850681,0.957232,0.617518,0.666667,0.646762,0.220490,0.740157
4384,0.250376,0.743927,0.755531,0.503658,0.066071,0.850681,0.957854,0.619093,0.666667,0.648444,0.220490,0.740157
4385,0.264662,0.713563,0.755407,0.517920,0.066890,0.850681,0.953738,0.622928,0.666667,0.646762,0.220490,0.740157
4386,0.253383,0.728745,0.755308,0.491297,0.069810,0.850681,0.957021,0.617778,0.666667,0.649285,0.220490,0.740157
4387,0.244361,0.739879,0.755084,0.500866,0.088274,0.850681,0.955222,0.618888,0.666667,0.645921,0.220490,0.740157
4388,0.239850,0.742915,0.755208,0.503121,0.068043,0.850681,0.956686,0.613519,0.666667,0.646762,0.220490,0.740157
4389,0.248872,0.755061,0.755208,0.503535,0.073600,0.850681,0.956303,0.611300,0.666667,0.645080,0.220490,0.740157
4390,0.249624,0.750000,0.755457,0.505958,0.093652,0.847378,0.956016,0.617244,0.666667,0.643398,0.220490,0.740157
4391,0.251128,0.766194,0.755755,0.506679,0.082486,0.844376,0.956399,0.611355,0.666667,0.641716,0.220490,0.740157
4392,0.242857,0.718623,0.756127,0.493766,0.075905,0.841873,0.956141,0.616655,0.666667,0.644239,0.220490,0.740157
4393,0.243609,0.727733,0.756326,0.508519,0.073113,0.845376,0.955652,0.620901,0.666667,0.644239,0.218541,0.740157
4394,0.245113,0.720648,0.756624,0.514454,0.076314,0.850480,0.956964,0.610451,0.666667,0.639193,0.209076,0.740157
4395,0.239098,0.755061,0.756773,0.506525,0.065687,0.845677,0.955777,0.613272,0.666667,0.642557,0.217149,0.740157
4396,0.258647,0.736842,0.756972,0.500560,0.097134,0.846377,0.955078,0.618888,0.666667,0.642557,0.192650,0.740157
4397,0.248872,0.740891,0.757021,0.513825,0.080079,0.849380,0.957002,0.613272,0.666667,0.642557,0.197383,0.740157
4398,0.246617,0.712551,0.756996,0.497401,0.096955,0.842474,0.956619,0.617450,0.666667,0.641716,0.220490,0.740157
4399,0.251880,0.697368,0.757170,0.503121,0.110605,0.843875,0.955585,0.617450,0.666667,0.640034,0.214365,0.740157
4400,0.230075,0.751012,0.757294,0.501281,0.069861,0.845076,0.957394,0.621627,0.666667,0.645921,0.211860,0.740157
4401,0.262406,0.769231,0.757468,0.504102,0.081385,0.840673,0.957059,0.615231,0.666667,0.644239,0.217706,0.740157
4402,0.244361,0.725709,0.757418,0.497815,0.104919,0.840673,0.955097,0.623983,0.666667,0.645921,0.205735,0.740157
4403,0.242857,0.744939,0.757394,0.503121,0.091526,0.840673,0.955758,0.618340,0.666667,0.644239,0.206570,0.740157
4404,0.253383,0.706478,0.757344,0.503581,0.087096,0.840673,0.956811,0.616751,0.666667,0.643398,0.192650,0.740157
4405,0.261654,0.713563,0.757220,0.510375,0.100873,0.840673,0.955604,0.622175,0.666667,0.644239,0.202394,0.740157
4406,0.256391,0.752024,0.757269,0.520542,0.084048,0.850380,0.955461,0.617039,0.666667,0.645080,0.220490,0.740157
4407,0.245865,0.703441,0.757294,0.473093,0.102026,0.850681,0.956035,0.627174,0.666667,0.647603,0.209354,0.740157
4408,0.269173,0.680162,0.757195,0.512476,0.100899,0.850681,0.956686,0.623887,0.666667,0.642557,0.206013,0.740157
4409,0.251880,0.741903,0.757170,0.495683,0.093908,0.850681,0.955566,0.615532,0.666667,0.646762,0.205178,0.740157
4410,0.253383,0.733806,0.757145,0.515037,0.101718,0.850681,0.957500,0.622723,0.666667,0.645921,0.220490,0.740157
4411,0.242857,0.764170,0.756897,0.509470,0.107711,0.850681,0.956734,0.618408,0.666667,0.642557,0.220490,0.740157
4412,0.261654,0.743927,0.756947,0.500192,0.084432,0.845877,0.956112,0.624983,0.666667,0.646762,0.220490,0.740157
4413,0.265414,0.738866,0.756773,0.454828,0.103152,0.850681,0.956370,0.602822,0.666667,0.641716,0.220490,0.740157
4414,0.251128,0.690283,0.757096,0.539298,0.108351,0.850681,0.956992,0.585728,0.666667,0.634146,0.220490,0.740157
4415,0.241353,0.700405,0.759157,0.559372,0.101206,0.850681,0.955968,0.607109,0.666667,0.641716,0.220490,0.739528
4416,0.236090,0.693320,0.759653,0.522015,0.086865,0.850681,0.954513,0.633817,0.666667,0.646762,0.202951,0.732283
4417,0.272180,0.746964,0.759206,0.488981,0.097467,0.850681,0.955796,0.638269,0.666667,0.645080,0.197661,0.733465
4418,0.267669,0.734818,0.758586,0.491956,0.093831,0.850681,0.957337,0.632653,0.666667,0.637511,0.220490,0.740157
4419,0.260902,0.753036,0.758039,0.482003,0.099414,0.850681,0.956925,0.616217,0.666667,0.642557,0.220490,0.740157
4420,0.249624,0.699393,0.758064,0.513043,0.092166,0.850681,0.955585,0.609300,0.666667,0.639193,0.220490,0.740157
4421,0.257895,0.700405,0.758511,0.521600,0.082845,0.850681,0.956590,0.612519,0.666667,0.640875,0.220490,0.740157
4422,0.260902,0.658907,0.758536,0.509455,0.084663,0.850681,0.957911,0.623202,0.666667,0.641716,0.220490,0.740157
4423,0.262406,0.760121,0.758337,0.502615,0.094113,0.850681,0.955844,0.622723,0.666667,0.645921,0.220490,0.740157
4424,0.242857,0.747976,0.758163,0.501863,0.100284,0.850681,0.954695,0.622860,0.666667,0.645921,0.220490,0.740157
4425,0.247368,0.729757,0.758139,0.503765,0.100105,0.850681,0.954982,0.615395,0.666667,0.643398,0.220490,0.740157
4426,0.240602,0.714575,0.758039,0.506111,0.101334,0.850681,0.957327,0.615258,0.666667,0.643398,0.220490,0.740157
4427,0.239098,0.787449,0.758238,0.503121,0.089221,0.850681,0.957117,0.618203,0.666667,0.645080,0.220490,0.740157
4428,0.231579,0.777328,0.758362,0.504532,0.079874,0.850681,0.955585,0.615875,0.666667,0.643398,0.220490,0.740157
4429,0.236090,0.732794,0.758586,0.502155,0.086558,0.850681,0.956227,0.618956,0.666667,0.642557,0.220490,0.740157
4430,0.247368,0.724696,0.758238,0.498259,0.083178,0.855484,0.957500,0.616559,0.666667,0.640875,0.220490,0.740157
4431,0.233083,0.743927,0.758536,0.502431,0.093319,0.855384,0.956428,0.612930,0.666667,0.641716,0.220490,0.740157
4432,0.236090,0.720648,0.758635,0.504700,0.084714,0.850681,0.954896,0.614368,0.666667,0.637511,0.220490,0.740157
4433,0.241353,0.753036,0.758834,0.505421,0.086148,0.850681,0.956227,0.612930,0.666667,0.641716,0.220490,0.740157
4434,0.228571,0.777328,0.759107,0.504654,0.076238,0.850681,0.957452,0.616217,0.666667,0.640034,0.220490,0.740157
4435,0.244361,0.746964,0.759157,0.500621,0.097903,0.850681,0.957998,0.620394,0.666667,0.640034,0.220490,0.740157
4436,0.215038,0.728745,0.759231,0.500621,0.101770,0.850681,0.955202,0.614847,0.666667,0.644239,0.220490,0.740157
4437,0.267669,0.693320,0.759033,0.504854,0.098697,0.850681,0.956284,0.614436,0.666667,0.639193,0.220490,0.740157
4438,0.250376,0.702429,0.759231,0.504838,0.100694,0.850681,0.956992,0.614436,0.666667,0.642557,0.220490,0.740157
4439,0.236090,0.756073,0.759480,0.504654,0.122948,0.850681,0.956543,0.613889,0.666667,0.641716,0.220490,0.740157
4440,0.236842,0.747976,0.759306,0.506602,0.116751,0.850681,0.955155,0.613889,0.666667,0.639193,0.220490,0.740157
4441,0.257143,0.674089,0.759703,0.507307,0.093703,0.850681,0.956667,0.614847,0.666667,0.641716,0.220490,0.740157
4442,0.250376,0.724696,0.759753,0.506188,0.109606,0.850681,0.954887,0.616696,0.666667,0.642557,0.220490,0.740157
4443,0.245865,0.701417,0.759604,0.502308,0.122359,0.850681,0.957375,0.618751,0.666667,0.642557,0.220490,0.740157
4444,0.245113,0.734818,0.759579,0.502967,0.116546,0.850681,0.956514,0.617313,0.666667,0.643398,0.220490,0.740157
4445,0.243609,0.790486,0.759504,0.502170,0.120438,0.850681,0.956160,0.614491,0.666667,0.641716,0.220490,0.740157
4446,0.242105,0.703441,0.759157,0.506495,0.105355,0.850681,0.956131,0.613683,0.666667,0.641716,0.220490,0.740157
4447,0.245113,0.741903,0.759380,0.505958,0.088786,0.850681,0.955442,0.614135,0.666667,0.643398,0.220490,0.740157
4448,0.250376,0.675101,0.759455,0.504654,0.089247,0.845877,0.957002,0.614436,0.666667,0.642557,0.220490,0.740157
4449,0.248120,0.781377,0.759430,0.504654,0.112116,0.850681,0.956131,0.615738,0.666667,0.640875,0.220490,0.740157
4450,0.241353,0.696356,0.759604,0.504041,0.106815,0.850681,0.955662,0.616765,0.666667,0.641716,0.220490,0.740157
4451,0.243609,0.703441,0.759629,0.502691,0.095828,0.850681,0.957911,0.616217,0.666667,0.638352,0.220490,0.740157
4452,0.254135,0.701417,0.759554,0.504700,0.105099,0.850681,0.955231,0.613820,0.666667,0.640034,0.206570,0.740157
4453,0.248120,0.745951,0.759579,0.503013,0.106943,0.846978,0.955987,0.618258,0.666667,0.640034,0.220490,0.740157
4454,0.230075,0.770243,0.759480,0.500008,0.116930,0.849480,0.956476,0.618203,0.666667,0.644239,0.220490,0.740157
4455,0.239850,0.711538,0.759678,0.504010,0.135753,0.850681,0.955298,0.614573,0.666667,0.642557,0.220490,0.740157
4456,0.248872,0.715587,0.759405,0.505605,0.126815,0.850681,0.956543,0.618614,0.666667,0.640034,0.220490,0.740157
4457,0.233083,0.747976,0.759529,0.501388,0.134626,0.850681,0.957404,0.619025,0.666667,0.645080,0.220490,0.740157
4458,0.245865,0.687247,0.759480,0.503688,0.116879,0.850681,0.955614,0.614368,0.666667,0.641716,0.220490,0.740157
4459,0.227068,0.771255,0.759455,0.506832,0.110041,0.850681,0.956906,0.616765,0.666667,0.640034,0.220490,0.740157
4460,0.233835,0.771255,0.759753,0.504700,0.107173,0.850681,0.957595,0.617107,0.666667,0.645921,0.207405,0.740157
4461,0.236090,0.702429,0.760448,0.524070,0.107404,0.850681,0.956198,0.606191,0.666667,0.640875,0.220490,0.740157
4462,0.218797,0.714575,0.761069,0.547595,0.094113,0.850681,0.954609,0.608259,0.666667,0.638352,0.220490,0.740157
4463,0.199248,0.777328,0.761665,0.499502,0.096366,0.850681,0.958007,0.650801,0.666667,0.650967,0.206570,0.740157
4464,0.204511,0.769231,0.761218,0.455105,0.114062,0.850681,0.957203,0.636940,0.666667,0.648444,0.211860,0.740157
4465,0.223308,0.758097,0.761317,0.459920,0.107736,0.850681,0.955327,0.604369,0.666667,0.637511,0.215757,0.740157
4466,0.220301,0.744939,0.762137,0.502446,0.105688,0.850681,0.957021,0.584440,0.666667,0.636669,0.209911,0.740157
4467,0.218797,0.686235,0.763626,0.519944,0.107736,0.846677,0.956925,0.590262,0.666667,0.632464,0.218263,0.740157
4468,0.193985,0.693320,0.764371,0.515113,0.117954,0.849980,0.954810,0.602726,0.666667,0.635828,0.220490,0.740157
4469,0.211278,0.685223,0.765613,0.503458,0.142667,0.850681,0.954743,0.607246,0.666667,0.640034,0.220490,0.740157
4470,0.212782,0.731781,0.766283,0.506878,0.125637,0.850681,0.957184,0.613409,0.666667,0.641716,0.220490,0.740000
4471,0.239850,0.665992,0.766507,0.488583,0.110912,0.850681,0.957959,0.618203,0.666667,0.641716,0.220490,0.736457
4472,0.235338,0.741903,0.766979,0.490285,0.109196,0.850681,0.955107,0.615765,0.666667,0.645080,0.220490,0.740157
4473,0.248120,0.686235,0.767475,0.503397,0.103485,0.850681,0.955968,0.613957,0.666667,0.644239,0.220490,0.740157
4474,0.239850,0.737854,0.767624,0.501173,0.103280,0.850681,0.957327,0.617929,0.666667,0.641716,0.220490,0.740157
4475,0.251128,0.702429,0.767674,0.497293,0.101770,0.850681,0.956753,0.622038,0.666667,0.644239,0.220490,0.740157
4476,0.248872,0.730769,0.767649,0.494732,0.077620,0.850681,0.955729,0.625873,0.666667,0.645080,0.220490,0.740157
4477,0.254887,0.739879,0.767724,0.494103,0.079541,0.850681,0.954341,0.626490,0.666667,0.645921,0.220490,0.740157
4478,0.255639,0.779352,0.767426,0.495514,0.099465,0.850681,0.955729,0.624668,0.666667,0.649285,0.220490,0.740157
4479,0.269173,0.660931,0.767451,0.496941,0.108069,0.850681,0.957452,0.627380,0.666667,0.647603,0.220490,0.740157
4480,0.266165,0.764170,0.767451,0.496358,0.116341,0.845176,0.956543,0.626133,0.666667,0.644239,0.220490,0.740157
4481,0.254135,0.724696,0.766805,0.493812,0.110041,0.845977,0.956380,0.628407,0.666667,0.645080,0.220490,0.740157
4482,0.262406,0.818826,0.766408,0.491542,0.086763,0.845476,0.956476,0.627106,0.666667,0.646762,0.220490,0.743937
4483,0.254135,0.767206,0.766333,0.496910,0.087659,0.841373,0.957500,0.621422,0.666667,0.644239,0.220490,0.740157
4484,0.247368,0.722672,0.766134,0.502155,0.116597,0.845677,0.955260,0.623120,0.666667,0.646762,0.220490,0.740157
4485,0.257895,0.705466,0.766184,0.499364,0.139030,0.847178,0.955490,0.624969,0.666667,0.643398,0.220490,0.743937
4486,0.253383,0.692308,0.765911,0.496097,0.135727,0.848979,0.956514,0.627996,0.666667,0.645921,0.220490,0.744094
4487,0.258647,0.714575,0.765563,0.490009,0.148378,0.842674,0.957950,0.630188,0.666667,0.645080,0.220490,0.743307
4488,0.256391,0.752024,0.765067,0.487555,0.133857,0.845977,0.956763,0.628749,0.666667,0.644239,0.220490,0.748031
4489,0.239850,0.764170,0.765067,0.492600,0.098184,0.850681,0.954580,0.622791,0.666667,0.645921,0.220490,0.748031
4490,0.257895,0.653846,0.764992,0.501097,0.144178,0.850681,0.957232,0.620326,0.666667,0.645921,0.220490,0.748031
4491,0.249624,0.710526,0.765017,0.500866,0.123537,0.850681,0.956858,0.623545,0.666667,0.643398,0.220490,0.748031
4492,0.257143,0.722672,0.764967,0.500590,0.120003,0.850681,0.955461,0.627517,0.666667,0.643398,0.220490,0.748031
4493,0.254887,0.682186,0.764967,0.495407,0.113268,0.850681,0.955518,0.630736,0.666667,0.642557,0.220490,0.748031
4494,0.251128,0.685223,0.764421,0.493015,0.091244,0.850681,0.956610,0.629366,0.666667,0.643398,0.220490,0.748031
4495,0.262406,0.707490,0.763924,0.491266,0.080540,0.850681,0.958189,0.627996,0.666667,0.644239,0.220490,0.748031
4496,0.254887,0.768219,0.764173,0.490116,0.096904,0.849880,0.956686,0.624709,0.666667,0.643398,0.207127,0.748031
4497,0.264662,0.714575,0.764198,0.497033,0.111066,0.845476,0.955652,0.621764,0.666667,0.644239,0.220490,0.748031
4498,0.251880,0.724696,0.764322,0.500115,0.097672,0.842674,0.957155,0.621737,0.500000,0.642557,0.220490,0.748031
4499,0.254135,0.721660,0.764347,0.500713,0.099823,0.848379,0.956093,0.624161,0.666667,0.645080,0.220490,0.748031
4500,0.254135,0.777328,0.764247,0.496879,0.122257,0.840673,0.955490,0.626969,0.666667,0.644239,0.220490,0.748031
4501,0.251880,0.699393,0.764073,0.493613,0.112551,0.840673,0.957806,0.625736,0.666667,0.641716,0.220490,0.748031
4502,0.250376,0.684211,0.763825,0.492002,0.122897,0.840673,0.956476,0.624640,0.666667,0.643398,0.220490,0.748031
4503,0.246617,0.727733,0.763552,0.491205,0.107071,0.840673,0.956562,0.622449,0.666667,0.645080,0.220490,0.748031
4504,0.254887,0.746964,0.763626,0.497447,0.110886,0.840673,0.957088,0.621422,0.666667,0.645080,0.220490,0.748031
4505,0.226316,0.767206,0.763130,0.499164,0.100976,0.840673,0.955796,0.618066,0.666667,0.642557,0.220490,0.748031
4506,0.258647,0.717611,0.763179,0.499793,0.120566,0.840673,0.957213,0.619641,0.666667,0.643398,0.220490,0.748031
4507,0.240602,0.769231,0.763328,0.495254,0.121284,0.840673,0.955844,0.623750,0.666667,0.640875,0.220490,0.748031
4508,0.231579,0.679150,0.762857,0.490499,0.101898,0.834968,0.958361,0.624846,0.666667,0.640034,0.220490,0.744252
4509,0.239098,0.741903,0.762509,0.490699,0.118876,0.830665,0.956418,0.623065,0.666667,0.643398,0.220490,0.748031
4510,0.247368,0.725709,0.762459,0.488828,0.113755,0.835669,0.955135,0.622175,0.666667,0.640034,0.220490,0.748031
4511,0.251880,0.675101,0.762435,0.494962,0.108044,0.830665,0.956255,0.618819,0.666667,0.639193,0.220490,0.748031
4512,0.248872,0.751012,0.762658,0.495867,0.104766,0.830665,0.956255,0.611355,0.666667,0.640034,0.220490,0.744252
4513,0.252632,0.719636,0.762583,0.509608,0.122897,0.830665,0.956830,0.614162,0.666667,0.639193,0.220490,0.744094
4514,0.237594,0.691296,0.762757,0.506924,0.113934,0.830665,0.957308,0.621723,0.666667,0.642557,0.206570,0.740157
4515,0.257895,0.697368,0.762757,0.497922,0.112269,0.830665,0.955088,0.624832,0.666667,0.642557,0.209911,0.740157
4516,0.257895,0.700405,0.762435,0.500284,0.100310,0.830665,0.956160,0.618751,0.666667,0.637511,0.220490,0.744646
4517,0.260150,0.727733,0.762708,0.506127,0.105252,0.830665,0.957433,0.617326,0.666667,0.640034,0.220490,0.743307
4518,0.245113,0.712551,0.762435,0.500713,0.102179,0.830665,0.955202,0.624230,0.666667,0.641716,0.220490,0.743858
4519,0.254135,0.743927,0.762435,0.493582,0.107583,0.830665,0.955710,0.627448,0.666667,0.640875,0.220490,0.743858
4520,0.268421,0.734818,0.762410,0.489748,0.110272,0.830665,0.957117,0.628476,0.666667,0.645080,0.220490,0.741496
4521,0.255639,0.730769,0.762137,0.487785,0.102538,0.830665,0.956370,0.624640,0.666667,0.642557,0.220490,0.746457
4522,0.249624,0.699393,0.762186,0.492723,0.100950,0.830665,0.957002,0.618066,0.666667,0.642557,0.220490,0.744094
4523,0.247368,0.773279,0.762037,0.497217,0.133781,0.830665,0.957662,0.616422,0.666667,0.642557,0.220490,0.740157
4524,0.242105,0.704453,0.762012,0.497600,0.113959,0.830665,0.957729,0.616258,0.666667,0.641716,0.220490,0.740157
4525,0.241353,0.758097,0.761938,0.495453,0.111988,0.830665,0.955279,0.619093,0.666667,0.643398,0.220490,0.740157
4526,0.239850,0.772267,0.762236,0.491726,0.114292,0.830665,0.956476,0.621764,0.666667,0.641716,0.220490,0.742756
4527,0.231579,0.740891,0.762211,0.487708,0.111578,0.830665,0.957595,0.626969,0.666667,0.644239,0.220490,0.744331
4528,0.230827,0.747976,0.761814,0.478890,0.109760,0.830665,0.957500,0.628681,0.666667,0.644239,0.220490,0.744252
4529,0.232331,0.770243,0.761789,0.479396,0.116520,0.830665,0.955222,0.621901,0.666667,0.641716,0.220490,0.744331
4530,0.254135,0.722672,0.761690,0.489196,0.118338,0.830665,0.954791,0.616902,0.666667,0.640875,0.220490,0.740945
4531,0.247368,0.712551,0.761416,0.495453,0.095009,0.840472,0.956830,0.617929,0.666667,0.640875,0.220490,0.740157
4532,0.249624,0.677126,0.761516,0.499318,0.087762,0.840673,0.957816,0.617039,0.666667,0.640875,0.220490,0.743701
4533,0.246617,0.711538,0.761590,0.502231,0.100156,0.840673,0.957232,0.618614,0.666667,0.646762,0.220490,0.744094
4534,0.250376,0.674089,0.761168,0.497554,0.089605,0.840673,0.954982,0.622380,0.666667,0.642557,0.220490,0.740157
4535,0.233083,0.723684,0.761094,0.492508,0.091244,0.840673,0.956705,0.624503,0.666667,0.646762,0.220490,0.740157
4536,0.249624,0.741903,0.760870,0.495254,0.108607,0.838471,0.957423,0.620394,0.666667,0.645921,0.220490,0.740157
4537,0.235338,0.798583,0.761218,0.494180,0.132500,0.838171,0.954657,0.620668,0.666667,0.641716,0.220490,0.743937
4538,0.242105,0.762146,0.760895,0.496572,0.129427,0.840673,0.955059,0.616902,0.666667,0.641716,0.220490,0.744094
4539,0.237594,0.728745,0.760969,0.496879,0.124561,0.840673,0.957950,0.621422,0.666667,0.638352,0.220490,0.740157
4540,0.242857,0.723684,0.760299,0.485607,0.133934,0.840673,0.956782,0.617792,0.666667,0.643398,0.220490,0.745118
4541,0.246617,0.688259,0.760026,0.501526,0.107224,0.840673,0.955633,0.614149,0.666667,0.643398,0.220490,0.742992
4542,0.251128,0.723684,0.760547,0.505283,0.124587,0.840673,0.955317,0.619806,0.666667,0.646762,0.220490,0.741811
4543,0.231579,0.735830,0.760398,0.502584,0.123511,0.840673,0.956897,0.620463,0.666667,0.646762,0.220490,0.742520
4544,0.239098,0.702429,0.760051,0.500713,0.112909,0.840673,0.957481,0.620668,0.666667,0.645080,0.220490,0.744094
4545,0.250376,0.733806,0.759951,0.498244,0.118953,0.840673,0.956131,0.622380,0.666667,0.645921,0.220490,0.740157
4546,0.242105,0.727733,0.759951,0.498167,0.113652,0.840673,0.955901,0.619367,0.666667,0.644239,0.220490,0.742362
4547,0.256391,0.688259,0.760125,0.501020,0.122820,0.840673,0.957280,0.618340,0.666667,0.644239,0.220490,0.748031
4548,0.257143,0.702429,0.759678,0.503780,0.125458,0.840673,0.958601,0.618217,0.666667,0.645080,0.220490,0.743307
4549,0.239850,0.724696,0.759455,0.502569,0.121616,0.840673,0.956198,0.623983,0.666667,0.644239,0.220490,0.748031
4550,0.242105,0.696356,0.759206,0.501587,0.106507,0.840673,0.957433,0.620942,0.666667,0.645921,0.220490,0.745039
4551,0.253383,0.728745,0.759579,0.502124,0.118057,0.840673,0.957595,0.622860,0.666667,0.644239,0.220490,0.743307
4552,0.239098,0.737854,0.759728,0.504041,0.111885,0.840673,0.957710,0.619778,0.666667,0.649285,0.220490,0.748031
4553,0.232331,0.706478,0.759529,0.504654,0.104177,0.840673,0.956571,0.618888,0.666667,0.647603,0.220490,0.744094
4554,0.242105,0.716599,0.759579,0.505866,0.111680,0.840673,0.955537,0.618669,0.666667,0.642557,0.220490,0.748031
4555,0.238346,0.659919,0.759380,0.503458,0.108786,0.840673,0.956973,0.622449,0.666667,0.645080,0.220490,0.740394
4556,0.265414,0.748988,0.759480,0.502615,0.095188,0.840673,0.957050,0.623134,0.666667,0.649285,0.220490,0.748031
4557,0.233835,0.651822,0.759256,0.501771,0.103972,0.840673,0.955681,0.623134,0.666667,0.648444,0.220490,0.748031
4558,0.248872,0.678138,0.759057,0.505299,0.109529,0.840673,0.956705,0.619162,0.666667,0.645921,0.220490,0.748031
4559,0.242857,0.708502,0.759331,0.504624,0.111680,0.840673,0.957308,0.620942,0.666667,0.645921,0.220490,0.748031
4560,0.246617,0.713563,0.759306,0.507599,0.120208,0.840673,0.956083,0.620805,0.666667,0.646762,0.220490,0.748031
4561,0.242105,0.726721,0.759405,0.510666,0.110989,0.840673,0.957241,0.622654,0.666667,0.645080,0.220490,0.748031
4562,0.248872,0.705466,0.759405,0.511172,0.102512,0.840673,0.955202,0.624093,0.666667,0.645921,0.220490,0.748031
4563,0.247368,0.720648,0.759082,0.503765,0.100028,0.840673,0.957500,0.624709,0.666667,0.648444,0.220490,0.748031
4564,0.228571,0.742915,0.758908,0.502983,0.111834,0.840673,0.955805,0.622353,0.666667,0.648444,0.220490,0.748031
4565,0.227820,0.727733,0.759206,0.506863,0.100335,0.840673,0.955825,0.617655,0.666667,0.645921,0.220490,0.748031
4566,0.224060,0.707490,0.758809,0.508642,0.109990,0.840673,0.957069,0.619381,0.666667,0.644239,0.220490,0.748031
4567,0.242857,0.742915,0.758958,0.508442,0.109273,0.840673,0.955566,0.619915,0.666667,0.643398,0.228842,0.748031
4568,0.253383,0.744939,0.759653,0.505283,0.094625,0.840673,0.957203,0.623627,0.666667,0.646762,0.239421,0.748031
4569,0.241353,0.753036,0.759951,0.504072,0.101744,0.840673,0.956208,0.621559,0.666667,0.646762,0.220490,0.748031
4570,0.258647,0.686235,0.758884,0.506188,0.094702,0.840673,0.955585,0.622038,0.666667,0.644239,0.220490,0.748031
4571,0.239098,0.721660,0.758908,0.503888,0.102563,0.840673,0.958294,0.618271,0.666667,0.645080,0.220490,0.748031
4572,0.238346,0.737854,0.758710,0.507691,0.092704,0.840673,0.956370,0.619915,0.666667,0.641716,0.220490,0.748031
4573,0.255639,0.775304,0.759206,0.505989,0.109452,0.840673,0.955949,0.622517,0.666667,0.647603,0.220490,0.748031
4574,0.242105,0.713563,0.758983,0.506188,0.108838,0.840673,0.957260,0.619162,0.666667,0.644239,0.220490,0.748031
4575,0.240602,0.707490,0.759231,0.506188,0.110169,0.840673,0.955298,0.616957,0.666667,0.642557,0.220490,0.748031
4576,0.236842,0.699393,0.758983,0.506234,0.096469,0.840673,0.956035,0.619710,0.666667,0.640034,0.220490,0.748031
4577,0.235338,0.758097,0.758884,0.501894,0.109657,0.840673,0.957710,0.619847,0.666667,0.643398,0.220490,0.748031
4578,0.236090,0.735830,0.758859,0.506219,0.117007,0.840673,0.955662,0.616833,0.666667,0.644239,0.220490,0.748031
4579,0.222556,0.732794,0.758784,0.510114,0.107275,0.840673,0.955700,0.614354,0.666667,0.641716,0.220490,0.748031
4580,0.224812,0.790486,0.759008,0.508228,0.096238,0.840673,0.957136,0.618477,0.666667,0.641716,0.220490,0.748031
4581,0.246617,0.697368,0.759107,0.502523,0.097032,0.845476,0.955949,0.622517,0.666667,0.643398,0.220490,0.748031
4582,0.228571,0.776316,0.758908,0.501710,0.105790,0.841373,0.955662,0.622093,0.666667,0.644239,0.220490,0.748031
4583,0.240602,0.705466,0.758834,0.501388,0.104561,0.850681,0.956447,0.622038,0.666667,0.642557,0.220490,0.748031
4584,0.251128,0.715587,0.758735,0.507139,0.103921,0.845977,0.957471,0.619504,0.666667,0.642557,0.220490,0.748031
4585,0.245113,0.747976,0.758933,0.504654,0.077595,0.845877,0.956992,0.621833,0.666667,0.640875,0.220490,0.748031
4586,0.255639,0.727733,0.759231,0.502661,0.077595,0.850681,0.955174,0.623134,0.666667,0.644239,0.220490,0.748031
4587,0.240602,0.753036,0.758635,0.501925,0.101693,0.843074,0.957270,0.621805,0.666667,0.645080,0.220490,0.748031
4588,0.254887,0.743927,0.758635,0.506924,0.097954,0.845476,0.957950,0.620668,0.666667,0.645921,0.220490,0.748031
4589,0.249624,0.718623,0.758312,0.506035,0.073164,0.848879,0.956035,0.622038,0.666667,0.644239,0.220490,0.748031
4590,0.241353,0.769231,0.758437,0.505866,0.077774,0.845576,0.955470,0.622367,0.666667,0.645921,0.220490,0.748031
4591,0.257895,0.659919,0.758089,0.500084,0.077390,0.850681,0.954810,0.624312,0.666667,0.642557,0.220490,0.748031
4592,0.241353,0.717611,0.757865,0.497186,0.073267,0.850681,0.955652,0.624983,0.666667,0.645080,0.220490,0.748031
4593,0.248872,0.697368,0.757642,0.505145,0.068862,0.850681,0.957040,0.615806,0.666667,0.644239,0.237194,0.748031
4594,0.232331,0.712551,0.757841,0.507277,0.085662,0.845977,0.956543,0.618819,0.666667,0.640875,0.220490,0.748031
4595,0.237594,0.663968,0.757965,0.507292,0.095700,0.850681,0.956992,0.619915,0.666667,0.645080,0.220490,0.748031
4596,0.233083,0.690283,0.757816,0.501618,0.093575,0.845977,0.957720,0.622517,0.666667,0.644239,0.220490,0.748031
4597,0.242857,0.669028,0.757791,0.498551,0.071705,0.850681,0.955997,0.624846,0.666667,0.643398,0.220490,0.748031
4598,0.245113,0.744939,0.757642,0.499640,0.074829,0.850681,0.955078,0.620394,0.666667,0.645921,0.220490,0.748031
4599,0.242105,0.719636,0.757741,0.503780,0.074368,0.850681,0.955585,0.619093,0.666667,0.645921,0.220490,0.748031
4600,0.248120,0.763158,0.757642,0.505084,0.073344,0.850681,0.957567,0.622107,0.666667,0.645080,0.222996,0.748031
4601,0.237594,0.709514,0.757915,0.504654,0.060514,0.850681,0.955652,0.621600,0.666667,0.646762,0.235523,0.748031
4602,0.256391,0.678138,0.757865,0.502323,0.056800,0.850681,0.956208,0.621216,0.666667,0.646762,0.231069,0.748031
4603,0.240602,0.768219,0.757741,0.506081,0.055725,0.850681,0.956610,0.619299,0.666667,0.645921,0.234410,0.748031
4604,0.245865,0.781377,0.757692,0.502891,0.067326,0.850681,0.956763,0.621696,0.666667,0.645080,0.220490,0.748031
4605,0.248120,0.736842,0.757617,0.503688,0.065277,0.850681,0.955585,0.620052,0.666667,0.645080,0.220490,0.748031
4606,0.232331,0.679150,0.757965,0.505697,0.067966,0.840873,0.955155,0.620257,0.666667,0.645080,0.220490,0.748031
4607,0.242105,0.729757,0.758114,0.499946,0.063049,0.840673,0.957193,0.622038,0.666667,0.647603,0.220490,0.748031
4608,0.242857,0.718623,0.757816,0.500192,0.067556,0.840673,0.957213,0.621285,0.666667,0.646762,0.220490,0.748031
4609,0.229323,0.784413,0.757443,0.500054,0.065226,0.840673,0.956868,0.620162,0.666667,0.645921,0.220490,0.748031
4610,0.225564,0.704453,0.757716,0.506955,0.065533,0.840673,0.956131,0.619915,0.666667,0.642557,0.220490,0.748031
4611,0.236090,0.747976,0.757543,0.501817,0.067889,0.840673,0.957720,0.622654,0.666667,0.644239,0.220490,0.748031
4612,0.237594,0.729757,0.757468,0.498980,0.066813,0.840673,0.957576,0.624983,0.666667,0.645921,0.220490,0.748031
4613,0.234586,0.725709,0.757344,0.497953,0.051730,0.840673,0.956064,0.621353,0.666667,0.644239,0.220490,0.748031
4614,0.253383,0.767206,0.757195,0.500790,0.060923,0.840673,0.954800,0.620052,0.666667,0.644239,0.220490,0.748031
4615,0.237594,0.741903,0.757195,0.504194,0.073421,0.840673,0.957165,0.621559,0.666667,0.644239,0.233853,0.748031
4616,0.240602,0.771255,0.756996,0.504486,0.076545,0.840673,0.957892,0.622024,0.800000,0.642557,0.220490,0.748031
4617,0.224060,0.801619,0.756674,0.502814,0.061794,0.840673,0.956035,0.625257,0.800000,0.641716,0.220490,0.748031
4618,0.240602,0.780364,0.756773,0.500514,0.071090,0.840673,0.956763,0.624093,0.666667,0.644239,0.220490,0.748031
4619,0.246617,0.691296,0.756549,0.503918,0.096878,0.840673,0.956638,0.620394,0.666667,0.642557,0.220490,0.748031
4620,0.237594,0.734818,0.756549,0.502385,0.088222,0.840673,0.955202,0.622860,0.666667,0.645921,0.220490,0.748031
4621,0.237594,0.745951,0.756251,0.498781,0.075828,0.840673,0.957308,0.624777,0.666667,0.643398,0.220490,0.748031
4622,0.245865,0.673077,0.756102,0.507215,0.088760,0.840673,0.955901,0.618340,0.666667,0.644239,0.220490,0.748031
4623,0.239098,0.737854,0.756202,0.511801,0.102435,0.840673,0.957729,0.614779,0.666667,0.640034,0.220490,0.748031
4624,0.233083,0.708502,0.756500,0.509562,0.088222,0.840673,0.955164,0.620079,0.666667,0.644239,0.220490,0.748031
4625,0.234586,0.750000,0.756127,0.503719,0.089938,0.840673,0.956093,0.622997,0.666667,0.646762,0.220490,0.748031
4626,0.242105,0.681174,0.756003,0.501511,0.095547,0.840673,0.957098,0.620737,0.666667,0.644239,0.220490,0.748031
4627,0.241353,0.708502,0.756102,0.506801,0.071244,0.840673,0.953834,0.616217,0.666667,0.645921,0.220490,0.748031
4628,0.226316,0.808704,0.756450,0.509746,0.069630,0.831665,0.956763,0.613204,0.666667,0.645080,0.220490,0.748031
4629,0.230827,0.742915,0.756872,0.516110,0.067070,0.835368,0.956275,0.609985,0.666667,0.646762,0.220490,0.748031
4630,0.231579,0.773279,0.757145,0.526907,0.061999,0.840172,0.955968,0.618682,0.666667,0.643398,0.220490,0.748031
4631,0.233835,0.747976,0.757121,0.497723,0.058695,0.835969,0.954915,0.641145,0.666667,0.648444,0.220490,0.748031
4632,0.251880,0.713563,0.756674,0.475164,0.050706,0.840673,0.956322,0.640118,0.666667,0.645080,0.220490,0.748031
4633,0.257895,0.654858,0.756177,0.475639,0.056032,0.840673,0.955777,0.628873,0.666667,0.649285,0.220490,0.748031
4634,0.266165,0.764170,0.755556,0.499670,0.054265,0.840673,0.956562,0.622517,0.666667,0.649285,0.233853,0.748031
4635,0.268421,0.760121,0.755333,0.504470,0.062178,0.845376,0.957117,0.628339,0.666667,0.650126,0.246938,0.748031
4636,0.266165,0.723684,0.754513,0.501097,0.066327,0.840673,0.956284,0.636762,0.400000,0.651808,0.234967,0.748031
4637,0.265414,0.746964,0.753942,0.497830,0.055827,0.840673,0.956083,0.635050,0.666667,0.651808,0.248330,0.748031
4638,0.257895,0.752024,0.753073,0.497109,0.067402,0.840673,0.956858,0.631694,0.666667,0.653490,0.246102,0.748031
4639,0.262406,0.679150,0.752601,0.503090,0.071833,0.840673,0.956849,0.631694,0.666667,0.647603,0.236359,0.748031
4640,0.278195,0.714575,0.752030,0.505697,0.046173,0.840673,0.956476,0.635187,0.666667,0.650967,0.245546,0.752520
4641,0.245113,0.696356,0.751211,0.503612,0.059489,0.840673,0.956514,0.635392,0.666667,0.649285,0.224109,0.755906
4642,0.248872,0.664980,0.750540,0.497324,0.071321,0.840673,0.955968,0.633680,0.666667,0.649285,0.248330,0.755906
4643,0.259398,0.719636,0.750043,0.494349,0.088504,0.840673,0.955585,0.631831,0.666667,0.649285,0.248330,0.755906
4644,0.243609,0.738866,0.749894,0.498091,0.061538,0.840673,0.955681,0.622517,0.666667,0.649285,0.248330,0.755906
4645,0.242857,0.750000,0.749870,0.504118,0.067991,0.840673,0.957959,0.622107,0.666667,0.648444,0.248330,0.755906
4646,0.244361,0.714575,0.749671,0.504547,0.058593,0.840673,0.956208,0.624230,0.666667,0.647603,0.248330,0.755906
4647,0.247368,0.725709,0.749348,0.505927,0.071577,0.840673,0.955652,0.621627,0.666667,0.645921,0.248330,0.755906
4648,0.224060,0.769231,0.749174,0.498719,0.073958,0.840673,0.954197,0.623887,0.666667,0.646762,0.235245,0.753780
4649,0.248872,0.769231,0.749025,0.498857,0.088479,0.840673,0.955222,0.619710,0.666667,0.644239,0.226058,0.754094
4650,0.244361,0.720648,0.748951,0.497447,0.089554,0.840673,0.956035,0.619230,0.666667,0.644239,0.220490,0.749449
4651,0.242857,0.713563,0.748926,0.502385,0.076724,0.840673,0.957662,0.612656,0.666667,0.645921,0.220490,0.748031
4652,0.224060,0.721660,0.749125,0.503428,0.084202,0.840673,0.955202,0.614642,0.666667,0.645921,0.220490,0.748031
4653,0.234586,0.701417,0.749299,0.501587,0.085610,0.840673,0.956925,0.611971,0.666667,0.647603,0.220490,0.748031
4654,0.228571,0.756073,0.749373,0.469382,0.080284,0.840673,0.955681,0.612450,0.666667,0.645080,0.220490,0.748031
4655,0.226316,0.791498,0.749870,0.535464,0.092806,0.840673,0.955509,0.585125,0.666667,0.639193,0.220490,0.748031
4656,0.220301,0.746964,0.751335,0.481175,0.107839,0.840673,0.955078,0.589919,0.666667,0.642557,0.220490,0.748031
4657,0.233083,0.650810,0.752477,0.568390,0.109222,0.835869,0.956418,0.588481,0.666667,0.634987,0.220490,0.740157
4658,0.219549,0.681174,0.753892,0.644287,0.097954,0.835568,0.955308,0.644336,0.666667,0.644239,0.220490,0.740157
4659,0.256391,0.711538,0.754315,0.423145,0.092704,0.836970,0.954887,0.687714,0.666667,0.662742,0.220490,0.741339
4660,0.252632,0.787449,0.753371,0.454675,0.085738,0.833867,0.955805,0.649706,0.666667,0.655172,0.220490,0.748031
4661,0.262406,0.743927,0.752825,0.491098,0.090502,0.832966,0.956083,0.661622,0.666667,0.653490,0.220490,0.748031
4662,0.247368,0.737854,0.752204,0.471115,0.098876,0.832966,0.956657,0.641008,0.666667,0.652649,0.220490,0.750000
4663,0.238346,0.717611,0.751807,0.453096,0.075264,0.830665,0.956734,0.589371,0.666667,0.646762,0.220490,0.755906
4664,0.254887,0.681174,0.753396,0.633843,0.078005,0.835468,0.957088,0.624777,0.666667,0.644239,0.220490,0.752913
4665,0.233835,0.718623,0.754215,0.456408,0.065328,0.834468,0.956992,0.673195,0.666667,0.656854,0.220490,0.748031
4666,0.249624,0.786437,0.753421,0.499440,0.067044,0.840673,0.957069,0.641487,0.666667,0.649285,0.221325,0.748031
4667,0.246617,0.625506,0.752626,0.474090,0.084484,0.831365,0.956476,0.623887,0.666667,0.645921,0.248330,0.752205
4668,0.260150,0.699393,0.752825,0.520374,0.051858,0.835468,0.956610,0.617655,0.666667,0.644239,0.244989,0.755906
4669,0.226316,0.753036,0.752402,0.521294,0.056032,0.830665,0.956897,0.622175,0.666667,0.646762,0.224109,0.755906
4670,0.251128,0.698381,0.752651,0.501771,0.063484,0.831465,0.956897,0.624435,0.666667,0.644239,0.230791,0.752205
4671,0.228571,0.712551,0.752402,0.502047,0.066301,0.840673,0.958218,0.619984,0.666667,0.648444,0.239143,0.750945
4672,0.245865,0.743927,0.752253,0.502553,0.065072,0.840673,0.956753,0.619367,0.666667,0.645921,0.248330,0.748031
4673,0.253383,0.751012,0.752030,0.508366,0.062793,0.840673,0.956619,0.616217,0.666667,0.643398,0.248330,0.748031
4674,0.226316,0.743927,0.752204,0.506955,0.062716,0.840673,0.956906,0.621422,0.666667,0.644239,0.248330,0.748031
4675,0.240602,0.728745,0.751956,0.502155,0.049656,0.840673,0.955279,0.623558,0.666667,0.647603,0.248330,0.748031
4676,0.245865,0.696356,0.751782,0.501587,0.065405,0.840673,0.956657,0.622983,0.666667,0.647603,0.248330,0.748031
4677,0.240602,0.667004,0.751633,0.505973,0.055264,0.840673,0.956332,0.618271,0.666667,0.647603,0.248330,0.748031
4678,0.251880,0.686235,0.751682,0.523333,0.057057,0.840673,0.954628,0.616792,0.666667,0.646762,0.235245,0.748031
4679,0.218797,0.808704,0.751807,0.526569,0.060821,0.840673,0.954934,0.621394,0.666667,0.645080,0.238029,0.748031
4680,0.239098,0.796559,0.751732,0.518917,0.060181,0.840673,0.956476,0.627517,0.666667,0.646762,0.220490,0.748031
4681,0.245113,0.799595,0.751558,0.506111,0.054880,0.840673,0.956897,0.630804,0.666667,0.649285,0.220490,0.748031
4682,0.239850,0.714575,0.751807,0.501787,0.049553,0.840673,0.956562,0.630599,0.666667,0.644239,0.233575,0.748031
4683,0.239098,0.702429,0.751558,0.502323,0.051755,0.840673,0.956246,0.624243,0.666667,0.647603,0.220490,0.748031
4684,0.239850,0.710526,0.751682,0.509577,0.059464,0.840673,0.956160,0.619641,0.666667,0.644239,0.220490,0.748031
4685,0.249624,0.743927,0.751434,0.511525,0.050245,0.840673,0.956380,0.622038,0.666667,0.645921,0.220490,0.748031
4686,0.249624,0.654858,0.751285,0.514009,0.060975,0.840673,0.954934,0.619915,0.666667,0.644239,0.221882,0.748031
4687,0.235338,0.756073,0.751161,0.513120,0.053241,0.840673,0.957126,0.620175,0.666667,0.645921,0.232183,0.748031
4688,0.234586,0.769231,0.751161,0.510390,0.043842,0.840673,0.957959,0.619093,0.666667,0.642557,0.220490,0.748031
4689,0.229323,0.788462,0.750764,0.500836,0.064893,0.840673,0.956677,0.622285,0.666667,0.644239,0.235245,0.748031
4690,0.233835,0.731781,0.751062,0.495269,0.045046,0.840673,0.955853,0.619230,0.666667,0.641716,0.230512,0.748031
4691,0.231579,0.747976,0.751037,0.495668,0.047965,0.840673,0.957662,0.616148,0.666667,0.642557,0.234410,0.748031
4692,0.233835,0.656883,0.750987,0.502538,0.038593,0.830865,0.955202,0.611218,0.666667,0.637511,0.233853,0.748031
4693,0.233083,0.728745,0.751086,0.507875,0.049067,0.830665,0.955040,0.612450,0.666667,0.641716,0.239421,0.748031
4694,0.237594,0.659919,0.751509,0.510329,0.039002,0.830665,0.956705,0.613409,0.666667,0.645921,0.248330,0.748031
4695,0.233835,0.704453,0.751335,0.508228,0.030449,0.830665,0.955662,0.618888,0.666667,0.645080,0.228007,0.748031
4696,0.251880,0.622470,0.751459,0.503228,0.046122,0.830665,0.957481,0.620668,0.666667,0.650967,0.241370,0.748031
4697,0.246617,0.696356,0.751335,0.501695,0.039950,0.835368,0.955375,0.620052,0.666667,0.644239,0.248330,0.748031
4698,0.239098,0.722672,0.751037,0.505605,0.064355,0.830665,0.955700,0.613820,0.666667,0.643398,0.226058,0.748031
4699,0.233083,0.676113,0.751310,0.507200,0.078901,0.830665,0.956236,0.615532,0.666667,0.644239,0.220490,0.748031
4700,0.239850,0.732794,0.750913,0.503013,0.064586,0.830665,0.955681,0.616833,0.666667,0.644239,0.220490,0.748031
4701,0.242857,0.747976,0.751211,0.499318,0.061487,0.830665,0.956983,0.618819,0.666667,0.645921,0.220490,0.748031
4702,0.237594,0.734818,0.751161,0.497784,0.082537,0.830665,0.955652,0.617107,0.666667,0.645921,0.231626,0.748031
4703,0.242857,0.708502,0.750962,0.500483,0.072012,0.830665,0.956093,0.614436,0.666667,0.645080,0.223274,0.748031
4704,0.253383,0.677126,0.751062,0.505068,0.080565,0.830665,0.956657,0.615053,0.666667,0.645921,0.220490,0.748031
4705,0.222556,0.718623,0.751211,0.505682,0.091782,0.835468,0.957213,0.614916,0.666667,0.647603,0.220490,0.748031
4706,0.224812,0.688259,0.751136,0.503428,0.086507,0.830665,0.957327,0.617792,0.666667,0.647603,0.220490,0.748031
4707,0.234586,0.691296,0.750739,0.499548,0.093575,0.830665,0.957337,0.618888,0.666667,0.645080,0.220490,0.748031
4708,0.237594,0.764170,0.750863,0.504010,0.086840,0.830665,0.957710,0.615409,0.666667,0.645080,0.220490,0.748031
4709,0.239850,0.662955,0.750764,0.504884,0.085380,0.830665,0.955202,0.616148,0.666667,0.645921,0.220490,0.748031
4710,0.229323,0.728745,0.750366,0.502998,0.092909,0.830665,0.957375,0.618956,0.666667,0.647603,0.220490,0.748031
4711,0.250376,0.750000,0.750168,0.494057,0.084637,0.830665,0.956428,0.617792,0.666667,0.647603,0.220490,0.748031
4712,0.239850,0.701417,0.750143,0.504578,0.074983,0.830665,0.957280,0.609300,0.666667,0.640875,0.220490,0.748031
4713,0.228571,0.710526,0.751384,0.511740,0.068094,0.830665,0.956093,0.613272,0.666667,0.644239,0.220490,0.748031
4714,0.242105,0.703441,0.751335,0.505299,0.062050,0.830665,0.955423,0.620600,0.666667,0.645921,0.220490,0.746850
4715,0.233835,0.697368,0.751062,0.495606,0.053113,0.830665,0.957816,0.621285,0.666667,0.646762,0.220490,0.745512
4716,0.245113,0.745951,0.751136,0.499318,0.063075,0.830665,0.957567,0.621559,0.666667,0.645921,0.220490,0.748031
4717,0.233835,0.709514,0.751086,0.501235,0.063715,0.830665,0.956571,0.619093,0.666667,0.645921,0.220490,0.748031
4718,0.239850,0.710526,0.750937,0.505345,0.067377,0.830665,0.954934,0.619093,0.666667,0.648444,0.220490,0.748031
4719,0.241353,0.731781,0.750863,0.502339,0.051884,0.835969,0.955432,0.619819,0.666667,0.641716,0.220490,0.748031
4720,0.228571,0.762146,0.750590,0.503152,0.047069,0.835869,0.957481,0.619778,0.666667,0.645921,0.220490,0.748031
4721,0.254887,0.721660,0.750441,0.501587,0.066532,0.835969,0.957500,0.620394,0.666667,0.643398,0.220490,0.748031
4722,0.248120,0.716599,0.750565,0.506295,0.060642,0.840673,0.955987,0.621490,0.666667,0.646762,0.220490,0.748031
4723,0.257895,0.746964,0.750366,0.481835,0.039310,0.840673,0.955202,0.615943,0.666667,0.645080,0.231069,0.748031
4724,0.248872,0.698381,0.749994,0.508258,0.016518,0.840673,0.956093,0.603274,0.666667,0.642557,0.222717,0.748031
4725,0.242105,0.689271,0.750317,0.531461,0.024405,0.837970,0.955805,0.608752,0.666667,0.644239,0.232461,0.748031
4726,0.257143,0.699393,0.750913,0.525266,0.039412,0.838471,0.956236,0.624531,0.666667,0.645080,0.221882,0.744567
4727,0.246617,0.701417,0.750714,0.500897,0.036902,0.840673,0.955652,0.631146,0.666667,0.648444,0.220490,0.747480
4728,0.257895,0.726721,0.749944,0.496097,0.020154,0.840673,0.955710,0.629229,0.666667,0.650126,0.234410,0.748031
4729,0.249624,0.750000,0.749721,0.493996,0.022049,0.840673,0.957471,0.628955,0.666667,0.646762,0.221882,0.748031
4730,0.248872,0.701417,0.749373,0.494686,0.019591,0.840673,0.956638,0.624640,0.666667,0.645080,0.248330,0.748031
4731,0.248872,0.717611,0.748951,0.504271,0.038516,0.840673,0.955652,0.620668,0.666667,0.645921,0.248330,0.748031
4732,0.243609,0.739879,0.748727,0.507890,0.042792,0.840673,0.955260,0.618450,0.666667,0.645080,0.248330,0.748031
4733,0.237594,0.733806,0.748554,0.508841,0.037722,0.840673,0.956543,0.620463,0.666667,0.642557,0.248330,0.748031
4734,0.252632,0.708502,0.748256,0.503397,0.022280,0.840673,0.957117,0.625736,0.666667,0.645080,0.248330,0.748031
4735,0.261654,0.723684,0.748057,0.500054,0.033727,0.840673,0.957299,0.625394,0.666667,0.645080,0.248330,0.748031
4736,0.242105,0.690283,0.747362,0.500774,0.026659,0.840673,0.956112,0.623613,0.666667,0.649285,0.248330,0.748031
4737,0.233835,0.702429,0.747411,0.503688,0.032062,0.840673,0.956064,0.620531,0.666667,0.649285,0.248330,0.748031
4738,0.249624,0.706478,0.747262,0.505391,0.036057,0.840673,0.956705,0.622586,0.666667,0.645921,0.248330,0.748031
4739,0.256391,0.685223,0.747113,0.501710,0.035059,0.840673,0.957184,0.626558,0.666667,0.646762,0.248330,0.748031
4740,0.232331,0.747976,0.746815,0.495806,0.045020,0.840673,0.956954,0.625051,0.666667,0.650126,0.239978,0.748031
4741,0.253383,0.710526,0.746244,0.499624,0.049732,0.840673,0.956753,0.619367,0.666667,0.647603,0.229399,0.748031
4742,0.239098,0.738866,0.746095,0.505881,0.039924,0.840673,0.955729,0.618477,0.666667,0.643398,0.248330,0.748031
4743,0.236090,0.728745,0.746219,0.504716,0.043048,0.840673,0.956811,0.621477,0.666667,0.645080,0.242205,0.748031
4744,0.255639,0.697368,0.745897,0.500590,0.030090,0.840673,0.956992,0.622586,0.666667,0.646762,0.244710,0.748031
4745,0.236842,0.694332,0.745772,0.504838,0.030270,0.840673,0.957433,0.621285,0.666667,0.648444,0.248330,0.748031
4746,0.245865,0.714575,0.745648,0.501817,0.038977,0.840673,0.956763,0.623682,0.666667,0.647603,0.236637,0.748031
4747,0.248872,0.733806,0.744953,0.499410,0.034444,0.840673,0.954418,0.621970,0.666667,0.645921,0.234410,0.748031
4748,0.228571,0.760121,0.745400,0.505360,0.035468,0.840673,0.955987,0.618532,0.666667,0.644239,0.220490,0.748031
4749,0.225564,0.715587,0.745027,0.505329,0.039335,0.840673,0.956370,0.619682,0.666667,0.645080,0.220490,0.748031
4750,0.251880,0.723684,0.744953,0.505068,0.053190,0.840673,0.955222,0.622517,0.666667,0.645080,0.220490,0.748031
4751,0.242105,0.703441,0.744953,0.502615,0.079592,0.840673,0.955011,0.622654,0.666667,0.646762,0.220490,0.748031
4752,0.241353,0.690283,0.744779,0.501894,0.068555,0.840673,0.957854,0.621490,0.666667,0.641716,0.236359,0.748031
4753,0.235338,0.675101,0.744531,0.507338,0.057236,0.840673,0.956160,0.618271,0.666667,0.645921,0.232183,0.748031
4754,0.244361,0.723684,0.744431,0.507215,0.047889,0.840673,0.954418,0.621627,0.666667,0.648444,0.237751,0.748031
4755,0.245865,0.733806,0.744233,0.503397,0.050142,0.840673,0.955968,0.625736,0.666667,0.645080,0.248330,0.748031
4756,0.234586,0.714575,0.743761,0.501250,0.070296,0.840673,0.956399,0.623887,0.666667,0.643398,0.235245,0.748031
4757,0.264662,0.761134,0.743711,0.505084,0.074061,0.840673,0.956925,0.619025,0.666667,0.640034,0.248330,0.748031
4758,0.227068,0.702429,0.743240,0.507875,0.058593,0.840673,0.956830,0.620874,0.666667,0.643398,0.248330,0.748031
4759,0.222556,0.655870,0.743562,0.507614,0.054342,0.840673,0.956543,0.621559,0.666667,0.643398,0.248330,0.748031
4760,0.250376,0.688259,0.743935,0.504087,0.031268,0.840673,0.955652,0.624298,0.666667,0.643398,0.248330,0.748031
4761,0.238346,0.733806,0.743413,0.502431,0.032626,0.840673,0.957050,0.624024,0.666667,0.645921,0.234410,0.748031
4762,0.244361,0.718623,0.743240,0.503121,0.055238,0.840673,0.957883,0.621833,0.666667,0.645921,0.248330,0.748031
4763,0.234586,0.756073,0.742991,0.506219,0.038721,0.843375,0.957136,0.621285,0.666667,0.643398,0.234967,0.748031
4764,0.231579,0.694332,0.742768,0.499088,0.038951,0.842874,0.957050,0.624777,0.666667,0.645080,0.248330,0.748031
4765,0.226316,0.738866,0.742619,0.498796,0.053727,0.840673,0.957500,0.621353,0.666667,0.642557,0.224944,0.748031
4766,0.229323,0.717611,0.742644,0.505498,0.057620,0.840673,0.956332,0.619299,0.666667,0.640875,0.232183,0.748031
4767,0.231579,0.763158,0.742495,0.502001,0.058388,0.840673,0.955844,0.622517,0.666667,0.645921,0.248330,0.748031
4768,0.250376,0.707490,0.742768,0.499640,0.064509,0.840673,0.955011,0.620600,0.666667,0.645080,0.236359,0.748031
4769,0.241353,0.778340,0.742569,0.501833,0.056877,0.840673,0.955872,0.617367,0.666667,0.642557,0.220490,0.748031
4770,0.218045,0.718623,0.742395,0.505329,0.067121,0.840673,0.956992,0.616833,0.666667,0.643398,0.234410,0.748031
4771,0.238346,0.673077,0.742569,0.504624,0.068709,0.840673,0.956839,0.619586,0.666667,0.641716,0.220490,0.748031
4772,0.224060,0.790486,0.743413,0.502277,0.061282,0.840673,0.955375,0.620929,0.666667,0.642557,0.221882,0.748031
4773,0.241353,0.726721,0.742470,0.503121,0.074957,0.840673,0.955882,0.619162,0.666667,0.644239,0.248330,0.748031
4774,0.227820,0.741903,0.742817,0.506985,0.076570,0.840673,0.957481,0.618532,0.666667,0.644239,0.232183,0.748031
4775,0.227820,0.776316,0.742817,0.506541,0.065456,0.840673,0.957069,0.621696,0.666667,0.645921,0.223831,0.748031
4776,0.239850,0.767206,0.742793,0.503152,0.046685,0.843375,0.957931,0.624024,0.666667,0.646762,0.231069,0.748031
4777,0.236842,0.728745,0.742470,0.500314,0.041486,0.845877,0.957471,0.623476,0.666667,0.648444,0.220490,0.748031
4778,0.241353,0.758097,0.742321,0.490776,0.046506,0.842474,0.957327,0.618340,0.666667,0.647603,0.225501,0.748031
4779,0.225564,0.776316,0.742470,0.510053,0.047043,0.840673,0.958170,0.611423,0.666667,0.642557,0.235245,0.748031
4780,0.245113,0.737854,0.742395,0.518273,0.035315,0.840673,0.957021,0.616765,0.666667,0.643398,0.228285,0.748031
4781,0.236090,0.737854,0.742619,0.510727,0.030014,0.840673,0.956447,0.625544,0.666667,0.647603,0.220490,0.748031
4782,0.234586,0.731781,0.742420,0.503198,0.047965,0.845576,0.957691,0.624435,0.666667,0.649285,0.228007,0.748031
4783,0.245865,0.658907,0.742271,0.501817,0.053369,0.840873,0.954820,0.623408,0.666667,0.648444,0.248330,0.748031
4784,0.218045,0.747976,0.742072,0.503673,0.062742,0.840673,0.956188,0.619367,0.666667,0.649285,0.248330,0.748031
4785,0.227820,0.669028,0.742023,0.507001,0.059592,0.840673,0.956322,0.620052,0.666667,0.645080,0.248330,0.748031
4786,0.233083,0.797571,0.741849,0.505621,0.047607,0.840673,0.956112,0.623038,0.666667,0.648444,0.241648,0.748031
4787,0.243609,0.744939,0.741799,0.502431,0.061538,0.840673,0.956141,0.622024,0.666667,0.648444,0.233575,0.748031
4788,0.228571,0.671053,0.741824,0.505605,0.039233,0.840673,0.956275,0.619504,0.666667,0.646762,0.220490,0.748031
4789,0.241353,0.688259,0.742296,0.508442,0.051013,0.840673,0.956447,0.619778,0.666667,0.645921,0.246102,0.748031
4790,0.223308,0.713563,0.741948,0.504838,0.050065,0.840673,0.955279,0.620531,0.666667,0.646762,0.248330,0.748031
4791,0.233835,0.719636,0.741650,0.504041,0.063459,0.840673,0.955375,0.619162,0.666667,0.645921,0.248330,0.748031
4792,0.232331,0.723684,0.741650,0.508596,0.056237,0.840673,0.957423,0.619093,0.666667,0.645080,0.234967,0.748031
4793,0.234586,0.754049,0.742023,0.509040,0.066122,0.840673,0.957959,0.619586,0.666667,0.646762,0.248330,0.748031
4794,0.235338,0.712551,0.741526,0.508059,0.064816,0.840673,0.957404,0.621422,0.666667,0.646762,0.248330,0.748031
4795,0.238346,0.771255,0.741948,0.506817,0.076852,0.840673,0.957107,0.621011,0.666667,0.648444,0.248330,0.748031
4796,0.231579,0.674089,0.741675,0.506679,0.087582,0.840673,0.957615,0.618025,0.666667,0.645921,0.248330,0.748031
4797,0.233083,0.710526,0.741576,0.508764,0.075649,0.840673,0.957500,0.618545,0.666667,0.644239,0.233853,0.748031
4798,0.223308,0.726721,0.741799,0.513580,0.069451,0.840673,0.957950,0.619025,0.666667,0.645921,0.234410,0.748031
4799,0.212030,0.739879,0.742172,0.511494,0.089170,0.840673,0.956782,0.625435,0.666667,0.643398,0.220490,0.748031
4800,0.239098,0.791498,0.741551,0.503274,0.079055,0.840673,0.955633,0.625216,0.666667,0.647603,0.220490,0.748031
4801,0.224060,0.753036,0.741079,0.503688,0.093293,0.845476,0.956523,0.621148,0.666667,0.648444,0.220490,0.748031
4802,0.211278,0.702429,0.741154,0.507154,0.094036,0.840673,0.956992,0.617381,0.666667,0.646762,0.240535,0.748031
4803,0.245113,0.730769,0.741303,0.514546,0.100028,0.848479,0.955662,0.617518,0.666667,0.646762,0.248330,0.748031
4804,0.246617,0.679150,0.741253,0.515497,0.081103,0.845877,0.956064,0.618751,0.666667,0.645921,0.248330,0.748031
4805,0.236842,0.736842,0.741005,0.513856,0.082051,0.850681,0.956035,0.621627,0.666667,0.648444,0.248330,0.748031
4806,0.236842,0.702429,0.741179,0.513887,0.096545,0.850681,0.955585,0.621422,0.666667,0.647603,0.248330,0.748031
4807,0.233083,0.727733,0.740781,0.511356,0.102231,0.850681,0.956131,0.622107,0.666667,0.646762,0.248330,0.748031
4808,0.245113,0.773279,0.740682,0.504225,0.093984,0.850681,0.955796,0.624024,0.666667,0.650126,0.248330,0.748031
4809,0.238346,0.706478,0.740607,0.502477,0.087403,0.850681,0.956945,0.623271,0.666667,0.651808,0.248330,0.748031
4810,0.231579,0.685223,0.740458,0.504654,0.092832,0.850681,0.957911,0.617039,0.666667,0.647603,0.248330,0.748031
4811,0.243609,0.716599,0.740185,0.505222,0.088709,0.850681,0.956112,0.620737,0.666667,0.649285,0.248330,0.751732
4812,0.248872,0.725709,0.740359,0.502845,0.084125,0.850681,0.956715,0.622983,0.666667,0.644239,0.248330,0.748031
4813,0.236842,0.741903,0.739887,0.504470,0.091244,0.850681,0.956342,0.617984,0.666667,0.647603,0.248330,0.748031
4814,0.258647,0.699393,0.739838,0.505805,0.093242,0.847978,0.956495,0.618395,0.666667,0.647603,0.248330,0.748031
4815,0.238346,0.733806,0.740136,0.502783,0.091603,0.840673,0.956035,0.619162,0.666667,0.646762,0.248330,0.748031
4816,0.224060,0.755061,0.740136,0.500207,0.098338,0.840673,0.957193,0.617587,0.666667,0.644239,0.248330,0.748031
4817,0.235338,0.737854,0.740111,0.505068,0.068299,0.844476,0.956686,0.613683,0.666667,0.647603,0.248330,0.748031
4818,0.225564,0.767206,0.740235,0.508442,0.079003,0.845877,0.956255,0.615258,0.666667,0.643398,0.248330,0.748031
4819,0.232331,0.686235,0.740359,0.508442,0.104433,0.845877,0.957280,0.617313,0.666667,0.644239,0.248330,0.748031
4820,0.239850,0.718623,0.740235,0.504378,0.115265,0.850480,0.956303,0.620874,0.666667,0.645921,0.248330,0.748031
4821,0.242857,0.757085,0.740285,0.502385,0.121360,0.845977,0.956332,0.619573,0.666667,0.645921,0.248330,0.748031
4822,0.239098,0.725709,0.740309,0.503121,0.117775,0.850681,0.955202,0.617587,0.666667,0.645080,0.248330,0.748031
4823,0.236842,0.766194,0.740285,0.506157,0.108428,0.850681,0.956992,0.615875,0.666667,0.647603,0.248330,0.748031
4824,0.225564,0.710526,0.740160,0.502400,0.123793,0.849179,0.955202,0.619573,0.666667,0.647603,0.248330,0.748031
4825,0.234586,0.650810,0.740136,0.503228,0.128684,0.847378,0.956466,0.616970,0.666667,0.645921,0.240535,0.748031
4826,0.233083,0.758097,0.740160,0.503305,0.127455,0.848279,0.957050,0.616450,0.666667,0.645921,0.220490,0.748031
4827,0.239850,0.733806,0.740508,0.504624,0.114241,0.840673,0.956294,0.615970,0.666667,0.645080,0.229677,0.748031
4828,0.242105,0.708502,0.740607,0.504762,0.119926,0.840673,0.956945,0.616518,0.666667,0.647603,0.225223,0.748031
4829,0.246617,0.761134,0.740508,0.507154,0.107736,0.840673,0.956476,0.616148,0.666667,0.644239,0.220490,0.748031
4830,0.225564,0.773279,0.740533,0.514469,0.110169,0.840673,0.955490,0.619710,0.666667,0.643398,0.220490,0.748031
4831,0.232331,0.722672,0.740707,0.500713,0.102205,0.840673,0.956562,0.637447,0.666667,0.650967,0.220490,0.748031
4832,0.239098,0.707490,0.740285,0.475792,0.101949,0.840673,0.956322,0.634708,0.666667,0.652649,0.220490,0.748031
4833,0.242105,0.739879,0.740558,0.484212,0.102307,0.840673,0.956935,0.617696,0.666667,0.645921,0.220490,0.748031
4834,0.222556,0.718623,0.740632,0.503842,0.105432,0.840673,0.955940,0.610464,0.666667,0.645080,0.221882,0.748031
4835,0.231579,0.733806,0.740856,0.507768,0.100182,0.840673,0.954915,0.611423,0.666667,0.645080,0.232183,0.748031
4836,0.231579,0.745951,0.740781,0.504838,0.103716,0.840673,0.956734,0.616285,0.666667,0.646762,0.220490,0.748031
4837,0.238346,0.727733,0.740980,0.501955,0.122359,0.840673,0.954896,0.619997,0.666667,0.645921,0.220490,0.748031
4838,0.254135,0.711538,0.740334,0.501051,0.112705,0.840673,0.954676,0.619586,0.666667,0.645080,0.220490,0.748031
4839,0.256391,0.735830,0.740607,0.505084,0.110605,0.840673,0.956102,0.618052,0.666667,0.645921,0.220490,0.748031
4840,0.248872,0.692308,0.740607,0.502630,0.106097,0.840673,0.954848,0.623134,0.666667,0.647603,0.220490,0.748031
4841,0.246617,0.799595,0.740160,0.500360,0.113959,0.835669,0.955107,0.622449,0.666667,0.648444,0.220490,0.748031
4842,0.242857,0.680162,0.739713,0.499394,0.112244,0.840673,0.956543,0.619915,0.666667,0.646762,0.220490,0.748031
4843,0.239098,0.697368,0.739713,0.506832,0.115752,0.832166,0.955604,0.616491,0.666667,0.645080,0.227450,0.748031
4844,0.242857,0.750000,0.740061,0.505759,0.115342,0.835568,0.957021,0.621148,0.666667,0.645080,0.226615,0.748031
4845,0.250376,0.707490,0.739987,0.502216,0.110323,0.830665,0.956868,0.625079,0.666667,0.646762,0.220490,0.748031
4846,0.227820,0.755061,0.739415,0.502875,0.114215,0.835468,0.955940,0.619819,0.666667,0.647603,0.220490,0.748031
4847,0.239850,0.647773,0.739341,0.509301,0.104484,0.835468,0.957050,0.620805,0.666667,0.645921,0.220490,0.748031
4848,0.245865,0.763158,0.739242,0.504854,0.095162,0.830665,0.957241,0.623887,0.666667,0.648444,0.220490,0.748031
4849,0.239850,0.737854,0.738819,0.505237,0.095751,0.830665,0.955652,0.624024,0.666667,0.648444,0.220490,0.748031
4850,0.249624,0.730769,0.738720,0.501817,0.093370,0.835468,0.956858,0.624024,0.666667,0.649285,0.220490,0.748031
4851,0.235338,0.756073,0.738497,0.501741,0.118620,0.830665,0.956638,0.623682,0.666667,0.647603,0.232461,0.748031
4852,0.263910,0.677126,0.738373,0.501235,0.132039,0.832866,0.957481,0.617450,0.666667,0.646762,0.248330,0.748031
4853,0.258647,0.705466,0.738298,0.514500,0.136879,0.834868,0.955949,0.613094,0.666667,0.645080,0.237751,0.748031
4854,0.224812,0.715587,0.738174,0.515804,0.123102,0.840673,0.956054,0.620518,0.666667,0.646762,0.248330,0.748031
4855,0.235338,0.722672,0.738273,0.508994,0.135112,0.840673,0.955088,0.625325,0.666667,0.649285,0.235245,0.748031
4856,0.242105,0.698381,0.738149,0.505421,0.141335,0.835869,0.955872,0.626353,0.666667,0.651808,0.248330,0.748031
4857,0.257143,0.760121,0.737628,0.504424,0.133294,0.840673,0.955585,0.625805,0.666667,0.651808,0.234410,0.748031
4858,0.251128,0.743927,0.737528,0.504654,0.124894,0.840673,0.955997,0.624230,0.666667,0.650967,0.248330,0.748031
4859,0.234586,0.777328,0.737230,0.501971,0.126841,0.840673,0.955413,0.626010,0.666667,0.647603,0.248330,0.748031
4860,0.240602,0.725709,0.736758,0.500866,0.112372,0.840673,0.956409,0.624819,0.666667,0.649285,0.248330,0.748031
4861,0.230827,0.713563,0.736411,0.502507,0.160209,0.840673,0.955566,0.621874,0.666667,0.648444,0.248330,0.749213
4862,0.245865,0.733806,0.736113,0.508212,0.156649,0.840673,0.956543,0.620463,0.666667,0.647603,0.248330,0.750630
4863,0.258647,0.737854,0.735889,0.510850,0.113473,0.840673,0.955040,0.621298,0.666667,0.648444,0.248330,0.748031
4864,0.253383,0.715587,0.735716,0.509685,0.130195,0.840673,0.956811,0.623887,0.666667,0.647603,0.248330,0.748031
4865,0.239098,0.697368,0.735343,0.505299,0.142564,0.840673,0.956370,0.625325,0.666667,0.650126,0.248330,0.748031
4866,0.239098,0.741903,0.735269,0.503627,0.172143,0.840673,0.955805,0.623613,0.666667,0.650126,0.248330,0.750157
4867,0.243609,0.747976,0.734797,0.507584,0.187995,0.843875,0.957567,0.620614,0.666667,0.648444,0.248330,0.752205
4868,0.233083,0.790486,0.734499,0.509332,0.192553,0.842374,0.956610,0.622928,0.666667,0.647603,0.248330,0.749606
4869,0.244361,0.730769,0.734250,0.508074,0.197649,0.840673,0.955107,0.625531,0.666667,0.649285,0.248330,0.748031
4870,0.239850,0.801619,0.733977,0.501710,0.172911,0.849880,0.956351,0.625531,0.666667,0.648444,0.248330,0.748031
4871,0.251880,0.719636,0.733952,0.508335,0.171246,0.845877,0.956083,0.616628,0.666667,0.648444,0.248330,0.748031
4872,0.213534,0.701417,0.733729,0.512966,0.174704,0.850380,0.956514,0.616080,0.666667,0.640875,0.248330,0.748031
4873,0.230075,0.703441,0.733605,0.510329,0.167866,0.846177,0.955317,0.619367,0.666667,0.645080,0.248330,0.751969
4874,0.255639,0.715587,0.734101,0.501848,0.173833,0.849480,0.957021,0.624161,0.666667,0.645921,0.248330,0.748031
4875,0.251880,0.715587,0.733580,0.500728,0.167098,0.846978,0.957318,0.626106,0.666667,0.645921,0.248330,0.748031
4876,0.240602,0.665992,0.733282,0.499870,0.163436,0.843975,0.956466,0.622312,0.666667,0.645080,0.248330,0.751969
4877,0.227068,0.734818,0.733357,0.503474,0.143794,0.840673,0.957117,0.618888,0.666667,0.644239,0.233018,0.748189
4878,0.261654,0.664980,0.733406,0.504884,0.137904,0.845376,0.955509,0.617107,0.666667,0.643398,0.220490,0.751575
4879,0.256391,0.718623,0.733530,0.504624,0.185792,0.840673,0.955585,0.618203,0.666667,0.640034,0.220490,0.748031
4880,0.226316,0.743927,0.733654,0.501158,0.178366,0.840673,0.956992,0.616148,0.666667,0.643398,0.220490,0.748031
4881,0.234586,0.741903,0.733481,0.505575,0.162591,0.840673,0.955202,0.615669,0.666667,0.640034,0.220490,0.748031
4882,0.226316,0.682186,0.733456,0.502308,0.163513,0.840673,0.957088,0.620942,0.666667,0.642557,0.220490,0.748031
4883,0.258647,0.687247,0.733208,0.501771,0.192783,0.840673,0.957567,0.618135,0.666667,0.641716,0.220490,0.748031
4884,0.233083,0.716599,0.733630,0.506188,0.172655,0.840673,0.956973,0.615190,0.666667,0.643398,0.220490,0.748031
4885,0.235338,0.722672,0.733481,0.505851,0.155395,0.840472,0.956925,0.618340,0.666667,0.645080,0.220490,0.748031
4886,0.257143,0.718623,0.733729,0.500698,0.183487,0.831165,0.956514,0.623682,0.666667,0.645080,0.220490,0.748031
4887,0.239098,0.740891,0.732984,0.500176,0.184922,0.840673,0.956208,0.620531,0.666667,0.644239,0.220490,0.748031
4888,0.225564,0.699393,0.733133,0.504884,0.176291,0.835969,0.957193,0.620189,0.666667,0.643398,0.220490,0.748031
4889,0.250376,0.681174,0.732910,0.500023,0.161976,0.840673,0.956734,0.620942,0.666667,0.641716,0.220490,0.748031
4890,0.241353,0.687247,0.732984,0.499640,0.141489,0.838671,0.955748,0.618135,0.666667,0.643398,0.220490,0.748031
4891,0.261654,0.652834,0.733232,0.507461,0.143922,0.830665,0.956514,0.614916,0.666667,0.640034,0.220490,0.748031
4892,0.247368,0.718623,0.733133,0.507139,0.144664,0.830665,0.956667,0.615532,0.666667,0.643398,0.220490,0.748031
4893,0.252632,0.690283,0.733530,0.508994,0.134267,0.830665,0.957050,0.617039,0.666667,0.640875,0.220490,0.748031
4894,0.245113,0.635628,0.733456,0.507307,0.155523,0.830665,0.955892,0.620805,0.666667,0.642557,0.220490,0.748031
4895,0.230827,0.707490,0.733506,0.502737,0.138313,0.830665,0.955078,0.622791,0.666667,0.644239,0.220490,0.748031
4896,0.242105,0.692308,0.733307,0.502431,0.130656,0.830665,0.957500,0.620121,0.666667,0.643398,0.220490,0.748031
4897,0.243609,0.743927,0.733232,0.503612,0.123332,0.830665,0.955327,0.618135,0.666667,0.644239,0.220490,0.748031
4898,0.269173,0.717611,0.732910,0.508611,0.142616,0.835468,0.957423,0.617861,0.666667,0.639193,0.220490,0.748031
4899,0.239850,0.701417,0.732934,0.511279,0.138518,0.830665,0.956093,0.617861,0.666667,0.641716,0.220490,0.748031
4900,0.260902,0.659919,0.733208,0.511755,0.136111,0.831365,0.955901,0.621627,0.666667,0.642557,0.222717,0.748031
4901,0.242857,0.728745,0.733357,0.500314,0.160952,0.834868,0.956992,0.624983,0.666667,0.643398,0.248330,0.748031
4902,0.251128,0.695344,0.732860,0.491205,0.142718,0.835468,0.956543,0.626421,0.666667,0.645921,0.248330,0.748031
4903,0.232331,0.743927,0.732463,0.502231,0.116879,0.830665,0.958390,0.613957,0.666667,0.643398,0.248330,0.748031
4904,0.255639,0.762146,0.732810,0.516570,0.118287,0.835468,0.956208,0.616422,0.666667,0.643398,0.248330,0.748031
4905,0.257895,0.796559,0.733108,0.516233,0.111603,0.836169,0.956265,0.621531,0.666667,0.641716,0.248330,0.748031
4906,0.257143,0.704453,0.733108,0.499088,0.112986,0.838471,0.956753,0.627873,0.666667,0.642557,0.248330,0.748031
4907,0.248872,0.702429,0.732612,0.498934,0.116162,0.840673,0.956657,0.626490,0.666667,0.645080,0.248330,0.748031
4908,0.248120,0.735830,0.732810,0.497569,0.115393,0.840673,0.957117,0.623695,0.666667,0.641716,0.248330,0.748031
4909,0.236842,0.728745,0.732239,0.496250,0.126789,0.840673,0.957107,0.620723,0.666667,0.643398,0.248330,0.748031
4910,0.267669,0.761134,0.732314,0.505084,0.109145,0.840673,0.956906,0.618271,0.666667,0.644239,0.248330,0.748031
4911,0.241353,0.776316,0.732487,0.507660,0.152091,0.840673,0.957461,0.616833,0.666667,0.645080,0.248330,0.748031
4912,0.242105,0.733806,0.732612,0.510405,0.150478,0.835368,0.956476,0.621833,0.666667,0.646762,0.248330,0.748031
4913,0.272180,0.690283,0.732363,0.501710,0.123153,0.836369,0.955585,0.628613,0.666667,0.645080,0.248330,0.748031
4914,0.258647,0.680162,0.732016,0.491650,0.118364,0.840673,0.956954,0.624983,0.666667,0.645080,0.248330,0.748031
4915,0.263910,0.625506,0.731420,0.507645,0.123716,0.840673,0.955777,0.623682,0.866667,0.645080,0.248330,0.748031
4916,0.228571,0.735830,0.731668,0.512353,0.116674,0.840673,0.956610,0.623134,1.000000,0.648444,0.248330,0.748031
4917,0.231579,0.715587,0.731444,0.507568,0.122718,0.840673,0.954772,0.631146,1.000000,0.645921,0.248330,0.748031
4918,0.264662,0.715587,0.730749,0.503535,0.110451,0.840673,0.957050,0.631352,1.000000,0.651808,0.248330,0.748031
4919,0.274436,0.725709,0.730352,0.505084,0.102256,0.840673,0.955968,0.628613,1.000000,0.650967,0.248330,0.748031
4920,0.284211,0.720648,0.729582,0.504532,0.109068,0.840673,0.956351,0.633817,1.000000,0.651808,0.248330,0.751417
4921,0.306767,0.683198,0.729359,0.493797,0.115880,0.840673,0.956322,0.636488,1.000000,0.650126,0.248330,0.752756
4922,0.278195,0.748988,0.728142,0.496526,0.125816,0.840673,0.957768,0.626079,1.000000,0.653490,0.248330,0.755906
4923,0.272180,0.700405,0.728167,0.512982,0.090579,0.840673,0.955557,0.626010,1.000000,0.650126,0.248330,0.755906
4924,0.263158,0.731781,0.728117,0.508182,0.069093,0.845476,0.955566,0.634982,1.000000,0.649285,0.248330,0.755906
4925,0.250376,0.761134,0.727322,0.498520,0.077364,0.840673,0.956208,0.638680,1.000000,0.650967,0.248330,0.755906
4926,0.259398,0.724696,0.726602,0.500912,0.034470,0.840673,0.957442,0.634379,1.000000,0.656013,0.231626,0.755906
4927,0.261654,0.687247,0.726130,0.502645,0.026249,0.840673,0.955432,0.634228,1.000000,0.650967,0.248330,0.755906
4928,0.263158,0.746964,0.725137,0.505605,0.065098,0.842474,0.956284,0.629434,1.000000,0.651808,0.248330,0.755906
4929,0.236842,0.688259,0.725212,0.512138,0.068350,0.843675,0.955825,0.626626,1.000000,0.649285,0.248330,0.755906
4930,0.272932,0.701417,0.724889,0.509332,0.089708,0.847978,0.955901,0.633817,1.000000,0.649285,0.248330,0.755906
4931,0.266917,0.685223,0.724541,0.503612,0.087070,0.845877,0.955901,0.633201,1.000000,0.650967,0.248330,0.755906
4932,0.241353,0.750000,0.724541,0.495024,0.094394,0.842674,0.956447,0.633228,1.000000,0.646762,0.248330,0.755906
4933,0.245865,0.739879,0.723747,0.496802,0.082870,0.845476,0.956188,0.627311,1.000000,0.648444,0.248330,0.755906
4934,0.261654,0.711538,0.723647,0.505682,0.070348,0.840673,0.957050,0.621901,0.800000,0.648444,0.248330,0.755906
4935,0.250376,0.681174,0.723622,0.506311,0.093242,0.849980,0.956638,0.622791,0.666667,0.645921,0.248330,0.755906
4936,0.262406,0.748988,0.723399,0.502921,0.068555,0.845677,0.956188,0.627243,0.666667,0.645921,0.248330,0.755906
4937,0.239850,0.731781,0.723126,0.504302,0.093626,0.840973,0.956973,0.622517,0.666667,0.649285,0.248330,0.755906
4938,0.249624,0.755061,0.723101,0.502937,0.090118,0.844976,0.957327,0.626763,0.666667,0.644239,0.233575,0.755906
4939,0.269173,0.714575,0.722853,0.495146,0.094292,0.841673,0.957308,0.629708,0.666667,0.646762,0.222439,0.755906
4940,0.254135,0.713563,0.722778,0.495637,0.089580,0.849380,0.955327,0.624640,0.666667,0.648444,0.248330,0.755906
4941,0.246617,0.751012,0.722729,0.501971,0.073062,0.840673,0.956303,0.619915,0.666667,0.645080,0.234967,0.755906
4942,0.219549,0.764170,0.723151,0.510727,0.068299,0.840673,0.955987,0.620874,0.666667,0.645080,0.244710,0.755906
4943,0.242105,0.744939,0.722952,0.506142,0.075188,0.840673,0.956476,0.629982,0.666667,0.645080,0.224666,0.755906
4944,0.236090,0.765182,0.722679,0.496404,0.094548,0.840673,0.955882,0.627681,0.666667,0.644239,0.235802,0.755906
4945,0.216541,0.718623,0.722729,0.503995,0.061128,0.840673,0.957117,0.619025,0.666667,0.646762,0.229399,0.752126
4946,0.238346,0.714575,0.722927,0.498980,0.057338,0.840673,0.956409,0.622024,0.666667,0.642557,0.220490,0.752047
4947,0.251128,0.672065,0.723151,0.503075,0.068350,0.840673,0.956610,0.619504,0.666667,0.645080,0.220490,0.752126
4948,0.233083,0.771255,0.723300,0.496726,0.069093,0.840673,0.954753,0.627654,0.666667,0.645080,0.220490,0.751969
4949,0.242857,0.682186,0.722977,0.495300,0.066301,0.840673,0.956332,0.622353,0.666667,0.645080,0.220490,0.751969
4950,0.213534,0.702429,0.723051,0.497830,0.090911,0.840673,0.956495,0.617587,0.666667,0.645921,0.220490,0.751969
4951,0.245113,0.747976,0.723275,0.504440,0.084048,0.840673,0.956428,0.619230,0.666667,0.644239,0.220490,0.749449
4952,0.246617,0.784413,0.723424,0.503121,0.086404,0.840673,0.956208,0.621559,0.666667,0.642557,0.220490,0.748031
4953,0.231579,0.743927,0.723821,0.499716,0.067505,0.840673,0.955375,0.622298,0.666667,0.645921,0.220490,0.748031
4954,0.217293,0.715587,0.722083,0.504148,0.053625,0.840673,0.956523,0.616422,0.666667,0.645080,0.233853,0.748031
4955,0.231579,0.703441,0.723473,0.504838,0.085047,0.840673,0.958505,0.621216,0.666667,0.650967,0.220490,0.748031
4956,0.260902,0.722672,0.723821,0.501863,0.096725,0.840673,0.956610,0.626216,0.666667,0.646762,0.247494,0.748031
4957,0.246617,0.778340,0.723374,0.497063,0.089631,0.840673,0.956476,0.627037,0.666667,0.650126,0.233853,0.748031
4958,0.233835,0.737854,0.722729,0.497677,0.071526,0.840673,0.956610,0.625051,0.666667,0.650126,0.248330,0.748031
4959,0.239098,0.781377,0.723101,0.505084,0.077236,0.840673,0.956992,0.622723,0.666667,0.650967,0.248330,0.748031
4960,0.256391,0.734818,0.722580,0.505835,0.071193,0.840673,0.956543,0.625394,0.666667,0.648444,0.248330,0.748031
4961,0.276692,0.760121,0.722654,0.505068,0.079541,0.868695,0.956093,0.627996,0.666667,0.649285,0.248330,0.748031
4962,0.260150,0.750000,0.722331,0.504654,0.063997,0.843375,0.956141,0.629982,0.666667,0.654331,0.234967,0.748031
4963,0.261654,0.754049,0.722157,0.502078,0.071577,0.850480,0.956016,0.624709,0.666667,0.646762,0.248330,0.751969
4964,0.222556,0.781377,0.722282,0.500621,0.058977,0.840973,0.954791,0.616559,0.666667,0.644239,0.248330,0.748031
4965,0.221053,0.719636,0.722704,0.512353,0.061154,0.850681,0.956026,0.609396,0.666667,0.640034,0.248330,0.748031
4966,0.242857,0.816802,0.723151,0.513242,0.069349,0.850681,0.956399,0.616039,0.666667,0.643398,0.248330,0.748031
4967,0.256391,0.724696,0.723598,0.505575,0.054675,0.846978,0.956409,0.624462,0.666667,0.647603,0.248330,0.748031
4968,0.247368,0.777328,0.723622,0.500207,0.069477,0.850681,0.956447,0.626832,0.666667,0.649285,0.248330,0.748031
4969,0.247368,0.648785,0.723225,0.502691,0.102768,0.850681,0.957452,0.624873,0.666667,0.650967,0.248330,0.748031
4970,0.263910,0.638664,0.722853,0.505053,0.104023,0.850681,0.956562,0.624668,0.666667,0.646762,0.248330,0.748031
4971,0.250376,0.758097,0.723200,0.502921,0.089272,0.847678,0.958141,0.624983,0.666667,0.649285,0.248330,0.748031
4972,0.244361,0.809717,0.723200,0.501357,0.075188,0.844175,0.956734,0.621353,0.666667,0.649285,0.248330,0.748031
4973,0.248872,0.714575,0.723498,0.507645,0.089759,0.846878,0.956992,0.621079,0.533333,0.645921,0.248330,0.748031
4974,0.222556,0.742915,0.723399,0.506571,0.090322,0.849980,0.956313,0.621559,0.533333,0.650967,0.248330,0.751339
4975,0.254887,0.713563,0.723722,0.504777,0.112244,0.850681,0.956188,0.622860,0.666667,0.648444,0.248330,0.748268
4976,0.243609,0.671053,0.723995,0.504164,0.098568,0.845376,0.954944,0.621833,0.666667,0.649285,0.248330,0.748031
4977,0.231579,0.728745,0.724218,0.503964,0.113985,0.841373,0.956543,0.622038,0.666667,0.650126,0.248330,0.748031
4978,0.254887,0.657895,0.724392,0.501357,0.098901,0.845877,0.957385,0.619504,0.666667,0.649285,0.248330,0.748031
4979,0.233083,0.663968,0.724343,0.507752,0.090502,0.844376,0.955729,0.621148,0.666667,0.648444,0.248330,0.751732
4980,0.236842,0.814777,0.724144,0.510083,0.094830,0.840673,0.957672,0.626038,0.666667,0.650126,0.248330,0.752205
4981,0.235338,0.739879,0.724541,0.505007,0.095291,0.847878,0.956093,0.626900,0.666667,0.651808,0.248330,0.752913
4982,0.242857,0.741903,0.724616,0.505927,0.102384,0.850681,0.955269,0.623134,0.666667,0.652649,0.248330,0.755906
4983,0.232331,0.748988,0.724541,0.510605,0.108761,0.845677,0.955088,0.619299,0.666667,0.652649,0.248330,0.754567
4984,0.239098,0.768219,0.724963,0.513749,0.091603,0.850681,0.956906,0.622175,0.666667,0.650126,0.248330,0.748031
4985,0.235338,0.694332,0.724914,0.513749,0.085457,0.842174,0.955423,0.625120,0.666667,0.650967,0.248330,0.753701
4986,0.218045,0.625506,0.724839,0.502446,0.094471,0.849179,0.957988,0.628010,0.666667,0.654331,0.248330,0.755906
4987,0.251128,0.723684,0.724765,0.500437,0.107660,0.850681,0.956255,0.625216,0.666667,0.649285,0.248330,0.755906
4988,0.255639,0.739879,0.724591,0.513626,0.099516,0.845877,0.956686,0.617450,0.666667,0.649285,0.248330,0.755906
4989,0.248120,0.711538,0.724889,0.535786,0.094804,0.840673,0.956255,0.601972,0.666667,0.645921,0.248330,0.755906
4990,0.223308,0.702429,0.726130,0.522873,0.092730,0.840673,0.955135,0.614710,0.666667,0.641716,0.248330,0.752756
4991,0.240602,0.731781,0.726205,0.500207,0.097032,0.840673,0.956667,0.624230,0.666667,0.646762,0.248330,0.748031
4992,0.242857,0.759109,0.726106,0.489518,0.124561,0.840673,0.957500,0.626558,0.666667,0.649285,0.248330,0.748031
4993,0.233083,0.779352,0.726081,0.489288,0.099593,0.840673,0.956830,0.621285,0.666667,0.644239,0.248330,0.751969
4994,0.242105,0.772267,0.726304,0.494333,0.099465,0.840673,0.956208,0.613615,0.666667,0.645080,0.248330,0.748031
4995,0.262406,0.733806,0.726205,0.497569,0.118620,0.840673,0.955949,0.616285,0.666667,0.647603,0.248330,0.751811
4996,0.254135,0.789474,0.726478,0.499670,0.087557,0.840673,0.956514,0.619299,0.666667,0.647603,0.246938,0.748031
4997,0.234586,0.723684,0.726478,0.496020,0.081206,0.840673,0.955681,0.621901,0.666667,0.649285,0.220490,0.748031
4998,0.247368,0.728745,0.725981,0.500008,0.105995,0.840673,0.956217,0.625435,0.666667,0.650126,0.220490,0.748031
4999,0.260902,0.682186,0.726230,0.499977,0.105406,0.840673,0.956418,0.626832,0.666667,0.654331,0.220490,0.748031
5000,0.254887,0.775304,0.726106,0.497569,0.108223,0.840673,0.955997,0.630530,0.666667,0.650967,0.234410,0.748031
5001,0.272932,0.677126,0.725783,0.498336,0.122359,0.840673,0.955968,0.628202,0.666667,0.653490,0.220490,0.748031
5002,0.251880,0.710526,0.725559,0.484641,0.117749,0.840673,0.956763,0.636831,0.666667,0.650126,0.227450,0.748031
5003,0.247368,0.759109,0.725237,0.479473,0.116495,0.840673,0.956083,0.630119,0.666667,0.649285,0.227450,0.753701
5004,0.254135,0.727733,0.725013,0.489549,0.105099,0.839672,0.956188,0.622517,0.666667,0.646762,0.233575,0.755906
5005,0.245113,0.751012,0.724765,0.504838,0.098236,0.836669,0.955279,0.621970,0.666667,0.645921,0.229677,0.755906
5006,0.234586,0.783401,0.724839,0.506065,0.137366,0.840673,0.956380,0.623065,0.666667,0.650126,0.248330,0.753386
5007,0.259398,0.763158,0.724914,0.506771,0.121360,0.835869,0.956131,0.626079,0.666667,0.650126,0.233853,0.748031
5008,0.260902,0.710526,0.724591,0.497447,0.121360,0.840673,0.954370,0.632722,0.666667,0.650126,0.237194,0.751024
5009,0.242857,0.661943,0.724417,0.493490,0.104407,0.839271,0.955662,0.629366,0.666667,0.651808,0.245546,0.755906
5010,0.248872,0.742915,0.724243,0.496802,0.110016,0.838671,0.956074,0.626092,0.666667,0.649285,0.248330,0.755906
5011,0.267669,0.699393,0.723747,0.502001,0.109580,0.832366,0.956811,0.626763,0.666667,0.648444,0.248330,0.755906
5012,0.270677,0.746964,0.723871,0.505697,0.119517,0.830665,0.954456,0.626216,0.666667,0.650967,0.248330,0.755906
5013,0.241353,0.819838,0.723598,0.506035,0.094420,0.834568,0.954982,0.629900,0.666667,0.649285,0.248330,0.755906
5014,0.233835,0.768219,0.723697,0.496434,0.124536,0.830865,0.955719,0.634735,0.666667,0.651808,0.248330,0.752205
5015,0.265414,0.753036,0.723349,0.492447,0.144460,0.830665,0.956188,0.635283,0.666667,0.650967,0.248330,0.755906
5016,0.276692,0.705466,0.722878,0.485607,0.143486,0.835068,0.956074,0.625709,0.666667,0.650967,0.248330,0.755906
5017,0.276692,0.782389,0.722580,0.512322,0.145945,0.830665,0.956983,0.621682,0.666667,0.646762,0.248330,0.755906
5018,0.262406,0.754049,0.722853,0.517536,0.130708,0.836669,0.956543,0.627106,0.666667,0.648444,0.248330,0.755906
5019,0.263910,0.663968,0.723250,0.507154,0.161617,0.838971,0.955202,0.633338,0.666667,0.649285,0.248330,0.755906
5020,0.257143,0.726721,0.722853,0.500406,0.154806,0.837470,0.956466,0.633338,0.666667,0.650126,0.248330,0.755906
5021,0.272180,0.722672,0.722753,0.498474,0.140772,0.838171,0.957241,0.628955,0.666667,0.650126,0.248330,0.755906
5022,0.275940,0.747976,0.722431,0.514699,0.129606,0.835468,0.958074,0.624093,0.666667,0.650967,0.248330,0.755906
5023,0.265414,0.695344,0.722629,0.534866,0.140106,0.830665,0.955279,0.628613,0.666667,0.650126,0.248330,0.755906
5024,0.266165,0.724696,0.722902,0.516616,0.149351,0.830665,0.957864,0.640666,0.666667,0.651808,0.248330,0.755906
5025,0.247368,0.762146,0.722704,0.497247,0.149223,0.830665,0.955365,0.646350,0.666667,0.652649,0.248330,0.755906
5026,0.261654,0.585020,0.722033,0.497707,0.133576,0.830665,0.955040,0.640049,0.666667,0.656013,0.248330,0.755906
5027,0.285714,0.706478,0.721412,0.498474,0.168609,0.830665,0.956275,0.633680,0.666667,0.652649,0.248330,0.755906
5028,0.269173,0.710526,0.721139,0.507231,0.171861,0.830665,0.955135,0.631146,0.666667,0.650126,0.248330,0.755906
5029,0.261654,0.800607,0.721537,0.508105,0.156547,0.830665,0.954743,0.630188,0.666667,0.647603,0.248330,0.755906
5030,0.257895,0.703441,0.721661,0.508918,0.136162,0.830665,0.955537,0.628955,0.666667,0.647603,0.248330,0.755906
5031,0.262406,0.771255,0.721661,0.520343,0.142308,0.830665,0.955518,0.623887,0.666667,0.645080,0.248330,0.755906
5032,0.233835,0.765182,0.722530,0.528379,0.156240,0.830665,0.955662,0.632242,0.666667,0.647603,0.248330,0.755906
5033,0.258647,0.759109,0.722927,0.520481,0.174908,0.830665,0.955585,0.636968,0.666667,0.650126,0.248330,0.755906
5034,0.263910,0.761134,0.722753,0.511678,0.164306,0.838671,0.956619,0.639775,0.666667,0.650967,0.248330,0.755906
5035,0.265414,0.712551,0.722828,0.511049,0.169735,0.835869,0.956657,0.630256,0.666667,0.652649,0.248330,0.755906
5036,0.263910,0.636640,0.723399,0.529452,0.151220,0.835869,0.956035,0.631626,0.666667,0.649285,0.248330,0.755906
5037,0.242857,0.715587,0.723920,0.529621,0.172783,0.835869,0.956035,0.637378,0.666667,0.650967,0.248330,0.755906
5038,0.286466,0.761134,0.723796,0.531753,0.189224,0.831165,0.955327,0.640323,0.666667,0.656013,0.248330,0.755906
5039,0.257143,0.815789,0.723796,0.525097,0.184486,0.835468,0.956610,0.643747,0.666667,0.656013,0.248330,0.756929
5040,0.260150,0.657895,0.723697,0.520496,0.176855,0.830665,0.954992,0.642789,0.666667,0.657696,0.248330,0.758661
5041,0.275188,0.731781,0.723374,0.519147,0.159748,0.835468,0.955901,0.639844,0.666667,0.655172,0.248330,0.759606
5042,0.284211,0.724696,0.723722,0.532995,0.181003,0.830665,0.956543,0.632379,0.666667,0.651808,0.248330,0.761260
5043,0.265414,0.714575,0.723920,0.533532,0.190146,0.835468,0.956562,0.635529,0.666667,0.649285,0.248330,0.763780
5044,0.269173,0.695344,0.723995,0.524560,0.180850,0.835468,0.956160,0.641693,0.666667,0.652649,0.248330,0.761811
5045,0.255639,0.728745,0.724020,0.514515,0.193193,0.830665,0.957672,0.644843,0.666667,0.655172,0.248330,0.761969
5046,0.269925,0.726721,0.724194,0.514592,0.219545,0.835669,0.956255,0.637995,0.666667,0.652649,0.248330,0.763780
5047,0.255639,0.696356,0.724367,0.508979,0.203181,0.830665,0.956734,0.640118,0.666667,0.654331,0.248330,0.763780
5048,0.260902,0.694332,0.724243,0.506571,0.207841,0.830665,0.956610,0.636214,0.666667,0.651808,0.248330,0.763780
5049,0.266917,0.662955,0.724343,0.502507,0.211273,0.830665,0.957098,0.618888,0.666667,0.649285,0.248330,0.763780
5050,0.257143,0.699393,0.725758,0.546720,0.215063,0.830665,0.955681,0.610738,0.666667,0.645080,0.248330,0.763780
5051,0.241353,0.731781,0.727447,0.551812,0.214116,0.830665,0.956543,0.623819,0.666667,0.650126,0.248330,0.760394
5052,0.259398,0.690283,0.728738,0.536062,0.213962,0.829664,0.956255,0.637584,0.666667,0.654331,0.248330,0.755906
5053,0.259398,0.714575,0.728688,0.517414,0.200645,0.825961,0.956275,0.642857,0.666667,0.654331,0.248330,0.755906
5054,0.236842,0.807692,0.728316,0.507031,0.221978,0.820957,0.955135,0.643268,0.666667,0.658537,0.248330,0.755906
5055,0.239850,0.853239,0.728812,0.505068,0.218520,0.820957,0.956973,0.636214,0.666667,0.654331,0.246102,0.760236
5056,0.239850,0.786437,0.729085,0.511816,0.227535,0.824359,0.957308,0.625736,0.666667,0.650967,0.237751,0.763150
5057,0.235338,0.716599,0.729458,0.523717,0.206817,0.823659,0.956657,0.622517,0.666667,0.649285,0.248330,0.760787
5058,0.241353,0.672065,0.730575,0.527919,0.207816,0.810649,0.957806,0.621285,0.666667,0.648444,0.248330,0.758819
5059,0.267669,0.667004,0.730997,0.528640,0.223335,0.825160,0.957327,0.628106,0.666667,0.646762,0.248330,0.755906
5060,0.256391,0.714575,0.731618,0.527382,0.205204,0.830665,0.956428,0.635803,0.666667,0.651808,0.248330,0.755906
5061,0.254887,0.689271,0.731668,0.538393,0.179646,0.830665,0.955652,0.628270,0.666667,0.651808,0.248330,0.755906
5062,0.245865,0.722672,0.732785,0.560124,0.195267,0.830665,0.954561,0.622997,0.666667,0.648444,0.248330,0.755906
5063,0.250376,0.818826,0.733853,0.570476,0.187559,0.830665,0.956447,0.628886,0.666667,0.650126,0.248330,0.755906
5064,0.202256,0.764170,0.735368,0.577959,0.181669,0.821657,0.957835,0.622312,0.666667,0.646762,0.248330,0.755906
5065,0.216541,0.696356,0.736709,0.559909,0.184409,0.810649,0.957050,0.621422,0.666667,0.648444,0.248330,0.755906
5066,0.169925,0.652834,0.737454,0.606024,0.194115,0.805444,0.956906,0.606972,0.666667,0.641716,0.248330,0.755906
5067,0.182707,0.705466,0.741228,0.636159,0.206920,0.799840,0.954389,0.609300,0.666667,0.643398,0.222439,0.755906
5068,0.176692,0.807692,0.744407,0.588342,0.197547,0.780825,0.956667,0.627106,0.666667,0.647603,0.220490,0.755906
5069,0.212782,0.766194,0.745350,0.506495,0.221312,0.765412,0.957710,0.675455,0.666667,0.657696,0.220490,0.755906
5070,0.233835,0.726721,0.744829,0.435643,0.205946,0.760608,0.955729,0.666416,0.666667,0.664424,0.220490,0.755906
5071,0.245113,0.694332,0.744481,0.458494,0.199416,0.760608,0.956543,0.619847,0.666667,0.646762,0.220490,0.755906
5072,0.226316,0.792510,0.745052,0.523441,0.200338,0.760608,0.956801,0.602726,0.666667,0.640034,0.220490,0.755906
5073,0.238346,0.682186,0.746790,0.539421,0.201106,0.760608,0.957883,0.613341,0.666667,0.641716,0.220490,0.755906
5074,0.237594,0.751012,0.747511,0.527321,0.208379,0.760608,0.956514,0.624367,0.666667,0.648444,0.220490,0.755906
5075,0.198496,0.778340,0.747958,0.509286,0.202156,0.760608,0.955585,0.630804,0.666667,0.648444,0.220490,0.755906
5076,0.235338,0.718623,0.748256,0.505835,0.194218,0.760608,0.954695,0.630188,0.666667,0.646762,0.220490,0.755906
5077,0.242105,0.780364,0.748330,0.503964,0.193603,0.760608,0.954695,0.627928,0.666667,0.650126,0.243318,0.755906
5078,0.238346,0.752024,0.748429,0.503244,0.188020,0.751101,0.954705,0.618203,0.666667,0.645921,0.239143,0.755906
5079,0.260150,0.668016,0.748628,0.528348,0.206074,0.745596,0.956332,0.618135,0.666667,0.645921,0.230791,0.755906
5080,0.250376,0.663968,0.749348,0.541200,0.203667,0.740592,0.955049,0.625216,0.666667,0.648444,0.223831,0.755906
5081,0.251128,0.750000,0.749770,0.532995,0.190632,0.739592,0.956275,0.622791,0.666667,0.643398,0.220490,0.755906
5082,0.217293,0.758097,0.750019,0.533685,0.214397,0.723078,0.957433,0.617587,0.666667,0.645921,0.246102,0.755906
5083,0.135338,0.740891,0.751633,0.549435,0.214346,0.705765,0.956897,0.599370,0.666667,0.635828,0.222439,0.755906
5084,0.200000,0.812753,0.753396,0.485454,0.229122,0.684748,0.956954,0.617929,0.666667,0.640034,0.220490,0.751811
5085,0.174436,0.795547,0.754290,0.467189,0.208174,0.663231,0.956705,0.612998,0.666667,0.641716,0.220490,0.748031
5086,0.207519,0.729757,0.755482,0.485055,0.207201,0.658527,0.957327,0.592248,0.666667,0.634987,0.220490,0.748031
5087,0.193985,0.715587,0.757245,0.507952,0.205101,0.646817,0.956332,0.594782,0.666667,0.627418,0.214922,0.748031
5088,0.202256,0.732794,0.758685,0.502615,0.202848,0.647218,0.956610,0.604438,0.666667,0.635828,0.199053,0.748031
5089,0.227068,0.809717,0.759554,0.495990,0.196830,0.650520,0.956610,0.608889,0.666667,0.638352,0.220490,0.746457
5090,0.186466,0.741903,0.760746,0.489978,0.190094,0.645717,0.955729,0.613204,0.666667,0.640034,0.220490,0.741969
5091,0.216541,0.668016,0.761714,0.490116,0.203949,0.645416,0.957873,0.608711,0.666667,0.640034,0.220490,0.748031
5092,0.219549,0.715587,0.762509,0.496649,0.202079,0.646317,0.956858,0.612108,0.666667,0.639193,0.229399,0.748031
5093,0.236090,0.702429,0.763105,0.508488,0.196727,0.660528,0.956284,0.616354,0.666667,0.639193,0.248330,0.748031
5094,0.218045,0.776316,0.763900,0.509132,0.212451,0.666733,0.955394,0.629503,0.666667,0.646762,0.248330,0.748031
5095,0.242105,0.660931,0.764297,0.478369,0.210018,0.670536,0.958112,0.634050,0.666667,0.645921,0.248330,0.748031
5096,0.248872,0.739879,0.764520,0.464643,0.208994,0.680544,0.956380,0.624503,0.666667,0.645080,0.273942,0.748031
5097,0.245113,0.726721,0.765067,0.480654,0.201337,0.687850,0.955681,0.610944,0.666667,0.642557,0.276169,0.748031
5098,0.217293,0.709514,0.765861,0.497707,0.209557,0.690552,0.956476,0.605876,0.666667,0.637511,0.276169,0.748031
5099,0.242857,0.713563,0.766159,0.502047,0.206023,0.690552,0.955872,0.615395,0.666667,0.644239,0.276169,0.748031
5100,0.264662,0.629555,0.766929,0.483537,0.194474,0.691353,0.956188,0.628613,0.666667,0.645921,0.276169,0.748031
5101,0.252632,0.681174,0.767128,0.477510,0.213783,0.691553,0.955317,0.623271,0.666667,0.644239,0.278118,0.748031
5102,0.243609,0.631579,0.767351,0.491036,0.211401,0.690552,0.956648,0.616779,0.666667,0.646762,0.302060,0.748031
5103,0.228571,0.838057,0.768121,0.499624,0.202976,0.690552,0.957337,0.620463,0.666667,0.641716,0.276169,0.748031
5104,0.253383,0.764170,0.768369,0.492846,0.180875,0.690853,0.957931,0.625188,0.666667,0.645080,0.276169,0.748031
5105,0.254135,0.779352,0.768394,0.489855,0.183692,0.690252,0.955662,0.625531,0.666667,0.643398,0.276169,0.748976
5106,0.269925,0.658907,0.768593,0.498643,0.194960,0.695356,0.956830,0.623819,0.666667,0.645080,0.276169,0.755906
5107,0.269925,0.600202,0.768618,0.506878,0.192322,0.691954,0.955585,0.619518,0.666667,0.649285,0.276169,0.755906
5108,0.273684,0.748988,0.768916,0.504056,0.212297,0.700560,0.956188,0.632653,0.666667,0.647603,0.276169,0.755906
5109,0.248872,0.717611,0.768841,0.504624,0.204538,0.700560,0.956523,0.635598,0.666667,0.651808,0.269766,0.755906
5110,0.289474,0.693320,0.768642,0.503274,0.194038,0.700560,0.957280,0.642035,0.666667,0.650967,0.269209,0.755906
5111,0.260902,0.658907,0.768245,0.504854,0.203462,0.703563,0.955997,0.637995,0.666667,0.651808,0.276169,0.755906
5112,0.278947,0.640688,0.768195,0.519714,0.202284,0.710568,0.956925,0.630051,0.666667,0.649285,0.276169,0.755906
5113,0.271429,0.673077,0.768195,0.508764,0.213040,0.710568,0.955901,0.643063,0.666667,0.646762,0.276169,0.755906
5114,0.246617,0.729757,0.767798,0.502201,0.208021,0.710568,0.956638,0.642104,0.666667,0.654331,0.276169,0.755906
5115,0.265414,0.815789,0.767451,0.503075,0.206843,0.710568,0.956227,0.641145,0.666667,0.652649,0.276169,0.758819
5116,0.242105,0.825911,0.766929,0.497094,0.219647,0.710568,0.954944,0.640186,0.666667,0.657696,0.276169,0.763780
5117,0.225564,0.756073,0.766755,0.507798,0.202950,0.710568,0.957280,0.626284,0.666667,0.650126,0.276169,0.763780
5118,0.212782,0.761134,0.767153,0.520374,0.196164,0.710268,0.955777,0.618340,0.666667,0.645921,0.262806,0.763780
5119,0.219549,0.711538,0.767947,0.520864,0.208661,0.700560,0.957021,0.618066,0.666667,0.644239,0.248330,0.760079
5120,0.212782,0.711538,0.768593,0.524023,0.195703,0.700560,0.955748,0.620052,0.666667,0.644239,0.248330,0.760079
5121,0.209023,0.786437,0.769065,0.516616,0.193321,0.700560,0.956399,0.625531,0.666667,0.646762,0.248330,0.755906
5122,0.238346,0.744939,0.769561,0.505038,0.195344,0.700560,0.956447,0.631489,0.666667,0.646762,0.248330,0.755906
5123,0.256391,0.699393,0.769412,0.493582,0.190248,0.700560,0.957404,0.635529,0.666667,0.650126,0.248330,0.755906
5124,0.248872,0.652834,0.769238,0.487816,0.179928,0.700560,0.957500,0.634639,0.666667,0.648444,0.248330,0.755906
5125,0.261654,0.681174,0.769512,0.497063,0.169377,0.705264,0.957950,0.624503,0.666667,0.647603,0.248330,0.755906
5126,0.216541,0.743927,0.769859,0.524315,0.179006,0.708767,0.956753,0.620737,0.666667,0.645921,0.248330,0.755906
5127,0.268421,0.838057,0.770381,0.516494,0.180773,0.710568,0.956954,0.630393,0.666667,0.645921,0.253341,0.755906
5128,0.251128,0.750000,0.770977,0.519960,0.191990,0.710568,0.956342,0.630694,0.666667,0.648444,0.276169,0.755906
5129,0.260902,0.686235,0.771225,0.499180,0.185843,0.715072,0.956830,0.633338,0.666667,0.652649,0.255846,0.755906
5130,0.254135,0.746964,0.771001,0.487371,0.170888,0.710869,0.954513,0.631009,0.666667,0.648444,0.248330,0.755906
5131,0.258647,0.753036,0.770977,0.477924,0.156419,0.710568,0.954676,0.624435,0.666667,0.645080,0.256125,0.755906
5132,0.272180,0.692308,0.771399,0.509224,0.170837,0.710568,0.956093,0.614299,0.666667,0.644239,0.276169,0.755906
5133,0.273684,0.731781,0.771846,0.511356,0.164025,0.710568,0.957155,0.616861,0.666667,0.643398,0.253619,0.755906
5134,0.222556,0.723684,0.771970,0.506096,0.173935,0.710568,0.956811,0.631283,0.666667,0.645921,0.248330,0.755906
5135,0.217293,0.776316,0.771821,0.493950,0.197342,0.710568,0.956007,0.633639,0.666667,0.650967,0.248330,0.755906
5136,0.229323,0.758097,0.771995,0.504578,0.187406,0.710568,0.956916,0.620203,0.666667,0.647603,0.248330,0.755906
5137,0.218045,0.813765,0.772665,0.512614,0.168609,0.710568,0.957069,0.618819,0.666667,0.648444,0.262249,0.755906
5138,0.257895,0.600202,0.772914,0.514239,0.188199,0.710568,0.956275,0.619751,0.666667,0.645921,0.248330,0.755906
5139,0.250376,0.620445,0.773435,0.514285,0.187995,0.710568,0.956476,0.619641,0.666667,0.643398,0.262249,0.755906
5140,0.261654,0.630567,0.773658,0.520374,0.155855,0.710568,0.957079,0.618258,0.666667,0.641716,0.248330,0.755906
5141,0.248120,0.711538,0.774006,0.516080,0.171272,0.710568,0.956992,0.624093,0.666667,0.645921,0.248330,0.755906
5142,0.235338,0.792510,0.773981,0.511448,0.178417,0.710568,0.957289,0.625051,0.666667,0.648444,0.248330,0.755906
5143,0.257895,0.725709,0.774205,0.508366,0.184333,0.710568,0.958007,0.624024,0.666667,0.650126,0.250278,0.755906
5144,0.243609,0.683198,0.774279,0.496879,0.191785,0.720576,0.955662,0.630119,0.666667,0.650126,0.276169,0.755906
5145,0.204511,0.771255,0.774652,0.493429,0.174985,0.721277,0.958313,0.626695,0.666667,0.646762,0.276169,0.755906
5146,0.213534,0.836032,0.774801,0.497339,0.172143,0.729484,0.957653,0.619819,0.666667,0.646762,0.276169,0.755906
5147,0.245865,0.721660,0.775422,0.499502,0.195754,0.726781,0.957050,0.621079,0.666667,0.646762,0.276169,0.755906
5148,0.250376,0.728745,0.775397,0.503351,0.206331,0.737090,0.957260,0.618271,0.566667,0.645080,0.276169,0.755906
5149,0.239850,0.704453,0.775620,0.508519,0.196087,0.735789,0.956160,0.618135,0.600000,0.645080,0.276169,0.755906
5150,0.261654,0.785425,0.775744,0.501020,0.212477,0.740592,0.956255,0.625668,0.666667,0.644239,0.276169,0.755906
5151,0.226316,0.767206,0.775446,0.489932,0.196906,0.740592,0.956064,0.628339,0.666667,0.649285,0.276169,0.755906
5152,0.234586,0.742915,0.775670,0.498796,0.189096,0.740592,0.957270,0.617491,0.666667,0.646762,0.276169,0.755906
5153,0.250376,0.743927,0.776017,0.502967,0.216702,0.749400,0.958333,0.616765,0.666667,0.647603,0.276169,0.755906
5154,0.268421,0.754049,0.775968,0.506295,0.204512,0.750600,0.956887,0.618052,0.666667,0.642557,0.276169,0.755906
5155,0.266917,0.802632,0.775968,0.504133,0.201875,0.752102,0.956160,0.623887,0.666667,0.645921,0.276169,0.755906
5156,0.230075,0.795547,0.776216,0.495376,0.203744,0.755905,0.955461,0.627928,0.666667,0.646762,0.276169,0.755906
5157,0.260902,0.818826,0.775943,0.494763,0.222259,0.760608,0.957567,0.630188,0.666667,0.650126,0.276169,0.755906
5158,0.294737,0.733806,0.776266,0.493919,0.183846,0.760608,0.956992,0.627517,0.666667,0.649285,0.276169,0.755906
5159,0.252632,0.715587,0.775720,0.503090,0.157366,0.760608,0.956275,0.621997,0.666667,0.649285,0.276169,0.755906
5160,0.276692,0.615385,0.775645,0.504470,0.167968,0.760608,0.956887,0.625832,0.666667,0.650967,0.276169,0.755906
5161,0.257895,0.772267,0.775347,0.502262,0.140080,0.760608,0.958361,0.629434,0.666667,0.652649,0.276169,0.755906
5162,0.248872,0.690283,0.775273,0.491711,0.138800,0.760608,0.956619,0.634091,0.666667,0.653490,0.276169,0.755906
5163,0.240602,0.682186,0.774975,0.490699,0.153653,0.765412,0.957337,0.627791,0.666667,0.652649,0.276169,0.756535
5164,0.240602,0.790486,0.774503,0.493091,0.107173,0.765512,0.957174,0.622367,0.666667,0.647603,0.276169,0.758976
5165,0.261654,0.671053,0.774726,0.499241,0.039591,0.764311,0.957710,0.621627,0.666667,0.650967,0.276169,0.760866
5166,0.273684,0.768219,0.774701,0.503627,0.062076,0.766613,0.955269,0.623408,0.666667,0.650126,0.276169,0.758661
5167,0.263158,0.718623,0.774279,0.498459,0.055366,0.769916,0.957193,0.629407,0.666667,0.651808,0.256960,0.755906
5168,0.230827,0.773279,0.774503,0.496005,0.116495,0.760909,0.955011,0.626353,0.666667,0.650126,0.248330,0.757638
5169,0.292481,0.750000,0.774130,0.497370,0.091014,0.770616,0.954820,0.626626,0.666667,0.651808,0.261693,0.761969
5170,0.233835,0.643725,0.774230,0.497125,0.150939,0.765913,0.956887,0.626407,0.666667,0.647603,0.256960,0.758031
5171,0.236842,0.852227,0.774403,0.490699,0.185408,0.769416,0.955853,0.630051,0.666667,0.648444,0.276169,0.763780
5172,0.272180,0.609312,0.774478,0.505007,0.227279,0.760608,0.957528,0.624983,0.666667,0.650126,0.267261,0.759843
5173,0.246617,0.650810,0.774627,0.495790,0.227611,0.760608,0.957050,0.632585,0.666667,0.647603,0.262249,0.757323
5174,0.244361,0.760121,0.774577,0.479320,0.220876,0.758407,0.957500,0.631900,0.666667,0.648444,0.262249,0.755906
5175,0.240602,0.717611,0.774900,0.477786,0.209941,0.750600,0.956638,0.622134,0.666667,0.645080,0.248330,0.755906
5176,0.233835,0.637652,0.775173,0.501848,0.222951,0.747598,0.956093,0.611834,0.666667,0.640034,0.248330,0.759685
5177,0.222556,0.646761,0.775844,0.505038,0.208994,0.732386,0.957117,0.617792,0.666667,0.641716,0.248330,0.759606
5178,0.225564,0.776316,0.775993,0.500468,0.208789,0.722078,0.956992,0.622997,0.666667,0.644239,0.234967,0.755906
5179,0.239850,0.757085,0.776216,0.497784,0.212041,0.720576,0.956227,0.622586,0.666667,0.645080,0.248330,0.755906
5180,0.252632,0.727733,0.776340,0.503995,0.221363,0.720576,0.957672,0.622244,0.666667,0.640875,0.246938,0.755906
5181,0.229323,0.742915,0.776638,0.506127,0.221337,0.720576,0.957318,0.626229,0.666667,0.644239,0.220490,0.755906
5182,0.248120,0.828947,0.776514,0.494165,0.237548,0.715372,0.956035,0.632516,0.666667,0.644239,0.220490,0.755906
5183,0.245865,0.698381,0.776911,0.483491,0.231017,0.710568,0.957136,0.628270,0.666667,0.644239,0.220490,0.755906
5184,0.249624,0.760121,0.777259,0.497232,0.238854,0.710568,0.957576,0.620764,0.666667,0.644239,0.234688,0.755906
5185,0.250376,0.741903,0.777334,0.505467,0.233860,0.710568,0.956476,0.621079,0.666667,0.645080,0.239143,0.755906
5186,0.218797,0.763158,0.777458,0.508243,0.227253,0.710568,0.955920,0.625257,0.666667,0.644239,0.248330,0.755906
5187,0.242857,0.775304,0.777358,0.496020,0.233271,0.710568,0.956399,0.631146,0.666667,0.645080,0.248330,0.755906
5188,0.252632,0.715587,0.778203,0.492539,0.215396,0.710568,0.958074,0.628818,0.666667,0.645080,0.248330,0.755906
5189,0.269925,0.661943,0.778153,0.497784,0.226357,0.710568,0.957481,0.625394,0.666667,0.646762,0.248330,0.755906
5190,0.275188,0.721660,0.778426,0.503290,0.237881,0.710568,0.955777,0.627380,0.666667,0.646762,0.248330,0.755906
5191,0.239098,0.712551,0.778128,0.502722,0.240160,0.718575,0.955853,0.627065,0.666667,0.646762,0.253341,0.755906
5192,0.262406,0.840081,0.778501,0.504777,0.236318,0.720576,0.956236,0.631996,0.666667,0.649285,0.276169,0.755906
5193,0.238346,0.728745,0.778376,0.503550,0.234910,0.720576,0.955317,0.631009,0.666667,0.649285,0.276169,0.755906
5194,0.246617,0.671053,0.777954,0.500238,0.238060,0.720576,0.955461,0.631831,0.666667,0.649285,0.276169,0.755906
5195,0.248120,0.737854,0.777930,0.489426,0.234244,0.720576,0.955796,0.634160,0.666667,0.649285,0.276169,0.755906
5196,0.250376,0.750000,0.778327,0.481344,0.217470,0.720576,0.955997,0.636283,0.666667,0.649285,0.276169,0.755906
5197,0.272180,0.682186,0.778004,0.493797,0.223207,0.720576,0.957528,0.632105,0.666667,0.649285,0.276169,0.759055
5198,0.240602,0.659919,0.777507,0.485761,0.211119,0.720576,0.956543,0.632585,0.666667,0.650126,0.276169,0.763780
5199,0.249624,0.687247,0.777855,0.481804,0.228661,0.718575,0.958342,0.631146,0.666667,0.647603,0.276169,0.763780
5200,0.272180,0.793522,0.777731,0.488828,0.232452,0.710568,0.957241,0.629160,0.666667,0.649285,0.276169,0.763780
5201,0.295489,0.828947,0.777582,0.485607,0.216933,0.710568,0.956131,0.634502,0.666667,0.647603,0.276169,0.763780
5202,0.277444,0.864372,0.777706,0.476513,0.210428,0.710568,0.955011,0.637652,0.666667,0.649285,0.276169,0.763780
5203,0.282707,0.637652,0.777433,0.483108,0.207765,0.705364,0.956351,0.629640,0.666667,0.650126,0.276169,0.763780
5204,0.287218,0.655870,0.777309,0.497554,0.211043,0.710568,0.955700,0.623408,0.666667,0.647603,0.276169,0.763780
5205,0.290977,0.648785,0.776812,0.505114,0.211683,0.710568,0.955604,0.623819,0.666667,0.648444,0.272550,0.763780
5206,0.293233,0.663968,0.776514,0.504762,0.197880,0.705765,0.956992,0.628202,0.666667,0.645921,0.248330,0.763780
5207,0.261654,0.706478,0.776117,0.514577,0.215524,0.700861,0.955959,0.634762,0.666667,0.652649,0.248330,0.760157
5208,0.260902,0.636640,0.775893,0.496910,0.228431,0.700560,0.956236,0.644775,0.666667,0.656013,0.248330,0.759685
5209,0.280451,0.658907,0.776315,0.471498,0.235858,0.700560,0.956897,0.645802,0.666667,0.656013,0.248330,0.763780
5210,0.251880,0.744939,0.776464,0.468263,0.234244,0.700560,0.956657,0.640049,0.666667,0.656013,0.248330,0.763780
5211,0.291729,0.603239,0.776415,0.479688,0.238162,0.700560,0.955710,0.635324,0.666667,0.648444,0.248330,0.763780
5212,0.284211,0.657895,0.776489,0.490193,0.234833,0.707566,0.957385,0.634434,0.666667,0.650967,0.248330,0.763780
5213,0.292481,0.739879,0.776390,0.495882,0.250583,0.710568,0.956925,0.631009,0.666667,0.652649,0.248330,0.763780
5214,0.258647,0.714575,0.776017,0.500468,0.242106,0.713371,0.956179,0.631352,0.666667,0.650967,0.248330,0.763780
5215,0.282707,0.645749,0.775993,0.486175,0.227560,0.715773,0.956571,0.642515,0.666667,0.656013,0.271993,0.763780
5216,0.264662,0.689271,0.776092,0.474336,0.238367,0.720576,0.955346,0.645870,0.666667,0.656013,0.276169,0.763780
5217,0.301504,0.688259,0.776117,0.471529,0.238214,0.720576,0.956705,0.640803,0.666667,0.656013,0.276169,0.763780
5218,0.280451,0.761134,0.775968,0.480393,0.237189,0.725380,0.956141,0.632037,0.666667,0.650967,0.276169,0.763780
5219,0.264662,0.728745,0.776291,0.489978,0.249251,0.720576,0.956992,0.630462,0.666667,0.652649,0.276169,0.763780
5220,0.268421,0.799595,0.776191,0.494303,0.235653,0.725280,0.956255,0.631557,0.666667,0.650967,0.276169,0.763780
5221,0.308271,0.777328,0.776067,0.493919,0.233732,0.720576,0.957241,0.636968,0.666667,0.650967,0.276169,0.763780
5222,0.254135,0.709514,0.776315,0.491190,0.242593,0.726381,0.956973,0.640392,0.666667,0.651808,0.276169,0.763780
5223,0.265414,0.605263,0.776191,0.484519,0.237753,0.730584,0.957117,0.641008,0.666667,0.654331,0.276169,0.763780
5224,0.284211,0.729757,0.775918,0.484411,0.238393,0.730584,0.957213,0.636077,0.666667,0.653490,0.276169,0.763780
5225,0.253383,0.741903,0.775521,0.484718,0.245128,0.736990,0.957193,0.634625,0.666667,0.648444,0.276169,0.763780
5226,0.301504,0.756073,0.775794,0.493183,0.249353,0.740592,0.956925,0.632722,0.666667,0.654331,0.276169,0.763780
5227,0.248120,0.782389,0.775521,0.504501,0.251428,0.740592,0.956543,0.630763,0.666667,0.649285,0.276169,0.763780
5228,0.277444,0.608300,0.774900,0.500544,0.269123,0.749400,0.956504,0.636926,0.666667,0.650967,0.276169,0.763780
5229,0.267669,0.634615,0.774776,0.491665,0.254680,0.750600,0.954791,0.640734,0.666667,0.655172,0.276169,0.763780
5230,0.263910,0.731781,0.774528,0.488199,0.252759,0.750600,0.956543,0.640323,0.666667,0.654331,0.268653,0.763780
5231,0.251880,0.758097,0.774652,0.485546,0.270916,0.750600,0.957883,0.636762,0.666667,0.654331,0.261693,0.763780
5232,0.269925,0.700405,0.774329,0.492769,0.256498,0.750600,0.956102,0.632187,0.666667,0.653490,0.248330,0.763780
5233,0.256391,0.678138,0.774155,0.496879,0.272120,0.750600,0.955174,0.632790,0.666667,0.649285,0.248330,0.763780
5234,0.271429,0.704453,0.774056,0.496189,0.244001,0.755104,0.956064,0.634434,0.666667,0.654331,0.271437,0.763780
5235,0.284211,0.692308,0.773783,0.494640,0.273759,0.755805,0.956763,0.639091,0.666667,0.656013,0.276169,0.763780
5236,0.266917,0.756073,0.773509,0.491466,0.259443,0.754303,0.956188,0.640323,0.666667,0.652649,0.265590,0.763780
5237,0.263910,0.849190,0.773336,0.490055,0.254706,0.752402,0.956208,0.640871,0.666667,0.650126,0.259465,0.763780
5238,0.257895,0.755061,0.773063,0.492739,0.232272,0.753603,0.955298,0.635529,0.666667,0.653490,0.263085,0.763780
5239,0.233083,0.715587,0.773013,0.501004,0.237471,0.750600,0.955748,0.635598,0.666667,0.652649,0.250278,0.763780
5240,0.272180,0.761134,0.772442,0.499824,0.247510,0.753603,0.955997,0.636009,0.666667,0.651808,0.248330,0.763780
5241,0.292481,0.784413,0.772243,0.499747,0.239187,0.755805,0.956351,0.647993,0.666667,0.655172,0.261414,0.763780
5242,0.285714,0.796559,0.771995,0.480455,0.253912,0.760608,0.955585,0.649500,0.666667,0.656854,0.248330,0.763780
5243,0.230075,0.675101,0.772119,0.474443,0.250198,0.760608,0.956476,0.640734,0.666667,0.654331,0.250278,0.763780
5244,0.254135,0.743927,0.771796,0.483215,0.238188,0.764912,0.958237,0.630325,0.666667,0.651808,0.274220,0.763780
5245,0.264662,0.861336,0.771920,0.492493,0.222874,0.761109,0.956763,0.629434,0.666667,0.649285,0.264477,0.763780
5246,0.268421,0.757085,0.771722,0.498413,0.251991,0.770416,0.956131,0.628476,0.666667,0.653490,0.276169,0.763780
5247,0.251128,0.710526,0.771200,0.500636,0.235832,0.770616,0.953891,0.628202,0.666667,0.655172,0.276169,0.763780
5248,0.292481,0.714575,0.771200,0.498413,0.238751,0.770616,0.957280,0.635666,0.666667,0.653490,0.276169,0.763780
5249,0.278947,0.768219,0.771250,0.494502,0.238623,0.770616,0.956208,0.644569,0.666667,0.656013,0.276169,0.763780
5250,0.278947,0.763158,0.770728,0.494932,0.234551,0.772218,0.956093,0.643816,0.666667,0.660219,0.270323,0.763780
5251,0.296241,0.791498,0.770679,0.495453,0.230326,0.780624,0.956428,0.642309,0.666667,0.664424,0.268374,0.763780
5252,0.250376,0.648785,0.770182,0.496787,0.216651,0.780624,0.957146,0.638885,0.666667,0.656013,0.276169,0.763780
5253,0.272180,0.789474,0.769983,0.497063,0.232887,0.780624,0.956954,0.636694,0.666667,0.656854,0.276169,0.763780
5254,0.275940,0.657895,0.769338,0.488291,0.220415,0.780624,0.956131,0.640803,0.666667,0.654331,0.276169,0.763780
5255,0.267669,0.670040,0.769536,0.482663,0.222438,0.780624,0.956351,0.641350,0.666667,0.657696,0.276169,0.763780
5256,0.280451,0.700405,0.769338,0.479933,0.212733,0.780624,0.956610,0.641309,0.666667,0.655172,0.276169,0.763780
5257,0.269173,0.672065,0.769487,0.489702,0.215038,0.780624,0.955135,0.632037,0.666667,0.657696,0.276169,0.763780
5258,0.242105,0.733806,0.769586,0.490745,0.219622,0.780624,0.955135,0.632585,0.666667,0.651808,0.276169,0.763780
5259,0.230827,0.807692,0.769238,0.492033,0.211657,0.780624,0.956380,0.634434,0.666667,0.654331,0.276169,0.763780
5260,0.257895,0.862348,0.769214,0.491849,0.199570,0.780624,0.955585,0.638269,0.666667,0.652649,0.276169,0.763780
5261,0.279699,0.709514,0.769040,0.489978,0.204973,0.780624,0.956093,0.633886,0.666667,0.656854,0.263085,0.763780
5262,0.267669,0.692308,0.768692,0.501618,0.220800,0.780624,0.956887,0.630147,0.666667,0.653490,0.276169,0.763780
5263,0.294737,0.713563,0.769114,0.501051,0.237701,0.782326,0.956275,0.636351,0.666667,0.652649,0.248330,0.763780
5264,0.290977,0.769231,0.769164,0.498704,0.225332,0.783827,0.957289,0.641282,0.666667,0.655172,0.262806,0.763780
5265,0.309774,0.731781,0.768891,0.493030,0.193552,0.780624,0.956811,0.642789,0.666667,0.658537,0.274220,0.763780
5266,0.281955,0.708502,0.769214,0.493889,0.198827,0.780624,0.957050,0.638406,0.666667,0.656013,0.248330,0.763780
5267,0.287218,0.716599,0.769015,0.502093,0.250250,0.780624,0.955710,0.637652,0.666667,0.653490,0.248330,0.763780
5268,0.294737,0.798583,0.768593,0.503995,0.247381,0.780624,0.956035,0.639200,0.666667,0.656854,0.248330,0.763780
5269,0.276692,0.746964,0.768518,0.505268,0.241133,0.780624,0.956973,0.644638,0.666667,0.659378,0.248330,0.763780
5270,0.256391,0.715587,0.768469,0.501925,0.217496,0.780624,0.956849,0.648336,0.666667,0.658537,0.248330,0.763780
5271,0.283459,0.718623,0.767997,0.499977,0.224538,0.780825,0.956342,0.646583,0.666667,0.656854,0.248330,0.763780
5272,0.277444,0.798583,0.767823,0.501235,0.224026,0.785328,0.956351,0.645802,0.666667,0.660219,0.248330,0.763780
5273,0.296992,0.715587,0.767252,0.503228,0.198213,0.785428,0.957308,0.643063,0.666667,0.654331,0.248330,0.763780
5274,0.276692,0.761134,0.767227,0.501802,0.213885,0.780624,0.956380,0.646007,0.666667,0.654331,0.248330,0.763780
5275,0.290977,0.693320,0.767177,0.499026,0.206971,0.780624,0.957500,0.639228,0.666667,0.657696,0.248330,0.765906
5276,0.319549,0.658907,0.767078,0.499440,0.231325,0.780624,0.957452,0.640940,0.666667,0.653490,0.257238,0.765591
5277,0.278947,0.670040,0.766457,0.498167,0.202796,0.782926,0.957806,0.641214,0.666667,0.656013,0.276169,0.763780
5278,0.281955,0.752024,0.766358,0.502814,0.212553,0.785829,0.956753,0.636694,0.666667,0.653490,0.266425,0.763780
5279,0.306015,0.746964,0.765936,0.501863,0.186868,0.790633,0.956983,0.642597,0.666667,0.654331,0.248330,0.763780
5280,0.288722,0.823887,0.765886,0.489564,0.217368,0.790633,0.954178,0.649021,0.666667,0.656854,0.261414,0.763780
5281,0.281955,0.795547,0.765812,0.475639,0.196138,0.790633,0.956370,0.653883,0.666667,0.659378,0.248886,0.763780
5282,0.312030,0.684211,0.765712,0.490852,0.186279,0.790633,0.956495,0.635735,0.666667,0.656854,0.248330,0.763780
5283,0.296241,0.743927,0.765439,0.514439,0.198853,0.790633,0.957069,0.635598,0.666667,0.656013,0.250278,0.767717
5284,0.281955,0.693320,0.764719,0.517352,0.197444,0.790633,0.956179,0.644638,0.666667,0.650967,0.276169,0.763780
5285,0.279699,0.652834,0.764247,0.513549,0.179313,0.790633,0.956332,0.651486,0.666667,0.656854,0.258909,0.763780
5286,0.310526,0.717611,0.764123,0.498520,0.190043,0.790633,0.956236,0.652513,0.666667,0.658537,0.252506,0.763780
5287,0.261654,0.742915,0.763552,0.496434,0.187431,0.790633,0.956093,0.649788,0.666667,0.657696,0.260301,0.767953
5288,0.299248,0.617409,0.763602,0.496756,0.189249,0.790633,0.956543,0.645939,0.666667,0.656013,0.248330,0.767874
5289,0.272932,0.861336,0.763229,0.500422,0.184512,0.790633,0.955212,0.639570,0.666667,0.655172,0.248330,0.771654
5290,0.266917,0.714575,0.762931,0.506985,0.165126,0.790633,0.957002,0.639638,0.666667,0.652649,0.248330,0.770236
5291,0.279699,0.635628,0.762881,0.502216,0.186330,0.790633,0.956399,0.643542,0.666667,0.653490,0.248330,0.763780
5292,0.272932,0.838057,0.762708,0.503044,0.184793,0.787330,0.955135,0.640597,0.666667,0.652649,0.248330,0.763780
5293,0.257143,0.750000,0.762360,0.497569,0.209557,0.780624,0.956801,0.642104,0.666667,0.653490,0.248330,0.765906
5294,0.269925,0.665992,0.762211,0.498520,0.208328,0.780624,0.956093,0.641008,0.666667,0.648444,0.248330,0.765354
5295,0.233835,0.773279,0.761988,0.500238,0.215294,0.776121,0.957758,0.644501,0.666667,0.654331,0.248330,0.763780
5296,0.305263,0.751012,0.761739,0.487371,0.203872,0.780124,0.956227,0.650664,0.666667,0.656013,0.248330,0.763780
5297,0.315789,0.692308,0.761789,0.479074,0.192476,0.780624,0.955681,0.650322,0.666667,0.654331,0.248330,0.763780
5298,0.327068,0.760121,0.761541,0.474796,0.197239,0.780624,0.957682,0.642775,0.666667,0.652649,0.248330,0.767480
5299,0.311278,0.745951,0.761516,0.483690,0.186253,0.780624,0.956543,0.634023,0.666667,0.652649,0.248330,0.763937
5300,0.278947,0.855263,0.761714,0.495683,0.195370,0.781926,0.955375,0.632379,0.666667,0.654331,0.248330,0.763780
5301,0.291729,0.722672,0.761541,0.503121,0.222695,0.784127,0.957576,0.642789,0.666667,0.655172,0.248330,0.763780
5302,0.266165,0.548583,0.761888,0.474780,0.201388,0.780624,0.955987,0.659293,0.666667,0.656013,0.248330,0.763780
5303,0.290226,0.907895,0.762112,0.460380,0.188712,0.780624,0.957337,0.648541,0.666667,0.655172,0.248330,0.763780
5304,0.318045,0.718623,0.762261,0.503152,0.217163,0.777922,0.955566,0.627585,0.666667,0.650126,0.248330,0.763780
5305,0.283459,0.773279,0.762186,0.529008,0.193987,0.778423,0.955968,0.628476,0.666667,0.647603,0.248330,0.763780
5306,0.280451,0.695344,0.761739,0.513181,0.188712,0.780624,0.957366,0.637748,0.666667,0.654331,0.248330,0.763780
5307,0.290226,0.714575,0.761392,0.503842,0.188020,0.780624,0.956571,0.644775,0.666667,0.656854,0.248330,0.763780
5308,0.303759,0.503036,0.760895,0.513963,0.193193,0.775821,0.956141,0.653198,0.666667,0.656854,0.248330,0.763780
5309,0.299248,0.834008,0.760895,0.471406,0.181208,0.780624,0.956705,0.666416,0.666667,0.660219,0.248330,0.763780
5310,0.288722,0.741903,0.761367,0.460027,0.179774,0.780624,0.955030,0.653938,0.666667,0.656013,0.248330,0.763780
5311,0.302256,0.769231,0.761541,0.492416,0.205229,0.780624,0.956466,0.633612,0.666667,0.649285,0.248330,0.767559
5312,0.314286,0.708502,0.761044,0.508182,0.198981,0.780624,0.954963,0.634160,0.666667,0.652649,0.248330,0.763780
5313,0.314286,0.576923,0.760945,0.509071,0.191477,0.780624,0.954121,0.637995,0.666667,0.650967,0.248330,0.763780
5314,0.312782,0.774291,0.760373,0.499778,0.204692,0.780624,0.956418,0.648884,0.666667,0.654331,0.248330,0.763780
5315,0.320301,0.920040,0.760175,0.496603,0.222285,0.780624,0.957040,0.650048,0.666667,0.656854,0.248330,0.763780
5316,0.290977,0.633603,0.759629,0.495836,0.217624,0.782826,0.957595,0.648199,0.666667,0.656013,0.248330,0.763780
5317,0.307519,0.711538,0.759082,0.494533,0.184717,0.783327,0.957835,0.644980,0.666667,0.656013,0.251949,0.763780
5318,0.303008,0.672065,0.758437,0.503780,0.219673,0.780624,0.956332,0.641487,0.666667,0.653490,0.258073,0.767717
5319,0.303008,0.723684,0.758213,0.503734,0.214961,0.780624,0.956351,0.644295,0.666667,0.655172,0.248330,0.763780
5320,0.296992,0.686235,0.757642,0.503688,0.220620,0.780624,0.955490,0.644021,0.666667,0.656854,0.253898,0.763780
5321,0.318045,0.721660,0.757567,0.500360,0.234423,0.780624,0.955078,0.647377,0.666667,0.655172,0.276169,0.763780
5322,0.297744,0.766194,0.757121,0.497201,0.221747,0.780624,0.957586,0.647363,0.666667,0.658537,0.276169,0.763780
5323,0.327068,0.665992,0.756475,0.490822,0.219519,0.780624,0.956208,0.650185,0.666667,0.657696,0.276169,0.763780
5324,0.293233,0.845142,0.756549,0.488245,0.210197,0.780624,0.957787,0.648952,0.666667,0.659378,0.276169,0.763780
5325,0.314286,0.731781,0.756202,0.489319,0.221004,0.785428,0.955681,0.649089,0.666667,0.657696,0.276169,0.766929
5326,0.302256,0.746964,0.755680,0.495192,0.231171,0.780624,0.955174,0.644501,0.666667,0.656013,0.276169,0.767717
5327,0.295489,0.826923,0.754960,0.502339,0.229865,0.780624,0.956217,0.645583,0.666667,0.655172,0.276169,0.771654
5328,0.295489,0.873482,0.754265,0.501741,0.210940,0.780624,0.956351,0.648747,0.666667,0.659378,0.276169,0.771654
5329,0.317293,0.726721,0.753743,0.497554,0.216369,0.780624,0.955298,0.654431,0.666667,0.661901,0.261414,0.771654
5330,0.278195,0.811741,0.753321,0.491619,0.222080,0.780624,0.957662,0.655253,0.666667,0.661901,0.248330,0.771654
5331,0.326316,0.754049,0.752998,0.489165,0.202771,0.780624,0.956255,0.654020,0.666667,0.661901,0.248330,0.771654
5332,0.311278,0.863360,0.752551,0.494487,0.201055,0.780624,0.956035,0.648678,0.666667,0.661060,0.248330,0.771654
5333,0.290977,0.541498,0.752104,0.501587,0.209583,0.780624,0.955940,0.646692,0.666667,0.656854,0.248330,0.771654
5334,0.284211,0.839069,0.752030,0.489503,0.212246,0.786029,0.954628,0.642843,0.666667,0.657696,0.248330,0.771654
5335,0.307519,0.692308,0.751136,0.514193,0.220287,0.785428,0.957136,0.636557,0.666667,0.653490,0.248330,0.771654
5336,0.281203,0.694332,0.751310,0.514592,0.244565,0.787430,0.956093,0.647719,0.666667,0.655172,0.248330,0.771654
5337,0.296992,0.781377,0.750565,0.505038,0.225998,0.788131,0.956878,0.652719,0.666667,0.659378,0.248330,0.771654
5338,0.303008,0.922065,0.750366,0.501971,0.191708,0.785328,0.957050,0.650801,0.666667,0.658537,0.248330,0.771654
5339,0.283459,0.727733,0.749944,0.502277,0.226485,0.788631,0.956657,0.647035,0.666667,0.658537,0.248330,0.771654
5340,0.286466,0.698381,0.749646,0.498367,0.221849,0.790633,0.955155,0.643884,0.666667,0.655172,0.248330,0.771654
5341,0.312782,0.574899,0.749050,0.507952,0.209378,0.786429,0.956801,0.645596,0.666667,0.656854,0.248330,0.771654
5342,0.309023,0.590081,0.748479,0.505145,0.240570,0.789832,0.957308,0.647514,0.666667,0.657696,0.248330,0.771654
5343,0.306015,0.778340,0.748355,0.502814,0.238879,0.790633,0.955269,0.647309,0.666667,0.656854,0.248330,0.771654
5344,0.299248,0.770243,0.747982,0.503688,0.226126,0.790633,0.955394,0.644843,0.666667,0.655172,0.248330,0.771654
5345,0.298496,0.622470,0.747684,0.504808,0.188276,0.790633,0.954408,0.650801,0.666667,0.657696,0.248330,0.771654
5346,0.296241,0.887652,0.747064,0.491849,0.182975,0.790633,0.956035,0.646555,0.666667,0.658537,0.248330,0.771654
5347,0.278195,0.737854,0.746939,0.510405,0.201644,0.790633,0.955231,0.641172,0.666667,0.655172,0.248330,0.767638
5348,0.305263,0.822874,0.746319,0.509639,0.201670,0.790633,0.956801,0.645391,0.666667,0.654331,0.248330,0.771654
5349,0.288722,0.861336,0.745897,0.499670,0.205460,0.790633,0.958390,0.646829,0.666667,0.657696,0.248330,0.768110
5350,0.285714,0.873482,0.745996,0.503581,0.177393,0.790633,0.956093,0.641350,0.666667,0.652649,0.248330,0.771496
5351,0.284211,0.688259,0.745251,0.500820,0.175600,0.790633,0.956227,0.649774,0.666667,0.653490,0.248330,0.763780
5352,0.319549,0.741903,0.744779,0.497585,0.188609,0.794436,0.957576,0.646843,0.666667,0.651808,0.248330,0.767480
5353,0.312782,0.660931,0.744431,0.494962,0.191068,0.796637,0.957165,0.647719,0.666667,0.650126,0.248330,0.771102
5354,0.324812,0.675101,0.744084,0.493107,0.192118,0.799740,0.957576,0.649117,0.666667,0.646762,0.248330,0.768346
5355,0.320301,0.587045,0.743786,0.487325,0.183154,0.800641,0.957768,0.650801,0.666667,0.650126,0.248330,0.766772
5356,0.288722,0.821862,0.743488,0.482372,0.160696,0.800641,0.955394,0.648952,0.666667,0.656854,0.248330,0.768740
5357,0.305263,0.843117,0.743041,0.482387,0.191785,0.800641,0.957241,0.643610,0.666667,0.652649,0.248330,0.770315
5358,0.290977,0.790486,0.742743,0.490806,0.157674,0.800641,0.957002,0.637721,0.666667,0.650967,0.248330,0.768898
5359,0.283459,0.702429,0.743165,0.490469,0.184256,0.800641,0.956590,0.636968,0.666667,0.646762,0.248330,0.766299
5360,0.224812,0.811741,0.743165,0.496680,0.169044,0.800641,0.956638,0.632105,0.666667,0.646762,0.248330,0.763780
5361,0.268421,0.764170,0.743190,0.506955,0.169556,0.800641,0.956849,0.627448,0.666667,0.645921,0.248330,0.763780
5362,0.296992,0.672065,0.742346,0.506127,0.165740,0.800641,0.956179,0.635392,0.666667,0.651808,0.248330,0.763780
5363,0.303008,0.703441,0.742296,0.498980,0.175702,0.800641,0.956925,0.646624,0.666667,0.656013,0.234410,0.763780
5364,0.262406,0.748988,0.742072,0.490592,0.164460,0.800641,0.956409,0.648856,0.666667,0.656013,0.248330,0.763780
5365,0.278947,0.782389,0.741973,0.489273,0.162463,0.800641,0.954820,0.644843,0.666667,0.655172,0.248330,0.763780
5366,0.293985,0.683198,0.741625,0.486359,0.174806,0.800641,0.957241,0.643405,0.666667,0.652649,0.248330,0.763780
5367,0.327068,0.763158,0.741253,0.486972,0.167354,0.800641,0.955585,0.640392,0.666667,0.650967,0.248330,0.763780
5368,0.290977,0.739879,0.740881,0.493521,0.164742,0.800641,0.952637,0.642597,0.666667,0.650126,0.248330,0.763780
5369,0.291729,0.700405,0.741104,0.496710,0.171272,0.800641,0.956763,0.638337,0.666667,0.652649,0.248330,0.763780
5370,0.263910,0.816802,0.740533,0.497723,0.185306,0.800641,0.956456,0.641652,0.666667,0.653490,0.248330,0.763780
5371,0.253383,0.701417,0.740533,0.497493,0.182924,0.800641,0.957021,0.641350,0.666667,0.654331,0.248330,0.763780
5372,0.272180,0.770243,0.739788,0.498673,0.185408,0.800641,0.956016,0.641282,0.666667,0.650967,0.248330,0.763780
5373,0.303759,0.643725,0.739664,0.483399,0.180209,0.800641,0.954772,0.627037,0.666667,0.648444,0.248330,0.763780
5374,0.272180,0.685223,0.740334,0.505774,0.184435,0.800641,0.957423,0.622586,0.666667,0.649285,0.248330,0.763780
5375,0.271429,0.756073,0.740260,0.517582,0.173141,0.800641,0.956610,0.644980,0.666667,0.650967,0.234410,0.763780
5376,0.305263,0.670040,0.740210,0.463647,0.171631,0.800641,0.957500,0.627380,0.666667,0.647603,0.248330,0.763780
5377,0.315038,0.755061,0.740185,0.526922,0.172860,0.800641,0.957375,0.620805,0.666667,0.643398,0.248330,0.763780
5378,0.306767,0.849190,0.740384,0.599445,0.178903,0.800641,0.957854,0.663950,0.666667,0.650126,0.248330,0.763780
5379,0.300752,0.706478,0.740185,0.474474,0.180568,0.800641,0.957308,0.688262,0.666667,0.661060,0.248330,0.763780
5380,0.318797,0.700405,0.739689,0.441440,0.186176,0.800641,0.956160,0.684016,0.666667,0.664424,0.248330,0.764882
5381,0.279699,0.662955,0.739440,0.501281,0.182489,0.800641,0.954877,0.682646,0.666667,0.656013,0.248330,0.771654
5382,0.311278,0.772267,0.738099,0.414756,0.181080,0.800641,0.954676,0.649130,0.500000,0.661060,0.248330,0.771654
5383,0.295489,0.818826,0.738447,0.521769,0.166765,0.800641,0.956447,0.642035,0.666667,0.647603,0.248330,0.771654
5384,0.318797,0.633603,0.738099,0.494686,0.181874,0.800641,0.955786,0.644186,0.666667,0.654331,0.248330,0.771654
5385,0.254135,0.760121,0.737702,0.500514,0.178110,0.800641,0.954839,0.643953,0.666667,0.650967,0.248330,0.771654
5386,0.290977,0.706478,0.737156,0.500468,0.181055,0.800641,0.955585,0.645802,0.666667,0.653490,0.248330,0.771654
5387,0.278947,0.653846,0.737007,0.498643,0.173756,0.800641,0.956543,0.645062,0.666667,0.653490,0.248330,0.771654
5388,0.275188,0.696356,0.736162,0.493321,0.171118,0.800641,0.957500,0.646939,0.666667,0.653490,0.248330,0.771654
5389,0.274436,0.830972,0.736063,0.482540,0.187892,0.800641,0.956610,0.648404,0.666667,0.655172,0.248330,0.767717
5390,0.316541,0.676113,0.735616,0.486911,0.148301,0.800641,0.956667,0.639022,0.666667,0.648444,0.248330,0.771417
5391,0.274436,0.687247,0.735318,0.499563,0.175216,0.800641,0.957500,0.633269,0.666667,0.648444,0.248330,0.767717
5392,0.257895,0.753036,0.735169,0.510068,0.168045,0.800641,0.955700,0.632311,0.666667,0.645921,0.248330,0.767717
5393,0.292481,0.539474,0.735219,0.511908,0.174473,0.800641,0.955844,0.634776,0.666667,0.645921,0.248330,0.763780
5394,0.271429,0.786437,0.734623,0.510221,0.195549,0.793635,0.955844,0.640323,0.666667,0.649285,0.248330,0.763780
5395,0.285714,0.719636,0.734772,0.504777,0.201081,0.788131,0.956925,0.643542,0.666667,0.646762,0.248330,0.763780
5396,0.304511,0.580972,0.734300,0.500100,0.196497,0.780624,0.957050,0.641830,0.666667,0.646762,0.248330,0.763780
5397,0.239850,0.767206,0.734697,0.503765,0.213322,0.780624,0.956610,0.634091,0.666667,0.645080,0.248330,0.763780
5398,0.199248,0.766194,0.735318,0.521646,0.207457,0.780624,0.956351,0.603890,0.666667,0.640875,0.227450,0.763780
5399,0.190226,0.597166,0.736336,0.515727,0.215729,0.776421,0.956476,0.600260,0.666667,0.633305,0.220490,0.763780
5400,0.209774,0.682186,0.737280,0.493429,0.230147,0.779924,0.955652,0.617655,0.666667,0.635828,0.229677,0.763780
5401,0.239850,0.834008,0.738546,0.478553,0.209762,0.780624,0.955509,0.627722,0.666667,0.641716,0.224944,0.757480
5402,0.252632,0.929150,0.739093,0.476452,0.210223,0.780624,0.956696,0.621148,0.666667,0.641716,0.220490,0.755906
5403,0.272932,0.852227,0.740384,0.487708,0.179416,0.780624,0.955681,0.611012,0.666667,0.635828,0.220490,0.755906
5404,0.254887,0.787449,0.741402,0.496281,0.205742,0.780624,0.956543,0.615327,0.666667,0.633305,0.233853,0.755906
5405,0.262406,0.743927,0.741700,0.496112,0.203770,0.780624,0.956160,0.628133,0.666667,0.642557,0.233575,0.755906
5406,0.251880,0.800607,0.741625,0.495254,0.219340,0.780624,0.956016,0.624709,0.666667,0.640034,0.248330,0.755906
5407,0.272932,0.675101,0.742495,0.491665,0.227202,0.780624,0.955844,0.629982,0.666667,0.638352,0.248330,0.755906
5408,0.247368,0.658907,0.742668,0.496388,0.221491,0.780624,0.955317,0.621764,0.666667,0.642557,0.248330,0.755906
5409,0.270677,0.668016,0.743041,0.500698,0.229686,0.783927,0.955279,0.619778,0.666667,0.639193,0.248330,0.755906
5410,0.281955,0.708502,0.743190,0.503658,0.209583,0.782126,0.956093,0.623613,0.666667,0.639193,0.248330,0.755906
5411,0.263910,0.834008,0.743587,0.505191,0.223488,0.780624,0.956064,0.627517,0.666667,0.639193,0.248330,0.755906
5412,0.275940,0.527328,0.743662,0.501235,0.219903,0.789832,0.956112,0.630119,0.666667,0.640875,0.248330,0.755906
5413,0.272932,0.617409,0.743960,0.502584,0.219109,0.790633,0.956227,0.629845,0.666667,0.641716,0.248330,0.755906
5414,0.242857,0.746964,0.744034,0.498873,0.229763,0.790633,0.957088,0.629160,0.666667,0.639193,0.248330,0.755906
5415,0.253383,0.778340,0.744233,0.496250,0.229353,0.790633,0.956351,0.632859,0.666667,0.645921,0.271158,0.755906
5416,0.268421,0.620445,0.744605,0.495315,0.231043,0.790633,0.955624,0.633995,0.666667,0.640034,0.248330,0.755906
5417,0.286466,0.697368,0.744481,0.494655,0.253348,0.790633,0.956045,0.631968,0.666667,0.640875,0.248330,0.755906
5418,0.290977,0.685223,0.744630,0.501557,0.244155,0.790633,0.956992,0.627928,0.666667,0.642557,0.248330,0.755906
5419,0.269925,0.652834,0.744953,0.501787,0.239212,0.790633,0.956543,0.631626,0.666667,0.641716,0.248330,0.755906
5420,0.287970,0.798583,0.745003,0.500130,0.212272,0.790633,0.954178,0.635598,0.666667,0.640034,0.248330,0.755906
5421,0.248872,0.841093,0.744506,0.504378,0.298676,0.790633,0.955202,0.634954,0.666667,0.644239,0.248330,0.757008
5422,0.246617,0.629555,0.745052,0.505237,0.288100,0.790633,0.956935,0.636159,0.666667,0.644239,0.248330,0.763780
5423,0.284962,0.784413,0.745152,0.499241,0.339189,0.790633,0.957184,0.639228,0.666667,0.645080,0.248330,0.763780
5424,0.303008,0.710526,0.745599,0.499210,0.386053,0.790633,0.956638,0.635529,0.666667,0.645080,0.272829,0.763780
5425,0.267669,0.795547,0.745623,0.501235,0.394735,0.790633,0.955557,0.635187,0.666667,0.644239,0.264477,0.763780
5426,0.272932,0.702429,0.746095,0.500023,0.368767,0.790633,0.956447,0.640392,0.666667,0.642557,0.248330,0.756850
5427,0.250376,0.627530,0.745897,0.495760,0.363210,0.795436,0.956925,0.643542,0.666667,0.647603,0.248330,0.763150
5428,0.305263,0.667004,0.746815,0.495100,0.365285,0.790633,0.955901,0.647651,0.666667,0.647603,0.261414,0.763780
5429,0.292481,0.708502,0.746592,0.491343,0.353274,0.790633,0.955585,0.643884,0.666667,0.650967,0.248330,0.763780
5430,0.251128,0.814777,0.746244,0.500590,0.352173,0.790633,0.955968,0.636146,0.666667,0.647603,0.248330,0.763780
5431,0.268421,0.740891,0.746542,0.506525,0.293913,0.797638,0.955652,0.634297,0.666667,0.645080,0.264198,0.763780
5432,0.269173,0.828947,0.746915,0.504118,0.249430,0.800641,0.957902,0.635050,0.666667,0.645921,0.272829,0.763780
5433,0.273684,0.707490,0.746617,0.502630,0.288561,0.792834,0.956380,0.637173,0.666667,0.643398,0.248330,0.763780
5434,0.281955,0.705466,0.746642,0.495192,0.273938,0.795336,0.956447,0.640940,0.500000,0.646762,0.248330,0.763780
5435,0.284211,0.699393,0.746368,0.498137,0.248278,0.790633,0.957260,0.637241,0.666667,0.647603,0.248330,0.763780
5436,0.291729,0.688259,0.746120,0.500100,0.287357,0.790633,0.956246,0.634625,0.666667,0.645921,0.248330,0.763780
5437,0.273684,0.764170,0.746319,0.500100,0.292402,0.795236,0.956753,0.635187,0.666667,0.644239,0.248330,0.763780
5438,0.284211,0.843117,0.746666,0.498934,0.271300,0.800641,0.957931,0.635598,0.666667,0.640034,0.248330,0.763780
5439,0.283459,0.719636,0.746666,0.499640,0.263336,0.795837,0.955327,0.635392,0.666667,0.645921,0.248330,0.763780
5440,0.268421,0.770243,0.746666,0.496864,0.260903,0.800641,0.956782,0.635050,0.666667,0.645921,0.248330,0.763780
5441,0.267669,0.676113,0.746915,0.494962,0.225025,0.795837,0.957136,0.634913,0.666667,0.645080,0.248330,0.763780
5442,0.259398,0.725709,0.746939,0.493582,0.241082,0.793435,0.956083,0.634776,0.666667,0.644239,0.248330,0.763780
5443,0.255639,0.724696,0.746989,0.498321,0.270634,0.790633,0.956236,0.631626,0.666667,0.645080,0.248330,0.763780
5444,0.267669,0.819838,0.746915,0.460288,0.274296,0.790633,0.956035,0.618340,0.666667,0.642557,0.248330,0.763780
5445,0.263910,0.505061,0.747585,0.510129,0.271070,0.790633,0.955585,0.601561,0.666667,0.638352,0.248330,0.763780
5446,0.245865,0.747976,0.747784,0.525848,0.234270,0.790633,0.956992,0.591426,0.666667,0.629941,0.248330,0.763780
5447,0.282707,0.680162,0.748926,0.532059,0.181695,0.790633,0.957404,0.596603,0.666667,0.629941,0.248330,0.756063
5448,0.306015,0.645749,0.749795,0.535587,0.147533,0.790633,0.956992,0.596083,0.666667,0.623213,0.248330,0.755906
5449,0.301504,0.669028,0.750937,0.550754,0.150324,0.790633,0.955423,0.594165,0.666667,0.622372,0.248330,0.755906
5450,0.295489,0.655870,0.752179,0.604720,0.158263,0.795837,0.956284,0.619230,0.666667,0.632464,0.248330,0.755906
5451,0.312782,0.608300,0.753098,0.574586,0.118569,0.795136,0.956447,0.659704,0.666667,0.650126,0.248330,0.755906
5452,0.284962,0.837045,0.752005,0.493735,0.102077,0.791633,0.956131,0.679989,0.666667,0.655172,0.248330,0.755906
5453,0.290226,0.870445,0.750217,0.467511,0.116495,0.794335,0.957021,0.669703,0.666667,0.653490,0.248330,0.757717
5454,0.286466,0.849190,0.749199,0.463386,0.121104,0.797338,0.957021,0.655458,0.666667,0.650126,0.269766,0.763780
5455,0.286466,0.733806,0.748479,0.494226,0.125227,0.800641,0.957146,0.641077,0.666667,0.647603,0.276169,0.763780
5456,0.291729,0.720648,0.748330,0.499088,0.131220,0.800641,0.954140,0.636680,0.666667,0.645921,0.276169,0.763780
5457,0.255639,0.846154,0.747883,0.501480,0.122666,0.800641,0.956447,0.635735,0.666667,0.646762,0.276169,0.763780
5458,0.255639,0.701417,0.747213,0.499640,0.137571,0.800641,0.956255,0.638885,0.666667,0.643398,0.276169,0.763780
5459,0.281955,0.641700,0.746567,0.496097,0.133525,0.800641,0.955509,0.641008,0.666667,0.645921,0.276169,0.763780
5460,0.299248,0.694332,0.746120,0.499287,0.113703,0.800641,0.956035,0.638269,0.666667,0.645921,0.276169,0.763780
5461,0.275940,0.774291,0.745772,0.502553,0.112295,0.800641,0.955011,0.635461,0.666667,0.645080,0.276169,0.763780
5462,0.275188,0.634615,0.745450,0.507231,0.103946,0.800641,0.956992,0.634639,0.666667,0.645080,0.276169,0.763780
5463,0.264662,0.642713,0.744779,0.502385,0.091424,0.800641,0.956255,0.637926,0.666667,0.645080,0.276169,0.763780
5464,0.281203,0.768219,0.744208,0.500744,0.079311,0.800641,0.956083,0.638132,0.666667,0.645080,0.276169,0.763780
5465,0.260902,0.808704,0.743885,0.500928,0.087685,0.800641,0.955777,0.632722,0.666667,0.645080,0.261414,0.763780
5466,0.278947,0.731781,0.743786,0.503458,0.072038,0.795837,0.958361,0.633269,0.666667,0.640875,0.248330,0.763780
5467,0.280451,0.699393,0.743115,0.511218,0.071551,0.800641,0.957375,0.631763,0.666667,0.644239,0.261693,0.763780
5468,0.254135,0.756073,0.743538,0.512399,0.097647,0.800641,0.956705,0.632037,0.666667,0.644239,0.261414,0.763780
5469,0.231579,0.827935,0.743115,0.504056,0.092038,0.800641,0.957481,0.625298,0.666667,0.645080,0.252227,0.763780
5470,0.260902,0.648785,0.743364,0.488997,0.088197,0.797138,0.955490,0.617792,0.666667,0.640875,0.276169,0.763780
5471,0.234586,0.745951,0.743190,0.502139,0.093652,0.786629,0.956332,0.599575,0.666667,0.635828,0.256125,0.763780
5472,0.268421,0.651822,0.743960,0.523947,0.083331,0.780624,0.958266,0.606081,0.666667,0.639193,0.248330,0.763780
5473,0.236090,0.942308,0.743637,0.520082,0.096264,0.771417,0.955777,0.618354,0.666667,0.639193,0.248330,0.758110
5474,0.241353,0.737854,0.744208,0.504455,0.093063,0.770416,0.956514,0.631146,0.666667,0.642557,0.248330,0.755906
5475,0.239850,0.807692,0.744084,0.500406,0.122410,0.760608,0.955107,0.630256,0.666667,0.646762,0.248330,0.755906
5476,0.233835,0.785425,0.744009,0.498781,0.109708,0.760608,0.955068,0.626818,0.666667,0.647603,0.248330,0.755906
5477,0.239850,0.783401,0.743786,0.496756,0.133268,0.760608,0.955461,0.624983,0.666667,0.644239,0.248330,0.755906
5478,0.245865,0.767206,0.744084,0.503934,0.128889,0.760608,0.956093,0.621833,0.666667,0.645921,0.248330,0.755906
5479,0.263158,0.736842,0.744282,0.512123,0.135087,0.760608,0.958333,0.622791,0.666667,0.642557,0.248330,0.755906
5480,0.264662,0.661943,0.743910,0.500943,0.138237,0.760608,0.956112,0.629023,0.666667,0.644239,0.248330,0.755906
5481,0.233083,0.783401,0.743960,0.491052,0.136854,0.760608,0.956830,0.627654,0.666667,0.645080,0.248330,0.755906
5482,0.234586,0.787449,0.744109,0.491358,0.126328,0.760608,0.960008,0.620737,0.666667,0.641716,0.248330,0.755906
5483,0.277444,0.738866,0.743711,0.496404,0.146534,0.768915,0.957691,0.609848,0.666667,0.640875,0.248330,0.755906
5484,0.257143,0.716599,0.744481,0.499747,0.145663,0.762010,0.956543,0.610286,0.666667,0.638352,0.248330,0.755906
5485,0.245865,0.765182,0.744109,0.504930,0.144920,0.760608,0.956992,0.616422,0.666667,0.640034,0.248330,0.755906
5486,0.272180,0.747976,0.744407,0.502354,0.155113,0.760608,0.957021,0.631900,0.666667,0.645921,0.253062,0.755906
5487,0.232331,0.844130,0.743885,0.487095,0.150247,0.760608,0.957213,0.632105,0.666667,0.645921,0.256125,0.755906
5488,0.252632,0.728745,0.743413,0.485592,0.154165,0.759808,0.955614,0.626284,0.666667,0.643398,0.255846,0.755906
5489,0.243609,0.727733,0.743513,0.494149,0.157725,0.755504,0.953642,0.617929,0.666667,0.642557,0.254454,0.755906
5490,0.257895,0.885628,0.743463,0.484595,0.194704,0.750600,0.955777,0.616012,0.666667,0.640034,0.248330,0.755906
5491,0.248872,0.761134,0.743190,0.506541,0.199749,0.750600,0.956590,0.597589,0.666667,0.634146,0.272550,0.755906
5492,0.259398,0.808704,0.743761,0.521416,0.184537,0.750600,0.954628,0.606972,0.666667,0.636669,0.276169,0.755906
5493,0.251128,0.752024,0.744357,0.510221,0.188379,0.750600,0.957375,0.619025,0.666667,0.639193,0.263641,0.755906
5494,0.265414,0.670040,0.744431,0.499778,0.193936,0.742294,0.955681,0.621559,0.666667,0.643398,0.262249,0.755906
5495,0.257895,0.736842,0.744605,0.481681,0.184922,0.740592,0.957165,0.633886,0.666667,0.641716,0.248330,0.755906
5496,0.268421,0.726721,0.744258,0.483982,0.193347,0.740592,0.955872,0.627380,0.666667,0.645921,0.248886,0.755906
5497,0.233083,0.812753,0.743960,0.497569,0.196113,0.740592,0.955901,0.614642,0.666667,0.635828,0.261414,0.755906
5498,0.259398,0.818826,0.744233,0.507446,0.225358,0.740592,0.956284,0.607246,0.600000,0.635828,0.250278,0.755906
5499,0.242105,0.780364,0.745201,0.533179,0.241082,0.740592,0.956543,0.595672,0.566667,0.631623,0.262249,0.755906
5500,0.233835,0.699393,0.746915,0.528931,0.228405,0.740592,0.956160,0.610601,0.666667,0.632464,0.276169,0.755906
5501,0.248120,0.782389,0.747610,0.504762,0.214397,0.747098,0.957500,0.622380,0.666667,0.637511,0.276169,0.755906
5502,0.261654,0.676113,0.747138,0.489825,0.208328,0.750600,0.955394,0.626353,0.666667,0.643398,0.276169,0.755906
5503,0.257895,0.732794,0.746915,0.492416,0.193091,0.757806,0.955518,0.624230,0.666667,0.640875,0.276169,0.755906
5504,0.262406,0.646761,0.746592,0.480086,0.215294,0.760608,0.955202,0.628339,0.666667,0.637511,0.276169,0.755906
5505,0.254135,0.708502,0.746319,0.478231,0.204000,0.760608,0.955518,0.604712,0.666667,0.637511,0.276169,0.755906
5506,0.240602,0.750000,0.746790,0.524714,0.221798,0.760608,0.956131,0.593891,0.666667,0.632464,0.276169,0.755906
5507,0.239098,0.674089,0.748206,0.520956,0.199365,0.760608,0.957481,0.594919,0.666667,0.631623,0.276169,0.755906
5508,0.228571,0.669028,0.749522,0.526278,0.216036,0.756305,0.957662,0.600808,0.666667,0.632464,0.300390,0.755906
5509,0.224812,0.734818,0.750416,0.511970,0.203078,0.745897,0.956686,0.604575,0.666667,0.631623,0.292316,0.749213
5510,0.239098,0.718623,0.751037,0.526232,0.208379,0.740592,0.955346,0.604027,0.666667,0.635828,0.276169,0.748031
5511,0.243609,0.777328,0.752030,0.504041,0.179390,0.740592,0.957126,0.621189,0.666667,0.638352,0.276169,0.748031
5512,0.267669,0.691296,0.751906,0.488429,0.188788,0.740592,0.955375,0.629503,0.666667,0.641716,0.276169,0.751969
5513,0.263910,0.660931,0.751732,0.478507,0.176752,0.740592,0.955614,0.627174,0.666667,0.641716,0.276169,0.755906
5514,0.260902,0.778340,0.751608,0.480562,0.181797,0.740592,0.956083,0.622134,0.666667,0.635828,0.276169,0.755906
5515,0.269925,0.791498,0.751707,0.490469,0.158647,0.740592,0.956543,0.616696,0.666667,0.634987,0.276169,0.755906
5516,0.274436,0.771255,0.751533,0.499824,0.166201,0.747798,0.956093,0.617929,0.666667,0.637511,0.276169,0.755906
5517,0.263158,0.724696,0.751782,0.505145,0.195114,0.750600,0.956418,0.624572,0.666667,0.640034,0.276169,0.755906
5518,0.303008,0.722672,0.751533,0.507323,0.185408,0.750600,0.956179,0.622175,0.666667,0.639193,0.276169,0.755906
5519,0.271429,0.719636,0.751906,0.501250,0.190069,0.750600,0.956543,0.625599,0.666667,0.637511,0.276169,0.755906
5520,0.270677,0.709514,0.751931,0.510114,0.167636,0.750600,0.955700,0.622928,0.666667,0.637511,0.276169,0.755906
5521,0.272180,0.737854,0.752005,0.506418,0.151169,0.750600,0.955710,0.631146,0.666667,0.641716,0.276169,0.755906
5522,0.236842,0.731781,0.751707,0.497109,0.171374,0.750600,0.956667,0.632174,0.666667,0.639193,0.276169,0.755906
5523,0.291729,0.799595,0.751360,0.501158,0.146687,0.760408,0.957050,0.630872,0.666667,0.642557,0.276169,0.755906
5524,0.276692,0.814777,0.751285,0.499870,0.156675,0.760608,0.956275,0.629914,0.666667,0.640875,0.276169,0.755906
5525,0.248120,0.857287,0.751509,0.518303,0.200543,0.760608,0.958237,0.630462,0.666667,0.640034,0.276169,0.755906
5526,0.234586,0.801619,0.751434,0.492493,0.232247,0.760608,0.956992,0.644706,0.666667,0.645921,0.276169,0.760000
5527,0.251880,0.770243,0.750962,0.471805,0.227355,0.760608,0.955394,0.637584,0.666667,0.645080,0.276169,0.762835
5528,0.241353,0.788462,0.750466,0.485653,0.206510,0.760608,0.957471,0.622723,0.666667,0.634987,0.276169,0.763780
5529,0.239850,0.831984,0.750962,0.499410,0.240646,0.760608,0.956399,0.615532,0.666667,0.634987,0.276169,0.763780
5530,0.258647,0.733806,0.751111,0.512246,0.225127,0.763611,0.957576,0.615053,0.666667,0.633305,0.276169,0.763780
5531,0.274436,0.736842,0.751658,0.508994,0.200927,0.765813,0.958007,0.623408,0.666667,0.637511,0.276169,0.763622
5532,0.245865,0.736842,0.751980,0.498259,0.184665,0.762110,0.955825,0.629708,0.666667,0.640875,0.276169,0.760079
5533,0.242857,0.813765,0.751782,0.498857,0.186304,0.760608,0.955461,0.625462,0.666667,0.639193,0.276169,0.763386
5534,0.260902,0.691296,0.751881,0.495376,0.194986,0.760608,0.955135,0.629297,0.666667,0.640034,0.276169,0.760630
5535,0.279699,0.732794,0.751856,0.488951,0.191144,0.765512,0.956973,0.629160,0.666667,0.643398,0.271993,0.763780
5536,0.266917,0.796559,0.751062,0.487233,0.209916,0.760608,0.957299,0.627024,0.666667,0.645080,0.267539,0.763780
5537,0.245113,0.736842,0.750937,0.486911,0.201695,0.760608,0.957500,0.617176,0.666667,0.639193,0.276169,0.763780
5538,0.246617,0.704453,0.751384,0.500621,0.197649,0.760608,0.957117,0.609711,0.666667,0.634987,0.276169,0.763780
5539,0.251128,0.718623,0.751409,0.507369,0.199493,0.753903,0.956543,0.610944,0.666667,0.640034,0.276169,0.759843
5540,0.254135,0.705466,0.752353,0.507722,0.213296,0.750600,0.955710,0.612519,0.666667,0.637511,0.253898,0.757638
5541,0.239850,0.711538,0.753172,0.505068,0.200133,0.750600,0.957069,0.608684,0.666667,0.631623,0.248330,0.755906
5542,0.221805,0.742915,0.753694,0.504854,0.192271,0.750600,0.957500,0.601561,0.666667,0.633305,0.248330,0.755906
5543,0.214286,0.781377,0.754637,0.497109,0.198289,0.750600,0.956763,0.602520,0.666667,0.629100,0.248330,0.755906
5544,0.216541,0.746964,0.755680,0.488966,0.185203,0.750600,0.956772,0.609341,0.666667,0.630782,0.248330,0.755906
5545,0.196992,0.737854,0.756326,0.477909,0.183206,0.750600,0.956322,0.612971,0.666667,0.631623,0.248330,0.755906
5546,0.209774,0.869433,0.756549,0.481957,0.189736,0.754804,0.957375,0.607246,0.666667,0.630782,0.248330,0.755906
5547,0.221053,0.826923,0.756972,0.488429,0.172271,0.755805,0.956763,0.602109,0.666667,0.632464,0.274777,0.755906
5548,0.232331,0.772267,0.758114,0.488168,0.183692,0.755805,0.956782,0.604095,0.666667,0.629941,0.276169,0.755906
5549,0.241353,0.667004,0.758511,0.496787,0.184537,0.760608,0.957308,0.601287,0.666667,0.630782,0.276169,0.752126
5550,0.236090,0.812753,0.759455,0.501557,0.192988,0.760608,0.955892,0.603616,0.666667,0.630782,0.276169,0.751969
5551,0.229323,0.787449,0.760622,0.502860,0.178519,0.760608,0.954992,0.607725,0.666667,0.629941,0.276169,0.748031
5552,0.221805,0.755061,0.761541,0.507215,0.212784,0.760608,0.957184,0.609779,0.666667,0.638352,0.276169,0.748031
5553,0.240602,0.612348,0.762037,0.505268,0.219596,0.755905,0.957835,0.615601,0.666667,0.635828,0.276169,0.748031
5554,0.236090,0.753036,0.762211,0.489104,0.209532,0.760608,0.956141,0.624024,0.666667,0.636669,0.276169,0.748031
5555,0.228571,0.723684,0.762360,0.485991,0.203795,0.760608,0.956715,0.621490,0.666667,0.637511,0.276169,0.752992
5556,0.230827,0.810729,0.761988,0.436242,0.178289,0.760608,0.956131,0.642720,0.666667,0.643398,0.276169,0.755906
5557,0.245865,0.814777,0.760696,0.396169,0.179390,0.760608,0.956638,0.630530,0.666667,0.648444,0.276169,0.755906
5558,0.254135,0.775304,0.761690,0.536384,0.190914,0.751401,0.956992,0.578551,0.666667,0.629100,0.276169,0.755906
5559,0.244361,0.714575,0.765166,0.581594,0.189326,0.750600,0.955777,0.605465,0.666667,0.632464,0.276169,0.755906
5560,0.278195,0.635628,0.766929,0.541353,0.169659,0.751101,0.957816,0.627928,0.666667,0.641716,0.276169,0.755906
5561,0.263910,0.731781,0.767252,0.523180,0.136188,0.760608,0.956734,0.639912,0.666667,0.640034,0.276169,0.755906
5562,0.272180,0.741903,0.767153,0.497983,0.148839,0.760608,0.955604,0.653609,0.666667,0.644239,0.276169,0.755906
5563,0.269173,0.657895,0.766159,0.459138,0.140106,0.760608,0.956753,0.661485,0.666667,0.649285,0.276169,0.755906
5564,0.269173,0.729757,0.765191,0.450488,0.118620,0.758407,0.956897,0.637721,0.666667,0.641716,0.276169,0.763622
5565,0.262406,0.719636,0.764868,0.488184,0.123332,0.757906,0.956610,0.615614,0.666667,0.634146,0.276169,0.763780
5566,0.251880,0.714575,0.765389,0.512016,0.174780,0.752902,0.956476,0.614984,0.666667,0.634987,0.276169,0.763780
5567,0.248120,0.763158,0.766035,0.511049,0.158877,0.758607,0.956763,0.617244,0.666667,0.636669,0.276169,0.763780
5568,0.257143,0.709514,0.766383,0.503888,0.164562,0.760608,0.957662,0.620874,0.666667,0.637511,0.276169,0.762835
5569,0.261654,0.727733,0.766507,0.495729,0.180363,0.760608,0.955174,0.622791,0.666667,0.637511,0.276169,0.760866
5570,0.257895,0.713563,0.762807,0.485991,0.146457,0.760608,0.955537,0.619504,0.666667,0.634987,0.276169,0.760000
5571,0.266165,0.752024,0.766358,0.474090,0.153346,0.755805,0.957500,0.621422,0.666667,0.631623,0.276169,0.763780
5572,0.298496,0.768219,0.766358,0.486589,0.169915,0.750600,0.956763,0.626626,0.666667,0.635828,0.276169,0.758425
5573,0.257143,0.858300,0.766333,0.532673,0.170196,0.750600,0.955202,0.609437,0.666667,0.633305,0.276169,0.755906
5574,0.234586,0.822874,0.767848,0.562240,0.168916,0.750600,0.955853,0.620874,0.500000,0.640034,0.254733,0.755906
5575,0.267669,0.764170,0.768816,0.552686,0.162411,0.750600,0.956734,0.627243,0.666667,0.642557,0.248330,0.755906
5576,0.254887,0.728745,0.769536,0.515512,0.133601,0.748599,0.956830,0.631900,0.666667,0.640034,0.248330,0.758110
5577,0.270677,0.712551,0.769412,0.485715,0.142539,0.740592,0.954647,0.641214,0.666667,0.642557,0.248330,0.759843
5578,0.271429,0.816802,0.769288,0.482571,0.153474,0.740592,0.957500,0.640392,0.666667,0.639193,0.248330,0.759843
5579,0.261654,0.758097,0.768767,0.484641,0.170504,0.740592,0.955729,0.630188,0.666667,0.638352,0.248330,0.763780
5580,0.261654,0.709514,0.768667,0.502170,0.144460,0.740592,0.958744,0.620600,0.666667,0.633305,0.248330,0.763780
5581,0.293233,0.727733,0.768866,0.502615,0.159364,0.740592,0.956543,0.617039,0.666667,0.633305,0.248330,0.763780
5582,0.226316,0.714575,0.769611,0.520956,0.149453,0.745396,0.957854,0.608889,0.666667,0.630782,0.248330,0.763780
5583,0.280451,0.647773,0.770505,0.511448,0.138672,0.740592,0.955748,0.619710,0.666667,0.638352,0.248330,0.760079
5584,0.234586,0.726721,0.770604,0.503474,0.125253,0.745797,0.956897,0.630119,0.666667,0.639193,0.248330,0.755906
5585,0.292481,0.680162,0.770331,0.494073,0.142385,0.750600,0.957500,0.635324,0.666667,0.640034,0.248330,0.755906
5586,0.278947,0.785425,0.770033,0.492156,0.132321,0.750600,0.955652,0.633886,0.666667,0.642557,0.250278,0.755906
5587,0.272932,0.641700,0.770132,0.496480,0.162104,0.750600,0.955222,0.624503,0.666667,0.641716,0.276169,0.759606
5588,0.257143,0.759109,0.769909,0.495606,0.153909,0.750600,0.956705,0.619162,0.666667,0.634987,0.276169,0.755906
5589,0.235338,0.786437,0.770083,0.494533,0.136649,0.752902,0.955040,0.619230,0.666667,0.634146,0.276169,0.756693
5590,0.274436,0.723684,0.770306,0.495330,0.135624,0.755805,0.956476,0.614984,0.666667,0.635828,0.276169,0.762835
5591,0.263910,0.722672,0.771001,0.502553,0.136418,0.760608,0.957069,0.616696,0.666667,0.635828,0.276169,0.755906
5592,0.261654,0.690283,0.770977,0.503688,0.155497,0.752402,0.957768,0.615053,0.666667,0.633305,0.276169,0.755906
5593,0.245113,0.717611,0.771871,0.504470,0.149069,0.755604,0.957088,0.612587,0.666667,0.632464,0.276169,0.755906
5594,0.248120,0.718623,0.772069,0.502078,0.161259,0.750600,0.956571,0.615121,0.666667,0.633305,0.276169,0.755906
5595,0.217293,0.758097,0.772541,0.498627,0.145766,0.755404,0.955269,0.611423,0.666667,0.634146,0.276169,0.755906
5596,0.242105,0.768219,0.773410,0.496296,0.157213,0.750600,0.955049,0.611505,0.666667,0.634146,0.276169,0.755906
5597,0.251128,0.746964,0.774081,0.502845,0.158544,0.750600,0.954293,0.612245,0.666667,0.632464,0.276169,0.755906
5598,0.237594,0.709514,0.774403,0.503811,0.148813,0.755604,0.956303,0.614710,0.666667,0.635828,0.276169,0.755906
5599,0.227068,0.817814,0.774850,0.510451,0.154652,0.752102,0.955557,0.620531,0.666667,0.635828,0.276169,0.755906
5600,0.266165,0.803644,0.775248,0.480010,0.157264,0.753903,0.955825,0.635529,0.666667,0.639193,0.276169,0.755906
5601,0.257895,0.811741,0.775273,0.477127,0.163615,0.750600,0.957500,0.630325,0.666667,0.641716,0.276169,0.755906
5602,0.240602,0.683198,0.775024,0.496097,0.194832,0.750600,0.957260,0.611560,0.666667,0.635828,0.276169,0.755906
5603,0.231579,0.732794,0.775297,0.504470,0.200312,0.750600,0.956093,0.604095,0.666667,0.634146,0.276169,0.755906
5604,0.212030,0.657895,0.775943,0.512138,0.173833,0.750600,0.956351,0.597042,0.666667,0.632464,0.276169,0.755906
5605,0.190977,0.693320,0.776738,0.505759,0.207432,0.750600,0.956992,0.602863,0.666667,0.635828,0.276169,0.755906
5606,0.273684,0.691296,0.777830,0.499563,0.206535,0.750600,0.956418,0.620257,0.666667,0.634987,0.276169,0.755906
5607,0.272932,0.675101,0.778004,0.497247,0.203923,0.750600,0.955633,0.625873,0.666667,0.637511,0.276169,0.755906
5608,0.243609,0.706478,0.778600,0.504961,0.142821,0.750600,0.956093,0.621011,0.666667,0.637511,0.276169,0.755906
5609,0.254135,0.616397,0.778724,0.507599,0.142795,0.750600,0.955968,0.622312,0.666667,0.637511,0.276169,0.755906
5610,0.278195,0.777328,0.779097,0.499870,0.319137,0.750600,0.956657,0.629160,0.666667,0.640034,0.276169,0.755906
5611,0.265414,0.883603,0.779966,0.498781,0.385746,0.750600,0.956878,0.633406,0.666667,0.643398,0.276169,0.755906
5612,0.270677,0.724696,0.780214,0.492462,0.388128,0.750600,0.956083,0.636351,0.666667,0.639193,0.276169,0.755906
5613,0.272180,0.786437,0.780537,0.486758,0.386207,0.750600,0.955585,0.637515,0.666667,0.640875,0.276169,0.755906
5614,0.257143,0.778340,0.780462,0.489441,0.387616,0.750600,0.954408,0.633543,0.666667,0.638352,0.276169,0.755906
5615,0.269173,0.691296,0.780413,0.493659,0.364926,0.755504,0.955001,0.630585,0.533333,0.642557,0.276169,0.757638
5616,0.274436,0.865385,0.780239,0.499640,0.317857,0.755304,0.954858,0.627517,0.633333,0.642557,0.276169,0.763780
5617,0.254887,0.685223,0.780115,0.502584,0.279418,0.750600,0.956313,0.625969,0.666667,0.642557,0.276169,0.763780
5618,0.254887,0.641700,0.780140,0.505759,0.270609,0.753603,0.956064,0.628791,0.666667,0.637511,0.276169,0.763780
5619,0.249624,0.737854,0.780388,0.546782,0.240416,0.755805,0.956255,0.681277,0.533333,0.652649,0.276169,0.763780
5620,0.281955,0.690283,0.780686,0.418268,0.229891,0.760408,0.957213,0.643063,0.666667,0.658537,0.276169,0.763780
5621,0.293233,0.636640,0.781381,0.500682,0.189326,0.750600,0.956160,0.652787,0.666667,0.647603,0.276169,0.763780
5622,0.292481,0.610324,0.781307,0.499118,0.165408,0.750600,0.956935,0.645213,0.666667,0.644239,0.276169,0.763780
5623,0.277444,0.742915,0.780487,0.501955,0.167661,0.750600,0.955557,0.638474,0.666667,0.644239,0.276169,0.763780
5624,0.266917,0.726721,0.779817,0.480424,0.133576,0.750600,0.956322,0.650938,0.666667,0.650126,0.276169,0.763780
5625,0.260902,0.767206,0.779196,0.495928,0.142001,0.750600,0.955183,0.634708,0.666667,0.645921,0.276169,0.764331
5626,0.251880,0.800607,0.778923,0.504087,0.152142,0.750600,0.954858,0.645843,0.666667,0.645080,0.276169,0.767638
5627,0.290977,0.867409,0.778203,0.479458,0.150145,0.750600,0.956418,0.639364,0.666667,0.648444,0.276169,0.767717
5628,0.291729,0.704453,0.777731,0.529008,0.148429,0.750600,0.955662,0.646679,0.666667,0.645921,0.276169,0.771654
5629,0.279699,0.797571,0.777458,0.496036,0.141130,0.750600,0.956495,0.639063,0.666667,0.647603,0.276169,0.767953
5630,0.264662,0.818826,0.777408,0.484043,0.127916,0.750600,0.956160,0.641282,0.666667,0.645080,0.276169,0.771654
5631,0.296241,0.622470,0.777036,0.492278,0.126789,0.750600,0.955681,0.633749,0.666667,0.646762,0.276169,0.771654
5632,0.269173,0.651822,0.777085,0.502814,0.126124,0.750600,0.957500,0.629297,0.666667,0.644239,0.276169,0.769843
5633,0.273684,0.773279,0.777036,0.496664,0.119517,0.750600,0.957241,0.632174,0.666667,0.643398,0.276169,0.763780
5634,0.249624,0.644737,0.777110,0.522643,0.117442,0.751801,0.956734,0.622860,0.666667,0.642557,0.276169,0.767559
5635,0.261654,0.663968,0.777085,0.492846,0.130989,0.760608,0.956811,0.620463,0.666667,0.640034,0.276169,0.763780
5636,0.219549,0.682186,0.777309,0.501403,0.134190,0.760608,0.957911,0.634982,0.666667,0.641716,0.276169,0.763780
5637,0.221805,0.866397,0.778128,0.497462,0.136802,0.760608,0.956255,0.640734,0.666667,0.641716,0.276169,0.763780
5638,0.278947,0.703441,0.778277,0.510957,0.124485,0.760608,0.956255,0.635666,0.666667,0.643398,0.276169,0.763780
5639,0.252632,0.644737,0.778302,0.520067,0.123230,0.760608,0.956035,0.643610,0.666667,0.645921,0.249722,0.763780
5640,0.282707,0.758097,0.777930,0.478124,0.120925,0.760608,0.956064,0.637447,0.666667,0.649285,0.248330,0.763780
5641,0.306767,0.687247,0.777458,0.518089,0.121719,0.764612,0.956093,0.630859,0.666667,0.641716,0.262806,0.763780
5642,0.256391,0.776316,0.777160,0.528824,0.120106,0.761609,0.955872,0.657239,0.666667,0.648444,0.261693,0.763780
5643,0.260150,0.843117,0.776911,0.435613,0.109299,0.769916,0.957184,0.644021,0.666667,0.651808,0.251670,0.764409
5644,0.296992,0.693320,0.776986,0.497247,0.105150,0.761109,0.956351,0.643610,0.666667,0.640875,0.276169,0.767874
5645,0.251880,0.851215,0.777433,0.519975,0.095495,0.770616,0.956016,0.628380,0.666667,0.645080,0.276169,0.770315
5646,0.254135,0.752024,0.777135,0.487647,0.111347,0.770616,0.955940,0.629640,0.666667,0.645080,0.276169,0.763780
5647,0.266165,0.789474,0.776812,0.505068,0.099490,0.770616,0.955174,0.631694,0.666667,0.641716,0.276169,0.763780
5648,0.263158,0.792510,0.776564,0.503152,0.093626,0.764612,0.956246,0.636036,0.666667,0.644239,0.276169,0.763780
5649,0.287218,0.720648,0.776241,0.490193,0.094497,0.763711,0.956543,0.630694,0.666667,0.640034,0.276169,0.763780
5650,0.259398,0.849190,0.775471,0.501633,0.105432,0.760608,0.956447,0.636214,0.666667,0.642557,0.276169,0.763780
5651,0.297744,0.780364,0.775372,0.485791,0.114907,0.760608,0.956322,0.634160,0.666667,0.645921,0.276169,0.763780
5652,0.328571,0.668016,0.774975,0.501112,0.130887,0.760608,0.954408,0.637995,0.666667,0.640875,0.276169,0.763780
5653,0.269173,0.792510,0.774354,0.511954,0.130093,0.760608,0.956255,0.629434,0.666667,0.642557,0.276169,0.763780
5654,0.236842,0.791498,0.774230,0.483598,0.128428,0.760608,0.956284,0.638543,0.666667,0.641716,0.276169,0.763780
5655,0.299248,0.728745,0.773882,0.490024,0.100592,0.764612,0.956294,0.629585,0.666667,0.640875,0.276169,0.763780
5656,0.282707,0.825911,0.773857,0.503704,0.114113,0.761109,0.957021,0.637310,0.666667,0.650126,0.276169,0.763780
5657,0.250376,0.866397,0.773137,0.472005,0.123332,0.760608,0.956351,0.647035,0.666667,0.650126,0.276169,0.763780
5658,0.257895,0.784413,0.773385,0.503152,0.114651,0.760608,0.956447,0.639159,0.666667,0.642557,0.276169,0.763780
5659,0.298496,0.765182,0.772963,0.481022,0.115701,0.760608,0.956054,0.644651,0.666667,0.645921,0.276169,0.763780
5660,0.291729,0.755061,0.772566,0.505713,0.118851,0.760608,0.956313,0.628078,0.666667,0.640875,0.276169,0.763780
5661,0.296241,0.836032,0.772491,0.503995,0.127967,0.760608,0.955470,0.641487,0.666667,0.643398,0.276169,0.763780
5662,0.284211,0.781377,0.771846,0.497186,0.119901,0.760608,0.956523,0.644569,0.666667,0.648444,0.276169,0.763780
5663,0.280451,0.755061,0.771250,0.472035,0.124382,0.760608,0.957835,0.633338,0.666667,0.650126,0.276169,0.763780
5664,0.275940,0.685223,0.771150,0.516310,0.100105,0.760608,0.955490,0.642172,0.666667,0.642557,0.276169,0.763780
5665,0.247368,0.801619,0.770679,0.469091,0.093600,0.760608,0.956255,0.637310,0.666667,0.651808,0.276169,0.763780
5666,0.284211,0.724696,0.770554,0.512246,0.138365,0.760608,0.956150,0.640131,0.666667,0.644239,0.276169,0.763780
5667,0.296992,0.755061,0.770455,0.469321,0.128505,0.760608,0.956638,0.634434,0.666667,0.649285,0.276169,0.763780
5668,0.263910,0.667004,0.770604,0.513672,0.140669,0.760608,0.956887,0.641583,0.666667,0.642557,0.276169,0.763780
5669,0.287218,0.681174,0.770356,0.485684,0.150939,0.755705,0.956169,0.639775,0.666667,0.644239,0.276169,0.763780
5670,0.286466,0.835020,0.769909,0.481865,0.123921,0.756105,0.956150,0.637365,0.666667,0.645080,0.276169,0.763780
5671,0.300000,0.741903,0.770108,0.513396,0.128121,0.760608,0.956064,0.630736,0.666667,0.642557,0.276169,0.763780
5672,0.255639,0.659919,0.770306,0.489150,0.175651,0.759408,0.955059,0.643131,0.666667,0.649285,0.276169,0.763780
5673,0.250376,0.856275,0.770554,0.504532,0.168327,0.752102,0.957260,0.623956,0.666667,0.641716,0.276169,0.763780
5674,0.243609,0.722672,0.770306,0.468999,0.152654,0.755805,0.956447,0.648952,0.666667,0.647603,0.276169,0.763780
5675,0.308271,0.674089,0.770505,0.525986,0.159978,0.760608,0.956054,0.634269,0.666667,0.645080,0.276169,0.763780
5676,0.273684,0.662955,0.770406,0.470394,0.158903,0.757606,0.956858,0.631557,0.666667,0.648444,0.276169,0.763780
5677,0.283459,0.684211,0.770455,0.507292,0.148915,0.758807,0.956227,0.636899,0.666667,0.643398,0.276169,0.763780
5678,0.244361,0.790486,0.770679,0.475317,0.184358,0.756605,0.956543,0.636762,0.666667,0.643398,0.276169,0.763780
5679,0.248120,0.809717,0.770604,0.505314,0.181976,0.750600,0.954580,0.629503,0.666667,0.640034,0.276169,0.763780
5680,0.280451,0.704453,0.770852,0.503366,0.155676,0.750600,0.955624,0.631338,0.666667,0.644239,0.276169,0.763780
5681,0.286466,0.828947,0.770430,0.499839,0.154601,0.750600,0.956035,0.636748,0.666667,0.645921,0.262528,0.763780
5682,0.293233,0.582996,0.770579,0.482525,0.170529,0.750600,0.956447,0.631146,0.666667,0.646762,0.276169,0.763780
5683,0.253383,0.775304,0.770927,0.502047,0.159185,0.750600,0.956543,0.629845,0.600000,0.643398,0.276169,0.763780
5684,0.237594,0.691296,0.770902,0.501480,0.155010,0.750600,0.956380,0.633064,0.566667,0.643398,0.262249,0.763780
5685,0.242857,0.742915,0.770679,0.495300,0.155343,0.750600,0.956093,0.634639,0.666667,0.644239,0.276169,0.763780
5686,0.283459,0.798583,0.770654,0.496480,0.151067,0.752902,0.956705,0.634434,0.666667,0.645080,0.276169,0.763780
5687,0.279699,0.700405,0.770356,0.495560,0.143179,0.760608,0.956447,0.634160,0.666667,0.647603,0.276169,0.763780
5688,0.305263,0.606275,0.770232,0.498520,0.131450,0.760608,0.956064,0.632379,0.666667,0.643398,0.276169,0.763780
5689,0.251880,0.726721,0.770182,0.498643,0.139082,0.755805,0.957375,0.628407,0.666667,0.643398,0.276169,0.763780
5690,0.284962,0.692308,0.770207,0.495683,0.136393,0.751902,0.955059,0.631009,0.666667,0.642557,0.276169,0.763780
5691,0.299248,0.765182,0.770554,0.500330,0.143666,0.750600,0.954867,0.629517,0.666667,0.644239,0.276169,0.763780
5692,0.242857,0.759109,0.770579,0.502707,0.175600,0.755604,0.955566,0.629023,0.666667,0.643398,0.276169,0.763780
5693,0.267669,0.644737,0.770554,0.502277,0.187149,0.750600,0.957356,0.629571,0.666667,0.644239,0.276169,0.763780
5694,0.296992,0.642713,0.770381,0.499670,0.185715,0.756305,0.956830,0.635118,0.666667,0.641716,0.276169,0.763780
5695,0.317293,0.690283,0.770579,0.489886,0.202412,0.754604,0.954772,0.641898,0.666667,0.645080,0.276169,0.763780
5696,0.278195,0.732794,0.770008,0.481911,0.171067,0.752302,0.956284,0.644090,0.666667,0.645921,0.276169,0.763780
5697,0.256391,0.622470,0.770182,0.485469,0.155010,0.758707,0.956399,0.639844,0.666667,0.647603,0.276169,0.763780
5698,0.290226,0.564777,0.769661,0.496342,0.179108,0.757806,0.956332,0.634160,0.666667,0.643398,0.276169,0.763780
5699,0.285714,0.664980,0.769412,0.503811,0.168583,0.760608,0.956016,0.633543,0.666667,0.643398,0.276169,0.763780
5700,0.273684,0.579960,0.769338,0.499870,0.131245,0.760608,0.956351,0.637584,0.666667,0.645080,0.276169,0.763780
5701,0.279699,0.739879,0.769089,0.496680,0.160567,0.752302,0.956610,0.641350,0.666667,0.647603,0.276169,0.763780
5702,0.294737,0.730769,0.768940,0.491834,0.146150,0.750600,0.955174,0.644035,0.666667,0.648444,0.276169,0.763780
5703,0.262406,0.934211,0.768245,0.490423,0.132705,0.750600,0.956064,0.643953,0.666667,0.648444,0.276169,0.763780
5704,0.301504,0.750000,0.768568,0.490576,0.130016,0.750600,0.957280,0.650733,0.666667,0.661060,0.276169,0.764016
5705,0.281955,0.621457,0.769263,0.493306,0.125074,0.750600,0.959797,0.662786,0.666667,0.677881,0.276169,0.767953
5706,0.297744,0.728745,0.769387,0.491772,0.128070,0.750600,0.962449,0.674154,0.666667,0.706476,0.276169,0.767559
5707,0.301504,0.730769,0.769859,0.492693,0.116162,0.750600,0.965272,0.682989,0.666667,0.727502,0.276169,0.771654
5708,0.288722,0.690283,0.769661,0.499057,0.125663,0.755404,0.967742,0.691618,0.666667,0.722456,0.276169,0.771654
5709,0.278947,0.709514,0.769462,0.499486,0.130272,0.752402,0.968699,0.701274,0.666667,0.722456,0.276169,0.777165
5710,0.298496,0.779352,0.769536,0.498091,0.124818,0.755805,0.970422,0.705588,0.666667,0.730025,0.276169,0.779528
5711,0.286466,0.695344,0.768369,0.498719,0.127327,0.760608,0.969273,0.708944,0.666667,0.732548,0.276169,0.779528
5712,0.265414,0.829960,0.767575,0.498520,0.117314,0.760608,0.969848,0.704150,0.666667,0.732548,0.276169,0.785984
5713,0.245865,0.714575,0.766929,0.497937,0.116674,0.760608,0.970135,0.702301,0.666667,0.732548,0.276169,0.787402
5714,0.261654,0.663968,0.766656,0.500621,0.115137,0.760608,0.969848,0.695384,0.666667,0.730866,0.276169,0.787402
5715,0.241353,0.766194,0.765836,0.504501,0.117493,0.760608,0.969848,0.693809,0.666667,0.732548,0.276169,0.791339
5716,0.266917,0.707490,0.765389,0.496910,0.101181,0.760608,0.970135,0.699425,0.666667,0.732548,0.276169,0.791339
5717,0.250376,0.812753,0.764967,0.499548,0.101667,0.760608,0.970135,0.691618,0.666667,0.736754,0.276169,0.794724
5718,0.276692,0.807692,0.764520,0.504808,0.116059,0.755905,0.970422,0.687303,0.666667,0.734230,0.276169,0.795276
5719,0.243609,0.684211,0.764818,0.504302,0.113217,0.755805,0.970231,0.690111,0.666667,0.734230,0.276169,0.795276
5720,0.238346,0.728745,0.764297,0.502201,0.099029,0.754804,0.970011,0.690042,0.666667,0.735071,0.276169,0.795276
5721,0.245113,0.699393,0.764371,0.507031,0.068632,0.750600,0.970614,0.687577,0.666667,0.731707,0.276169,0.795276
5722,0.236090,0.665992,0.763775,0.503612,0.101718,0.750600,0.970422,0.688056,0.666667,0.735913,0.276169,0.795276
5723,0.253383,0.676113,0.763676,0.498474,0.100720,0.750600,0.970518,0.693535,0.666667,0.733389,0.276169,0.795276
5724,0.260150,0.703441,0.763428,0.498413,0.108172,0.750600,0.970346,0.689097,0.666667,0.735071,0.276169,0.795276
5725,0.229323,0.755061,0.762732,0.504808,0.112730,0.750600,0.970326,0.689193,0.666667,0.733389,0.276169,0.795276
5726,0.291729,0.572874,0.762683,0.502461,0.112116,0.747298,0.969685,0.691590,0.666667,0.733389,0.276169,0.795276
5727,0.257143,0.783401,0.762807,0.502078,0.119568,0.742794,0.971073,0.691330,0.666667,0.733389,0.258352,0.795276
5728,0.263158,0.732794,0.762857,0.506602,0.056621,0.741793,0.970078,0.687769,0.666667,0.735071,0.248330,0.795276
5729,0.249624,0.751012,0.763179,0.505682,0.074086,0.740592,0.969944,0.694015,0.666667,0.735913,0.248330,0.795276
5730,0.276692,0.881579,0.762832,0.502093,0.107019,0.740592,0.970106,0.701548,0.666667,0.735071,0.256125,0.795276
5731,0.239098,0.802632,0.762658,0.499134,0.074061,0.745396,0.970757,0.701274,0.666667,0.736754,0.276169,0.795276
5732,0.238346,0.767206,0.762410,0.499256,0.078466,0.745797,0.970135,0.698261,0.666667,0.737595,0.276169,0.795276
5733,0.224812,0.705466,0.761938,0.501817,0.077518,0.744596,0.969752,0.694425,0.666667,0.736754,0.276169,0.795276
5734,0.269925,0.692308,0.762236,0.508519,0.092243,0.740592,0.969944,0.690727,0.666667,0.738436,0.276169,0.795276
5735,0.238346,0.670040,0.762137,0.507446,0.109068,0.740592,0.969848,0.691070,0.666667,0.734230,0.276169,0.795276
5736,0.199248,0.598178,0.761938,0.500330,0.072627,0.740592,0.970518,0.694083,0.666667,0.735071,0.276169,0.795276
5737,0.266165,0.736842,0.762608,0.498183,0.084458,0.740592,0.970422,0.693741,0.666667,0.737595,0.276169,0.795276
5738,0.255639,0.719636,0.762708,0.492524,0.094522,0.740592,0.970451,0.693056,0.666667,0.733389,0.276169,0.796220
5739,0.223308,0.723684,0.762757,0.497692,0.113985,0.740592,0.970231,0.681824,0.666667,0.734230,0.276169,0.799055
5740,0.262406,0.747976,0.763502,0.507584,0.097877,0.740592,0.970460,0.675442,0.666667,0.730866,0.276169,0.795276
5741,0.260902,0.763158,0.763850,0.507568,0.083254,0.740592,0.970231,0.676003,0.666667,0.730866,0.276169,0.795276
5742,0.211278,0.726721,0.764645,0.507231,0.098389,0.745396,0.970901,0.681550,0.666667,0.730866,0.276169,0.795276
5743,0.269173,0.642713,0.764719,0.511786,0.102461,0.740592,0.970518,0.675729,0.666667,0.729184,0.276169,0.795276
5744,0.218797,0.814777,0.764694,0.509593,0.109145,0.740592,0.970326,0.674428,0.666667,0.728343,0.276169,0.795276
5745,0.200000,0.697368,0.765116,0.505145,0.114139,0.740592,0.969752,0.676291,0.666667,0.727502,0.276169,0.795118
5746,0.188722,0.689271,0.765762,0.493950,0.117417,0.740592,0.970681,0.678263,0.666667,0.730025,0.255290,0.791339
5747,0.190977,0.731781,0.766631,0.497569,0.104228,0.738791,0.969848,0.675524,0.666667,0.728343,0.255846,0.787402
5748,0.239098,0.629555,0.767922,0.499716,0.104791,0.730584,0.970709,0.673264,0.666667,0.729184,0.276169,0.787402
5749,0.239850,0.688259,0.768344,0.503152,0.108991,0.733086,0.970135,0.676140,0.666667,0.729184,0.276169,0.787402
5750,0.225564,0.720648,0.768618,0.504992,0.095649,0.740592,0.970403,0.680592,0.666667,0.729184,0.276169,0.787402
5751,0.263910,0.739879,0.768642,0.501894,0.106994,0.735989,0.970039,0.687098,0.666667,0.730866,0.276169,0.787402
5752,0.236090,0.786437,0.769214,0.500514,0.095675,0.740592,0.970231,0.685796,0.666667,0.732548,0.251670,0.787402
5753,0.212030,0.808704,0.769238,0.502201,0.109017,0.740592,0.969972,0.688947,0.666667,0.732548,0.248330,0.787402
5754,0.210526,0.803644,0.769238,0.494318,0.092909,0.740592,0.970135,0.696206,0.666667,0.732548,0.260301,0.790551
5755,0.228571,0.593117,0.770182,0.492800,0.077492,0.740592,0.970757,0.694288,0.666667,0.737595,0.276169,0.795276
5756,0.297744,0.728745,0.770083,0.493567,0.098543,0.750600,0.970212,0.694069,0.666667,0.732548,0.276169,0.795276
5757,0.266165,0.724696,0.769636,0.493674,0.069349,0.750600,0.970135,0.690659,0.666667,0.737595,0.276169,0.795276
5758,0.230827,0.846154,0.769015,0.498965,0.055725,0.750600,0.970039,0.686687,0.666667,0.737595,0.276169,0.795276
5759,0.232331,0.769231,0.769884,0.493766,0.049348,0.750600,0.970365,0.688810,0.666667,0.735913,0.276169,0.795276
5760,0.254135,0.623482,0.769760,0.499900,0.055853,0.750600,0.970422,0.681961,0.666667,0.733389,0.276169,0.795276
5761,0.249624,0.816802,0.769611,0.506709,0.056288,0.750600,0.969848,0.681003,0.666667,0.731707,0.276169,0.795276
5762,0.269925,0.674089,0.769735,0.506035,0.073625,0.750600,0.969944,0.684084,0.666667,0.732548,0.276169,0.795276
5763,0.251880,0.684211,0.769164,0.504578,0.075623,0.750600,0.970135,0.689084,0.666667,0.734230,0.276169,0.795276
5764,0.276692,0.643725,0.768866,0.499594,0.086276,0.750600,0.970039,0.692097,0.666667,0.730866,0.276169,0.795276
5765,0.272932,0.655870,0.768717,0.497293,0.099260,0.750600,0.970039,0.691275,0.666667,0.732548,0.276169,0.795276
5766,0.268421,0.584008,0.768071,0.491312,0.089503,0.759408,0.970614,0.691481,0.666667,0.734230,0.276169,0.795276
5767,0.204511,0.528340,0.768295,0.491726,0.083152,0.760608,0.970518,0.691686,0.666667,0.735071,0.276169,0.795276
5768,0.291729,0.693320,0.768022,0.492278,0.094292,0.755905,0.970901,0.691686,0.666667,0.732548,0.276169,0.795276
5769,0.263158,0.808704,0.768121,0.503090,0.093344,0.760608,0.970422,0.685796,0.666667,0.732548,0.276169,0.795276
5770,0.251880,0.696356,0.767475,0.502630,0.058567,0.760608,0.970231,0.687988,0.666667,0.735071,0.276169,0.795276
5771,0.254887,0.671053,0.767600,0.502461,0.077211,0.760608,0.970231,0.692439,0.666667,0.731707,0.276169,0.795276
5772,0.236842,0.764170,0.767351,0.500008,0.093319,0.760608,0.970518,0.696274,0.666667,0.732548,0.276169,0.795276
5773,0.246617,0.796559,0.767426,0.495453,0.068324,0.760608,0.970326,0.701274,0.666667,0.736754,0.276169,0.795276
5774,0.245113,0.673077,0.767873,0.497569,0.068888,0.760608,0.970326,0.699836,0.666667,0.732548,0.276169,0.795276
5775,0.272180,0.604251,0.767699,0.496526,0.056877,0.760608,0.970518,0.701137,0.666667,0.731707,0.276169,0.795276
5776,0.192481,0.753036,0.767724,0.494349,0.083459,0.763611,0.970164,0.691960,0.666667,0.731707,0.276169,0.795276
5777,0.213534,0.575911,0.767600,0.495422,0.098287,0.770616,0.970393,0.680455,0.666667,0.730025,0.276169,0.795276
5778,0.259398,0.681174,0.767749,0.508458,0.087813,0.770616,0.970068,0.677852,0.666667,0.725820,0.276169,0.795276
5779,0.257895,0.712551,0.768369,0.501695,0.080565,0.775420,0.970039,0.684221,0.666667,0.728343,0.276169,0.795276
5780,0.231579,0.597166,0.768493,0.497508,0.086174,0.779824,0.970097,0.687057,0.666667,0.732548,0.276169,0.795276
5781,0.255639,0.738866,0.768791,0.500238,0.088069,0.780624,0.970039,0.681277,0.666667,0.731707,0.276169,0.795276
5782,0.227820,0.817814,0.769363,0.502569,0.109247,0.781125,0.969685,0.686098,0.666667,0.731707,0.276169,0.795276
5783,0.258647,0.733806,0.769288,0.498474,0.090963,0.784928,0.970805,0.687098,0.666667,0.731707,0.276169,0.795276
5784,0.214286,0.813765,0.769586,0.494287,0.096110,0.781825,0.970422,0.691960,0.666667,0.735913,0.276169,0.795276
5785,0.250376,0.728745,0.770058,0.501541,0.086430,0.785829,0.970614,0.692028,0.666667,0.733389,0.276169,0.795276
5786,0.248120,0.723684,0.769710,0.488751,0.084151,0.783827,0.970326,0.696617,0.666667,0.737595,0.276169,0.795276
5787,0.279699,0.599190,0.769238,0.492892,0.082896,0.787830,0.970968,0.694220,0.666667,0.735913,0.276169,0.795276
5788,0.251128,0.730769,0.769859,0.499670,0.068222,0.785629,0.970326,0.691755,0.666667,0.735913,0.276169,0.795276
5789,0.270677,0.500000,0.770108,0.503765,0.064688,0.782626,0.970393,0.695562,0.666667,0.735071,0.276169,0.795276
5790,0.218797,0.471660,0.769636,0.498474,0.065328,0.788931,0.969972,0.698671,0.666667,0.735913,0.276169,0.795276
5791,0.222556,0.753036,0.769710,0.498719,0.063766,0.790633,0.970614,0.700794,0.666667,0.735071,0.276169,0.795276
5792,0.252632,0.745951,0.769487,0.490852,0.056980,0.790633,0.970039,0.706342,0.666667,0.738436,0.276169,0.795276
5793,0.283459,0.636640,0.768965,0.484074,0.064765,0.790633,0.970422,0.703753,0.666667,0.737595,0.276169,0.795276
5794,0.224812,0.645749,0.768717,0.493720,0.063792,0.790633,0.970422,0.691001,0.666667,0.736754,0.276169,0.798976
5795,0.220301,0.533401,0.768493,0.510988,0.059873,0.790633,0.970135,0.690316,0.666667,0.733389,0.276169,0.802756
5796,0.259398,0.675101,0.768270,0.505544,0.032574,0.796938,0.969972,0.696411,0.666667,0.735913,0.276169,0.803150
5797,0.203759,0.607287,0.768320,0.497171,0.017286,0.793835,0.969972,0.702808,0.666667,0.735071,0.276169,0.803150
5798,0.254135,0.740891,0.768146,0.497401,0.034162,0.790633,0.970709,0.699973,0.666667,0.736754,0.276169,0.803150
5799,0.280451,0.826923,0.767550,0.495806,0.044457,0.790633,0.970422,0.707780,0.666667,0.737595,0.276169,0.803150
5800,0.247368,0.775304,0.767078,0.493659,0.039412,0.795436,0.970039,0.702575,0.666667,0.735071,0.276169,0.803150
5801,0.258647,0.768219,0.767153,0.497861,0.054496,0.790633,0.970039,0.699493,0.666667,0.736754,0.276169,0.803150
5802,0.300752,0.651822,0.766830,0.502354,0.054086,0.790633,0.969752,0.705246,0.666667,0.735913,0.276169,0.803150
5803,0.276692,0.624494,0.766706,0.498259,0.060130,0.790633,0.970776,0.704766,0.666667,0.739277,0.270045,0.803150
5804,0.223308,0.876518,0.765836,0.500744,0.040334,0.790633,0.969963,0.702780,0.666667,0.737595,0.269209,0.803150
5805,0.279699,0.721660,0.765613,0.499824,0.027658,0.795436,0.969752,0.708191,0.666667,0.734230,0.254733,0.803150
5806,0.248872,0.820850,0.765389,0.490009,0.037389,0.800641,0.970518,0.708807,0.666667,0.741800,0.248330,0.803150
5807,0.251880,0.819838,0.764918,0.491113,0.035904,0.800641,0.969944,0.702575,0.666667,0.735071,0.248330,0.803150
5808,0.247368,0.724696,0.764694,0.491312,0.041025,0.800641,0.970231,0.697096,0.666667,0.736754,0.261414,0.803150
5809,0.241353,0.700405,0.764694,0.495652,0.047248,0.800641,0.970518,0.693604,0.666667,0.735071,0.272550,0.803150
5810,0.210526,0.726721,0.764371,0.505160,0.042152,0.800641,0.969848,0.690727,0.666667,0.733389,0.264198,0.803150
5811,0.254887,0.814777,0.763428,0.500713,0.035263,0.800641,0.970470,0.706205,0.666667,0.732548,0.274777,0.803150
5812,0.218045,0.630567,0.763328,0.487141,0.035315,0.800641,0.970518,0.706205,0.666667,0.740118,0.262806,0.803150
5813,0.236090,0.761134,0.762633,0.497784,0.035187,0.800641,0.970068,0.700384,0.666667,0.734230,0.248330,0.803150
5814,0.283459,0.710526,0.762335,0.497370,0.020129,0.800641,0.970614,0.703465,0.666667,0.736754,0.248330,0.803150
5815,0.263910,0.642713,0.761988,0.498336,0.030910,0.800641,0.970470,0.702233,0.666667,0.736754,0.248330,0.803150
5816,0.272932,0.595142,0.761143,0.496158,0.028067,0.800641,0.969905,0.702616,0.666667,0.737595,0.248330,0.803150
5817,0.266917,0.652834,0.760522,0.491972,0.033292,0.800641,0.970231,0.702986,0.666667,0.735071,0.248330,0.803150
5818,0.250376,0.729757,0.760746,0.497554,0.035059,0.800641,0.970374,0.696918,0.666667,0.735071,0.248330,0.803150
5819,0.263910,0.644737,0.760398,0.500284,0.064355,0.800641,0.970614,0.695179,0.666667,0.737595,0.253062,0.803150
5820,0.277444,0.780364,0.759926,0.494962,0.044534,0.800641,0.970614,0.707232,0.666667,0.735071,0.276169,0.803150
5821,0.268421,0.810729,0.760001,0.488122,0.030782,0.800641,0.970135,0.710656,0.666667,0.739277,0.276169,0.803150
5822,0.163158,0.878543,0.759554,0.485822,0.058055,0.800641,0.970231,0.707026,0.666667,0.739277,0.276169,0.803150
5823,0.270677,0.679150,0.759057,0.493275,0.036288,0.800641,0.971092,0.699699,0.666667,0.736754,0.268653,0.803150
5824,0.283459,0.652834,0.758412,0.497523,0.018234,0.800641,0.970422,0.695453,0.666667,0.735071,0.262806,0.803150
5825,0.262406,0.772267,0.758958,0.503397,0.023304,0.800641,0.970326,0.693467,0.666667,0.733389,0.262249,0.803150
5826,0.229323,0.679150,0.758933,0.510681,0.038695,0.800641,0.970135,0.694494,0.666667,0.734230,0.272550,0.803150
5827,0.253383,0.690283,0.758933,0.510635,0.054444,0.800641,0.970996,0.695179,0.666667,0.735913,0.276169,0.803150
5828,0.232331,0.709514,0.758809,0.510482,0.054009,0.800641,0.970039,0.697576,0.666667,0.734230,0.263085,0.803150
5829,0.177444,0.684211,0.758784,0.499594,0.033163,0.800641,0.970279,0.700452,0.666667,0.738436,0.276169,0.799843
5830,0.169925,0.714575,0.758635,0.498167,0.039386,0.795937,0.970614,0.699767,0.666667,0.738436,0.263085,0.802520
5831,0.216541,0.893725,0.759082,0.491512,0.049220,0.795436,0.970738,0.696959,0.666667,0.739277,0.248330,0.803150
5832,0.268421,0.646761,0.759455,0.502860,0.038208,0.790633,0.969944,0.686207,0.666667,0.731707,0.248330,0.803150
5833,0.227820,0.775304,0.759480,0.512445,0.027325,0.790633,0.970422,0.682167,0.666667,0.734230,0.248330,0.799055
5834,0.209774,0.516194,0.759653,0.513166,0.031217,0.790633,0.969877,0.685386,0.666667,0.731707,0.248330,0.795276
5835,0.258647,0.889676,0.759629,0.501848,0.030731,0.790633,0.970326,0.696480,0.666667,0.730866,0.248330,0.795276
5836,0.238346,0.716599,0.760026,0.498704,0.040462,0.790633,0.970901,0.697713,0.666667,0.732548,0.248330,0.795276
5837,0.220301,0.864372,0.760274,0.491496,0.049604,0.790633,0.969944,0.703808,0.666667,0.739277,0.248330,0.795276
5838,0.295489,0.812753,0.760001,0.491496,0.050245,0.790633,0.970422,0.706342,0.666667,0.737595,0.248330,0.795276
5839,0.314286,0.768219,0.760746,0.502538,0.038260,0.793835,0.970614,0.699219,0.666667,0.737595,0.248330,0.795276
5840,0.248872,0.827935,0.760820,0.504378,0.025583,0.800641,0.969723,0.705520,0.666667,0.736754,0.248330,0.799213
5841,0.246617,0.791498,0.760324,0.496741,0.049451,0.800641,0.970231,0.705109,0.666667,0.740959,0.248330,0.795276
5842,0.246617,0.610324,0.760100,0.494211,0.050526,0.800641,0.970135,0.698877,0.666667,0.737595,0.255290,0.797008
5843,0.249624,0.682186,0.759554,0.510359,0.035033,0.800641,0.969656,0.697850,0.666667,0.737595,0.263085,0.801181
5844,0.272932,0.586032,0.759728,0.506924,0.037875,0.800641,0.969848,0.702712,0.666667,0.735913,0.276169,0.799055
5845,0.234586,0.713563,0.759430,0.508718,0.023535,0.800641,0.970326,0.705862,0.666667,0.736754,0.276169,0.798976
5846,0.202256,0.753036,0.760001,0.496235,0.021460,0.800641,0.969877,0.716107,0.666667,0.740959,0.276169,0.801654
5847,0.251128,0.654858,0.759107,0.494027,0.000000,0.800641,0.970422,0.712505,0.666667,0.737595,0.276169,0.803150
5848,0.281203,0.756073,0.758660,0.486282,0.008989,0.800240,0.970097,0.702260,0.666667,0.738436,0.276169,0.803150
5849,0.248872,0.818826,0.758387,0.516402,0.018490,0.797738,0.970556,0.696535,0.666667,0.735071,0.276169,0.803150
5850,0.208271,0.862348,0.758188,0.506909,0.015749,0.797938,0.969848,0.708259,0.666667,0.736754,0.276169,0.803150
5851,0.258647,0.756073,0.757418,0.501327,0.014597,0.798439,0.969455,0.709492,0.666667,0.735913,0.276169,0.803150
5852,0.260902,0.638664,0.756897,0.505145,0.039822,0.800641,0.970097,0.710560,0.666667,0.735071,0.276169,0.803150
5853,0.253383,0.578947,0.756698,0.492340,0.012062,0.800641,0.970307,0.711053,0.666667,0.739277,0.276169,0.803150
5854,0.242105,0.758097,0.756078,0.489779,0.030014,0.800641,0.970518,0.706547,0.666667,0.739277,0.276169,0.803150
5855,0.188722,0.566802,0.756996,0.492800,0.022049,0.795837,0.970996,0.696959,0.666667,0.737595,0.276169,0.803150
5856,0.200000,0.609312,0.757170,0.503780,0.046762,0.800641,0.970135,0.687303,0.666667,0.731707,0.276169,0.803150
5857,0.221053,0.754049,0.757121,0.516233,0.112269,0.799940,0.970422,0.678880,0.666667,0.728343,0.276169,0.803150
5858,0.207519,0.823887,0.757592,0.513212,0.141745,0.791833,0.969723,0.683331,0.666667,0.728343,0.257517,0.803150
5859,0.272932,0.587045,0.758163,0.516279,0.109452,0.794335,0.969848,0.678811,0.666667,0.727502,0.262249,0.801732
5860,0.257143,0.538462,0.758685,0.518411,0.127711,0.783927,0.970326,0.686755,0.666667,0.730866,0.248330,0.795276
5861,0.207519,0.619433,0.759132,0.521110,0.137673,0.780624,0.970422,0.686139,0.666667,0.727502,0.248330,0.795276
5862,0.218045,0.817814,0.759728,0.512215,0.128787,0.777922,0.970709,0.696685,0.666667,0.731707,0.248330,0.795276
5863,0.237594,0.753036,0.759033,0.514730,0.114933,0.770616,0.970135,0.691823,0.666667,0.734230,0.248330,0.795276
5864,0.307519,0.817814,0.759852,0.513764,0.117954,0.770616,0.970355,0.701342,0.666667,0.732548,0.248330,0.795276
5865,0.242105,0.875506,0.760572,0.521416,0.117929,0.779223,0.970173,0.689714,0.666667,0.731707,0.248330,0.795276
5866,0.221053,0.738866,0.760696,0.535985,0.142513,0.776421,0.970326,0.694083,0.666667,0.734230,0.248330,0.795276
5867,0.261654,0.693320,0.761243,0.534022,0.123742,0.779924,0.970039,0.688467,0.666667,0.729184,0.248330,0.795276
5868,0.201504,0.758097,0.761690,0.524208,0.133909,0.770917,0.969972,0.687509,0.666667,0.731707,0.248330,0.795276
5869,0.191729,0.725709,0.761466,0.526539,0.128966,0.770316,0.970518,0.675935,0.666667,0.728343,0.248330,0.795276
5870,0.169173,0.714575,0.761764,0.530771,0.129427,0.760608,0.970039,0.674086,0.666667,0.724979,0.248330,0.795276
5871,0.199248,0.755061,0.762782,0.541537,0.137929,0.753603,0.970039,0.666416,0.666667,0.723297,0.248330,0.795276
5872,0.210526,0.544534,0.763676,0.530756,0.131245,0.732786,0.970068,0.680729,0.666667,0.726661,0.245546,0.795276
5873,0.166165,0.729757,0.764173,0.517046,0.132347,0.713371,0.969637,0.688618,0.666667,0.732548,0.220490,0.791339
5874,0.151128,0.768219,0.764967,0.523977,0.126533,0.698259,0.970614,0.675866,0.666667,0.725820,0.220490,0.792362
5875,0.187970,0.847166,0.765141,0.529422,0.128352,0.687850,0.971379,0.668539,0.666667,0.725820,0.220490,0.790000
5876,0.221805,0.443320,0.766259,0.532995,0.132039,0.677542,0.969656,0.668059,0.666667,0.724138,0.220490,0.787402
5877,0.205263,0.819838,0.767302,0.499026,0.121104,0.654724,0.969656,0.683742,0.666667,0.725820,0.214087,0.787402
5878,0.214286,0.795547,0.767873,0.455381,0.118006,0.644215,0.970518,0.693398,0.666667,0.728343,0.192650,0.787402
5879,0.207519,0.794534,0.768891,0.483644,0.111936,0.641513,0.970039,0.676140,0.666667,0.724138,0.192650,0.787402
5880,0.163910,0.792510,0.769760,0.478860,0.110656,0.640512,0.970259,0.683263,0.666667,0.726661,0.216871,0.787402
5881,0.191729,0.651822,0.769959,0.488813,0.101334,0.640512,0.969944,0.674497,0.666667,0.725820,0.220490,0.787402
5882,0.211278,0.746964,0.770654,0.495146,0.119875,0.640512,0.969944,0.675045,0.666667,0.723297,0.220490,0.787402
5883,0.209023,0.753036,0.771225,0.490668,0.109836,0.640512,0.970872,0.681824,0.666667,0.725820,0.221047,0.787402
5884,0.265414,0.518219,0.771970,0.486052,0.108223,0.640512,0.970614,0.686002,0.666667,0.728343,0.248330,0.787402
5885,0.205263,0.658907,0.772268,0.490806,0.124229,0.640512,0.970231,0.683605,0.666667,0.729184,0.248330,0.787402
5886,0.239850,0.609312,0.772789,0.490239,0.134728,0.642314,0.970231,0.681893,0.666667,0.726661,0.248330,0.787402
5887,0.251880,0.577935,0.773336,0.495330,0.129222,0.645717,0.970422,0.679770,0.666667,0.726661,0.248330,0.787402
5888,0.236090,0.809717,0.773758,0.499011,0.138467,0.650520,0.970614,0.684084,0.666667,0.726661,0.248330,0.787402
5889,0.234586,0.811741,0.773981,0.499946,0.137622,0.650520,0.969752,0.689015,0.666667,0.727502,0.252506,0.787402
5890,0.190977,0.639676,0.774105,0.495039,0.143435,0.650520,0.969944,0.697028,0.666667,0.733389,0.276169,0.787402
5891,0.173684,0.792510,0.774726,0.490085,0.136290,0.641813,0.970135,0.701959,0.666667,0.733389,0.276169,0.787402
5892,0.260902,0.787449,0.774726,0.483920,0.134933,0.644716,0.970518,0.700452,0.666667,0.733389,0.276169,0.787402
5893,0.246617,0.679150,0.774875,0.486512,0.127916,0.645717,0.970039,0.697644,0.666667,0.731707,0.297049,0.793150
5894,0.223308,0.953441,0.774701,0.499931,0.123255,0.641013,0.970231,0.696069,0.666667,0.729184,0.304009,0.795276
5895,0.221805,0.707490,0.774627,0.491665,0.116290,0.650020,0.970805,0.702370,0.666667,0.732548,0.295657,0.795276
5896,0.216541,0.826923,0.774726,0.489656,0.109222,0.646317,0.970135,0.695795,0.666667,0.727502,0.276169,0.795276
5897,0.224060,0.823887,0.774776,0.491389,0.116008,0.650520,0.970901,0.697918,0.666667,0.732548,0.285913,0.795276
5898,0.206015,0.785425,0.774751,0.497907,0.100156,0.650520,0.970231,0.703534,0.666667,0.734230,0.304009,0.795276
5899,0.214286,0.794534,0.775074,0.483690,0.108197,0.650520,0.970231,0.700931,0.666667,0.733389,0.304009,0.795276
5900,0.212782,0.767206,0.774577,0.485975,0.095803,0.648219,0.970614,0.695795,0.666667,0.730866,0.304009,0.795276
5901,0.246617,0.823887,0.774552,0.499210,0.101795,0.648018,0.970135,0.687166,0.666667,0.724979,0.290646,0.795276
5902,0.251880,0.645749,0.774577,0.500774,0.100617,0.650520,0.970355,0.690659,0.666667,0.727502,0.289532,0.795276
5903,0.221053,0.802632,0.774900,0.493413,0.100540,0.650520,0.970776,0.696480,0.666667,0.730866,0.277004,0.795276
5904,0.264662,0.834008,0.774776,0.488874,0.081154,0.650520,0.970508,0.694042,0.666667,0.728343,0.302060,0.795276
5905,0.245113,0.538462,0.774826,0.494732,0.099823,0.650520,0.970422,0.683468,0.666667,0.728343,0.276169,0.798976
5906,0.257143,0.694332,0.774850,0.487785,0.097058,0.641213,0.970585,0.684016,0.666667,0.728343,0.276169,0.795276
5907,0.255639,0.709514,0.774975,0.499640,0.084048,0.640512,0.970231,0.682235,0.666667,0.724979,0.276169,0.795276
5908,0.201504,0.804656,0.775372,0.508826,0.089605,0.641313,0.970422,0.688193,0.666667,0.727502,0.276169,0.795276
5909,0.175188,0.973684,0.775471,0.495790,0.096059,0.650520,0.969465,0.698261,0.666667,0.729184,0.276169,0.795276
5910,0.239850,0.913968,0.774975,0.488751,0.089836,0.644015,0.970614,0.699356,0.666667,0.733389,0.276169,0.795276
5911,0.224060,0.800607,0.775372,0.487969,0.096929,0.640512,0.970518,0.700657,0.666667,0.731707,0.276169,0.795276
5912,0.219549,0.632591,0.774850,0.488966,0.092115,0.640512,0.970135,0.696480,0.666667,0.732548,0.276169,0.795276
5913,0.224812,0.729757,0.775397,0.494119,0.092294,0.640512,0.969944,0.699699,0.666667,0.727502,0.276169,0.795276
5914,0.250376,0.613360,0.775372,0.485377,0.069016,0.640512,0.970326,0.702370,0.666667,0.733389,0.276169,0.795276
5915,0.243609,0.792510,0.775546,0.493429,0.088351,0.640512,0.970231,0.696754,0.666667,0.732548,0.276169,0.797480
5916,0.257143,0.711538,0.775620,0.493076,0.078594,0.640512,0.970642,0.694425,0.666667,0.730025,0.276169,0.803150
5917,0.194737,0.796559,0.775620,0.496480,0.089759,0.640512,0.969924,0.685386,0.666667,0.728343,0.276169,0.799370
5918,0.213534,0.723684,0.775620,0.508580,0.094830,0.640512,0.969293,0.683578,0.666667,0.727502,0.276169,0.800472
5919,0.209774,0.865385,0.775645,0.513411,0.093856,0.640512,0.970853,0.685413,0.666667,0.727502,0.276169,0.802205
5920,0.241353,0.599190,0.776166,0.506924,0.095470,0.640512,0.969972,0.692782,0.666667,0.729184,0.276169,0.796063
5921,0.190226,0.675101,0.776862,0.507660,0.092806,0.640512,0.970786,0.702178,0.666667,0.730025,0.276169,0.795276
5922,0.245113,0.758097,0.776713,0.479948,0.082589,0.633907,0.970508,0.708218,0.666667,0.737595,0.276169,0.798819
5923,0.211278,0.645749,0.776762,0.479672,0.088197,0.630504,0.970594,0.696425,0.666667,0.735071,0.276169,0.798583
5924,0.240602,0.759109,0.776315,0.496082,0.084125,0.628102,0.970614,0.688604,0.666667,0.730025,0.276169,0.803150
5925,0.234586,0.778340,0.776812,0.496296,0.085738,0.620496,0.970518,0.695042,0.666667,0.728343,0.276169,0.803150
5926,0.201504,0.917004,0.776911,0.502385,0.078978,0.623599,0.969877,0.688248,0.666667,0.730025,0.276169,0.802756
5927,0.208271,0.714575,0.776688,0.509178,0.071244,0.622198,0.970183,0.684632,0.666667,0.728343,0.276169,0.799055
5928,0.232331,0.783401,0.776787,0.507676,0.073164,0.629203,0.970518,0.686618,0.666667,0.727502,0.276169,0.795276
5929,0.258647,0.508097,0.776713,0.511556,0.070629,0.630504,0.970518,0.693193,0.666667,0.726661,0.276169,0.795276
5930,0.224060,0.746964,0.776961,0.501097,0.065815,0.630504,0.970422,0.702986,0.666667,0.730025,0.276169,0.795276
5931,0.235338,0.631579,0.776762,0.498903,0.071782,0.630504,0.970231,0.691549,0.666667,0.728343,0.276169,0.795276
5932,0.190226,0.836032,0.776911,0.492877,0.060206,0.625300,0.970135,0.694288,0.666667,0.726661,0.276169,0.799213
5933,0.158647,0.888664,0.777085,0.490193,0.079848,0.620496,0.970231,0.690933,0.666667,0.724979,0.283964,0.797244
5934,0.169925,0.754049,0.777259,0.492539,0.075111,0.620496,0.970326,0.684153,0.666667,0.723297,0.304009,0.800945
5935,0.242857,0.794534,0.777483,0.503612,0.076084,0.620496,0.969944,0.681140,0.666667,0.723297,0.280345,0.799213
5936,0.234586,0.730769,0.777632,0.504854,0.071705,0.620496,0.970135,0.684084,0.666667,0.726661,0.276169,0.798819
5937,0.238346,0.588057,0.778004,0.501986,0.087582,0.620496,0.970307,0.690440,0.666667,0.724979,0.276169,0.795276
5938,0.221805,0.828947,0.777905,0.502461,0.080975,0.615793,0.970231,0.691960,0.666667,0.726661,0.276169,0.795276
5939,0.231579,0.722672,0.777756,0.501235,0.064611,0.615793,0.970518,0.703054,0.666667,0.729184,0.276169,0.795276
5940,0.235338,0.748988,0.777060,0.482924,0.054957,0.620496,0.970901,0.702712,0.666667,0.732548,0.276169,0.795276
5941,0.207519,0.747976,0.777259,0.480915,0.058977,0.620496,0.970231,0.692919,0.666667,0.731707,0.276169,0.798976
5942,0.270677,0.795547,0.777334,0.480056,0.062255,0.620496,0.969369,0.689426,0.666667,0.730025,0.276169,0.799370
5943,0.200000,0.740891,0.777011,0.494701,0.049732,0.620496,0.970039,0.688125,0.666667,0.727502,0.276169,0.803150
5944,0.205263,0.641700,0.777781,0.492646,0.063561,0.620296,0.970039,0.689632,0.666667,0.727502,0.278953,0.798661
5945,0.234586,0.641700,0.777632,0.494257,0.056596,0.615793,0.969752,0.689495,0.666667,0.727502,0.300668,0.795276
5946,0.255639,0.585020,0.777731,0.496480,0.049451,0.620496,0.969465,0.690385,0.666667,0.725820,0.276169,0.799213
5947,0.203759,0.762146,0.778128,0.496373,0.042280,0.619295,0.969752,0.691892,0.666667,0.726661,0.276169,0.796299
5948,0.157143,0.756073,0.778004,0.492693,0.041230,0.612190,0.970231,0.691207,0.666667,0.728343,0.276169,0.799213
5949,0.187218,0.792510,0.778128,0.494763,0.046275,0.620496,0.970135,0.693672,0.666667,0.730025,0.276169,0.797874
5950,0.223308,0.682186,0.778153,0.489426,0.032677,0.620496,0.969944,0.695727,0.666667,0.731707,0.276169,0.800630
5951,0.213534,0.544534,0.777830,0.497339,0.030884,0.620496,0.969752,0.688878,0.666667,0.724138,0.276169,0.803150
5952,0.212782,0.683198,0.778004,0.501250,0.037696,0.620496,0.970135,0.687440,0.666667,0.725820,0.276169,0.799370
5953,0.271429,0.642713,0.777781,0.500176,0.041179,0.620496,0.969522,0.692316,0.666667,0.728343,0.276169,0.803150
5954,0.242857,0.823887,0.778178,0.498551,0.034290,0.620496,0.970326,0.693809,0.666667,0.724979,0.276169,0.803150
5955,0.254135,0.781377,0.778029,0.491972,0.051397,0.620496,0.970135,0.697781,0.666667,0.725820,0.276169,0.803150
5956,0.196992,0.723684,0.778004,0.485837,0.051499,0.625300,0.970614,0.697507,0.666667,0.727502,0.276169,0.803150
5957,0.229323,0.701417,0.777731,0.486558,0.052908,0.630004,0.970135,0.695247,0.666667,0.729184,0.301225,0.803150
5958,0.224812,0.743927,0.777830,0.489058,0.050014,0.625801,0.970231,0.691686,0.666667,0.727502,0.304009,0.803150
5959,0.256391,0.655870,0.777805,0.497861,0.051397,0.630504,0.970135,0.688741,0.666667,0.730025,0.278118,0.803150
5960,0.272180,0.675101,0.777781,0.500468,0.058183,0.630504,0.970585,0.689221,0.666667,0.726661,0.289254,0.803150
5961,0.191729,0.785425,0.778525,0.496174,0.051499,0.630504,0.970011,0.692508,0.666667,0.728343,0.303452,0.803150
5962,0.267669,0.736842,0.778128,0.498827,0.053958,0.636309,0.969982,0.691083,0.666667,0.726661,0.304009,0.803150
5963,0.252632,0.795547,0.778178,0.493843,0.059105,0.640512,0.970039,0.698603,0.666667,0.728343,0.304009,0.803150
5964,0.284962,0.675101,0.777855,0.486113,0.051423,0.640512,0.969570,0.697096,0.666667,0.732548,0.304009,0.803150
5965,0.224060,0.572874,0.777781,0.484672,0.051781,0.640512,0.970422,0.690864,0.666667,0.729184,0.304009,0.803150
5966,0.247368,0.774291,0.777979,0.495913,0.056954,0.640512,0.969982,0.685413,0.666667,0.727502,0.304009,0.803150
5967,0.190226,0.573887,0.778103,0.500667,0.052012,0.640512,0.970422,0.688330,0.666667,0.727502,0.304009,0.803150
5968,0.191729,0.610324,0.778277,0.499057,0.051243,0.640512,0.970135,0.692987,0.666667,0.730025,0.304009,0.803150
5969,0.200000,0.790486,0.778128,0.495637,0.045942,0.640512,0.970996,0.690864,0.666667,0.729184,0.304009,0.803150
5970,0.236090,0.862348,0.778724,0.494180,0.054880,0.640512,0.970135,0.686755,0.666667,0.727502,0.304009,0.803150
5971,0.238346,0.843117,0.778625,0.501035,0.047556,0.640512,0.970173,0.687207,0.666667,0.728343,0.304009,0.803150
5972,0.225564,0.724696,0.778799,0.499333,0.051627,0.640512,0.970355,0.687303,0.666667,0.729184,0.304009,0.803150
5973,0.267669,0.727733,0.778749,0.495499,0.039130,0.641813,0.970231,0.694562,0.666667,0.733389,0.304009,0.803150
5974,0.243609,0.779352,0.778699,0.490576,0.046582,0.644015,0.970422,0.701685,0.666667,0.732548,0.304009,0.803150
5975,0.246617,0.703441,0.778923,0.492877,0.056724,0.647518,0.970135,0.698945,0.666667,0.732548,0.304009,0.803150
5976,0.241353,0.614372,0.779121,0.486175,0.063561,0.650520,0.970039,0.700315,0.666667,0.730866,0.304009,0.803150
5977,0.253383,0.579960,0.778923,0.483460,0.069118,0.658227,0.970518,0.701685,0.666667,0.731707,0.289532,0.803150
5978,0.255639,0.628543,0.779121,0.489472,0.058619,0.652322,0.970489,0.692467,0.666667,0.730866,0.304009,0.803150
5979,0.227068,0.603239,0.779221,0.495453,0.064662,0.658827,0.969848,0.693124,0.666667,0.730025,0.304009,0.803150
5980,0.242105,0.632591,0.779072,0.494119,0.054393,0.660528,0.970231,0.693261,0.666667,0.730025,0.304009,0.803150
5981,0.254887,0.606275,0.779668,0.487708,0.060053,0.664732,0.969944,0.696480,0.666667,0.730866,0.304009,0.803150
5982,0.214286,0.750000,0.779593,0.479764,0.058721,0.665833,0.969944,0.694083,0.666667,0.731707,0.304009,0.803150
5983,0.244361,0.693320,0.779593,0.482111,0.044969,0.670336,0.970470,0.690727,0.666667,0.730866,0.304009,0.803150
5984,0.224060,0.712551,0.780313,0.484871,0.040385,0.670536,0.970326,0.688865,0.666667,0.729184,0.304009,0.803150
5985,0.229323,0.655870,0.780388,0.497094,0.038004,0.670536,0.970307,0.681865,0.666667,0.727502,0.304009,0.803150
5986,0.204511,0.802632,0.780959,0.498719,0.040744,0.670536,0.970135,0.680318,0.666667,0.724138,0.304009,0.803150
5987,0.178947,0.656883,0.781480,0.500928,0.039335,0.670536,0.970326,0.685317,0.666667,0.725820,0.299833,0.803150
5988,0.217293,0.771255,0.782002,0.486129,0.041205,0.677342,0.969848,0.700452,0.666667,0.730025,0.280902,0.803150
5989,0.227820,0.610324,0.781952,0.470686,0.058491,0.680544,0.970614,0.693535,0.666667,0.730025,0.304009,0.803150
5990,0.202256,0.743927,0.782548,0.494456,0.038593,0.677742,0.970614,0.670593,0.666667,0.724979,0.304009,0.803150
5991,0.219549,0.822874,0.782896,0.521953,0.028579,0.678543,0.970039,0.672511,0.666667,0.722456,0.297049,0.803150
5992,0.175188,0.698381,0.783964,0.502247,0.039438,0.680544,0.970518,0.688330,0.666667,0.728343,0.297884,0.803150
5993,0.208271,0.527328,0.784460,0.492110,0.052088,0.680544,0.970279,0.694699,0.666667,0.732548,0.304009,0.803150
5994,0.198496,0.888664,0.785081,0.491726,0.049835,0.680544,0.969848,0.696001,0.666667,0.734230,0.290089,0.799213
5995,0.233083,0.827935,0.785478,0.490883,0.043253,0.680544,0.970518,0.696685,0.666667,0.734230,0.304009,0.803150
5996,0.245865,0.829960,0.785205,0.499333,0.052447,0.685348,0.970518,0.691070,0.666667,0.733389,0.279510,0.803150
5997,0.254135,0.794534,0.785404,0.500084,0.050219,0.680544,0.970202,0.688947,0.666667,0.730025,0.276169,0.803150
5998,0.208271,0.820850,0.785454,0.507691,0.061743,0.681445,0.970039,0.688454,0.666667,0.730866,0.276169,0.803150
5999,0.232331,0.689271,0.785255,0.510865,0.047658,0.689251,0.969656,0.688741,0.666667,0.730866,0.276169,0.803150
6000,0.207519,0.731781,0.785404,0.516877,0.040027,0.696257,0.969944,0.695864,0.666667,0.732548,0.276169,0.803150
6001,0.201504,0.766194,0.784858,0.495530,0.040513,0.693555,0.970231,0.708875,0.666667,0.734230,0.290646,0.803150
6002,0.209023,0.643725,0.784634,0.487049,0.036262,0.690552,0.970231,0.696069,0.666667,0.733389,0.304009,0.803150
6003,0.249624,0.573887,0.784733,0.493122,0.037645,0.690552,0.970326,0.681482,0.666667,0.725820,0.304009,0.803150
6004,0.196241,0.811741,0.784957,0.510037,0.034623,0.690552,0.970269,0.678989,0.666667,0.725820,0.304009,0.803150
6005,0.199248,0.572874,0.785404,0.508718,0.039310,0.690552,0.970326,0.674839,0.666667,0.724979,0.304009,0.803150
6006,0.155639,0.627530,0.786372,0.511586,0.036057,0.690552,0.969848,0.674976,0.666667,0.722456,0.304009,0.803150
6007,0.162406,0.803644,0.786894,0.502431,0.049758,0.690552,0.970518,0.687509,0.666667,0.727502,0.304009,0.803150
6008,0.178195,0.844130,0.787266,0.493613,0.048734,0.690552,0.970422,0.691344,0.666667,0.734230,0.304009,0.803150
6009,0.207519,0.852227,0.787415,0.503167,0.052140,0.700560,0.970039,0.683194,0.666667,0.728343,0.304009,0.803150
6010,0.184962,0.685223,0.787614,0.513442,0.038951,0.694856,0.970231,0.677441,0.666667,0.725820,0.304009,0.803150
6011,0.221053,0.715587,0.787862,0.501955,0.048554,0.690552,0.970058,0.683112,0.666667,0.726661,0.304009,0.803150
6012,0.193233,0.748988,0.788185,0.506878,0.051423,0.685749,0.969781,0.681550,0.666667,0.726661,0.304009,0.800394
6013,0.181203,0.688259,0.788160,0.500207,0.052857,0.688851,0.970403,0.686673,0.666667,0.724138,0.304009,0.798110
6014,0.223308,0.661943,0.788359,0.494379,0.061512,0.680544,0.969369,0.686344,0.666667,0.724979,0.290089,0.800000
6015,0.245865,0.741903,0.788980,0.496710,0.063945,0.680544,0.969369,0.682098,0.666667,0.726661,0.304009,0.802598
6016,0.201504,0.727733,0.789551,0.503888,0.056339,0.680544,0.970518,0.679496,0.666667,0.722456,0.276726,0.803150
6017,0.206015,0.608300,0.789923,0.500391,0.055085,0.680544,0.970135,0.683331,0.666667,0.725820,0.276169,0.799213
6018,0.228571,0.731781,0.790047,0.500284,0.056852,0.677042,0.969944,0.686002,0.666667,0.722456,0.276169,0.803150
6019,0.242105,0.688259,0.789799,0.498091,0.047248,0.670536,0.970039,0.688536,0.666667,0.728343,0.276169,0.803150
6020,0.218045,0.574899,0.789799,0.500544,0.059797,0.670536,0.970326,0.696590,0.666667,0.728343,0.291203,0.803150
6021,0.224812,0.595142,0.789874,0.480792,0.060591,0.670536,0.969972,0.698493,0.666667,0.731707,0.286192,0.803150
6022,0.235338,0.716599,0.789749,0.482908,0.053497,0.670536,0.970039,0.688604,0.666667,0.731707,0.276169,0.803150
6023,0.268421,0.735830,0.790147,0.498811,0.057978,0.675641,0.970145,0.683400,0.666667,0.730025,0.276169,0.803150
6024,0.214286,0.854251,0.790072,0.510666,0.043151,0.670536,0.969656,0.680660,0.666667,0.724979,0.283129,0.803150
6025,0.218045,0.735830,0.790792,0.504762,0.033881,0.670536,0.969618,0.684619,0.666667,0.726661,0.282294,0.803150
6026,0.224812,0.889676,0.790643,0.497217,0.042383,0.670536,0.969944,0.689015,0.666667,0.726661,0.276169,0.801181
6027,0.177444,0.854251,0.790768,0.501802,0.053164,0.670536,0.970078,0.694727,0.666667,0.730025,0.276169,0.797402
6028,0.224060,0.699393,0.791388,0.477771,0.053113,0.663231,0.970996,0.700589,0.666667,0.730025,0.276169,0.803150
6029,0.210526,0.492915,0.791587,0.479427,0.058465,0.668235,0.970709,0.690385,0.666667,0.729184,0.276169,0.803150
6030,0.224060,0.472672,0.791463,0.493812,0.030756,0.670536,0.970135,0.680112,0.666667,0.727502,0.299833,0.803150
6031,0.199248,0.787449,0.792084,0.502001,0.010064,0.670536,0.970039,0.679633,0.666667,0.728343,0.304009,0.803150
6032,0.209774,0.520243,0.792282,0.505713,0.033240,0.670536,0.969972,0.676346,0.666667,0.723297,0.304009,0.803150
6033,0.217293,0.514170,0.792655,0.501817,0.060667,0.670536,0.970614,0.683126,0.666667,0.729184,0.277561,0.799449
6034,0.172932,0.681174,0.793077,0.491742,0.047607,0.670536,0.970078,0.688111,0.666667,0.728343,0.289254,0.795276
6035,0.238346,0.493927,0.793499,0.494456,0.042075,0.670536,0.969944,0.686070,0.666667,0.725820,0.304009,0.795276
6036,0.266165,0.675101,0.793077,0.493122,0.033906,0.676841,0.970929,0.687919,0.666667,0.726661,0.304009,0.795276
6037,0.173684,0.850202,0.792506,0.501817,0.042972,0.680544,0.970422,0.683194,0.666667,0.730025,0.304009,0.795276
6038,0.282707,0.741903,0.792431,0.496189,0.058721,0.680544,0.970231,0.693741,0.666667,0.727502,0.304009,0.795276
6039,0.232331,0.677126,0.792133,0.496649,0.063023,0.680544,0.969991,0.694768,0.666667,0.726661,0.304009,0.800157
6040,0.241353,0.698381,0.791810,0.493183,0.067991,0.683747,0.969944,0.691905,0.666667,0.730025,0.304009,0.803150
6041,0.265414,0.736842,0.791115,0.496941,0.033368,0.690552,0.970413,0.691755,0.666667,0.728343,0.304009,0.803150
6042,0.254887,0.731781,0.790867,0.499793,0.060309,0.690552,0.970422,0.690042,0.666667,0.730025,0.304009,0.803150
6043,0.245865,0.755061,0.790668,0.500376,0.075956,0.690552,0.970231,0.692165,0.666667,0.730866,0.304009,0.803150
6044,0.252632,0.703441,0.789973,0.502507,0.082307,0.694856,0.969819,0.690042,0.666667,0.731707,0.304009,0.803150
6045,0.266917,0.790486,0.789551,0.509255,0.081948,0.700560,0.970298,0.700247,0.666667,0.735071,0.304009,0.803150
6046,0.272932,0.721660,0.788880,0.483721,0.114676,0.700861,0.970135,0.705999,0.666667,0.735913,0.304009,0.803150
6047,0.231579,0.887652,0.788433,0.481083,0.133550,0.710568,0.970231,0.700041,0.666667,0.735071,0.304009,0.803150
6048,0.224812,0.637652,0.787813,0.484150,0.123665,0.710568,0.970518,0.692576,0.666667,0.735913,0.304009,0.803150
6049,0.216541,0.826923,0.787564,0.489472,0.111731,0.710568,0.970135,0.694973,0.666667,0.734230,0.304009,0.803150
6050,0.275188,0.689271,0.787490,0.484871,0.130349,0.712370,0.970326,0.692508,0.666667,0.734230,0.304009,0.803150
6051,0.248872,0.799595,0.787241,0.489472,0.135881,0.720576,0.970518,0.692782,0.666667,0.730866,0.304009,0.803150
6052,0.220301,0.832996,0.786943,0.497033,0.132833,0.720576,0.969369,0.691344,0.666667,0.735913,0.304009,0.803150
6053,0.209774,0.744939,0.786323,0.506694,0.112372,0.720576,0.969848,0.695795,0.666667,0.735913,0.304009,0.803150
6054,0.211278,0.792510,0.785478,0.482310,0.139978,0.725380,0.969561,0.712094,0.666667,0.738436,0.304009,0.803150
6055,0.208271,0.502024,0.785131,0.480654,0.139030,0.729083,0.970039,0.707643,0.666667,0.739277,0.304009,0.803150
6056,0.230827,0.578947,0.784709,0.476329,0.170094,0.730584,0.970039,0.700520,0.666667,0.733389,0.304009,0.804094
6057,0.213534,0.649798,0.784932,0.481467,0.167687,0.739792,0.969944,0.691001,0.666667,0.733389,0.304009,0.807244
6058,0.293985,0.548583,0.784286,0.485669,0.165817,0.735588,0.969752,0.687440,0.666667,0.731707,0.304009,0.807323
6059,0.255639,0.778340,0.784212,0.491512,0.162591,0.735889,0.969561,0.684906,0.666667,0.730866,0.304009,0.805906
6060,0.223308,0.796559,0.784113,0.494257,0.140490,0.740592,0.969848,0.684701,0.666667,0.729184,0.304009,0.803150
6061,0.190977,0.763158,0.783641,0.492662,0.174755,0.740592,0.970106,0.690248,0.666667,0.730025,0.304009,0.803150
6062,0.219549,0.885628,0.783889,0.493122,0.160926,0.740592,0.969561,0.693330,0.666667,0.728343,0.304009,0.803150
6063,0.255639,0.756073,0.783839,0.486482,0.143307,0.740592,0.969848,0.696548,0.666667,0.730866,0.304009,0.803150
6064,0.266165,0.742915,0.783492,0.484258,0.154396,0.740592,0.970518,0.699356,0.666667,0.732548,0.304009,0.803150
6065,0.253383,0.837045,0.782797,0.483307,0.149248,0.740592,0.970422,0.699082,0.666667,0.731707,0.304009,0.803150
6066,0.193233,0.792510,0.782846,0.490239,0.132807,0.740592,0.970135,0.700520,0.666667,0.736754,0.304009,0.803150
6067,0.255639,0.668016,0.781704,0.480807,0.119132,0.740592,0.970326,0.704287,0.666667,0.735071,0.304009,0.803150
6068,0.252632,0.810729,0.782052,0.476636,0.137161,0.749099,0.970135,0.698740,0.666667,0.733389,0.304009,0.806457
6069,0.272932,0.761134,0.781431,0.482218,0.138467,0.745797,0.969656,0.696685,0.666667,0.735071,0.304009,0.807323
6070,0.213534,0.926113,0.781083,0.490085,0.126098,0.750600,0.969867,0.692563,0.666667,0.731707,0.304009,0.808346
6071,0.197744,0.664980,0.780214,0.490990,0.137878,0.750600,0.969532,0.694617,0.666667,0.736754,0.304009,0.803150
6072,0.206015,0.661943,0.780140,0.488322,0.149889,0.750600,0.969752,0.694494,0.666667,0.732548,0.304009,0.803150
6073,0.266165,0.673077,0.779842,0.490085,0.119593,0.750600,0.970231,0.694905,0.666667,0.731707,0.304009,0.806850
6074,0.200000,0.859312,0.779419,0.484687,0.130759,0.750600,0.969848,0.695521,0.666667,0.732548,0.304009,0.803150
6075,0.235338,0.757085,0.779072,0.488199,0.130938,0.750600,0.969465,0.693741,0.666667,0.730025,0.304009,0.803150
6076,0.291729,0.758097,0.778451,0.486896,0.105252,0.750600,0.969369,0.694905,0.666667,0.728343,0.304009,0.803150
6077,0.300752,0.586032,0.778128,0.484350,0.103076,0.750600,0.969733,0.697439,0.666667,0.735071,0.285913,0.803150
6078,0.257143,0.777328,0.777706,0.483522,0.079669,0.750600,0.970326,0.696548,0.666667,0.734230,0.276169,0.803150
6079,0.260150,0.804656,0.776911,0.489135,0.094113,0.750600,0.970326,0.693138,0.666667,0.735913,0.276169,0.803150
6080,0.221805,0.814777,0.776837,0.494042,0.095931,0.750600,0.970231,0.688604,0.666667,0.730866,0.282572,0.803150
6081,0.233083,0.628543,0.776464,0.498413,0.083357,0.755805,0.969848,0.688399,0.666667,0.732548,0.297049,0.803150
6082,0.224060,0.792510,0.776216,0.495775,0.072832,0.750600,0.969810,0.694686,0.666667,0.732548,0.276169,0.803150
6083,0.256391,0.696356,0.775769,0.492416,0.060667,0.750600,0.970250,0.693878,0.666667,0.735071,0.276169,0.803150
6084,0.260902,0.796559,0.775397,0.490009,0.045840,0.750600,0.970039,0.691549,0.666667,0.732548,0.285078,0.803150
6085,0.204511,0.844130,0.775024,0.493659,0.047914,0.750600,0.970518,0.687577,0.666667,0.731707,0.304009,0.803150
6086,0.196992,0.735830,0.774528,0.494027,0.057825,0.750600,0.970614,0.689974,0.666667,0.730025,0.294265,0.803150
6087,0.164662,0.731781,0.774180,0.486037,0.047248,0.750600,0.969896,0.691782,0.666667,0.731707,0.276169,0.803150
6088,0.230075,0.555668,0.774503,0.489288,0.082845,0.750600,0.970135,0.688330,0.666667,0.730025,0.276169,0.803150
6089,0.177444,0.680162,0.774354,0.494517,0.068888,0.750600,0.969972,0.686509,0.666667,0.731707,0.276169,0.803150
6090,0.230827,0.789474,0.773609,0.496956,0.057671,0.750600,0.969781,0.687714,0.666667,0.730025,0.276169,0.803150
6091,0.191729,0.644737,0.773534,0.491972,0.056519,0.750600,0.969752,0.691070,0.666667,0.728343,0.276169,0.803150
6092,0.220301,0.676113,0.773137,0.489043,0.057748,0.750600,0.970422,0.691960,0.666667,0.729184,0.289532,0.803150
6093,0.222556,0.662955,0.773236,0.486328,0.061922,0.750600,0.970805,0.694562,0.666667,0.733389,0.290646,0.803150
6094,0.263910,0.602227,0.773112,0.492278,0.103178,0.750600,0.970231,0.693124,0.666667,0.732548,0.289254,0.803150
6095,0.223308,0.650810,0.772938,0.468631,0.157571,0.750600,0.970135,0.667854,0.666667,0.730025,0.278396,0.803150
6096,0.193985,0.608300,0.773882,0.472695,0.188379,0.750600,0.970135,0.671346,0.666667,0.730025,0.286748,0.803150
6097,0.240602,0.646761,0.774031,0.552364,0.234475,0.750600,0.969752,0.651144,0.666667,0.720774,0.280345,0.803150
6098,0.239850,0.808704,0.774677,0.593832,0.231069,0.749900,0.969944,0.706342,0.666667,0.731707,0.285356,0.798189
6099,0.231579,0.756073,0.775024,0.451102,0.207585,0.745396,0.970106,0.752637,0.666667,0.756939,0.289254,0.795276
6100,0.235338,0.672065,0.775322,0.477939,0.188456,0.745396,0.970326,0.750651,0.500000,0.758621,0.276169,0.801417
6101,0.242105,0.834008,0.775496,0.483307,0.217957,0.745296,0.970326,0.718737,0.666667,0.750210,0.299276,0.803150
6102,0.200000,0.800607,0.775695,0.424433,0.224205,0.740592,0.969944,0.717231,0.666667,0.746846,0.304009,0.809685
6103,0.209023,0.577935,0.775422,0.501986,0.224282,0.740592,0.970393,0.683879,0.666667,0.731707,0.304009,0.811024
6104,0.278195,0.645749,0.775422,0.496895,0.234680,0.740592,0.969522,0.702424,0.666667,0.735913,0.304009,0.811024
6105,0.251880,0.727733,0.775620,0.487233,0.212758,0.740592,0.970097,0.703684,0.666667,0.736754,0.304009,0.811024
6106,0.329323,0.770243,0.775273,0.489089,0.232631,0.740592,0.970757,0.698808,0.666667,0.735071,0.304009,0.811024
6107,0.246617,0.698381,0.774999,0.473569,0.228764,0.740592,0.970518,0.686687,0.666667,0.738436,0.304009,0.807244
6108,0.254135,0.687247,0.775124,0.504378,0.223181,0.740592,0.970259,0.682564,0.666667,0.734230,0.304009,0.803150
6109,0.280451,0.616397,0.774652,0.510681,0.231709,0.740592,0.968986,0.694631,0.666667,0.733389,0.304009,0.803150
6110,0.227820,0.712551,0.775248,0.491466,0.246178,0.740592,0.970422,0.704493,0.666667,0.735913,0.287305,0.803150
6111,0.202256,0.789474,0.774751,0.484611,0.234449,0.735789,0.970231,0.704493,0.666667,0.735913,0.276169,0.803150
6112,0.170677,0.721660,0.774503,0.487785,0.246152,0.740592,0.970374,0.704698,0.666667,0.737595,0.276169,0.803150
6113,0.231579,0.640688,0.774478,0.484074,0.247228,0.734788,0.969752,0.703328,0.666667,0.737595,0.276169,0.803150
6114,0.239850,0.530364,0.774180,0.488889,0.235576,0.740592,0.970422,0.699151,0.666667,0.734230,0.276169,0.807087
6115,0.263158,0.654858,0.774130,0.490883,0.223412,0.740592,0.970422,0.697644,0.666667,0.732548,0.276169,0.803150
6116,0.190226,0.839069,0.774006,0.495683,0.221824,0.740592,0.969848,0.694973,0.666667,0.733389,0.296492,0.803150
6117,0.178195,0.870445,0.774006,0.496296,0.240416,0.735889,0.970039,0.699082,0.666667,0.729184,0.283129,0.803150
6118,0.247368,0.788462,0.773907,0.494579,0.236907,0.740592,0.970231,0.698466,0.666667,0.733389,0.297606,0.803150
6119,0.197744,0.779352,0.773783,0.491113,0.221184,0.740592,0.970231,0.701205,0.666667,0.735071,0.290089,0.803150
6120,0.196241,0.634615,0.773509,0.487202,0.203642,0.740592,0.969829,0.701479,0.666667,0.735071,0.304009,0.807087
6121,0.260902,0.680162,0.773435,0.493030,0.215934,0.735889,0.970135,0.696822,0.666667,0.735913,0.304009,0.803150
6122,0.239098,0.579960,0.773236,0.493919,0.220569,0.740092,0.970460,0.695836,0.666667,0.736754,0.304009,0.803150
6123,0.255639,0.698381,0.773112,0.493766,0.227202,0.731585,0.970231,0.696685,0.666667,0.735913,0.304009,0.803150
6124,0.271429,0.881579,0.772616,0.489748,0.218469,0.734388,0.969752,0.697987,0.666667,0.735913,0.304009,0.803150
6125,0.194737,0.728745,0.772591,0.490085,0.182950,0.735388,0.970422,0.699493,0.666667,0.735071,0.304009,0.803150
6126,0.284211,0.831984,0.773311,0.490653,0.198264,0.730584,0.970566,0.697644,0.666667,0.734230,0.304009,0.803150
6127,0.292481,0.505061,0.773211,0.496419,0.190888,0.735388,0.970106,0.692097,0.666667,0.733389,0.289532,0.803150
6128,0.262406,0.761134,0.773063,0.499716,0.165356,0.735388,0.969369,0.696480,0.666667,0.737595,0.290646,0.803150
6129,0.193985,0.776316,0.773112,0.502170,0.127046,0.725881,0.970518,0.698877,0.666667,0.737595,0.304009,0.803150
6130,0.252632,0.843117,0.773162,0.493889,0.138057,0.735488,0.969541,0.700548,0.666667,0.736754,0.304009,0.803150
6131,0.233835,0.578947,0.772367,0.492585,0.140746,0.735588,0.970231,0.701000,0.666667,0.736754,0.304009,0.803150
6132,0.276692,0.767206,0.772392,0.488828,0.193833,0.739592,0.970326,0.698945,0.666667,0.736754,0.304009,0.803150
6133,0.273684,0.702429,0.772491,0.496710,0.170683,0.735789,0.969848,0.697781,0.666667,0.737595,0.304009,0.803150
6134,0.264662,0.638664,0.772218,0.497953,0.163641,0.730885,0.969944,0.695521,0.666667,0.732548,0.304009,0.803150
6135,0.212782,0.597166,0.771970,0.498167,0.160465,0.731085,0.970231,0.696138,0.666667,0.735071,0.304009,0.803150
6136,0.229323,0.688259,0.771895,0.495836,0.196548,0.739392,0.969944,0.695727,0.666667,0.730866,0.304009,0.803150
6137,0.179699,0.803644,0.772069,0.490545,0.192988,0.730584,0.969991,0.700315,0.666667,0.733389,0.304009,0.803150
6138,0.236090,0.741903,0.771672,0.492508,0.165126,0.730584,0.970709,0.700452,0.666667,0.734230,0.290924,0.806850
6139,0.243609,0.856275,0.771076,0.497953,0.149172,0.730584,0.970642,0.695453,0.666667,0.730866,0.290646,0.806929
6140,0.258647,0.752024,0.770778,0.502001,0.161976,0.725781,0.970326,0.694562,0.666667,0.729184,0.282294,0.803150
6141,0.176692,0.780364,0.770530,0.498259,0.179928,0.730584,0.970422,0.696138,0.666667,0.729184,0.285356,0.803150
6142,0.233083,0.741903,0.770828,0.494149,0.171963,0.730584,0.970518,0.697850,0.666667,0.733389,0.304009,0.803150
6143,0.271429,0.694332,0.770952,0.493045,0.156291,0.726882,0.970326,0.698466,0.666667,0.734230,0.279788,0.803150
6144,0.275940,0.782389,0.770579,0.489426,0.139952,0.720576,0.970039,0.698671,0.666667,0.730866,0.276169,0.803150
6145,0.239850,0.806680,0.770356,0.496557,0.144690,0.725080,0.970709,0.691823,0.666667,0.730866,0.276169,0.803150
6146,0.178195,0.707490,0.770977,0.501004,0.148583,0.721077,0.970422,0.687440,0.666667,0.730025,0.276169,0.803150
6147,0.218045,0.624494,0.770828,0.507691,0.133268,0.720576,0.969752,0.692645,0.666667,0.730866,0.276169,0.803150
6148,0.248872,0.826923,0.770406,0.501419,0.150785,0.720576,0.969838,0.697767,0.666667,0.732548,0.276169,0.803150
6149,0.214286,0.814777,0.769611,0.492539,0.148685,0.720576,0.969561,0.702164,0.666667,0.733389,0.303452,0.803150
6150,0.272932,0.721660,0.768642,0.490392,0.136290,0.720576,0.969848,0.698397,0.666667,0.730866,0.276169,0.803150
6151,0.286466,0.701417,0.768916,0.492708,0.170350,0.720576,0.969618,0.700288,0.666667,0.735071,0.276169,0.803150
6152,0.221053,0.772267,0.768469,0.493689,0.164358,0.720576,0.969465,0.696754,0.666667,0.731707,0.278396,0.803150
6153,0.236842,0.608300,0.768568,0.504470,0.202771,0.720576,0.969561,0.692782,0.666667,0.729184,0.304009,0.803150
6154,0.211278,0.847166,0.768742,0.505160,0.180338,0.720576,0.970202,0.698808,0.666667,0.735071,0.304009,0.803150
6155,0.258647,0.930162,0.768369,0.497600,0.191452,0.720576,0.969848,0.704835,0.666667,0.735913,0.304009,0.803150
6156,0.270677,0.746964,0.768344,0.492232,0.207355,0.720576,0.970231,0.706136,0.666667,0.734230,0.304009,0.803150
6157,0.200000,0.814777,0.768022,0.479228,0.255884,0.711369,0.970135,0.698603,0.666667,0.733389,0.304009,0.803150
6158,0.211278,0.633603,0.767798,0.508151,0.257753,0.710568,0.969944,0.690522,0.666667,0.730866,0.297884,0.804567
6159,0.271429,0.618421,0.768046,0.506771,0.236472,0.715272,0.969561,0.695864,0.666667,0.733389,0.283129,0.809291
6160,0.254135,0.524291,0.768344,0.504915,0.234961,0.710568,0.970135,0.703739,0.666667,0.734230,0.304009,0.803150
6161,0.215789,0.799595,0.768146,0.499778,0.256268,0.710568,0.970393,0.705246,0.666667,0.739277,0.304009,0.803150
6162,0.190977,0.890688,0.768171,0.494195,0.260186,0.710568,0.969944,0.706205,0.666667,0.735071,0.304009,0.803150
6163,0.221805,0.775304,0.768046,0.492033,0.243412,0.710568,0.971331,0.708396,0.666667,0.735913,0.304009,0.803150
6164,0.275940,0.716599,0.767624,0.501664,0.253835,0.710568,0.970518,0.697370,0.666667,0.731707,0.290646,0.806929
6165,0.200000,0.771255,0.767277,0.508826,0.244488,0.710568,0.969178,0.694288,0.666667,0.733389,0.304009,0.809843
6166,0.203759,0.762146,0.767351,0.508534,0.238700,0.710568,0.970518,0.697850,0.666667,0.732548,0.304009,0.807087
6167,0.221805,0.804656,0.767823,0.505912,0.267254,0.710568,0.969465,0.703123,0.666667,0.734230,0.304009,0.807087
6168,0.207519,0.904858,0.767426,0.504915,0.282440,0.704263,0.969656,0.701000,0.666667,0.733389,0.276726,0.803543
6169,0.166165,0.824899,0.767103,0.502431,0.248150,0.709568,0.970183,0.700931,0.666667,0.734230,0.304009,0.806850
6170,0.237594,0.841093,0.766383,0.496879,0.228252,0.710568,0.970173,0.706081,0.666667,0.734230,0.304009,0.807165
6171,0.244361,0.785425,0.766606,0.495714,0.239392,0.710568,0.970039,0.698740,0.666667,0.734230,0.302617,0.803386
6172,0.236842,0.720648,0.766681,0.499548,0.246152,0.705765,0.970642,0.697370,0.666667,0.735913,0.276169,0.810630
6173,0.241353,0.653846,0.766730,0.507599,0.245768,0.709768,0.969848,0.695453,0.666667,0.736754,0.292873,0.806929
6174,0.280451,0.588057,0.766904,0.509301,0.241696,0.706365,0.969944,0.691207,0.666667,0.734230,0.304009,0.807087
6175,0.230827,0.608300,0.766656,0.508059,0.232195,0.704263,0.970135,0.695590,0.666667,0.730866,0.299833,0.803150
6176,0.216541,0.603239,0.766457,0.506418,0.214602,0.700560,0.970039,0.695795,0.666667,0.735913,0.276169,0.803150
6177,0.215038,0.753036,0.765861,0.508166,0.247253,0.700560,0.969944,0.691248,0.666667,0.733389,0.276169,0.803150
6178,0.263158,0.628543,0.766606,0.503198,0.225435,0.700560,0.969465,0.690453,0.666667,0.730866,0.282572,0.803150
6179,0.171429,0.722672,0.766432,0.503995,0.210889,0.697758,0.969848,0.690453,0.666667,0.730025,0.297606,0.803150
6180,0.221053,0.742915,0.766855,0.502078,0.236318,0.690552,0.969752,0.687988,0.666667,0.733389,0.276169,0.803150
6181,0.246617,0.626518,0.766730,0.502201,0.225051,0.686849,0.970326,0.690248,0.666667,0.732548,0.285078,0.803150
6182,0.250376,0.542510,0.766482,0.500391,0.239340,0.680544,0.969944,0.686618,0.666667,0.731707,0.280345,0.803150
6183,0.249624,0.680162,0.766557,0.497600,0.251069,0.680544,0.970681,0.685933,0.666667,0.732548,0.276169,0.803150
6184,0.254135,0.696356,0.766755,0.492462,0.252375,0.671037,0.969752,0.689837,0.666667,0.728343,0.276169,0.803150
6185,0.154135,0.731781,0.766954,0.492355,0.206920,0.665532,0.970231,0.688399,0.666667,0.731707,0.276169,0.803150
6186,0.188722,0.792510,0.767028,0.493643,0.237778,0.659828,0.969656,0.687988,0.666667,0.728343,0.276169,0.803150
6187,0.222556,0.793522,0.767053,0.494993,0.211452,0.642814,0.969752,0.686892,0.666667,0.729184,0.276169,0.803150
6188,0.281203,0.796559,0.767525,0.492232,0.214167,0.644315,0.970135,0.693261,0.666667,0.731707,0.276169,0.803150
6189,0.237594,0.630567,0.767500,0.492723,0.212195,0.640512,0.970326,0.698808,0.666667,0.733389,0.276169,0.803150
6190,0.252632,0.735830,0.767004,0.493306,0.212374,0.633507,0.970518,0.681345,0.666667,0.729184,0.276169,0.803150
6191,0.185714,0.617409,0.767873,0.513795,0.199877,0.623799,0.970135,0.667566,0.666667,0.724979,0.276169,0.803150
6192,0.188722,0.671053,0.768642,0.518901,0.202259,0.617594,0.970011,0.679318,0.666667,0.727502,0.276169,0.803150
6193,0.194737,0.802632,0.768940,0.487632,0.212886,0.607286,0.970231,0.693604,0.666667,0.733389,0.276169,0.801969
6194,0.234586,0.753036,0.769636,0.484273,0.225742,0.605184,0.970078,0.690344,0.666667,0.731707,0.256403,0.796772
6195,0.211278,0.802632,0.770008,0.483828,0.253912,0.600480,0.970326,0.690522,0.666667,0.728343,0.268653,0.801575
6196,0.227820,0.594130,0.770679,0.479274,0.233630,0.600480,0.970135,0.687782,0.666667,0.729184,0.276169,0.797087
6197,0.201504,0.625506,0.771200,0.480654,0.205460,0.600480,0.970614,0.687646,0.666667,0.727502,0.276169,0.801181
6198,0.226316,0.566802,0.771101,0.489089,0.220928,0.605284,0.970135,0.682030,0.666667,0.723297,0.276169,0.795276
6199,0.175188,0.790486,0.771821,0.486589,0.203898,0.601281,0.970326,0.682304,0.666667,0.728343,0.276169,0.799055
6200,0.240602,0.560729,0.771821,0.491052,0.181157,0.609488,0.970298,0.684701,0.666667,0.729184,0.299276,0.795276
6201,0.153383,0.693320,0.771697,0.480501,0.201644,0.606785,0.969628,0.694015,0.666667,0.730025,0.304009,0.798031
6202,0.269925,0.838057,0.772119,0.483108,0.228457,0.605685,0.969819,0.691275,0.666667,0.730866,0.304009,0.796457
6203,0.145865,0.653846,0.772144,0.491772,0.226792,0.608287,0.969848,0.687577,0.666667,0.733389,0.304009,0.795276
6204,0.235338,0.831984,0.772541,0.484104,0.224897,0.607786,0.969944,0.695110,0.666667,0.730866,0.304009,0.799370
6205,0.230075,0.819838,0.772417,0.487586,0.206356,0.610488,0.970039,0.694562,0.666667,0.734230,0.317094,0.798661
6206,0.239098,0.828947,0.772367,0.481589,0.224077,0.610488,0.970212,0.698480,0.666667,0.735913,0.331849,0.803150
6207,0.230827,0.581984,0.772516,0.481865,0.261774,0.610488,0.969810,0.694193,0.666667,0.736754,0.318486,0.803150
6208,0.227068,0.710526,0.772616,0.490699,0.258112,0.610488,0.970011,0.689974,0.666667,0.733389,0.331013,0.803150
6209,0.152632,0.729757,0.772765,0.491082,0.224948,0.610488,0.969944,0.689810,0.666667,0.730025,0.304009,0.803150
6210,0.212030,0.744939,0.772988,0.488629,0.215755,0.610488,0.970489,0.695042,0.666667,0.734230,0.329621,0.803150
6211,0.242857,0.558704,0.773485,0.485699,0.201362,0.610488,0.970049,0.693987,0.666667,0.733389,0.304009,0.803150
6212,0.204511,0.803644,0.773013,0.483920,0.203104,0.605685,0.970384,0.690933,0.666667,0.736754,0.304009,0.803150
6213,0.198496,0.779352,0.773360,0.485285,0.179928,0.610488,0.970269,0.692015,0.666667,0.732548,0.309577,0.803150
6214,0.181955,0.762146,0.773882,0.482019,0.204410,0.610488,0.970049,0.690960,0.666667,0.735071,0.313196,0.803150
6215,0.183459,0.588057,0.774329,0.492508,0.202079,0.615292,0.970326,0.687372,0.666667,0.732548,0.310134,0.803150
6216,0.235338,0.686235,0.774999,0.501971,0.226459,0.615192,0.969656,0.681208,0.666667,0.730866,0.325445,0.803150
6217,0.184962,0.801619,0.774950,0.509531,0.210889,0.610488,0.969561,0.685933,0.666667,0.730025,0.317929,0.803150
6218,0.230827,0.935223,0.775347,0.501587,0.197393,0.602482,0.970231,0.695453,0.666667,0.732548,0.317929,0.803150
6219,0.236842,0.617409,0.775248,0.491941,0.178314,0.604183,0.969752,0.703808,0.666667,0.735071,0.304009,0.803150
6220,0.177444,0.574899,0.775099,0.478476,0.158724,0.610488,0.970231,0.703945,0.666667,0.736754,0.304009,0.803150
6221,0.199248,0.552632,0.775794,0.484058,0.178084,0.605785,0.970202,0.692097,0.666667,0.731707,0.304009,0.803150
6222,0.230827,0.821862,0.775521,0.491358,0.166150,0.600781,0.970135,0.684632,0.666667,0.730025,0.304009,0.803150
6223,0.215789,0.675101,0.776266,0.505897,0.176394,0.600480,0.970135,0.679770,0.666667,0.728343,0.304009,0.803150
6224,0.205263,0.573887,0.776166,0.509224,0.160696,0.600480,0.970212,0.685125,0.666667,0.728343,0.304009,0.803150
6225,0.210526,0.704453,0.776191,0.502001,0.169864,0.600480,0.969561,0.692987,0.666667,0.732548,0.304009,0.803150
6226,0.230075,0.852227,0.775993,0.497539,0.178622,0.600480,0.970039,0.698233,0.666667,0.730866,0.304009,0.803150
6227,0.186466,0.862348,0.775844,0.490193,0.185511,0.600480,0.970135,0.698671,0.666667,0.735071,0.304009,0.803150
6228,0.187218,0.809717,0.776017,0.487018,0.164639,0.602782,0.970231,0.693741,0.666667,0.732548,0.304009,0.803150
6229,0.169173,0.702429,0.775794,0.490776,0.174550,0.610488,0.970202,0.682852,0.666667,0.735071,0.304009,0.803150
6230,0.214286,0.915992,0.776216,0.493275,0.166406,0.610488,0.970212,0.684427,0.666667,0.730866,0.304009,0.803150
6231,0.169925,0.740891,0.775943,0.493659,0.183641,0.606785,0.969848,0.684975,0.666667,0.730866,0.304009,0.803150
6232,0.266917,0.577935,0.776365,0.496097,0.186356,0.609287,0.970058,0.695110,0.666667,0.732548,0.304009,0.803150
6233,0.252632,0.725709,0.776986,0.473829,0.158877,0.614792,0.970738,0.706616,0.666667,0.736754,0.323497,0.803150
6234,0.223308,0.764170,0.776738,0.478047,0.144818,0.620496,0.970949,0.696206,0.666667,0.735913,0.325445,0.803150
6235,0.239850,0.636640,0.776415,0.484104,0.135957,0.620496,0.970164,0.692371,0.666667,0.735071,0.304009,0.803150
6236,0.192481,0.659919,0.776266,0.492447,0.154421,0.620496,0.970116,0.691933,0.666667,0.734230,0.304009,0.803150
6237,0.265414,0.883603,0.775893,0.490423,0.135599,0.625300,0.969465,0.692987,0.666667,0.734230,0.325724,0.803150
6238,0.262406,0.801619,0.775248,0.497631,0.176061,0.626701,0.970614,0.688330,0.666667,0.734230,0.331849,0.803150
6239,0.203008,0.815789,0.775173,0.524330,0.150836,0.625701,0.969848,0.706273,0.666667,0.738436,0.331849,0.803150
6240,0.205263,0.607287,0.775099,0.474780,0.154985,0.625500,0.969944,0.723531,0.666667,0.743482,0.331849,0.803150
6241,0.146617,0.591093,0.775446,0.458678,0.199160,0.625701,0.970709,0.714697,0.666667,0.743482,0.319321,0.806457
6242,0.248872,0.578947,0.775347,0.482832,0.217675,0.630504,0.969944,0.692302,0.666667,0.735071,0.317372,0.811024
6243,0.181955,0.630567,0.775620,0.505728,0.216139,0.630504,0.970661,0.686481,0.666667,0.737595,0.331013,0.811024
6244,0.193233,0.642713,0.775397,0.505835,0.203360,0.639011,0.970212,0.686755,0.666667,0.734230,0.331849,0.811024
6245,0.318045,0.553644,0.774826,0.507446,0.168762,0.644516,0.970135,0.700589,0.666667,0.739277,0.331849,0.811024
6246,0.180451,0.889676,0.774230,0.477617,0.153884,0.653723,0.969666,0.718545,0.666667,0.743482,0.331849,0.811024
6247,0.241353,0.610324,0.774403,0.454721,0.166637,0.660528,0.970365,0.712491,0.666667,0.744323,0.331849,0.811024
6248,0.271429,0.780364,0.774428,0.467726,0.136137,0.665733,0.970326,0.696891,0.666667,0.738436,0.331849,0.811024
6249,0.234586,0.664980,0.774155,0.492815,0.184409,0.676041,0.969015,0.686413,0.666667,0.730025,0.331849,0.811024
6250,0.236842,0.620445,0.773360,0.488981,0.164306,0.681545,0.970709,0.691412,0.666667,0.734230,0.331849,0.811024
6251,0.208271,0.660931,0.773385,0.493735,0.188942,0.690552,0.970039,0.697918,0.666667,0.737595,0.331849,0.811024
6252,0.274436,0.575911,0.773063,0.476513,0.185024,0.694756,0.970231,0.711341,0.666667,0.740118,0.331849,0.811024
6253,0.274436,0.534413,0.773013,0.471161,0.167789,0.695857,0.970585,0.703808,0.666667,0.740959,0.331849,0.811024
6254,0.243609,0.788462,0.772740,0.474060,0.169095,0.695757,0.970231,0.696069,0.666667,0.734230,0.331849,0.811024
6255,0.198496,0.728745,0.772218,0.477510,0.159774,0.700560,0.969848,0.692165,0.666667,0.735071,0.331849,0.811024
6256,0.201504,0.602227,0.772293,0.480853,0.160004,0.700560,0.969944,0.696206,0.666667,0.734230,0.331849,0.811024
6257,0.238346,0.812753,0.771871,0.480838,0.173321,0.708867,0.969944,0.699151,0.666667,0.731707,0.331849,0.811024
6258,0.236842,0.858300,0.771722,0.473063,0.220825,0.710568,0.970614,0.702575,0.666667,0.736754,0.331849,0.811024
6259,0.247368,0.507085,0.771150,0.479120,0.192015,0.710568,0.969656,0.698397,0.666667,0.737595,0.331849,0.811024
6260,0.254135,0.762146,0.770852,0.484043,0.207944,0.710568,0.970470,0.699781,0.666667,0.737595,0.331849,0.811024
6261,0.312782,0.683198,0.770207,0.473446,0.192732,0.710568,0.970594,0.706985,0.666667,0.739277,0.331849,0.811024
6262,0.223308,0.790486,0.769959,0.470410,0.208661,0.710568,0.970901,0.708424,0.666667,0.740959,0.331849,0.811024
6263,0.219549,0.594130,0.769884,0.474474,0.204794,0.710568,0.969340,0.698603,0.666667,0.740118,0.331849,0.811024
6264,0.238346,0.657895,0.769561,0.483951,0.222106,0.710568,0.969388,0.693823,0.666667,0.735071,0.331849,0.811024
6265,0.185714,0.788462,0.769114,0.485546,0.193808,0.710568,0.970460,0.695699,0.666667,0.738436,0.331849,0.811024
6266,0.226316,0.656883,0.769189,0.479504,0.179518,0.710568,0.970231,0.704287,0.666667,0.740118,0.331849,0.811024
6267,0.242857,0.469636,0.768767,0.481896,0.202745,0.710568,0.970326,0.703328,0.666667,0.739277,0.325724,0.811024
6268,0.219549,0.713563,0.768543,0.484150,0.159338,0.710568,0.969944,0.701137,0.666667,0.735913,0.324332,0.811024
6269,0.235338,0.696356,0.768171,0.480547,0.145740,0.715372,0.970231,0.706958,0.666667,0.740118,0.331849,0.811024
6270,0.290226,0.572874,0.767873,0.476176,0.180030,0.715372,0.970259,0.703671,0.666667,0.740118,0.331849,0.811024
6271,0.287218,0.716599,0.767525,0.473323,0.161182,0.715372,0.970135,0.703397,0.666667,0.738436,0.331849,0.811024
6272,0.263910,0.577935,0.767302,0.471728,0.157597,0.715272,0.970872,0.699836,0.666667,0.740118,0.309020,0.811024
6273,0.303008,0.727733,0.767103,0.475977,0.145330,0.710568,0.970202,0.696685,0.666667,0.735913,0.304009,0.811024
6274,0.254887,0.683198,0.767302,0.484488,0.155804,0.710568,0.970039,0.692097,0.666667,0.736754,0.304009,0.811024
6275,0.257143,0.681174,0.767153,0.488168,0.173193,0.710568,0.970173,0.691289,0.666667,0.733389,0.304009,0.811024
6276,0.187970,0.835020,0.766805,0.489702,0.147251,0.710568,0.969972,0.693960,0.666667,0.735913,0.315702,0.811024
6277,0.233083,0.761134,0.766557,0.483384,0.176112,0.710568,0.970135,0.703808,0.666667,0.739277,0.331849,0.811024
6278,0.215789,0.526316,0.766457,0.476268,0.154063,0.710568,0.970556,0.704890,0.666667,0.742641,0.318764,0.811024
6279,0.145113,0.846154,0.766085,0.479059,0.151195,0.710568,0.969944,0.697850,0.666667,0.738436,0.331849,0.811024
6280,0.200000,0.785425,0.766110,0.487938,0.148198,0.710568,0.969561,0.691755,0.666667,0.736754,0.316537,0.811024
6281,0.238346,0.495951,0.765787,0.490791,0.162463,0.710568,0.970422,0.694151,0.666667,0.737595,0.304009,0.811024
6282,0.182707,0.653846,0.765737,0.483782,0.141719,0.701861,0.970422,0.701205,0.666667,0.738436,0.304009,0.811024
6283,0.275188,0.826923,0.765886,0.485101,0.139107,0.704764,0.970231,0.700178,0.666667,0.736754,0.304009,0.811024
6284,0.287970,0.685223,0.765439,0.489165,0.123281,0.701261,0.970039,0.694220,0.666667,0.735913,0.304009,0.811024
6285,0.190226,0.799595,0.765166,0.483368,0.124152,0.700560,0.969752,0.699493,0.666667,0.740118,0.304009,0.811024
6286,0.232331,0.794534,0.764669,0.485914,0.150554,0.700560,0.969819,0.696959,0.666667,0.736754,0.304009,0.811024
6287,0.177444,0.683198,0.764073,0.490515,0.127046,0.699760,0.970326,0.691755,0.666667,0.738436,0.304009,0.811024
6288,0.160902,0.540486,0.764049,0.486282,0.127174,0.696357,0.970145,0.698685,0.666667,0.735913,0.304009,0.811024
6289,0.184211,0.580972,0.763428,0.481129,0.139543,0.694255,0.970135,0.699356,0.666667,0.735913,0.304009,0.811024
6290,0.217293,0.815789,0.763775,0.492508,0.174601,0.690552,0.969982,0.690097,0.666667,0.733389,0.304009,0.811024
6291,0.272932,0.781377,0.763974,0.479381,0.166253,0.690552,0.970020,0.685673,0.666667,0.735071,0.304009,0.811024
6292,0.218797,0.716599,0.764918,0.499747,0.135676,0.687750,0.969848,0.683947,0.666667,0.733389,0.304009,0.811024
6293,0.255639,0.698381,0.764148,0.506157,0.120797,0.680544,0.970422,0.691755,0.666667,0.734230,0.304009,0.811024
6294,0.193233,0.787449,0.764098,0.506188,0.122385,0.680544,0.969273,0.697713,0.666667,0.735913,0.304009,0.811024
6295,0.211278,0.745951,0.763775,0.498750,0.134190,0.680544,0.969991,0.699356,0.666667,0.735071,0.304009,0.807244
6296,0.201504,0.825911,0.763999,0.483445,0.122718,0.680544,0.970231,0.703465,0.666667,0.735913,0.304009,0.811024
6297,0.215038,0.797571,0.763477,0.478783,0.110502,0.680544,0.970393,0.701205,0.666667,0.735913,0.304009,0.811024
6298,0.196992,0.765182,0.763552,0.483031,0.116802,0.670737,0.970422,0.692645,0.666667,0.734230,0.304009,0.811024
6299,0.219549,0.472672,0.763875,0.486144,0.113524,0.670536,0.969656,0.691412,0.666667,0.732548,0.304009,0.811024
6300,0.182707,0.766194,0.763651,0.494073,0.107019,0.669536,0.969656,0.690796,0.666667,0.729184,0.304009,0.811024
6301,0.259398,0.770243,0.763328,0.498367,0.113857,0.666733,0.970164,0.690453,0.666667,0.733389,0.304009,0.810787
6302,0.222556,0.631579,0.763900,0.496634,0.110220,0.664031,0.969656,0.696480,0.666667,0.733389,0.304009,0.803150
6303,0.151880,0.705466,0.763453,0.488291,0.119132,0.660528,0.970183,0.702438,0.666667,0.736754,0.304009,0.807087
6304,0.176692,0.565789,0.763179,0.485577,0.129453,0.660528,0.970183,0.697165,0.666667,0.734230,0.307906,0.808110
6305,0.214286,0.614372,0.763055,0.491481,0.094471,0.660528,0.970231,0.684701,0.666667,0.734230,0.314310,0.811024
6306,0.193233,0.722672,0.763179,0.499701,0.127737,0.646717,0.970518,0.690385,0.666667,0.735071,0.304009,0.811024
6307,0.168421,0.788462,0.763328,0.500161,0.140567,0.648819,0.970135,0.679633,0.666667,0.731707,0.304009,0.811024
6308,0.227820,0.724696,0.763900,0.498060,0.159082,0.650520,0.970039,0.685386,0.666667,0.730866,0.304009,0.804961
6309,0.231579,0.762146,0.763949,0.497493,0.181413,0.650520,0.970326,0.680660,0.666667,0.727502,0.304009,0.803150
6310,0.178947,0.632591,0.764421,0.507921,0.152091,0.646017,0.970039,0.676003,0.666667,0.728343,0.304009,0.803150
6311,0.172180,0.767206,0.765141,0.495882,0.150606,0.640512,0.970393,0.682098,0.666667,0.726661,0.304009,0.803150
6312,0.162406,0.519231,0.765613,0.488521,0.160516,0.639812,0.970374,0.684591,0.666667,0.729184,0.304009,0.803150
6313,0.171429,0.720648,0.765762,0.486343,0.159569,0.630504,0.970709,0.674702,0.666667,0.726661,0.304009,0.803150
6314,0.201504,0.680162,0.766507,0.479749,0.134395,0.625300,0.970097,0.675962,0.666667,0.726661,0.304009,0.803150
6315,0.143609,0.703441,0.766805,0.486451,0.134600,0.618995,0.970326,0.675318,0.666667,0.728343,0.304009,0.803150
6316,0.145113,0.917004,0.768171,0.485270,0.116520,0.610488,0.970106,0.668059,0.666667,0.724138,0.304009,0.803150
6317,0.129323,0.790486,0.768791,0.483338,0.134293,0.603483,0.970709,0.668402,0.666667,0.719933,0.287862,0.803150
6318,0.184211,0.830972,0.769338,0.487356,0.127532,0.591873,0.970776,0.673278,0.666667,0.726661,0.276169,0.799213
6319,0.157143,0.859312,0.769884,0.478660,0.153551,0.585268,0.970537,0.682646,0.666667,0.728343,0.304009,0.795276
6320,0.227820,0.779352,0.770257,0.476513,0.121719,0.580464,0.970537,0.685317,0.666667,0.730025,0.290646,0.799055
6321,0.169925,0.754049,0.771051,0.476973,0.116674,0.571757,0.970901,0.682098,0.666667,0.730025,0.304009,0.799055
6322,0.246617,0.680162,0.771250,0.480240,0.118825,0.570456,0.970097,0.681715,0.666667,0.727502,0.304009,0.795276
6323,0.215038,0.502024,0.771796,0.484933,0.142078,0.570456,0.970135,0.680030,0.666667,0.727502,0.304009,0.799291
6324,0.149624,0.769231,0.772144,0.484135,0.169351,0.569756,0.970518,0.688741,0.666667,0.732548,0.304009,0.797480
6325,0.250376,0.752024,0.772814,0.473569,0.153627,0.565152,0.970135,0.696001,0.666667,0.731707,0.304009,0.803150
6326,0.234586,0.761134,0.772740,0.480056,0.146918,0.566153,0.970413,0.689782,0.666667,0.735071,0.304009,0.803150
6327,0.263158,0.857287,0.772715,0.478691,0.165715,0.563751,0.970231,0.691618,0.666667,0.729184,0.304009,0.803150
6328,0.251880,0.707490,0.773311,0.484381,0.158109,0.567454,0.970231,0.687166,0.666667,0.732548,0.304009,0.803150
6329,0.206767,0.855263,0.773137,0.489533,0.149402,0.567954,0.969561,0.685933,0.666667,0.730025,0.329621,0.803150
6330,0.235338,0.711538,0.773708,0.488092,0.153730,0.560448,0.970556,0.693220,0.666667,0.731707,0.331849,0.803150
6331,0.235338,0.841093,0.773336,0.482540,0.143205,0.565152,0.970518,0.695795,0.666667,0.735071,0.331849,0.803150
6332,0.191729,0.575911,0.773807,0.485561,0.148198,0.560448,0.970422,0.693193,0.666667,0.736754,0.331849,0.803150
6333,0.222556,0.944332,0.773584,0.492232,0.162667,0.560448,0.970518,0.689358,0.666667,0.732548,0.331849,0.803150
6334,0.172180,0.588057,0.773658,0.492171,0.151425,0.560448,0.970212,0.684701,0.666667,0.734230,0.331849,0.803150
6335,0.226316,0.677126,0.774105,0.489043,0.159236,0.560448,0.969944,0.697781,0.666667,0.733389,0.331849,0.803150
6336,0.190977,0.795547,0.774329,0.467465,0.165689,0.555444,0.970154,0.703808,0.666667,0.736754,0.331849,0.803150
6337,0.193233,0.671053,0.774304,0.478047,0.162898,0.560448,0.970709,0.692987,0.666667,0.736754,0.331849,0.803937
6338,0.216541,0.703441,0.774205,0.485791,0.188327,0.554644,0.970996,0.687303,0.666667,0.734230,0.331849,0.806063
6339,0.206015,0.691296,0.774801,0.497677,0.177674,0.550440,0.969848,0.687372,0.666667,0.735913,0.331849,0.804331
6340,0.283459,0.720648,0.775024,0.496726,0.175882,0.550440,0.970326,0.688536,0.666667,0.735913,0.331849,0.809291
6341,0.269925,0.603239,0.774627,0.505544,0.152885,0.545637,0.970681,0.691412,0.666667,0.735071,0.331849,0.803150
6342,0.226316,0.615385,0.774900,0.494410,0.151400,0.550440,0.970259,0.695727,0.666667,0.735071,0.331849,0.803150
6343,0.254887,0.857287,0.775347,0.483920,0.154140,0.550440,0.970011,0.700110,0.666667,0.739277,0.331849,0.805354
6344,0.253383,0.805668,0.774602,0.481313,0.163692,0.550440,0.970805,0.702027,0.666667,0.737595,0.331849,0.804882
6345,0.166917,0.865385,0.774329,0.479381,0.171477,0.550440,0.970853,0.700575,0.666667,0.739277,0.331849,0.809528
6346,0.259398,0.619433,0.774900,0.472955,0.153551,0.554444,0.969944,0.699836,0.666667,0.739277,0.331849,0.811024
6347,0.209023,0.743927,0.774950,0.480639,0.165612,0.551241,0.970326,0.694220,0.666667,0.736754,0.331849,0.811024
6348,0.235338,0.642713,0.774900,0.486819,0.172322,0.550440,0.970518,0.690111,0.666667,0.732548,0.331849,0.811024
6349,0.256391,0.747976,0.774329,0.491895,0.186381,0.555444,0.969848,0.688947,0.666667,0.735913,0.331849,0.811024
6350,0.241353,0.842105,0.774701,0.492953,0.177905,0.555144,0.969752,0.689563,0.666667,0.734230,0.331849,0.811024
6351,0.156391,0.662955,0.774428,0.489165,0.143461,0.550440,0.970326,0.696138,0.666667,0.733389,0.331849,0.811024
6352,0.236090,0.592105,0.774379,0.482218,0.138595,0.550440,0.970135,0.696754,0.666667,0.736754,0.331849,0.807323
6353,0.234586,0.752024,0.774925,0.487064,0.161080,0.543635,0.970135,0.690933,0.666667,0.738436,0.331849,0.810630
6354,0.230075,0.816802,0.774850,0.500008,0.150119,0.542734,0.969944,0.681893,0.666667,0.730025,0.331849,0.807480
6355,0.236842,0.781377,0.774751,0.486696,0.144690,0.545837,0.969752,0.694699,0.666667,0.733389,0.331849,0.810236
6356,0.193233,0.819838,0.775273,0.480547,0.153474,0.550440,0.970422,0.693946,0.666667,0.735913,0.331849,0.807874
6357,0.155639,0.876518,0.776092,0.484641,0.146892,0.550440,0.970039,0.690248,0.666667,0.735071,0.331849,0.811024
6358,0.195489,0.814777,0.775546,0.483031,0.120131,0.559147,0.970422,0.692234,0.666667,0.735913,0.317929,0.811024
6359,0.211278,0.764170,0.775571,0.481191,0.156598,0.560448,0.970422,0.690453,0.666667,0.735913,0.317929,0.809606
6360,0.209774,0.684211,0.776390,0.498827,0.164434,0.560448,0.970422,0.672374,0.666667,0.730866,0.331849,0.808661
6361,0.194737,0.806680,0.777209,0.509010,0.162104,0.560248,0.970365,0.669580,0.666667,0.730025,0.331849,0.805276
6362,0.222556,0.811741,0.777830,0.511249,0.140977,0.550440,0.970135,0.675524,0.666667,0.729184,0.331849,0.803150
6363,0.190226,0.735830,0.778327,0.504424,0.170529,0.550440,0.969848,0.682509,0.666667,0.731707,0.331849,0.803150
6364,0.265414,0.769231,0.778252,0.486144,0.158135,0.550440,0.970039,0.694562,0.666667,0.736754,0.318764,0.803150
6365,0.255639,0.842105,0.779047,0.478614,0.141694,0.555044,0.969781,0.693124,0.666667,0.735071,0.331849,0.803150
6366,0.116541,0.835020,0.778823,0.488276,0.151015,0.557246,0.970326,0.685591,0.666667,0.735071,0.331849,0.803150
6367,0.196241,0.841093,0.779047,0.488429,0.159953,0.560448,0.970039,0.684564,0.666667,0.733389,0.331849,0.803150
6368,0.214286,0.603239,0.779171,0.486972,0.144127,0.560448,0.969465,0.691549,0.666667,0.733389,0.331849,0.803150
6369,0.151880,0.791498,0.779022,0.483844,0.116597,0.560448,0.970326,0.697644,0.666667,0.738436,0.331849,0.803150
6370,0.233083,0.841093,0.778997,0.484979,0.120695,0.565452,0.970374,0.697781,0.666667,0.735913,0.331849,0.803150
6371,0.231579,0.752024,0.778426,0.479396,0.128121,0.564251,0.970614,0.699904,0.666667,0.740959,0.347160,0.807244
6372,0.187970,0.574899,0.778426,0.484825,0.119312,0.570456,0.970106,0.689234,0.666667,0.739277,0.359688,0.807323
6373,0.154135,0.709514,0.778252,0.489472,0.122180,0.565653,0.970996,0.691618,0.666667,0.738436,0.356904,0.811024
6374,0.228571,0.788462,0.777905,0.491742,0.117160,0.570456,0.969561,0.688399,0.666667,0.741800,0.349109,0.811024
6375,0.221805,0.616397,0.778252,0.499180,0.122564,0.570456,0.969944,0.687098,0.666667,0.738436,0.341592,0.811024
6376,0.186466,0.719636,0.777830,0.495070,0.121642,0.570456,0.970326,0.690453,0.666667,0.735071,0.331849,0.807323
6377,0.175940,0.682186,0.777706,0.495116,0.105611,0.570456,0.970231,0.691960,0.666667,0.734230,0.331849,0.811024
6378,0.164662,0.862348,0.777905,0.489365,0.137187,0.570456,0.969656,0.699836,0.666667,0.738436,0.331849,0.811024
6379,0.133835,0.718623,0.777905,0.484258,0.138083,0.565653,0.969273,0.696206,0.666667,0.736754,0.331849,0.811024
6380,0.233083,0.595142,0.777830,0.482648,0.115957,0.570456,0.969752,0.696138,0.666667,0.740118,0.331849,0.811024
6381,0.093985,0.631579,0.777582,0.487601,0.117749,0.572458,0.969944,0.689905,0.666667,0.736754,0.331849,0.811024
6382,0.189474,0.605263,0.777805,0.490039,0.121488,0.565252,0.970326,0.689152,0.666667,0.733389,0.331849,0.811024
6383,0.250376,0.892713,0.777309,0.489748,0.136623,0.569155,0.970039,0.692165,0.666667,0.736754,0.331849,0.811024
6384,0.208271,0.742915,0.777209,0.488291,0.136444,0.566153,0.970135,0.691275,0.666667,0.740118,0.331849,0.811024
6385,0.167669,0.601215,0.777085,0.492815,0.135496,0.560448,0.970231,0.689221,0.666667,0.737595,0.331849,0.811024
6386,0.173684,0.800607,0.777036,0.494686,0.123665,0.565452,0.969656,0.690316,0.666667,0.737595,0.331849,0.811024
6387,0.148872,0.778340,0.777060,0.493613,0.125278,0.569956,0.969465,0.689152,0.666667,0.739277,0.331849,0.811024
6388,0.242105,0.869433,0.776663,0.494073,0.105329,0.566153,0.970039,0.693672,0.666667,0.737595,0.331849,0.811024
6389,0.235338,0.649798,0.776464,0.490269,0.110989,0.569155,0.970709,0.692165,0.666667,0.738436,0.331849,0.811024
6390,0.156391,0.597166,0.776042,0.489273,0.095291,0.565352,0.970949,0.689440,0.666667,0.737595,0.331849,0.811024
6391,0.252632,0.794534,0.776117,0.488690,0.097621,0.567254,0.970403,0.688166,0.666667,0.735071,0.331849,0.811024
6392,0.281955,0.703441,0.776117,0.487325,0.118287,0.570456,0.969589,0.690385,0.666667,0.737595,0.331849,0.811024
6393,0.218045,0.870445,0.775695,0.488629,0.113959,0.567754,0.970231,0.688193,0.666667,0.738436,0.334076,0.811024
6394,0.141353,0.574899,0.775595,0.487908,0.116341,0.565452,0.970039,0.688810,0.666667,0.740118,0.359688,0.811024
6395,0.160150,0.579960,0.775446,0.487586,0.102768,0.568755,0.970326,0.689289,0.666667,0.735913,0.342984,0.811024
6396,0.185714,0.600202,0.775695,0.494533,0.118441,0.566553,0.970269,0.686577,0.666667,0.734230,0.331849,0.811024
6397,0.291729,0.522267,0.775422,0.502630,0.111168,0.564652,0.970853,0.682578,0.666667,0.735913,0.331849,0.811024
6398,0.239850,0.668016,0.774999,0.502201,0.133294,0.560949,0.970135,0.687303,0.666667,0.737595,0.331849,0.811024
6399,0.204511,0.875506,0.774999,0.501357,0.130298,0.560448,0.970164,0.690522,0.666667,0.736754,0.331849,0.811024
6400,0.218045,0.630567,0.774801,0.494809,0.132731,0.560448,0.969561,0.696480,0.666667,0.735913,0.331849,0.811024
6401,0.243609,0.813765,0.774403,0.493413,0.106046,0.555645,0.970135,0.695521,0.666667,0.739277,0.331849,0.811024
6402,0.189474,0.681174,0.774354,0.493873,0.129555,0.554343,0.969781,0.698137,0.666667,0.738436,0.331849,0.811024
6403,0.196241,0.556680,0.774552,0.477863,0.137110,0.550440,0.970135,0.698603,0.666667,0.743482,0.331849,0.811024
6404,0.209774,0.584008,0.774801,0.486712,0.137776,0.550440,0.970135,0.687235,0.666667,0.739277,0.331849,0.811024
6405,0.246617,0.795547,0.774279,0.489426,0.150042,0.550440,0.970039,0.685112,0.666667,0.735071,0.331849,0.811024
6406,0.269925,0.718623,0.774751,0.494717,0.123486,0.545637,0.970135,0.682509,0.666667,0.733389,0.331849,0.811024
6407,0.270677,0.523279,0.775297,0.494119,0.145945,0.542634,0.970585,0.683194,0.666667,0.736754,0.318486,0.811024
6408,0.209023,0.807692,0.775372,0.525664,0.172040,0.540432,0.970250,0.658745,0.666667,0.734230,0.331849,0.811024
6409,0.213534,0.774291,0.775297,0.518027,0.154088,0.540432,0.969752,0.662375,0.666667,0.730025,0.331849,0.807638
6410,0.203759,0.762146,0.776191,0.506939,0.130887,0.522918,0.970470,0.681482,0.666667,0.732548,0.331849,0.803150
6411,0.213534,0.660931,0.777483,0.456730,0.115163,0.520416,0.970231,0.711135,0.666667,0.740959,0.331849,0.803150
6412,0.156391,0.802632,0.779494,0.434233,0.092141,0.520416,0.970422,0.691892,0.666667,0.740959,0.331849,0.803150
6413,0.233835,0.576923,0.780115,0.455856,0.131783,0.520416,0.969982,0.671442,0.666667,0.730866,0.331849,0.803150
6414,0.166165,0.686235,0.780611,0.492631,0.098108,0.525320,0.970307,0.664936,0.666667,0.728343,0.331849,0.807087
6415,0.197744,0.586032,0.780711,0.497830,0.107532,0.521918,0.970135,0.670593,0.666667,0.732548,0.331849,0.805669
6416,0.201504,0.691296,0.779593,0.497554,0.112090,0.530424,0.969369,0.681687,0.666667,0.731707,0.331849,0.803150
6417,0.210526,0.693320,0.780289,0.499502,0.087941,0.530424,0.969781,0.684975,0.666667,0.735071,0.331849,0.803150
6418,0.260150,0.718623,0.780040,0.491282,0.108863,0.533127,0.969273,0.689152,0.666667,0.734230,0.331849,0.803150
6419,0.218045,0.565789,0.780239,0.482065,0.115214,0.540432,0.970173,0.698206,0.666667,0.739277,0.354955,0.803150
6420,0.225564,0.547571,0.780289,0.470379,0.082793,0.540432,0.970298,0.696959,0.666667,0.736754,0.359688,0.803150
6421,0.237594,0.890688,0.780264,0.476360,0.096699,0.548939,0.969915,0.689084,0.666667,0.739277,0.359688,0.806063
6422,0.200000,0.843117,0.780164,0.486374,0.104868,0.550440,0.969848,0.682578,0.666667,0.738436,0.359688,0.811024
6423,0.213534,0.777328,0.779444,0.495836,0.101642,0.550440,0.970805,0.681687,0.666667,0.738436,0.359688,0.811024
6424,0.265414,0.750000,0.779246,0.504654,0.109017,0.550440,0.970422,0.684290,0.666667,0.740118,0.359688,0.811024
6425,0.220301,0.619433,0.778848,0.501863,0.108223,0.560448,0.970135,0.687509,0.666667,0.737595,0.359688,0.811024
6426,0.263158,0.736842,0.778823,0.490960,0.102691,0.560448,0.970614,0.692713,0.666667,0.740959,0.345768,0.811024
6427,0.204511,0.808704,0.778699,0.486819,0.107864,0.560448,0.970135,0.695042,0.666667,0.737595,0.331849,0.811024
6428,0.233083,0.864372,0.778575,0.484488,0.068427,0.561749,0.969752,0.694836,0.666667,0.739277,0.333797,0.811024
6429,0.251128,0.637652,0.778376,0.483552,0.070732,0.570256,0.970288,0.687139,0.666667,0.741800,0.359688,0.811024
6430,0.156391,0.653846,0.778451,0.492723,0.086174,0.579764,0.970078,0.677798,0.666667,0.735913,0.359688,0.811024
6431,0.181203,0.744939,0.778178,0.493030,0.097416,0.580464,0.970135,0.678537,0.666667,0.737595,0.359688,0.811024
6432,0.240602,0.856275,0.778079,0.486374,0.105099,0.580464,0.969369,0.688399,0.666667,0.738436,0.359688,0.811024
6433,0.221053,0.698381,0.778252,0.485454,0.072601,0.580464,0.969752,0.687577,0.666667,0.737595,0.359688,0.811024
6434,0.233083,0.803644,0.777855,0.486957,0.053702,0.580464,0.969877,0.687687,0.666667,0.737595,0.359688,0.811024
6435,0.246617,0.649798,0.777880,0.492202,0.055622,0.580464,0.969465,0.686139,0.666667,0.737595,0.359688,0.811024
6436,0.254135,0.687247,0.777855,0.501940,0.053497,0.580464,0.969848,0.679291,0.666667,0.738436,0.359688,0.811024
6437,0.218797,0.785425,0.777855,0.501127,0.048734,0.580464,0.970135,0.684290,0.666667,0.735913,0.359688,0.811024
6438,0.228571,0.673077,0.777632,0.494073,0.064125,0.580464,0.970039,0.689632,0.666667,0.737595,0.359688,0.811024
6439,0.214286,0.724696,0.777632,0.486328,0.074957,0.580464,0.969656,0.694151,0.666667,0.739277,0.336860,0.811024
6440,0.224060,0.708502,0.777234,0.484534,0.077262,0.579263,0.969944,0.687440,0.666667,0.737595,0.331849,0.811024
6441,0.201504,0.831984,0.777309,0.486758,0.068427,0.576962,0.970709,0.683605,0.666667,0.735913,0.346325,0.811024
6442,0.160902,0.661943,0.777433,0.494579,0.086020,0.573459,0.970614,0.679633,0.666667,0.737595,0.331849,0.811024
6443,0.203759,0.802632,0.777607,0.497247,0.058439,0.567954,0.969656,0.679085,0.666667,0.740118,0.331849,0.811024
6444,0.224812,0.773279,0.777557,0.500575,0.057415,0.568655,0.970011,0.682002,0.666667,0.736754,0.331849,0.811024
6445,0.233835,0.725709,0.777209,0.498137,0.067889,0.573759,0.969848,0.684564,0.666667,0.738436,0.331849,0.811024
6446,0.227820,0.720648,0.777632,0.496864,0.061154,0.571958,0.970231,0.686413,0.666667,0.740118,0.331849,0.811024
6447,0.157143,0.753036,0.777334,0.483675,0.062767,0.566453,0.970039,0.694425,0.666667,0.741800,0.331849,0.811024
6448,0.221805,0.752024,0.777582,0.490039,0.060053,0.564952,0.970422,0.687235,0.666667,0.740118,0.331849,0.811024
6449,0.305263,0.558704,0.777557,0.500360,0.053753,0.570456,0.969944,0.674634,0.666667,0.735913,0.331849,0.811024
6450,0.239098,0.796559,0.777234,0.505651,0.061769,0.575661,0.970087,0.672648,0.666667,0.734230,0.331849,0.811024
6451,0.110526,0.702429,0.777656,0.501771,0.051166,0.580464,0.969915,0.671620,0.666667,0.735071,0.331849,0.811024
6452,0.154887,0.815789,0.777930,0.491159,0.048017,0.586269,0.970135,0.678400,0.666667,0.734230,0.331849,0.811024
6453,0.199248,0.726721,0.778252,0.478461,0.041947,0.592174,0.970451,0.687714,0.666667,0.737595,0.331849,0.805748
6454,0.212782,0.654858,0.778724,0.477433,0.066429,0.600480,0.969704,0.684427,0.666667,0.738436,0.338252,0.803150
6455,0.192481,0.657895,0.778749,0.479304,0.060232,0.600480,0.970709,0.681071,0.666667,0.735913,0.352728,0.807087
6456,0.212782,0.468623,0.778873,0.484457,0.056391,0.600480,0.970326,0.681414,0.666667,0.738436,0.331849,0.807244
6457,0.180451,0.718623,0.778774,0.484979,0.057313,0.600480,0.970614,0.679975,0.666667,0.735071,0.354120,0.807087
6458,0.185714,0.605263,0.779097,0.495729,0.050706,0.600480,0.970039,0.677510,0.666667,0.739277,0.359688,0.809213
6459,0.192481,0.678138,0.778749,0.494272,0.033650,0.600480,0.970929,0.681140,0.666667,0.736754,0.359688,0.808425
6460,0.187218,0.811741,0.778352,0.492923,0.052140,0.605184,0.970422,0.684358,0.666667,0.739277,0.349109,0.806850
6461,0.191729,0.770243,0.778029,0.481574,0.047837,0.605284,0.969848,0.688947,0.666667,0.737595,0.342984,0.806929
6462,0.246617,0.629555,0.778203,0.481773,0.065994,0.600480,0.969972,0.688878,0.666667,0.738436,0.359688,0.806063
6463,0.233835,0.584008,0.778054,0.489855,0.085021,0.605184,0.970231,0.681619,0.666667,0.738436,0.359688,0.811024
6464,0.240602,0.538462,0.778327,0.498750,0.094497,0.601681,0.970039,0.676209,0.666667,0.735913,0.359688,0.807087
6465,0.211278,0.668016,0.778079,0.496036,0.079464,0.610488,0.969685,0.679962,0.666667,0.738436,0.359688,0.807402
6466,0.213534,0.561741,0.778451,0.490039,0.073190,0.610488,0.970393,0.685659,0.666667,0.737595,0.345768,0.807087
6467,0.205263,0.692308,0.778476,0.486911,0.105790,0.605685,0.969656,0.687988,0.666667,0.738436,0.346604,0.806929
6468,0.218797,0.610324,0.778252,0.486482,0.078286,0.610488,0.970422,0.690659,0.666667,0.740118,0.359688,0.811024
6469,0.252632,0.740891,0.778625,0.479166,0.074906,0.605685,0.970518,0.688193,0.666667,0.740959,0.357461,0.811024
6470,0.209023,0.626518,0.778401,0.479534,0.081615,0.610488,0.970135,0.671963,0.666667,0.736754,0.334633,0.811024
6471,0.217293,0.591093,0.778650,0.513043,0.077800,0.610488,0.970231,0.656965,0.666667,0.735071,0.356069,0.810236
6472,0.157143,0.813765,0.778426,0.523625,0.042101,0.610488,0.969369,0.671209,0.666667,0.734230,0.331849,0.803150
6473,0.153383,0.858300,0.778749,0.502247,0.070962,0.605685,0.969561,0.684427,0.666667,0.738436,0.331849,0.803150
6474,0.168421,0.799595,0.778575,0.491772,0.055725,0.610488,0.970326,0.693604,0.666667,0.740118,0.331849,0.803150
6475,0.213534,0.759109,0.779121,0.483062,0.079080,0.610488,0.970135,0.690727,0.666667,0.740959,0.331849,0.806929
6476,0.209774,0.710526,0.778575,0.476590,0.068939,0.609688,0.970776,0.689152,0.666667,0.743482,0.331849,0.808661
6477,0.255639,0.688259,0.778898,0.488981,0.063792,0.606485,0.970518,0.676346,0.666667,0.739277,0.352728,0.811024
6478,0.107519,0.779352,0.778724,0.490929,0.039873,0.610488,0.970326,0.677510,0.666667,0.736754,0.337973,0.809055
6479,0.184211,0.702429,0.778774,0.496174,0.040769,0.610488,0.969561,0.677441,0.666667,0.740118,0.340757,0.803150
6480,0.225564,0.837045,0.779072,0.494425,0.074522,0.605685,0.969752,0.682098,0.666667,0.738436,0.336581,0.803150
6481,0.222556,0.777328,0.779221,0.484381,0.039207,0.610488,0.970614,0.688810,0.666667,0.740959,0.331849,0.805748
6482,0.242105,0.781377,0.779444,0.489319,0.052959,0.602782,0.970594,0.682413,0.666667,0.741800,0.331849,0.806929
6483,0.221805,0.685223,0.779196,0.488506,0.042716,0.600480,0.970709,0.682167,0.666667,0.739277,0.331849,0.811024
6484,0.214286,0.746964,0.779395,0.495484,0.065328,0.600480,0.969848,0.681345,0.666667,0.735913,0.331849,0.811024
6485,0.202256,0.672065,0.779395,0.494947,0.046915,0.600480,0.969561,0.683331,0.666667,0.737595,0.331849,0.811024
6486,0.115038,0.792510,0.779717,0.499210,0.041640,0.600480,0.970709,0.680660,0.666667,0.736754,0.358853,0.803701
6487,0.169173,0.770243,0.779618,0.506188,0.054265,0.600480,0.969494,0.675647,0.666667,0.737595,0.346047,0.806614
6488,0.239850,0.785425,0.779221,0.498014,0.082384,0.600480,0.969944,0.684290,0.666667,0.738436,0.331849,0.807244
6489,0.260150,0.839069,0.779668,0.493889,0.090783,0.600480,0.970614,0.686755,0.666667,0.740118,0.346604,0.807244
6490,0.215789,0.738866,0.779668,0.483154,0.085073,0.600480,0.970326,0.689905,0.666667,0.738436,0.343820,0.807087
6491,0.184962,0.599190,0.779717,0.477617,0.091628,0.600480,0.969752,0.688262,0.666667,0.746005,0.331849,0.807087
6492,0.216541,0.629555,0.779593,0.487632,0.074342,0.600480,0.970422,0.676209,0.666667,0.739277,0.331849,0.811024
6493,0.281203,0.688259,0.779842,0.489349,0.074829,0.600480,0.970422,0.679633,0.666667,0.740118,0.331849,0.811024
6494,0.203759,0.719636,0.779941,0.498213,0.111655,0.600480,0.969819,0.683057,0.666667,0.741800,0.336581,0.810000
6495,0.150376,0.671053,0.780040,0.508289,0.078466,0.600480,0.969915,0.676620,0.666667,0.740118,0.354120,0.808110
6496,0.199248,0.677126,0.779941,0.515865,0.077236,0.600480,0.971054,0.672867,0.666667,0.740959,0.331849,0.809528
6497,0.190977,0.814777,0.780040,0.519699,0.076186,0.600480,0.970039,0.686687,0.666667,0.739277,0.331849,0.803150
6498,0.223308,0.803644,0.780164,0.489840,0.112653,0.600480,0.971092,0.712039,0.666667,0.743482,0.331849,0.803150
6499,0.198496,0.671053,0.781033,0.460717,0.112064,0.600480,0.970661,0.699329,0.666667,0.748528,0.331849,0.809291
6500,0.244361,0.791498,0.781307,0.473906,0.098748,0.600480,0.970231,0.680318,0.666667,0.741800,0.331849,0.811024
6501,0.149624,0.870445,0.781903,0.479320,0.099542,0.600480,0.970039,0.681756,0.666667,0.736754,0.342428,0.811024
6502,0.211278,0.793522,0.781480,0.493505,0.073856,0.600480,0.969982,0.674812,0.666667,0.740118,0.359688,0.811024
6503,0.248120,0.707490,0.781356,0.495499,0.126866,0.600480,0.970039,0.678332,0.666667,0.739277,0.347717,0.811024
6504,0.209774,0.863360,0.781009,0.489349,0.098210,0.602682,0.970393,0.683537,0.666667,0.739277,0.331849,0.807323
6505,0.133083,0.739879,0.781456,0.488521,0.083587,0.603183,0.969656,0.689563,0.666667,0.740118,0.358853,0.811024
6506,0.250376,0.777328,0.781331,0.487754,0.053753,0.600480,0.970135,0.683879,0.666667,0.742641,0.346604,0.807323
6507,0.143609,0.653846,0.781629,0.495867,0.044329,0.600480,0.969561,0.675318,0.666667,0.740118,0.359688,0.811024
6508,0.254887,0.648785,0.781778,0.499011,0.072038,0.605284,0.970393,0.676825,0.666667,0.741800,0.359688,0.811024
6509,0.227820,0.597166,0.781456,0.519116,0.055879,0.600480,0.970326,0.663471,0.666667,0.735071,0.359688,0.811024
6510,0.269925,0.632591,0.781555,0.511602,0.034572,0.605284,0.970231,0.675866,0.666667,0.740118,0.356347,0.806693
6511,0.202256,0.645749,0.781480,0.501189,0.022100,0.610188,0.969436,0.704493,0.666667,0.748528,0.331849,0.803937
6512,0.212782,0.808704,0.782399,0.450090,0.033778,0.610488,0.970135,0.706547,0.666667,0.751051,0.350501,0.810000
6513,0.230075,0.728745,0.783070,0.460901,0.019437,0.611189,0.970422,0.685591,0.666667,0.746005,0.359688,0.808268
6514,0.218797,0.756073,0.783517,0.473369,0.057492,0.614692,0.969972,0.674880,0.666667,0.740959,0.359688,0.811024
6515,0.205263,0.710526,0.783715,0.498474,0.048708,0.610488,0.969465,0.668333,0.666667,0.739277,0.359688,0.811024
6516,0.192481,0.787449,0.783393,0.494487,0.058900,0.615292,0.970135,0.672579,0.666667,0.738436,0.359688,0.811024
6517,0.190977,0.862348,0.783765,0.493950,0.017286,0.617694,0.970135,0.674428,0.666667,0.740118,0.359688,0.811024
6518,0.186466,0.761134,0.783715,0.502308,0.021563,0.617794,0.970269,0.676620,0.666667,0.740959,0.349666,0.808504
6519,0.184211,0.672065,0.783492,0.495990,0.020743,0.618495,0.970422,0.684290,0.666667,0.743482,0.331849,0.805906
6520,0.206767,0.834008,0.783343,0.487892,0.012804,0.620496,0.969810,0.685331,0.666667,0.742641,0.331849,0.807323
6521,0.215038,0.713563,0.783517,0.479688,0.008528,0.620496,0.970326,0.678880,0.666667,0.740118,0.331849,0.811024
6522,0.174436,0.781377,0.783293,0.497646,0.021153,0.620496,0.970805,0.670114,0.666667,0.736754,0.343541,0.806929
6523,0.159398,0.665992,0.783790,0.497263,0.023227,0.620496,0.970518,0.680181,0.666667,0.740959,0.347160,0.811024
6524,0.209023,0.824899,0.783442,0.495637,0.020564,0.620496,0.970039,0.681140,0.666667,0.742641,0.345212,0.803543
6525,0.200752,0.781377,0.783368,0.494287,0.032293,0.620496,0.970231,0.681687,0.666667,0.742641,0.345768,0.810787
6526,0.196241,0.697368,0.783988,0.487831,0.047223,0.620496,0.970231,0.684838,0.666667,0.743482,0.332405,0.803150
6527,0.235338,0.610324,0.783740,0.491389,0.030398,0.620496,0.970231,0.684564,0.666667,0.744323,0.358296,0.807087
6528,0.228571,0.625506,0.783368,0.488751,0.047300,0.627002,0.970537,0.687646,0.666667,0.744323,0.331849,0.811024
6529,0.249624,0.563765,0.783467,0.473707,0.037056,0.623799,0.969944,0.681619,0.666667,0.740959,0.331849,0.811024
6530,0.192481,0.736842,0.783591,0.497063,0.034060,0.625300,0.969944,0.669497,0.666667,0.739277,0.345212,0.811024
6531,0.200000,0.704453,0.783666,0.503934,0.038439,0.620496,0.970518,0.675318,0.666667,0.737595,0.345212,0.806299
6532,0.242105,0.616397,0.783492,0.489365,0.063817,0.623499,0.970326,0.686892,0.666667,0.740959,0.331849,0.803150
6533,0.226316,0.755061,0.783988,0.483920,0.077236,0.630504,0.969848,0.684290,0.666667,0.743482,0.331849,0.803150
6534,0.212030,0.561741,0.783765,0.484442,0.077006,0.630504,0.970135,0.687577,0.666667,0.741800,0.331849,0.803150
6535,0.220301,0.710526,0.784411,0.483828,0.041051,0.630504,0.970231,0.682920,0.666667,0.743482,0.338252,0.808661
6536,0.248872,0.838057,0.784510,0.489978,0.054112,0.625701,0.970164,0.678332,0.666667,0.739277,0.359688,0.811024
6537,0.215789,0.491903,0.784386,0.494042,0.085073,0.630504,0.969848,0.680934,0.666667,0.740118,0.351893,0.809055
6538,0.183459,0.679150,0.784510,0.487509,0.095342,0.630504,0.970326,0.685454,0.666667,0.740959,0.331849,0.805276
6539,0.163158,0.807692,0.784411,0.479396,0.086379,0.630504,0.970614,0.694151,0.666667,0.743482,0.354955,0.811024
6540,0.257143,0.750000,0.784162,0.473063,0.126380,0.630504,0.969561,0.691686,0.666667,0.744323,0.359688,0.811024
6541,0.171429,0.697368,0.784137,0.480547,0.129197,0.630504,0.970422,0.673332,0.666667,0.739277,0.359688,0.811024
6542,0.217293,0.555668,0.784237,0.501741,0.118287,0.625701,0.970614,0.672785,0.666667,0.735071,0.335189,0.811024
6543,0.271429,0.641700,0.784137,0.510451,0.133576,0.630504,0.969656,0.681071,0.666667,0.741800,0.331849,0.807874
6544,0.216541,0.797571,0.784311,0.481528,0.122718,0.630504,0.970614,0.692508,0.666667,0.744323,0.331849,0.810236
6545,0.249624,0.774291,0.783144,0.482356,0.099337,0.630504,0.970020,0.698754,0.666667,0.743482,0.331849,0.806378
6546,0.212030,0.738866,0.784286,0.473645,0.099644,0.630504,0.970460,0.690125,0.666667,0.744323,0.359688,0.811024
6547,0.206015,0.881579,0.784187,0.490208,0.117929,0.630504,0.969178,0.678195,0.666667,0.743482,0.359688,0.811024
6548,0.198496,0.785425,0.784510,0.495944,0.103690,0.630504,0.970250,0.682098,0.666667,0.742641,0.346047,0.811024
6549,0.193233,0.644737,0.784833,0.501756,0.102999,0.630504,0.970231,0.680934,0.666667,0.743482,0.346325,0.811024
6550,0.180451,0.659919,0.784510,0.488337,0.113319,0.630504,0.970326,0.701205,0.666667,0.748528,0.342428,0.811024
6551,0.237594,0.534413,0.785305,0.468784,0.088530,0.630504,0.970231,0.703191,0.666667,0.748528,0.331849,0.811024
6552,0.212030,0.837045,0.785404,0.477050,0.078209,0.630504,0.970614,0.687372,0.666667,0.746005,0.341036,0.811024
6553,0.189474,0.713563,0.785031,0.496296,0.108146,0.630504,0.969656,0.681345,0.666667,0.745164,0.345768,0.811024
6554,0.242857,0.620445,0.785131,0.495806,0.099567,0.630504,0.970231,0.682509,0.666667,0.744323,0.331849,0.811024
6555,0.241353,0.850202,0.785379,0.489089,0.093524,0.630504,0.969972,0.683810,0.666667,0.746005,0.338252,0.811024
6556,0.193233,0.741903,0.785280,0.488046,0.111629,0.630504,0.970135,0.686892,0.666667,0.744323,0.359688,0.811024
6557,0.157895,0.672065,0.785230,0.483062,0.129299,0.630504,0.970996,0.693193,0.666667,0.745164,0.346604,0.811024
6558,0.185714,0.719636,0.785404,0.487555,0.131348,0.630504,0.969915,0.683920,0.666667,0.739277,0.359688,0.811024
6559,0.198496,0.761134,0.785329,0.491711,0.116879,0.630504,0.970326,0.681550,0.666667,0.740118,0.359688,0.811024
6560,0.246617,0.774291,0.785702,0.492570,0.105329,0.630504,0.969723,0.681482,0.666667,0.745164,0.359688,0.811024
6561,0.222556,0.808704,0.785280,0.492416,0.110912,0.630504,0.969944,0.684427,0.666667,0.746005,0.359688,0.811024
6562,0.199248,0.801619,0.785528,0.490423,0.107429,0.632006,0.970154,0.685591,0.666667,0.742641,0.359688,0.811024
6563,0.249624,0.845142,0.785801,0.483644,0.105713,0.635308,0.970901,0.692919,0.666667,0.741800,0.359688,0.811024
6564,0.230075,0.745951,0.785801,0.476590,0.099951,0.630504,0.970901,0.692234,0.666667,0.743482,0.359688,0.811024
6565,0.260150,0.703441,0.785454,0.485025,0.096622,0.630504,0.970326,0.682372,0.666667,0.740959,0.359688,0.811024
6566,0.214286,0.603239,0.785578,0.495606,0.101718,0.630504,0.970039,0.678400,0.666667,0.740959,0.346604,0.811024
6567,0.171429,0.584008,0.785702,0.491190,0.117596,0.630504,0.969752,0.687577,0.666667,0.742641,0.359688,0.811024
6568,0.203008,0.717611,0.785702,0.497477,0.094932,0.630504,0.969752,0.682920,0.666667,0.743482,0.346604,0.811024
6569,0.249624,0.828947,0.785305,0.490377,0.097467,0.630504,0.970585,0.687248,0.666667,0.744323,0.357739,0.811024
6570,0.235338,0.638664,0.785255,0.491205,0.078235,0.630504,0.970039,0.685933,0.666667,0.743482,0.345212,0.811024
6571,0.254887,0.636640,0.784932,0.488889,0.071730,0.630504,0.969944,0.691481,0.666667,0.740118,0.331849,0.811024
6572,0.207519,0.828947,0.784982,0.492999,0.105457,0.630504,0.970326,0.683852,0.666667,0.741800,0.347439,0.811024
6573,0.233083,0.684211,0.784709,0.492570,0.079925,0.630504,0.970039,0.684701,0.666667,0.738436,0.341592,0.811024
6574,0.209774,0.809717,0.784709,0.497063,0.067070,0.630504,0.970326,0.682578,0.666667,0.742641,0.331849,0.811024
6575,0.232331,0.858300,0.784510,0.490776,0.079131,0.630504,0.970518,0.686207,0.666667,0.743482,0.331849,0.811024
6576,0.245113,0.726721,0.784237,0.490423,0.084253,0.630504,0.970039,0.685933,0.666667,0.741800,0.331849,0.811024
6577,0.246617,0.765182,0.784311,0.492800,0.075777,0.630504,0.969848,0.683263,0.666667,0.744323,0.331849,0.811024
6578,0.215789,0.809717,0.784584,0.496097,0.072704,0.630504,0.970614,0.682783,0.666667,0.742641,0.331849,0.811024
6579,0.233835,0.724696,0.784535,0.487969,0.073677,0.630504,0.970518,0.679085,0.666667,0.740959,0.331849,0.811024
6580,0.200752,0.678138,0.784584,0.503090,0.055750,0.630504,0.970212,0.674154,0.666667,0.738436,0.331849,0.811024
6581,0.193985,0.762146,0.784535,0.504685,0.050654,0.630504,0.970403,0.682920,0.666667,0.739277,0.331849,0.808346
6582,0.188722,0.745951,0.784709,0.497753,0.068811,0.630504,0.970326,0.686550,0.666667,0.746846,0.331849,0.809843
6583,0.169173,0.786437,0.784212,0.489165,0.057261,0.630504,0.970681,0.687440,0.666667,0.740118,0.331849,0.811024
6584,0.197744,0.759109,0.784013,0.490392,0.059899,0.630504,0.970307,0.686043,0.666667,0.741800,0.331849,0.811024
6585,0.215038,0.689271,0.784038,0.496143,0.039156,0.630504,0.970326,0.680112,0.666667,0.740118,0.344933,0.811024
6586,0.194737,0.625506,0.783914,0.501081,0.049732,0.630504,0.969944,0.677647,0.666667,0.740959,0.332684,0.811024
6587,0.189474,0.739879,0.784038,0.501051,0.056391,0.630504,0.970422,0.682783,0.666667,0.742641,0.359131,0.811024
6588,0.236842,0.738866,0.783517,0.491036,0.039130,0.630504,0.970011,0.692138,0.666667,0.740959,0.359688,0.811024
6589,0.226316,0.861336,0.783417,0.495530,0.053087,0.630504,0.970231,0.684016,0.666667,0.745164,0.359688,0.811024
6590,0.182707,0.581984,0.783517,0.484304,0.069298,0.630504,0.970145,0.687070,0.666667,0.739277,0.346047,0.811024
6591,0.215789,0.816802,0.783095,0.496404,0.060462,0.630504,0.970135,0.679701,0.666667,0.741800,0.359688,0.811024
6592,0.169925,0.678138,0.783219,0.495376,0.052447,0.630504,0.969656,0.681893,0.666667,0.741800,0.359688,0.811024
6593,0.181955,0.667004,0.783169,0.503382,0.060206,0.630504,0.969752,0.677373,0.666667,0.740959,0.359688,0.811024
6594,0.160150,0.743927,0.783169,0.491236,0.062819,0.630504,0.970173,0.687207,0.666667,0.741800,0.359688,0.811024
6595,0.197744,0.877530,0.782946,0.487908,0.044047,0.630504,0.970518,0.687988,0.666667,0.742641,0.345212,0.811024
6596,0.239850,0.607287,0.783169,0.486604,0.031576,0.630504,0.970039,0.683947,0.666667,0.743482,0.339644,0.811024
6597,0.197744,0.712551,0.783417,0.488751,0.073369,0.630504,0.970614,0.682441,0.666667,0.741800,0.331849,0.811024
6598,0.228571,0.620445,0.783293,0.499318,0.074573,0.630504,0.970231,0.677852,0.666667,0.738436,0.331849,0.811024
6599,0.221805,0.799595,0.783368,0.502231,0.071628,0.630504,0.970039,0.680866,0.666667,0.742641,0.331849,0.811024
6600,0.209023,0.569838,0.783119,0.489395,0.078184,0.630504,0.970231,0.686413,0.666667,0.741800,0.353563,0.811024
6601,0.206015,0.679150,0.783343,0.495453,0.043970,0.630504,0.970135,0.681550,0.666667,0.740118,0.336860,0.811024
6602,0.256391,0.834008,0.782921,0.494640,0.016236,0.630504,0.970326,0.683673,0.666667,0.740959,0.331849,0.811024
6603,0.245113,0.895749,0.782946,0.493229,0.005071,0.630504,0.970231,0.682030,0.666667,0.738436,0.331849,0.811024
6604,0.249624,0.719636,0.782995,0.492739,0.022843,0.629003,0.969561,0.683400,0.666667,0.742641,0.331849,0.811024
6605,0.207519,0.920040,0.783293,0.491113,0.029860,0.625200,0.970231,0.682167,0.666667,0.744323,0.343541,0.811024
6606,0.216541,0.761134,0.783020,0.491052,0.026172,0.627502,0.969561,0.677647,0.666667,0.738436,0.333241,0.811024
6607,0.211278,0.898785,0.783045,0.496220,0.016210,0.622998,0.970518,0.677715,0.666667,0.740118,0.345212,0.811024
6608,0.236090,0.689271,0.782995,0.498704,0.019130,0.628303,0.970326,0.676140,0.666667,0.738436,0.345212,0.811024
6609,0.206015,0.762146,0.782747,0.495959,0.043561,0.622298,0.970326,0.678469,0.666667,0.738436,0.347160,0.811024
6610,0.207519,0.839069,0.782846,0.507921,0.053830,0.620496,0.970039,0.671141,0.666667,0.736754,0.359688,0.811024
6611,0.188722,0.612348,0.782499,0.525480,0.038746,0.620496,0.970135,0.664156,0.666667,0.738436,0.359688,0.806535
6612,0.184962,0.467611,0.782350,0.512675,0.027478,0.620496,0.970901,0.678743,0.666667,0.740959,0.359688,0.807087
6613,0.233835,0.552632,0.782747,0.495576,0.035648,0.630204,0.970518,0.684427,0.666667,0.743482,0.359688,0.803150
6614,0.239098,0.643725,0.782970,0.477311,0.023355,0.630504,0.970709,0.687372,0.666667,0.740959,0.359688,0.803150
6615,0.234586,0.570850,0.783641,0.477771,0.027043,0.630504,0.970738,0.682030,0.666667,0.742641,0.359688,0.804567
6616,0.184962,0.575911,0.783492,0.484304,0.032728,0.630504,0.969944,0.671278,0.666667,0.738436,0.359688,0.809449
6617,0.193233,0.547571,0.783839,0.494609,0.040795,0.630504,0.970326,0.671552,0.666667,0.736754,0.359688,0.806929
6618,0.202256,0.533401,0.783815,0.500621,0.027683,0.630504,0.969561,0.668607,0.666667,0.730025,0.359688,0.803150
6619,0.169173,0.799595,0.784038,0.500590,0.013214,0.630504,0.968795,0.672168,0.666667,0.736754,0.359688,0.803150
6620,0.239850,0.736842,0.783839,0.502001,0.011524,0.630504,0.970135,0.674976,0.666667,0.737595,0.359688,0.803150
6621,0.142105,0.547571,0.784137,0.503366,0.034290,0.630504,0.969877,0.675647,0.666667,0.741800,0.359688,0.803150
6622,0.157143,0.692308,0.784361,0.489779,0.031140,0.630504,0.969369,0.684701,0.666667,0.738436,0.359688,0.803150
6623,0.183459,0.900810,0.784584,0.487371,0.023995,0.630504,0.970039,0.683879,0.666667,0.744323,0.346604,0.805906
6624,0.197744,0.752024,0.784609,0.487862,0.051730,0.630504,0.970164,0.680318,0.666667,0.743482,0.348552,0.804331
6625,0.233083,0.640688,0.784709,0.494303,0.068862,0.630504,0.970326,0.678195,0.666667,0.740118,0.357461,0.806299
6626,0.218797,0.822874,0.784460,0.494579,0.044739,0.630504,0.969848,0.676003,0.666667,0.739277,0.359688,0.807717
6627,0.226316,0.632591,0.784386,0.500054,0.057594,0.630504,0.971092,0.675524,0.666667,0.738436,0.359688,0.806535
6628,0.233835,0.515182,0.784485,0.501541,0.039489,0.630504,0.969944,0.675181,0.666667,0.735913,0.346325,0.811024
6629,0.217293,0.605263,0.784684,0.505237,0.014059,0.635308,0.970614,0.676140,0.666667,0.739277,0.358853,0.803307
6630,0.160150,0.690283,0.784286,0.495039,0.011165,0.630504,0.969752,0.687646,0.666667,0.744323,0.331849,0.803150
6631,0.203759,0.772267,0.785081,0.486972,0.008835,0.632806,0.970518,0.688467,0.666667,0.743482,0.333241,0.803150
6632,0.187218,0.802632,0.784659,0.482187,0.014443,0.640512,0.970135,0.686618,0.666667,0.742641,0.345768,0.803543
6633,0.236842,0.732794,0.784088,0.491098,0.003995,0.632706,0.970422,0.675524,0.666667,0.737595,0.359688,0.811024
6634,0.205263,0.764170,0.784411,0.499778,0.006786,0.630504,0.970614,0.674360,0.666667,0.741800,0.345768,0.811024
6635,0.203008,0.706478,0.784535,0.501434,0.028195,0.635208,0.970614,0.674017,0.666667,0.740959,0.345212,0.811024
6636,0.227820,0.594130,0.783815,0.497646,0.025967,0.630504,0.970231,0.683810,0.666667,0.737595,0.354677,0.805906
6637,0.228571,0.870445,0.784758,0.489825,0.042946,0.630504,0.970231,0.685865,0.666667,0.743482,0.331849,0.806850
6638,0.208271,0.795547,0.785056,0.491742,0.055674,0.630504,0.970039,0.677784,0.666667,0.741800,0.331849,0.806850
6639,0.193233,0.624494,0.784808,0.498551,0.047709,0.630504,0.970326,0.674771,0.666667,0.737595,0.331849,0.804961
6640,0.206015,0.598178,0.784783,0.501388,0.048478,0.630504,0.970231,0.673332,0.666667,0.737595,0.331849,0.811024
6641,0.200752,0.701417,0.784758,0.499364,0.060795,0.630504,0.970326,0.678332,0.666667,0.741800,0.331849,0.806929
6642,0.193233,0.946356,0.784783,0.497646,0.051602,0.630504,0.970518,0.681414,0.666667,0.742641,0.354677,0.804882
6643,0.195489,0.926113,0.784808,0.484641,0.064176,0.630504,0.970374,0.684084,0.666667,0.746005,0.350501,0.803150
6644,0.223308,0.719636,0.784435,0.490730,0.013598,0.632806,0.970326,0.677784,0.666667,0.741800,0.345212,0.803150
6645,0.206015,0.650810,0.784460,0.495269,0.025404,0.633006,0.969656,0.671826,0.666667,0.737595,0.356347,0.803150
6646,0.219549,0.602227,0.784659,0.505145,0.016159,0.638311,0.969752,0.669086,0.666667,0.738436,0.346604,0.803150
6647,0.232331,0.628543,0.784361,0.505605,0.017286,0.632306,0.969944,0.676140,0.666667,0.739277,0.347717,0.803150
6648,0.181955,0.780364,0.784609,0.497370,0.017235,0.630504,0.969752,0.679633,0.666667,0.740118,0.358296,0.803150
6649,0.190977,0.705466,0.785180,0.491880,0.004200,0.630504,0.970355,0.681550,0.666667,0.741800,0.359688,0.803150
6650,0.186466,0.620445,0.785031,0.489365,0.021665,0.635008,0.969848,0.681071,0.666667,0.739277,0.346325,0.803150
6651,0.209774,0.820850,0.784932,0.491650,0.029168,0.630805,0.969944,0.678811,0.666667,0.739277,0.332684,0.810866
6652,0.184962,0.667004,0.785280,0.490438,0.040385,0.635709,0.970614,0.681140,0.666667,0.740118,0.359688,0.807087
6653,0.187218,0.751012,0.785056,0.499180,0.039847,0.639812,0.970183,0.673880,0.666667,0.741800,0.359688,0.803543
6654,0.196241,0.681174,0.785354,0.500054,0.024533,0.636309,0.969944,0.675798,0.666667,0.738436,0.359688,0.806535
6655,0.232331,0.576923,0.785652,0.499931,0.028298,0.634007,0.969944,0.676688,0.666667,0.740118,0.359688,0.803150
6656,0.233835,0.679150,0.785603,0.500314,0.024508,0.635308,0.970039,0.678811,0.666667,0.742641,0.359688,0.803150
6657,0.163158,0.797571,0.785652,0.494824,0.032165,0.632806,0.970039,0.683468,0.666667,0.743482,0.359688,0.803150
6658,0.194737,0.652834,0.785429,0.492416,0.023227,0.637810,0.970518,0.682852,0.666667,0.741800,0.340200,0.807087
6659,0.184962,0.801619,0.785677,0.496250,0.035238,0.630504,0.969656,0.676551,0.666667,0.742641,0.351893,0.807087
6660,0.213534,0.763158,0.785603,0.493965,0.029040,0.630504,0.970326,0.679017,0.666667,0.744323,0.359688,0.808504
6661,0.234586,0.610324,0.785603,0.495376,0.023867,0.630504,0.970039,0.676551,0.666667,0.742641,0.359688,0.805354
6662,0.217293,0.601215,0.785776,0.499548,0.044790,0.635208,0.970422,0.672305,0.666667,0.740118,0.359688,0.806850
6663,0.198496,0.791498,0.785379,0.494962,0.037235,0.635308,0.970135,0.678195,0.666667,0.742641,0.359688,0.805512
6664,0.163158,0.664980,0.785727,0.501787,0.052216,0.630705,0.969465,0.675113,0.666667,0.740118,0.336860,0.811024
6665,0.226316,0.654858,0.785652,0.499670,0.048554,0.635709,0.970518,0.678674,0.666667,0.739277,0.355512,0.804567
6666,0.151128,0.776316,0.785925,0.491895,0.016518,0.634808,0.969848,0.684838,0.666667,0.743482,0.345768,0.803150
6667,0.149624,0.703441,0.786298,0.486175,0.024175,0.630504,0.970422,0.682783,0.666667,0.741800,0.359688,0.806063
6668,0.184962,0.820850,0.786422,0.490622,0.026403,0.635308,0.970901,0.676894,0.666667,0.739277,0.334076,0.806929
6669,0.227820,0.762146,0.786670,0.502845,0.028656,0.632506,0.970422,0.671894,0.666667,0.740118,0.331849,0.803780
6670,0.218797,0.801619,0.786745,0.498474,0.043202,0.635709,0.970326,0.677510,0.666667,0.743482,0.331849,0.806693
6671,0.230827,0.667004,0.786720,0.495330,0.067710,0.633006,0.970039,0.680523,0.666667,0.740959,0.344933,0.803543
6672,0.233083,0.758097,0.786894,0.489135,0.102820,0.633707,0.970422,0.680729,0.666667,0.740118,0.331849,0.803150
6673,0.224060,0.691296,0.786894,0.496066,0.059617,0.632006,0.969513,0.680249,0.666667,0.740118,0.331849,0.803150
6674,0.186466,0.661943,0.786894,0.488889,0.043100,0.630504,0.969944,0.679222,0.666667,0.742641,0.333797,0.803150
6675,0.227820,0.635628,0.787092,0.493919,0.034649,0.630504,0.969656,0.678195,0.666667,0.738436,0.343541,0.803701
6676,0.200752,0.726721,0.787167,0.493950,0.041486,0.630504,0.970805,0.675181,0.666667,0.741800,0.331849,0.807323
6677,0.170677,0.871457,0.787068,0.496097,0.085508,0.630504,0.969944,0.679359,0.666667,0.740118,0.349109,0.807244
6678,0.187218,0.721660,0.787018,0.492263,0.081948,0.630504,0.970039,0.678537,0.666667,0.734230,0.345768,0.806142
6679,0.182707,0.858300,0.787142,0.492125,0.067121,0.630504,0.970231,0.680797,0.666667,0.740959,0.345768,0.803150
6680,0.195489,0.574899,0.786943,0.492693,0.052293,0.630504,0.970614,0.677168,0.666667,0.743482,0.354120,0.803150
6681,0.230075,0.772267,0.787564,0.492156,0.059361,0.630504,0.970039,0.678537,0.666667,0.740118,0.352171,0.808661
6682,0.205263,0.601215,0.787490,0.489733,0.045200,0.630504,0.969561,0.678880,0.666667,0.739277,0.359688,0.807087
6683,0.206767,0.518219,0.787564,0.497953,0.051013,0.630504,0.970518,0.674908,0.666667,0.737595,0.352171,0.807244
6684,0.220301,0.801619,0.787688,0.498367,0.058516,0.630504,0.970135,0.677099,0.666667,0.738436,0.331849,0.805118
6685,0.191729,0.796559,0.787962,0.500176,0.057671,0.630504,0.970326,0.676757,0.666667,0.742641,0.354120,0.803150
6686,0.227820,0.741903,0.787713,0.502553,0.048221,0.635308,0.969656,0.677236,0.666667,0.742641,0.349944,0.803150
6687,0.200000,0.793522,0.788011,0.494993,0.039335,0.630504,0.969867,0.683468,0.666667,0.740959,0.356069,0.803150
6688,0.217293,0.839069,0.787813,0.488751,0.062255,0.630504,0.970326,0.687919,0.666667,0.743482,0.349109,0.803150
6689,0.226316,0.819838,0.787614,0.485362,0.056877,0.630504,0.970231,0.686481,0.666667,0.741800,0.331849,0.807087
6690,0.189474,0.828947,0.787738,0.487141,0.086558,0.630504,0.969944,0.679907,0.666667,0.743482,0.331849,0.807087
6691,0.218797,0.731781,0.787465,0.491818,0.080463,0.630504,0.970231,0.677441,0.666667,0.742641,0.344376,0.810472
6692,0.206767,0.589069,0.787490,0.499716,0.083510,0.630504,0.969972,0.674387,0.666667,0.739277,0.359688,0.811024
6693,0.215789,0.719636,0.787664,0.502737,0.070373,0.630504,0.970326,0.673606,0.666667,0.744323,0.346325,0.807323
6694,0.215789,0.620445,0.787688,0.504884,0.076519,0.630504,0.969369,0.678674,0.666667,0.741800,0.358853,0.811024
6695,0.215789,0.654858,0.787738,0.497447,0.026480,0.630504,0.969656,0.684016,0.666667,0.742641,0.331849,0.806929
6696,0.236090,0.836032,0.787490,0.493076,0.044662,0.630504,0.969896,0.685043,0.666667,0.744323,0.345768,0.811024
6697,0.228571,0.810729,0.787539,0.490822,0.114548,0.630504,0.970231,0.684358,0.666667,0.741800,0.331849,0.811024
6698,0.184962,0.534413,0.787788,0.483031,0.096033,0.630504,0.969944,0.678948,0.666667,0.740959,0.331849,0.810079
6699,0.259398,0.529352,0.788011,0.504455,0.100438,0.630504,0.970231,0.672922,0.666667,0.741800,0.336581,0.807874
6700,0.218045,0.830972,0.788011,0.505989,0.087557,0.630504,0.970231,0.676277,0.666667,0.741800,0.354677,0.807244
6701,0.204511,0.865385,0.787614,0.500284,0.062025,0.630504,0.969848,0.681893,0.666667,0.740118,0.350780,0.805906
6702,0.227820,0.908907,0.787887,0.491772,0.047300,0.630504,0.970518,0.684975,0.666667,0.740959,0.359688,0.803150
6703,0.245865,0.618421,0.787515,0.485592,0.062332,0.630504,0.969743,0.687646,0.666667,0.742641,0.338252,0.808976
6704,0.233083,0.708502,0.787912,0.491052,0.051627,0.630504,0.970135,0.678606,0.666667,0.743482,0.331849,0.809213
6705,0.230827,0.581984,0.787937,0.495376,0.064688,0.630504,0.970039,0.676688,0.666667,0.740118,0.339644,0.807244
6706,0.230075,0.755061,0.787862,0.494195,0.032011,0.630504,0.970805,0.677113,0.666667,0.739277,0.351615,0.809291
6707,0.236090,0.614372,0.787688,0.499425,0.049656,0.630504,0.970078,0.675716,0.666667,0.736754,0.354955,0.808504
6708,0.213534,0.753036,0.787217,0.495714,0.046378,0.630504,0.970326,0.680934,0.666667,0.740959,0.359688,0.806929
6709,0.212782,0.693320,0.786894,0.496358,0.019924,0.633307,0.970011,0.684276,0.666667,0.743482,0.359688,0.806929
6710,0.207519,0.861336,0.787291,0.493720,0.027632,0.632306,0.970039,0.679838,0.666667,0.743482,0.346604,0.810000
6711,0.208271,0.725709,0.787589,0.490085,0.043637,0.630504,0.970231,0.679770,0.666667,0.741800,0.347996,0.808031
6712,0.203759,0.692308,0.787664,0.494563,0.066199,0.630504,0.970231,0.678811,0.666667,0.743482,0.344376,0.810394
6713,0.205263,0.820850,0.787142,0.499517,0.075264,0.630504,0.968699,0.674771,0.666667,0.740118,0.359688,0.807480
6714,0.185714,0.650810,0.787490,0.500774,0.072934,0.630504,0.970039,0.676072,0.666667,0.739277,0.344933,0.810787
6715,0.201504,0.810729,0.787440,0.500636,0.073293,0.630504,0.970326,0.674360,0.666667,0.737595,0.331849,0.807087
6716,0.178947,0.746964,0.787788,0.496419,0.052319,0.630504,0.970039,0.680797,0.666667,0.740959,0.331849,0.807087
6717,0.195489,0.663968,0.787813,0.491420,0.051551,0.630504,0.969905,0.682783,0.666667,0.744323,0.331849,0.807244
6718,0.216541,0.775304,0.787167,0.494057,0.088069,0.630504,0.969216,0.680167,0.666667,0.739277,0.341871,0.807244
6719,0.172932,0.778340,0.787167,0.494655,0.046890,0.630504,0.969685,0.680523,0.666667,0.740959,0.331849,0.803150
6720,0.164662,0.599190,0.787291,0.493950,0.036262,0.630504,0.970518,0.681414,0.666667,0.746846,0.336581,0.806929
6721,0.144361,0.670040,0.787465,0.492416,0.051960,0.630504,0.970518,0.683468,0.666667,0.742641,0.359688,0.806850
6722,0.233835,0.851215,0.786943,0.494870,0.058593,0.630504,0.970231,0.678948,0.666667,0.743482,0.359688,0.808425
6723,0.211278,0.580972,0.786993,0.500866,0.087249,0.630504,0.969915,0.675633,0.666667,0.740959,0.347160,0.807323
6724,0.204511,0.721660,0.787515,0.493229,0.092371,0.630504,0.970231,0.680249,0.666667,0.740959,0.339365,0.809213
6725,0.206767,0.648785,0.786869,0.492616,0.094932,0.630504,0.970709,0.685043,0.666667,0.740959,0.331849,0.803150
6726,0.230827,0.501012,0.786943,0.487202,0.098031,0.630504,0.970614,0.680866,0.666667,0.743482,0.331849,0.809213
6727,0.157895,0.891700,0.786621,0.488751,0.079746,0.631805,0.970039,0.675935,0.666667,0.740118,0.331849,0.804094
6728,0.210526,0.828947,0.786819,0.492263,0.088940,0.633807,0.970422,0.675045,0.666667,0.737595,0.331849,0.810236
6729,0.230075,0.817814,0.786745,0.499256,0.064765,0.630504,0.970231,0.673332,0.666667,0.739277,0.331849,0.807087
6730,0.183459,0.588057,0.786869,0.500621,0.077339,0.630504,0.970326,0.674017,0.633333,0.735913,0.331849,0.803701
6731,0.218045,0.765182,0.786794,0.488751,0.087864,0.635208,0.969656,0.683263,0.533333,0.742641,0.331849,0.803150
6732,0.224060,0.635628,0.786869,0.493429,0.070271,0.630504,0.969656,0.675387,0.666667,0.740959,0.331849,0.803150
6733,0.200752,0.718623,0.786919,0.500483,0.056980,0.630504,0.969561,0.674839,0.666667,0.735913,0.331849,0.803150
6734,0.211278,0.728745,0.786819,0.503090,0.088274,0.630504,0.970709,0.676825,0.666667,0.742641,0.331849,0.803150
6735,0.203759,0.696356,0.786496,0.496373,0.084765,0.630504,0.969867,0.683194,0.666667,0.739277,0.331849,0.803150
6736,0.193985,0.821862,0.787018,0.484120,0.087326,0.630504,0.970326,0.694083,0.666667,0.741800,0.331849,0.804094
6737,0.208271,0.840081,0.786968,0.484641,0.102973,0.630504,0.970135,0.684769,0.666667,0.741800,0.331849,0.806299
6738,0.170677,0.730769,0.786670,0.502553,0.084535,0.630504,0.970039,0.666758,0.666667,0.734230,0.331849,0.803150
6739,0.222556,0.815789,0.786943,0.497324,0.078261,0.630504,0.970078,0.676688,0.666667,0.740959,0.331849,0.807165
6740,0.185714,0.632591,0.787366,0.498551,0.108146,0.630504,0.970039,0.677510,0.666667,0.739277,0.345768,0.807087
6741,0.204511,0.745951,0.787316,0.499210,0.084740,0.630504,0.970422,0.678811,0.666667,0.739277,0.354120,0.803150
6742,0.201504,0.890688,0.787639,0.493613,0.091731,0.630504,0.969829,0.684194,0.666667,0.745164,0.337416,0.803150
6743,0.188722,0.775304,0.787738,0.485699,0.127839,0.630504,0.970403,0.684413,0.666667,0.743482,0.350223,0.803150
6744,0.201504,0.733806,0.787614,0.491374,0.113370,0.630504,0.970039,0.681208,0.666667,0.738436,0.359688,0.806850
6745,0.224060,0.640688,0.787564,0.492232,0.093344,0.630504,0.970326,0.679701,0.666667,0.743482,0.359688,0.806850
6746,0.203008,0.832996,0.787937,0.498259,0.086993,0.630504,0.970422,0.674634,0.666667,0.740118,0.359688,0.805669
6747,0.206767,0.784413,0.787664,0.499946,0.085585,0.630504,0.969369,0.676757,0.666667,0.739277,0.359688,0.804567
6748,0.227068,0.868421,0.787614,0.496112,0.097903,0.630504,0.970518,0.679907,0.666667,0.740959,0.345768,0.803150
6749,0.200000,0.714575,0.787887,0.491205,0.088043,0.630504,0.969877,0.683468,0.666667,0.743482,0.349388,0.803150
6750,0.242105,0.636640,0.788111,0.494840,0.074368,0.630504,0.969178,0.679701,0.666667,0.740959,0.331849,0.806142
6751,0.258647,0.683198,0.787887,0.491726,0.071782,0.630504,0.970154,0.680866,0.666667,0.743482,0.345768,0.806929
6752,0.257143,0.689271,0.787639,0.490499,0.102051,0.630504,0.969944,0.675387,0.666667,0.741800,0.331849,0.807244
6753,0.217293,0.787449,0.787862,0.504424,0.107199,0.630504,0.970135,0.668265,0.666667,0.740118,0.345212,0.811024
6754,0.221805,0.787449,0.788036,0.507169,0.125432,0.630504,0.970269,0.676894,0.666667,0.743482,0.346604,0.803307
6755,0.209023,0.761134,0.788135,0.490193,0.121821,0.632806,0.969273,0.683810,0.600000,0.744323,0.345768,0.803150
6756,0.216541,0.756073,0.788011,0.500207,0.120669,0.632806,0.970135,0.677510,0.566667,0.745164,0.357739,0.803150
6757,0.193985,0.773279,0.787862,0.498321,0.077006,0.635308,0.969465,0.680181,0.666667,0.743482,0.331849,0.806850
6758,0.213534,0.675101,0.788086,0.499011,0.083869,0.630504,0.969848,0.680455,0.666667,0.740118,0.331849,0.807638
6759,0.262406,0.588057,0.787813,0.495024,0.069630,0.630504,0.970039,0.683126,0.666667,0.742641,0.331849,0.811024
6760,0.262406,0.750000,0.787688,0.484764,0.050782,0.630504,0.970240,0.691179,0.666667,0.744323,0.331849,0.811024
6761,0.187218,0.821862,0.787813,0.496036,0.096033,0.630504,0.969848,0.679085,0.666667,0.741800,0.336581,0.811024
6762,0.220301,0.755061,0.788036,0.499747,0.112269,0.630504,0.969752,0.676757,0.666667,0.738436,0.346325,0.811024
6763,0.234586,0.709514,0.787763,0.499042,0.081026,0.630504,0.969752,0.680236,0.666667,0.740118,0.341314,0.811024
6764,0.179699,0.692308,0.787515,0.495606,0.101385,0.630504,0.970365,0.682400,0.666667,0.742641,0.331849,0.805433
6765,0.225564,0.854251,0.787465,0.500943,0.117468,0.630504,0.969944,0.676551,0.666667,0.740118,0.331849,0.804961
6766,0.239850,0.700405,0.787341,0.498213,0.104638,0.630504,0.969656,0.683126,0.666667,0.740118,0.331849,0.811024
6767,0.233835,0.581984,0.787440,0.500238,0.096161,0.630504,0.970269,0.680866,0.666667,0.740959,0.331849,0.808740
6768,0.205263,0.607287,0.787241,0.495177,0.119542,0.630504,0.970288,0.680318,0.666667,0.744323,0.331849,0.809134
6769,0.206015,0.554656,0.787813,0.491558,0.111040,0.630504,0.970231,0.683400,0.666667,0.743482,0.331849,0.804567
6770,0.230827,0.729757,0.787937,0.491435,0.113012,0.630504,0.970748,0.687002,0.666667,0.745164,0.331849,0.803150
6771,0.207519,0.784413,0.787837,0.496802,0.109580,0.634508,0.970164,0.680249,0.666667,0.744323,0.331849,0.806063
6772,0.220301,0.746964,0.787986,0.495867,0.166534,0.631305,0.969752,0.679975,0.666667,0.740118,0.331849,0.807874
6773,0.206767,0.750000,0.787589,0.499425,0.168634,0.630504,0.969752,0.680249,0.666667,0.741800,0.331849,0.807087
6774,0.228571,0.654858,0.787465,0.493107,0.149018,0.630504,0.970231,0.684427,0.666667,0.745164,0.331849,0.803150
6775,0.219549,0.518219,0.787465,0.501235,0.124485,0.630504,0.970039,0.677510,0.666667,0.745164,0.331849,0.803150
6776,0.228571,0.719636,0.787688,0.500100,0.126585,0.630504,0.969848,0.680866,0.666667,0.743482,0.331849,0.803150
6777,0.233835,0.772267,0.787862,0.501741,0.107147,0.630504,0.969848,0.683468,0.666667,0.741800,0.331849,0.803386
6778,0.236842,0.735830,0.787465,0.485791,0.097749,0.630504,0.969848,0.691001,0.666667,0.746005,0.331849,0.806693
6779,0.229323,0.831984,0.787515,0.491895,0.084074,0.630504,0.969944,0.684906,0.666667,0.743482,0.345768,0.807244
6780,0.191729,0.771255,0.787614,0.494073,0.130221,0.630504,0.969848,0.679838,0.666667,0.741800,0.331849,0.803937
6781,0.228571,0.756073,0.787887,0.494916,0.158288,0.630504,0.970805,0.681824,0.666667,0.741800,0.331849,0.810079
6782,0.220301,0.602227,0.787564,0.498413,0.128710,0.630504,0.969465,0.683537,0.666667,0.741800,0.331849,0.803150
6783,0.213534,0.717611,0.787589,0.500974,0.123563,0.630504,0.970949,0.679496,0.666667,0.741800,0.331849,0.804488
6784,0.258647,0.707490,0.787937,0.495039,0.118518,0.630504,0.972911,0.692028,0.666667,0.747687,0.345768,0.809685
6785,0.251880,0.634615,0.788235,0.493919,0.073216,0.630504,0.973868,0.703328,0.666667,0.759462,0.331849,0.806850
6786,0.218797,0.661943,0.789203,0.493107,0.089836,0.630504,0.976548,0.711752,0.666667,0.772077,0.331849,0.809055
6787,0.180451,0.820850,0.789551,0.494947,0.132884,0.630504,0.979133,0.720929,0.666667,0.781329,0.331849,0.811024
6788,0.206767,0.596154,0.790246,0.496833,0.168609,0.630504,0.980951,0.731270,0.666667,0.790580,0.331849,0.811024
6789,0.168421,0.816802,0.790594,0.499747,0.172604,0.630504,0.983632,0.740789,0.666667,0.796468,0.331849,0.814567
6790,0.217293,0.767206,0.790370,0.500820,0.172476,0.630504,0.984656,0.743528,0.666667,0.796468,0.331849,0.818898
6791,0.200752,0.738866,0.789799,0.500468,0.164358,0.630504,0.984589,0.739693,0.666667,0.799832,0.336024,0.819843
6792,0.178195,0.608300,0.789451,0.495346,0.164255,0.630504,0.984589,0.742501,0.666667,0.799832,0.359688,0.826772
6793,0.195489,0.715587,0.789278,0.495867,0.121873,0.630504,0.984015,0.741337,0.666667,0.798150,0.359688,0.826772
6794,0.167669,0.668016,0.788905,0.492462,0.150119,0.630504,0.985067,0.739830,0.666667,0.796468,0.359688,0.826772
6795,0.148872,0.673077,0.788856,0.491435,0.189454,0.630504,0.985067,0.737639,0.666667,0.796468,0.359688,0.826772
6796,0.196992,0.654858,0.788384,0.498873,0.171963,0.630504,0.984254,0.731270,0.666667,0.793944,0.350780,0.826772
6797,0.187970,0.699393,0.788458,0.498244,0.163538,0.630504,0.983584,0.736611,0.666667,0.792262,0.331849,0.826772
6798,0.221053,0.643725,0.788458,0.497017,0.156393,0.630504,0.984206,0.736269,0.666667,0.789739,0.331849,0.833307
6799,0.177444,0.780364,0.788558,0.501204,0.165433,0.630504,0.981985,0.733119,0.666667,0.791421,0.331849,0.834646
6800,0.125564,0.782389,0.788433,0.500008,0.182181,0.630504,0.985115,0.734968,0.666667,0.793944,0.331849,0.834646
6801,0.187218,0.919028,0.787912,0.496987,0.167917,0.630504,0.984397,0.736201,0.666667,0.794786,0.331849,0.834646
6802,0.210526,0.676113,0.787763,0.494149,0.143025,0.630504,0.985039,0.734420,0.666667,0.793944,0.331849,0.834646
6803,0.158647,0.657895,0.787639,0.496680,0.178135,0.630504,0.984924,0.731064,0.666667,0.793103,0.331849,0.834646
6804,0.214286,0.606275,0.787912,0.499440,0.198853,0.630504,0.984397,0.732639,0.666667,0.788898,0.331849,0.834646
6805,0.181955,0.596154,0.787862,0.503658,0.208123,0.630504,0.984780,0.729421,0.666667,0.796468,0.331849,0.834646
6806,0.173684,0.593117,0.787986,0.500943,0.202156,0.630504,0.985096,0.733324,0.666667,0.789739,0.331849,0.834646
6807,0.175940,0.620445,0.787788,0.503765,0.211888,0.630504,0.984656,0.732091,0.666667,0.791421,0.331849,0.834646
6808,0.178195,0.656883,0.787738,0.493613,0.202592,0.630504,0.984876,0.736885,0.666667,0.796468,0.331849,0.834646
6809,0.178195,0.707490,0.787986,0.493889,0.225358,0.630504,0.984493,0.736885,0.666667,0.795627,0.331849,0.834646
6810,0.190977,0.594130,0.787887,0.492739,0.222823,0.630504,0.984972,0.735379,0.666667,0.794786,0.331849,0.834646
6811,0.170677,0.718623,0.788135,0.496419,0.206407,0.630504,0.983948,0.735516,0.666667,0.791421,0.327116,0.834646
6812,0.209774,0.651822,0.788011,0.500207,0.195191,0.630504,0.985000,0.731749,0.666667,0.792262,0.309577,0.834646
6813,0.178195,0.759109,0.788210,0.500667,0.215473,0.630504,0.984139,0.734146,0.666667,0.791421,0.331849,0.834646
6814,0.181955,0.699393,0.788036,0.503888,0.207560,0.630504,0.984924,0.735516,0.666667,0.790580,0.331849,0.834646
6815,0.222556,0.827935,0.787837,0.490147,0.214449,0.630504,0.984713,0.740241,0.666667,0.794786,0.331849,0.834646
6816,0.192481,0.514170,0.788086,0.500284,0.224308,0.630504,0.984139,0.733256,0.666667,0.791421,0.331849,0.834646
6817,0.199248,0.568826,0.788260,0.498949,0.176727,0.635308,0.984972,0.734488,0.666667,0.791421,0.331849,0.834646
6818,0.198496,0.693320,0.788185,0.501311,0.165971,0.633907,0.984914,0.736283,0.666667,0.792262,0.331849,0.834646
6819,0.198496,0.705466,0.787912,0.499762,0.194064,0.630705,0.984866,0.735488,0.666667,0.788898,0.321826,0.834646
6820,0.203759,0.550607,0.787912,0.502921,0.232452,0.630504,0.984780,0.732160,0.666667,0.790580,0.304009,0.834646
6821,0.183459,0.738866,0.788011,0.502201,0.206331,0.630504,0.984589,0.731612,0.666667,0.786375,0.329065,0.834646
6822,0.196992,0.561741,0.788036,0.498489,0.215908,0.630504,0.985718,0.736817,0.666667,0.790580,0.331849,0.834646
6823,0.181955,0.620445,0.788111,0.494993,0.189147,0.630504,0.983871,0.735927,0.666667,0.788057,0.331849,0.834646
6824,0.179699,0.608300,0.788036,0.496526,0.169838,0.630504,0.984397,0.735447,0.666667,0.787216,0.331849,0.834646
6825,0.150376,0.677126,0.787688,0.496097,0.177674,0.630504,0.985058,0.736132,0.666667,0.789739,0.331849,0.834646
6826,0.178947,0.829960,0.787763,0.496358,0.165126,0.630504,0.984866,0.734639,0.666667,0.790580,0.331849,0.834646
6827,0.166165,0.963563,0.787912,0.475900,0.151604,0.630504,0.984761,0.758937,0.666667,0.803196,0.331849,0.834646
6828,0.218045,0.721660,0.788260,0.464153,0.120797,0.635308,0.985067,0.679770,0.666667,0.778806,0.331849,0.834646
6829,0.180451,0.821862,0.790569,0.555707,0.176855,0.630504,0.984493,0.718737,0.666667,0.780488,0.331849,0.834646
6830,0.225564,0.668016,0.791140,0.581441,0.158954,0.630504,0.984015,0.747158,0.666667,0.792262,0.331849,0.832520
6831,0.216541,0.785425,0.790867,0.502906,0.196830,0.640012,0.984876,0.785372,0.666667,0.814971,0.331849,0.832913
6832,0.284962,0.531377,0.790519,0.424985,0.145791,0.630504,0.984972,0.785577,0.666667,0.827586,0.331849,0.834646
6833,0.179699,0.694332,0.790196,0.459153,0.068094,0.630504,0.984761,0.759718,0.666667,0.806560,0.331849,0.837874
6834,0.161654,0.611336,0.789576,0.512537,0.038234,0.630504,0.985029,0.732379,0.666667,0.791421,0.331849,0.842520
6835,0.184962,0.667004,0.789278,0.484396,0.050091,0.630504,0.984685,0.744624,0.666667,0.798150,0.331849,0.842520
6836,0.160150,0.767206,0.788980,0.497508,0.061308,0.635208,0.984972,0.747158,0.666667,0.796468,0.331849,0.842520
6837,0.201504,0.836032,0.788831,0.471682,0.074727,0.630504,0.984685,0.732023,0.666667,0.794786,0.331849,0.842520
6838,0.195489,0.594130,0.788657,0.522904,0.127865,0.630504,0.984876,0.731749,0.666667,0.790580,0.331849,0.841102
6839,0.133083,0.667004,0.788533,0.502814,0.132731,0.634007,0.984809,0.743117,0.666667,0.793944,0.331849,0.834646
6840,0.218797,0.809717,0.788086,0.483675,0.119388,0.635709,0.984397,0.746610,0.666667,0.798991,0.331849,0.834646
6841,0.220301,0.743927,0.787986,0.487386,0.146227,0.631505,0.984589,0.735516,0.666667,0.793103,0.331849,0.834646
6842,0.220301,0.818826,0.788086,0.478798,0.131604,0.630504,0.985067,0.733804,0.666667,0.793103,0.331849,0.834646
6843,0.178947,0.508097,0.788533,0.519070,0.133729,0.630504,0.984943,0.726544,0.666667,0.788057,0.331849,0.834646
6844,0.198496,0.860324,0.788930,0.505130,0.118390,0.635208,0.984953,0.747843,0.666667,0.797309,0.331849,0.834646
6845,0.215789,0.731781,0.788582,0.480654,0.044098,0.630504,0.983009,0.741542,0.666667,0.798150,0.331849,0.834646
6846,0.193985,0.641700,0.788160,0.506035,0.034162,0.630504,0.983699,0.738885,0.666667,0.791421,0.318207,0.834646
6847,0.164662,0.729757,0.787837,0.476866,0.069221,0.636709,0.985087,0.748733,0.666667,0.798991,0.331849,0.834646
6848,0.163158,0.618421,0.787837,0.478814,0.116315,0.635809,0.984302,0.733530,0.533333,0.794786,0.331849,0.834646
6849,0.151128,0.660931,0.788011,0.501955,0.086814,0.633207,0.984273,0.723873,0.666667,0.783852,0.318764,0.834646
6850,0.198496,0.725709,0.788111,0.508228,0.059822,0.630504,0.984924,0.729078,0.666667,0.786375,0.305401,0.834646
6851,0.209774,0.638664,0.788235,0.502155,0.040155,0.630504,0.985163,0.736680,0.666667,0.792262,0.317372,0.834646
6852,0.163158,0.821862,0.788210,0.498627,0.031473,0.630504,0.984857,0.736748,0.666667,0.793944,0.331849,0.834646
6853,0.206015,0.776316,0.787912,0.492386,0.037210,0.630504,0.985144,0.740994,0.666667,0.797309,0.331849,0.834646
6854,0.162406,0.683198,0.788185,0.478998,0.030910,0.635208,0.985709,0.735995,0.666667,0.792262,0.329900,0.834646
6855,0.170677,0.740891,0.788135,0.493306,0.038925,0.636309,0.984799,0.714505,0.666667,0.783852,0.317372,0.834646
6856,0.209023,0.533401,0.788632,0.535556,0.041691,0.630504,0.984991,0.721408,0.666667,0.787216,0.331849,0.834646
6857,0.180451,0.869433,0.788508,0.521370,0.030603,0.630504,0.984780,0.738187,0.666667,0.793944,0.331849,0.834646
6858,0.172180,0.712551,0.788284,0.498949,0.040078,0.630504,0.984589,0.744008,0.666667,0.796468,0.326281,0.834646
6859,0.178947,0.850202,0.787962,0.494763,0.023714,0.630504,0.981842,0.740994,0.666667,0.791421,0.304009,0.834646
6860,0.184211,0.746964,0.787564,0.485362,0.051986,0.630504,0.984685,0.745651,0.666667,0.793944,0.325445,0.834646
6861,0.190226,0.809717,0.787614,0.487816,0.029681,0.630504,0.984254,0.735584,0.666667,0.789739,0.331849,0.834646
6862,0.127820,0.802632,0.787788,0.493459,0.047684,0.630504,0.984493,0.731749,0.666667,0.783011,0.310134,0.834646
6863,0.233835,0.793522,0.787713,0.497339,0.042203,0.630504,0.984962,0.729544,0.666667,0.785534,0.304009,0.834646
6864,0.133083,0.580972,0.788061,0.497094,0.040283,0.630504,0.984589,0.733461,0.666667,0.785534,0.327673,0.834646
6865,0.206767,0.604251,0.788111,0.500514,0.053676,0.635208,0.984972,0.733393,0.666667,0.786375,0.331849,0.834646
6866,0.219549,0.901822,0.787912,0.501127,0.033496,0.630504,0.985058,0.735776,0.666667,0.789739,0.331849,0.834646
6867,0.169173,0.816802,0.787688,0.494119,0.040027,0.630504,0.984589,0.736064,0.666667,0.792262,0.331849,0.834646
6868,0.178947,0.625506,0.787515,0.501373,0.041461,0.630504,0.985144,0.732174,0.666667,0.787216,0.331849,0.834646
6869,0.140602,0.851215,0.787763,0.493873,0.068120,0.630504,0.984809,0.736885,0.666667,0.792262,0.304844,0.834646
6870,0.184211,0.817814,0.787738,0.493505,0.039361,0.630504,0.984972,0.736337,0.666667,0.788057,0.317929,0.834646
6871,0.210526,0.674089,0.787763,0.493107,0.049758,0.630504,0.984685,0.734078,0.666667,0.788057,0.331849,0.834646
6872,0.190226,0.771255,0.787440,0.492278,0.043228,0.632306,0.984780,0.731818,0.666667,0.791421,0.331849,0.834646
6873,0.210526,0.841093,0.787390,0.496680,0.030449,0.633507,0.984589,0.729558,0.666667,0.791421,0.331849,0.834646
6874,0.163158,0.764170,0.787515,0.502967,0.024482,0.630504,0.985067,0.725380,0.666667,0.784693,0.331849,0.834646
6875,0.152632,0.715587,0.787490,0.500544,0.005557,0.630504,0.985029,0.731982,0.666667,0.784693,0.331849,0.834646
6876,0.172180,0.763158,0.787539,0.495039,0.022971,0.630504,0.984273,0.733530,0.666667,0.792262,0.331849,0.834646
6877,0.140602,0.709514,0.787564,0.497937,0.064509,0.630504,0.984206,0.734146,0.666667,0.792262,0.331849,0.834646
6878,0.173684,0.731781,0.787515,0.494870,0.068273,0.630504,0.983651,0.730996,0.666667,0.789739,0.331849,0.834646
6879,0.174436,0.718623,0.787341,0.498489,0.037671,0.630504,0.985661,0.728325,0.666667,0.788898,0.331849,0.834646
6880,0.186466,0.788462,0.787539,0.502323,0.068811,0.630504,0.984732,0.727161,0.666667,0.788898,0.317929,0.834646
6881,0.203759,0.685223,0.787614,0.496419,0.045481,0.635308,0.984493,0.731818,0.666667,0.788898,0.331849,0.834646
6882,0.172932,0.723684,0.787142,0.491650,0.030193,0.635308,0.985192,0.736064,0.666667,0.789739,0.331849,0.834646
6883,0.185714,0.735830,0.787539,0.497600,0.044124,0.636509,0.983632,0.729832,0.666667,0.787216,0.331849,0.834646
6884,0.178195,0.761134,0.787763,0.496864,0.085687,0.640512,0.984589,0.731544,0.666667,0.792262,0.331849,0.834646
6885,0.188722,0.876518,0.787614,0.493812,0.096366,0.635709,0.984876,0.736064,0.666667,0.789739,0.331849,0.834646
6886,0.182707,0.688259,0.787366,0.491895,0.091193,0.640512,0.982339,0.731886,0.666667,0.789739,0.331849,0.834646
6887,0.224060,0.799595,0.787390,0.491435,0.105739,0.640512,0.984302,0.732228,0.666667,0.786375,0.331849,0.834646
6888,0.164662,0.767206,0.787341,0.505145,0.112320,0.640512,0.984397,0.731133,0.666667,0.784693,0.331849,0.834646
6889,0.189474,0.744939,0.787465,0.507415,0.071961,0.640512,0.984847,0.754280,0.666667,0.799832,0.331849,0.834646
6890,0.169173,0.618421,0.786968,0.468201,0.094292,0.635809,0.984685,0.762978,0.666667,0.807401,0.331849,0.834646
6891,0.181203,0.720648,0.786447,0.451869,0.097544,0.640512,0.984589,0.747021,0.666667,0.798991,0.331849,0.834646
6892,0.173684,0.680162,0.786596,0.481911,0.091859,0.631205,0.984397,0.723463,0.666667,0.785534,0.331849,0.838189
6893,0.189474,0.564777,0.786794,0.511632,0.066327,0.635508,0.984828,0.718258,0.666667,0.783011,0.331849,0.834646
6894,0.209023,0.671053,0.786546,0.503474,0.091347,0.640512,0.984972,0.728051,0.666667,0.787216,0.331849,0.834646
6895,0.165414,0.567814,0.786869,0.502661,0.101283,0.635709,0.985479,0.731064,0.666667,0.784693,0.331849,0.834646
6896,0.211278,0.620445,0.786571,0.494333,0.094394,0.635809,0.984570,0.735447,0.666667,0.788898,0.331849,0.834646
6897,0.146617,0.709514,0.786695,0.492999,0.097826,0.635809,0.984589,0.732091,0.666667,0.784693,0.331849,0.834646
6898,0.150376,0.719636,0.786571,0.529851,0.100668,0.633507,0.984876,0.758800,0.666667,0.794786,0.331849,0.834646
6899,0.200000,0.643725,0.786472,0.483077,0.095854,0.635208,0.984876,0.793932,0.666667,0.822540,0.331849,0.834646
6900,0.201504,0.799595,0.785975,0.411367,0.108325,0.633307,0.984034,0.804958,0.666667,0.834315,0.331849,0.834646
6901,0.213534,0.715587,0.785752,0.408300,0.121386,0.635709,0.984809,0.761403,0.666667,0.809924,0.331849,0.841496
6902,0.185714,0.729757,0.785503,0.482878,0.115112,0.640512,0.984321,0.715381,0.666667,0.782170,0.331849,0.848583
6903,0.217293,0.703441,0.785925,0.512920,0.109171,0.640512,0.984493,0.718258,0.666667,0.777965,0.331849,0.842520
6904,0.167669,0.664980,0.786223,0.505222,0.132910,0.640512,0.983660,0.728325,0.666667,0.783011,0.331849,0.842520
6905,0.150376,0.748988,0.786124,0.506725,0.136137,0.640512,0.984120,0.728202,0.833333,0.782170,0.331849,0.842520
6906,0.209774,0.816802,0.785925,0.493613,0.152501,0.640512,0.983900,0.739159,0.733333,0.786375,0.331849,0.838504
6907,0.175940,0.714575,0.786149,0.491880,0.166201,0.640512,0.984780,0.740583,0.666667,0.787216,0.331849,0.837165
6908,0.151880,0.746964,0.785652,0.489273,0.127378,0.640512,0.984876,0.737570,0.666667,0.787216,0.325724,0.836220
6909,0.190977,0.646761,0.785106,0.487432,0.102077,0.640512,0.985067,0.733187,0.666667,0.790580,0.317372,0.837008
6910,0.172932,0.777328,0.784957,0.485975,0.113703,0.640512,0.984570,0.737269,0.666667,0.789739,0.317094,0.834646
6911,0.208271,0.824899,0.785255,0.493674,0.106943,0.640512,0.984771,0.730804,0.666667,0.788057,0.325724,0.834646
6912,0.167669,0.791498,0.784982,0.494180,0.106354,0.640512,0.984302,0.722107,0.666667,0.785534,0.322383,0.834646
6913,0.200752,0.728745,0.784982,0.513641,0.109196,0.640512,0.984005,0.722956,0.666667,0.788057,0.327116,0.834646
6914,0.183459,0.717611,0.785106,0.506694,0.141233,0.640512,0.984972,0.735653,0.666667,0.787216,0.322105,0.834646
6915,0.176692,0.744939,0.784957,0.498106,0.177623,0.640512,0.984828,0.735036,0.666667,0.789739,0.304009,0.834646
6916,0.183459,0.717611,0.784361,0.476621,0.156470,0.636209,0.983555,0.717436,0.666667,0.779647,0.304009,0.834646
6917,0.166917,0.770243,0.784361,0.513212,0.160107,0.640012,0.984493,0.711615,0.666667,0.778806,0.329900,0.834646
6918,0.198496,0.730769,0.784982,0.502170,0.157443,0.640012,0.985259,0.720326,0.666667,0.777965,0.331849,0.834646
6919,0.142857,0.774291,0.785007,0.517260,0.161131,0.636009,0.984637,0.714834,0.666667,0.773759,0.331849,0.834646
6920,0.206015,0.594130,0.785429,0.487018,0.140157,0.635809,0.983632,0.711478,0.666667,0.779647,0.331849,0.830551
6921,0.172932,0.790486,0.785950,0.513426,0.163769,0.634207,0.984589,0.686892,0.666667,0.776283,0.318486,0.826772
6922,0.216541,0.619433,0.787316,0.544129,0.195549,0.632206,0.985259,0.692289,0.666667,0.776283,0.315423,0.826772
6923,0.215789,0.650810,0.788880,0.555293,0.219929,0.638211,0.984685,0.701959,0.666667,0.776283,0.304009,0.826772
6924,0.231579,0.506073,0.789749,0.560523,0.242644,0.633207,0.983536,0.733393,0.666667,0.785534,0.322105,0.826772
6925,0.203759,0.691296,0.789675,0.509071,0.223591,0.632706,0.983852,0.759280,0.666667,0.799832,0.331849,0.826772
6926,0.207519,0.580972,0.788980,0.470348,0.231991,0.630504,0.984876,0.759417,0.666667,0.801514,0.331849,0.828898
6927,0.181203,0.699393,0.788582,0.472020,0.221824,0.634207,0.983536,0.744829,0.666667,0.793103,0.331849,0.834646
6928,0.197744,0.704453,0.788111,0.482847,0.242439,0.631705,0.984876,0.722435,0.666667,0.784693,0.331849,0.834646
6929,0.218045,0.561741,0.787713,0.520803,0.242183,0.630504,0.984589,0.718189,0.666667,0.777965,0.331849,0.834646
6930,0.216541,0.711538,0.787937,0.523180,0.229302,0.635208,0.984493,0.728804,0.666667,0.780488,0.331849,0.834646
6931,0.192481,0.755061,0.787788,0.507538,0.226049,0.630504,0.984589,0.737707,0.666667,0.788057,0.331849,0.834646
6932,0.223308,0.694332,0.787465,0.496910,0.219775,0.630504,0.984685,0.738734,0.666667,0.788057,0.331849,0.834646
6933,0.203008,0.703441,0.787117,0.493843,0.211734,0.632006,0.984876,0.735927,0.666667,0.787216,0.331849,0.834646
6934,0.200000,0.712551,0.786695,0.499134,0.228610,0.633807,0.983373,0.730037,0.666667,0.785534,0.331849,0.834646
6935,0.190226,0.674089,0.786422,0.500330,0.219954,0.630504,0.984876,0.727503,0.666667,0.783852,0.331849,0.834646
6936,0.151128,0.845142,0.786571,0.510283,0.181848,0.630504,0.984493,0.723189,0.666667,0.782170,0.331849,0.834646
6937,0.137594,0.810729,0.786794,0.524054,0.180209,0.630504,0.984158,0.718819,0.666667,0.778806,0.331849,0.834646
6938,0.170677,0.724696,0.787316,0.509884,0.201516,0.630504,0.984866,0.731982,0.666667,0.786375,0.331849,0.834646
6939,0.188722,0.732794,0.787589,0.496526,0.236267,0.630504,0.986647,0.738597,0.666667,0.791421,0.331849,0.834646
6940,0.173684,0.778340,0.787539,0.491098,0.222899,0.630504,0.984685,0.735584,0.666667,0.791421,0.331849,0.834646
6941,0.227820,0.755061,0.787639,0.489135,0.189685,0.630504,0.984972,0.735721,0.666667,0.788898,0.331849,0.834646
6942,0.184211,0.739879,0.787887,0.491818,0.197547,0.630504,0.983345,0.727914,0.666667,0.784693,0.331849,0.834646
6943,0.205263,0.632591,0.788235,0.504194,0.221363,0.630504,0.985039,0.724695,0.666667,0.784693,0.321548,0.834646
6944,0.198496,0.717611,0.788210,0.508228,0.243207,0.630504,0.984302,0.725380,0.666667,0.782170,0.304009,0.834646
6945,0.207519,0.619433,0.788011,0.505697,0.344798,0.630504,0.984876,0.730790,0.666667,0.783011,0.304009,0.834646
6946,0.194737,0.684211,0.787912,0.505805,0.272350,0.630504,0.984876,0.730037,0.666667,0.785534,0.315980,0.834646
6947,0.163158,0.802632,0.787763,0.501541,0.247407,0.632306,0.984972,0.732297,0.666667,0.788057,0.331849,0.834646
6948,0.180451,0.698381,0.787962,0.498949,0.318856,0.633507,0.983823,0.737707,0.666667,0.789739,0.331849,0.834646
6949,0.202256,0.606275,0.787713,0.496557,0.308945,0.630504,0.982550,0.733530,0.666667,0.791421,0.331849,0.834646
6950,0.176692,0.727733,0.787887,0.496864,0.283848,0.630504,0.983976,0.731297,0.666667,0.786375,0.331849,0.834646
6951,0.174436,0.760121,0.788011,0.506571,0.224308,0.630504,0.985259,0.727709,0.666667,0.787216,0.331849,0.834646
6952,0.166917,0.687247,0.787986,0.501357,0.229763,0.630504,0.984713,0.731270,0.666667,0.785534,0.329900,0.834646
6953,0.227068,0.655870,0.787937,0.502661,0.161566,0.630504,0.983345,0.731818,0.666667,0.784693,0.304009,0.834646
6954,0.180451,0.806680,0.787986,0.501434,0.136521,0.635008,0.983938,0.734283,0.666667,0.787216,0.307350,0.834646
6955,0.182707,0.778340,0.787962,0.506219,0.157802,0.640512,0.983727,0.730722,0.666667,0.783852,0.318486,0.834646
6956,0.195489,0.837045,0.787962,0.503474,0.247279,0.635709,0.984302,0.732639,0.666667,0.788057,0.317929,0.834646
6957,0.193985,0.837045,0.788433,0.501695,0.246818,0.639712,0.983967,0.734557,0.666667,0.789739,0.331849,0.834646
6958,0.185714,0.738866,0.788309,0.504930,0.297139,0.631505,0.984397,0.732571,0.666667,0.785534,0.325724,0.834646
6959,0.178947,0.715587,0.788359,0.509792,0.280494,0.640512,0.986197,0.729489,0.666667,0.783011,0.304009,0.834646
6960,0.188722,0.750000,0.788582,0.508258,0.301186,0.638311,0.985087,0.733324,0.666667,0.783011,0.304009,0.834646
6961,0.168421,0.726721,0.788260,0.502231,0.283336,0.637810,0.984780,0.734694,0.666667,0.785534,0.325445,0.834646
6962,0.162406,0.863360,0.788483,0.508212,0.227970,0.640512,0.984972,0.733393,0.666667,0.786375,0.317929,0.834646
6963,0.196992,0.737854,0.788359,0.512890,0.240211,0.640512,0.984397,0.738803,0.666667,0.790580,0.331849,0.834646
6964,0.157895,0.727733,0.788260,0.487049,0.263669,0.640512,0.984350,0.754486,0.666667,0.799832,0.331849,0.834646
6965,0.148872,0.808704,0.787664,0.476927,0.290993,0.640512,0.984780,0.740241,0.666667,0.789739,0.331849,0.834646
6966,0.162406,0.707490,0.787912,0.490438,0.281851,0.640512,0.984235,0.730105,0.666667,0.788057,0.331849,0.834646
6967,0.169173,0.832996,0.787862,0.501235,0.254680,0.635508,0.984330,0.726955,0.666667,0.783852,0.331849,0.834646
6968,0.193233,0.766194,0.788160,0.508519,0.263822,0.630705,0.983134,0.726202,0.666667,0.782170,0.331849,0.834646
6969,0.172932,0.835020,0.788061,0.514316,0.278547,0.630504,0.985048,0.727339,0.666667,0.782170,0.317094,0.834646
6970,0.193985,0.652834,0.788384,0.508381,0.262388,0.630504,0.986053,0.733256,0.666667,0.784693,0.304009,0.834646
6971,0.163910,0.736842,0.788409,0.504210,0.288202,0.630504,0.983469,0.734968,0.666667,0.787216,0.304009,0.834646
6972,0.179699,0.715587,0.788856,0.507722,0.267228,0.630504,0.982368,0.734625,0.466667,0.782170,0.304009,0.834646
6973,0.179699,0.726721,0.788831,0.513334,0.267945,0.630504,0.984397,0.765580,0.666667,0.803196,0.304009,0.834646
6974,0.170677,0.709514,0.788558,0.455166,0.276243,0.630504,0.985067,0.766333,0.666667,0.810765,0.304009,0.834646
6975,0.177444,0.806680,0.788284,0.469658,0.279930,0.630504,0.985067,0.737022,0.666667,0.792262,0.325445,0.834646
6976,0.136090,0.829960,0.788061,0.503274,0.296346,0.630504,0.984972,0.721477,0.666667,0.782170,0.331849,0.834646
6977,0.187970,0.573887,0.788160,0.518349,0.284463,0.630504,0.985067,0.722298,0.666667,0.787216,0.331849,0.834646
6978,0.203008,0.520243,0.788558,0.506679,0.292581,0.630504,0.984512,0.732434,0.666667,0.785534,0.331849,0.834646
6979,0.163910,0.688259,0.788955,0.501419,0.272068,0.630504,0.984187,0.737105,0.666667,0.787216,0.307071,0.834646
6980,0.221053,0.580972,0.788607,0.499425,0.244667,0.630504,0.983412,0.736611,0.666667,0.787216,0.304009,0.834646
6981,0.201504,0.636640,0.788955,0.498643,0.314963,0.630504,0.984752,0.732160,0.666667,0.788057,0.317372,0.834646
6982,0.224060,0.489879,0.789029,0.502584,0.296064,0.635508,0.984445,0.733256,0.666667,0.787216,0.317929,0.834646
6983,0.168421,0.593117,0.788582,0.504118,0.286128,0.630504,0.983995,0.734283,0.666667,0.785534,0.318486,0.834646
6984,0.142105,0.706478,0.788433,0.502262,0.297959,0.630504,0.984283,0.737077,0.666667,0.789739,0.331849,0.834646
6985,0.186466,0.600202,0.788657,0.495070,0.296013,0.630504,0.985067,0.738871,0.666667,0.790580,0.331849,0.834646
6986,0.199248,0.785425,0.788657,0.499256,0.260314,0.635208,0.984445,0.733598,0.666667,0.788898,0.315702,0.834646
6987,0.190977,0.787449,0.788707,0.499256,0.282747,0.630504,0.984972,0.734351,0.666667,0.790580,0.304009,0.834646
6988,0.211278,0.676113,0.789377,0.504854,0.278061,0.633707,0.984876,0.731612,0.666667,0.787216,0.304009,0.834646
6989,0.188722,0.773279,0.789104,0.503673,0.248508,0.632306,0.984407,0.734790,0.666667,0.788057,0.304009,0.834646
6990,0.209774,0.595142,0.789178,0.502737,0.280443,0.634408,0.985527,0.737187,0.666667,0.789739,0.317929,0.834646
6991,0.243609,0.626518,0.788558,0.502093,0.267766,0.636009,0.985259,0.736337,0.666667,0.790580,0.304009,0.834646
6992,0.210526,0.665992,0.788533,0.501281,0.275167,0.635308,0.983507,0.732297,0.666667,0.785534,0.304009,0.834646
6993,0.175940,0.730769,0.788483,0.505421,0.269277,0.636109,0.984914,0.732009,0.666667,0.788898,0.304009,0.834646
6994,0.193233,0.784413,0.788632,0.505038,0.259520,0.630504,0.984732,0.729832,0.666667,0.786375,0.304009,0.834646
6995,0.219549,0.647773,0.788632,0.504869,0.279469,0.635408,0.984962,0.734776,0.666667,0.788057,0.325167,0.834646
6996,0.190226,0.762146,0.788433,0.498857,0.260749,0.630504,0.984895,0.736118,0.666667,0.789739,0.331849,0.834646
6997,0.203759,0.610324,0.788458,0.510896,0.263669,0.637310,0.984627,0.729188,0.666667,0.787216,0.322661,0.834646
6998,0.207519,0.781377,0.789054,0.505145,0.291813,0.638311,0.984015,0.734625,0.666667,0.789739,0.304009,0.834646
6999,0.199248,0.801619,0.788905,0.506142,0.258137,0.630504,0.985067,0.734625,0.666667,0.787216,0.304009,0.834646
7000,0.196241,0.714575,0.788781,0.500161,0.232733,0.633307,0.985326,0.738871,0.666667,0.792262,0.304009,0.834646
7001,0.200000,0.806680,0.788334,0.495606,0.232810,0.640512,0.985134,0.737433,0.666667,0.790580,0.304009,0.834646
7002,0.191729,0.670040,0.787986,0.504072,0.248047,0.640512,0.984637,0.727914,0.666667,0.783011,0.304009,0.834646
7003,0.198496,0.699393,0.787862,0.505467,0.267869,0.640512,0.984464,0.728941,0.666667,0.782170,0.304009,0.834646
7004,0.151128,0.858300,0.787837,0.505820,0.243002,0.640512,0.984302,0.734009,0.666667,0.787216,0.304009,0.834646
7005,0.175940,0.572874,0.788210,0.500744,0.268867,0.640512,0.983871,0.734351,0.666667,0.788057,0.304566,0.834646
7006,0.185714,0.618421,0.788011,0.501587,0.282389,0.640512,0.983230,0.732776,0.666667,0.787216,0.331013,0.834646
7007,0.189474,0.754049,0.788111,0.501971,0.283797,0.640512,0.984780,0.730242,0.666667,0.784693,0.317372,0.834646
7008,0.203008,0.626518,0.787912,0.508182,0.280775,0.640512,0.984866,0.729393,0.666667,0.786375,0.304009,0.834646
7009,0.207519,0.673077,0.787738,0.504532,0.277318,0.640512,0.984780,0.732365,0.666667,0.782170,0.304009,0.834646
7010,0.214286,0.591093,0.787763,0.500207,0.261210,0.640512,0.983794,0.732913,0.666667,0.783011,0.304009,0.829921
7011,0.198496,0.889676,0.787688,0.498244,0.293631,0.640512,0.984656,0.733119,0.666667,0.786375,0.308185,0.831654
7012,0.207519,0.746964,0.787862,0.503888,0.259802,0.640512,0.984752,0.726270,0.666667,0.779647,0.317929,0.834646
7013,0.170677,0.753036,0.788111,0.506571,0.296474,0.640512,0.984847,0.728736,0.666667,0.778806,0.331849,0.834646
7014,0.182707,0.805668,0.788210,0.507568,0.271070,0.640512,0.984397,0.730105,0.666667,0.782170,0.325445,0.834646
7015,0.202256,0.869433,0.788309,0.507108,0.282261,0.640512,0.984493,0.729078,0.666667,0.783852,0.324889,0.834646
7016,0.194737,0.735830,0.788533,0.505130,0.315834,0.640512,0.984464,0.733502,0.666667,0.783852,0.310690,0.830709
7017,0.193985,0.681174,0.788160,0.510528,0.294758,0.640512,0.984110,0.729421,0.666667,0.784693,0.304009,0.830945
7018,0.190226,0.787449,0.788458,0.501894,0.281697,0.640512,0.984350,0.734625,0.666667,0.784693,0.304009,0.830866
7019,0.205263,0.652834,0.788135,0.498566,0.323696,0.640512,0.984866,0.736091,0.666667,0.785534,0.304009,0.828661
7020,0.218045,0.697368,0.788111,0.505851,0.330585,0.640512,0.984866,0.727394,0.666667,0.782170,0.304009,0.833071
7021,0.187970,0.688259,0.788359,0.506571,0.322083,0.640512,0.984120,0.728229,0.666667,0.783852,0.304009,0.834646
7022,0.213534,0.710526,0.788036,0.509746,0.351866,0.640512,0.983986,0.729489,0.666667,0.784693,0.304009,0.834646
7023,0.218797,0.628543,0.787962,0.508488,0.317934,0.640512,0.984302,0.730722,0.666667,0.781329,0.304009,0.830709
7024,0.196241,0.784413,0.787986,0.506065,0.298189,0.640512,0.984206,0.733667,0.666667,0.783852,0.304009,0.834646
7025,0.189474,0.712551,0.787614,0.502691,0.316346,0.640512,0.984618,0.732434,0.666667,0.787216,0.304009,0.827402
7026,0.181203,0.610324,0.787788,0.500943,0.282184,0.640512,0.983632,0.729215,0.666667,0.784693,0.304009,0.826772
7027,0.192481,0.723684,0.787390,0.500744,0.278343,0.640512,0.984589,0.729763,0.666667,0.783852,0.304009,0.830472
7028,0.195489,0.736842,0.787316,0.501787,0.275910,0.640512,0.985067,0.727366,0.666667,0.780488,0.304009,0.827008
7029,0.191729,0.728745,0.787117,0.507200,0.321647,0.640512,0.985067,0.725791,0.733333,0.783011,0.304009,0.826772
7030,0.195489,0.671053,0.787539,0.504486,0.294502,0.640512,0.985154,0.729393,0.900000,0.779647,0.304009,0.827480
7031,0.191729,0.781377,0.787366,0.496956,0.292940,0.640512,0.984637,0.730927,0.666667,0.784693,0.304009,0.830157
7032,0.187970,0.715587,0.787465,0.502691,0.295091,0.640512,0.985067,0.728462,0.666667,0.780488,0.304009,0.831496
7033,0.203008,0.744939,0.787564,0.508519,0.294912,0.640512,0.984809,0.725586,0.666667,0.779647,0.304009,0.829764
7034,0.198496,0.670040,0.787763,0.507998,0.272401,0.640512,0.982818,0.729051,0.666667,0.780488,0.304009,0.826772
7035,0.154135,0.818826,0.788210,0.508182,0.277344,0.640512,0.983928,0.728571,0.666667,0.781329,0.309577,0.826772
7036,0.189474,0.746964,0.788334,0.503013,0.309483,0.640512,0.983708,0.733256,0.666667,0.782170,0.331849,0.826772
7037,0.193233,0.678138,0.788384,0.506142,0.294143,0.640512,0.984378,0.727777,0.666667,0.778806,0.324332,0.826772
7038,0.187970,0.744939,0.788260,0.503520,0.267331,0.640512,0.984570,0.727572,0.666667,0.780488,0.320156,0.826772
7039,0.157143,0.782389,0.788433,0.502170,0.269379,0.640512,0.984445,0.728530,0.666667,0.777124,0.325724,0.826772
7040,0.203759,0.670040,0.788433,0.502323,0.295961,0.640512,0.984273,0.729147,0.666667,0.783011,0.309020,0.826772
7041,0.187970,0.775304,0.788806,0.503934,0.278829,0.640512,0.984493,0.730174,0.666667,0.781329,0.304009,0.826772
7042,0.194737,0.709514,0.788756,0.503320,0.283157,0.640512,0.984139,0.732571,0.666667,0.782170,0.315145,0.826772
7043,0.218045,0.716599,0.788582,0.506004,0.295859,0.640512,0.984790,0.731037,0.666667,0.778806,0.324332,0.826772
7044,0.212030,0.720648,0.789054,0.505160,0.288637,0.640512,0.984962,0.730818,0.666667,0.783852,0.317929,0.826772
7045,0.185714,0.719636,0.788980,0.510283,0.269533,0.640512,0.984665,0.731064,0.666667,0.781329,0.304009,0.826772
7046,0.191729,0.674089,0.788657,0.505406,0.244949,0.640512,0.985029,0.734639,0.666667,0.782170,0.304009,0.829291
7047,0.200000,0.683198,0.788558,0.499103,0.289406,0.640512,0.984589,0.739967,0.666667,0.784693,0.304009,0.830945
7048,0.213534,0.767206,0.788235,0.498244,0.288484,0.640512,0.984493,0.735310,0.666667,0.782170,0.304009,0.826772
7049,0.177444,0.867409,0.788433,0.497907,0.309841,0.640512,0.984397,0.732502,0.666667,0.782170,0.304009,0.834646
7050,0.190977,0.696356,0.788483,0.506694,0.304438,0.640512,0.985067,0.730174,0.666667,0.780488,0.304009,0.834646
7051,0.212782,0.772267,0.788682,0.509209,0.280340,0.640512,0.984857,0.730379,0.666667,0.782170,0.304009,0.834646
7052,0.206767,0.860324,0.788682,0.510589,0.296371,0.640512,0.984704,0.731201,0.666667,0.780488,0.304009,0.834646
7053,0.197744,0.779352,0.788806,0.508381,0.333863,0.640512,0.984062,0.733667,0.600000,0.781329,0.304009,0.834646
7054,0.216541,0.708502,0.788856,0.503688,0.313836,0.640512,0.985259,0.732927,0.433333,0.781329,0.304009,0.834646
7055,0.200000,0.702429,0.788731,0.506449,0.312505,0.640512,0.985230,0.729695,0.666667,0.780488,0.304009,0.833622
7056,0.194737,0.752024,0.788533,0.505682,0.298164,0.635709,0.984847,0.732365,0.666667,0.781329,0.304009,0.830472
7057,0.212782,0.700405,0.788781,0.506418,0.299111,0.640012,0.984761,0.732639,0.666667,0.781329,0.304009,0.830709
7058,0.218797,0.827935,0.788880,0.502247,0.299931,0.635208,0.984493,0.733804,0.666667,0.784693,0.304009,0.830709
7059,0.230827,0.686235,0.789203,0.497753,0.309739,0.636709,0.984493,0.732228,0.666667,0.782170,0.304009,0.830709
7060,0.209774,0.718623,0.789203,0.508442,0.331711,0.634207,0.984972,0.725859,0.666667,0.778806,0.304009,0.832677
7061,0.177444,0.731781,0.789650,0.504302,0.362852,0.630504,0.984426,0.735584,0.666667,0.781329,0.304009,0.832441
7062,0.187218,0.521255,0.789153,0.508749,0.348101,0.632806,0.984685,0.730242,0.666667,0.781329,0.304009,0.830472
7063,0.209023,0.652834,0.789402,0.514423,0.328331,0.633006,0.984972,0.727914,0.666667,0.777965,0.314310,0.830551
7064,0.216541,0.660931,0.789799,0.510896,0.309867,0.638511,0.984589,0.731612,0.666667,0.777965,0.321269,0.830709
7065,0.191729,0.626518,0.789352,0.503612,0.332249,0.632206,0.985067,0.738460,0.666667,0.783852,0.304009,0.826772
7066,0.197744,0.635628,0.789153,0.502323,0.335169,0.630504,0.984541,0.732982,0.666667,0.779647,0.304009,0.826772
7067,0.212782,0.613360,0.789228,0.505866,0.312582,0.630504,0.984799,0.729215,0.666667,0.780488,0.304009,0.830709
7068,0.210526,0.634615,0.789327,0.503857,0.345617,0.635308,0.985163,0.732365,0.666667,0.779647,0.304009,0.826772
7069,0.196241,0.791498,0.789253,0.508182,0.374453,0.635308,0.983727,0.730174,0.666667,0.777965,0.304009,0.830709
7070,0.140602,0.728745,0.789302,0.511095,0.383493,0.630504,0.984972,0.726065,0.666667,0.777124,0.304009,0.830709
7071,0.189474,0.638664,0.789874,0.514209,0.354631,0.631305,0.984043,0.725106,0.666667,0.777965,0.304009,0.826772
7072,0.177444,0.546559,0.789923,0.512062,0.315936,0.639311,0.984397,0.727982,0.666667,0.779647,0.319321,0.826772
7073,0.207519,0.616397,0.790047,0.503274,0.348050,0.630504,0.983871,0.729558,0.666667,0.779647,0.315702,0.826772
7074,0.203759,0.602227,0.790172,0.498857,0.365925,0.630905,0.983995,0.731927,0.666667,0.780488,0.304009,0.826772
7075,0.218797,0.887652,0.790246,0.494533,0.331737,0.633207,0.984015,0.733941,0.666667,0.782170,0.304009,0.826772
7076,0.190977,0.622470,0.790023,0.499042,0.314400,0.630504,0.984254,0.728462,0.666667,0.777124,0.304009,0.826772
7077,0.188722,0.712551,0.790147,0.508074,0.312018,0.630504,0.982741,0.724764,0.666667,0.775442,0.304009,0.830551
7078,0.190226,0.691296,0.790321,0.510605,0.313888,0.630504,0.984464,0.726887,0.666667,0.778806,0.304009,0.826772
7079,0.218045,0.648785,0.790743,0.511510,0.335015,0.630504,0.984972,0.728051,0.666667,0.777965,0.304009,0.826772
7080,0.196241,0.733806,0.790445,0.510574,0.342237,0.630504,0.984972,0.731612,0.666667,0.783011,0.304009,0.826772
7081,0.160902,0.685223,0.790569,0.507568,0.342339,0.630504,0.984589,0.729968,0.666667,0.780488,0.304009,0.826772
7082,0.177444,0.810729,0.790370,0.507415,0.367436,0.630504,0.984656,0.730722,0.666667,0.781329,0.304009,0.826772
7083,0.183459,0.684211,0.790519,0.509378,0.348383,0.631205,0.983440,0.731749,0.666667,0.779647,0.304009,0.826772
7084,0.186466,0.713563,0.790718,0.507077,0.352199,0.634508,0.984905,0.733050,0.666667,0.783852,0.304009,0.826772
7085,0.200752,0.631579,0.790519,0.505958,0.364516,0.630504,0.985048,0.732571,0.666667,0.781329,0.304009,0.830551
7086,0.184962,0.711538,0.790271,0.508366,0.343722,0.630504,0.984254,0.730311,0.666667,0.781329,0.304009,0.830472
7087,0.208271,0.676113,0.789998,0.507415,0.295014,0.630504,0.982789,0.731681,0.666667,0.780488,0.304009,0.826772
7088,0.212030,0.637652,0.790321,0.509132,0.275474,0.630504,0.984177,0.728256,0.666667,0.783011,0.304009,0.826772
7089,0.198496,0.672065,0.790470,0.502814,0.336039,0.630504,0.985259,0.732160,0.666667,0.783011,0.304009,0.826772
7090,0.172932,0.777328,0.790842,0.503704,0.323286,0.630504,0.985565,0.733941,0.666667,0.781329,0.304009,0.826772
7091,0.214286,0.616397,0.790768,0.506847,0.309816,0.639712,0.984685,0.731818,0.666667,0.782170,0.318486,0.826772
7092,0.211278,0.673077,0.790768,0.510053,0.323132,0.635709,0.984972,0.729489,0.666667,0.780488,0.331849,0.826772
7093,0.178195,0.687247,0.790792,0.510482,0.330457,0.630705,0.984905,0.732228,0.666667,0.780488,0.331849,0.826772
7094,0.182707,0.623482,0.790892,0.510145,0.351097,0.631205,0.983373,0.732982,0.666667,0.781329,0.315145,0.830709
7095,0.209023,0.665992,0.791140,0.508979,0.360060,0.635709,0.984369,0.735584,0.666667,0.784693,0.307350,0.831339
7096,0.227820,0.717611,0.790892,0.509899,0.333427,0.635709,0.983727,0.735790,0.666667,0.783011,0.331849,0.833701
7097,0.161654,0.754049,0.790892,0.506111,0.281441,0.633807,0.984560,0.737913,0.666667,0.786375,0.327116,0.830709
7098,0.201504,0.688259,0.790817,0.501771,0.291147,0.630504,0.985355,0.739830,0.666667,0.783852,0.304009,0.832047
7099,0.170677,0.582996,0.790643,0.509071,0.312351,0.630504,0.984685,0.730653,0.666667,0.780488,0.304009,0.834646
7100,0.169173,0.726721,0.790718,0.515466,0.303055,0.630504,0.984685,0.730790,0.666667,0.782170,0.304009,0.834646
7101,0.215789,0.697368,0.791364,0.559955,0.278701,0.635308,0.985163,0.747843,0.666667,0.789739,0.304009,0.834646
7102,0.193985,0.710526,0.791239,0.475547,0.312300,0.630504,0.984225,0.790097,0.666667,0.818335,0.304009,0.834646
7103,0.218045,0.661943,0.790221,0.438757,0.311045,0.630504,0.984953,0.768662,0.666667,0.813288,0.304009,0.834646
7104,0.200752,0.649798,0.789427,0.473753,0.296320,0.630504,0.983967,0.728530,0.666667,0.789739,0.304009,0.834646
7105,0.184962,0.791498,0.789824,0.561121,0.312582,0.630504,0.984455,0.740419,0.666667,0.785534,0.316815,0.834646
7106,0.180451,0.584008,0.789874,0.508826,0.320905,0.630805,0.984531,0.792645,0.666667,0.818335,0.331849,0.834646
7107,0.218045,0.737854,0.788955,0.431165,0.308382,0.639812,0.984273,0.817559,0.666667,0.840202,0.314310,0.839528
7108,0.228571,0.733806,0.787813,0.400908,0.307818,0.635308,0.985096,0.782016,0.666667,0.821699,0.309577,0.842520
7109,0.183459,0.828947,0.786695,0.491496,0.278573,0.630504,0.984330,0.748528,0.666667,0.796468,0.331849,0.842520
7110,0.148872,0.680162,0.786447,0.480623,0.259904,0.630504,0.984924,0.746473,0.666667,0.796468,0.331849,0.842520
7111,0.187218,0.673077,0.785851,0.486558,0.230480,0.636309,0.983689,0.736201,0.666667,0.785534,0.309020,0.842520
7112,0.168421,0.905870,0.785503,0.498167,0.242669,0.630504,0.984876,0.730105,0.666667,0.779647,0.304009,0.842520
7113,0.199248,0.681174,0.785652,0.503581,0.280494,0.635208,0.985087,0.726202,0.666667,0.779647,0.304009,0.842520
7114,0.193233,0.883603,0.785925,0.503765,0.284053,0.633807,0.984464,0.729489,0.666667,0.780488,0.304009,0.838976
7115,0.182707,0.515182,0.786074,0.506111,0.317294,0.632006,0.986053,0.728051,0.666667,0.779647,0.304009,0.834646
7116,0.145113,0.811741,0.786323,0.504455,0.304617,0.635308,0.985115,0.730242,0.666667,0.781329,0.304009,0.834646
7117,0.177444,0.827935,0.786099,0.499318,0.303542,0.630504,0.984713,0.735447,0.666667,0.783011,0.304009,0.834646
7118,0.192481,0.736842,0.785727,0.501741,0.302415,0.630504,0.984570,0.739556,0.666667,0.787216,0.304009,0.834646
7119,0.160902,0.628543,0.785329,0.493444,0.308074,0.635108,0.984484,0.735324,0.666667,0.786375,0.304009,0.834646
7120,0.176692,0.576923,0.785280,0.495346,0.284822,0.630504,0.984637,0.729832,0.666667,0.785534,0.304009,0.834646
7121,0.177444,0.622470,0.785603,0.493153,0.267561,0.630504,0.984685,0.730174,0.666667,0.782170,0.304009,0.834646
7122,0.176692,0.580972,0.785826,0.496833,0.310712,0.630504,0.984417,0.726407,0.666667,0.781329,0.304009,0.834646
7123,0.193985,0.820850,0.785677,0.501342,0.326948,0.630504,0.984780,0.730599,0.666667,0.739277,0.304009,0.834646
7124,0.183459,0.658907,0.786050,0.502231,0.292684,0.630504,0.984493,0.725654,0.666667,0.726661,0.304009,0.832520
7125,0.177444,0.636640,0.786174,0.501357,0.289047,0.630504,0.984780,0.731886,0.666667,0.728343,0.326281,0.826772
7126,0.147368,0.806680,0.786174,0.497339,0.300622,0.630504,0.984589,0.732091,0.666667,0.731707,0.342428,0.826772
7127,0.232331,0.611336,0.786149,0.499686,0.330405,0.630504,0.983249,0.730790,0.666667,0.728343,0.359688,0.826772
7128,0.242857,0.603239,0.785975,0.502277,0.352711,0.630504,0.984589,0.730585,0.666667,0.727502,0.345768,0.826772
7129,0.157895,0.565789,0.786546,0.503780,0.374120,0.630504,0.984780,0.732023,0.666667,0.730866,0.331849,0.826929
7130,0.163158,0.813765,0.786422,0.497217,0.371764,0.630504,0.984685,0.735653,0.666667,0.731707,0.347996,0.834252
7131,0.148872,0.506073,0.786273,0.495760,0.346565,0.630504,0.985259,0.734639,0.666667,0.730866,0.359688,0.830709
7132,0.175940,0.840081,0.786273,0.496419,0.364465,0.630504,0.984484,0.730736,0.666667,0.730866,0.331849,0.834646
7133,0.214286,0.535425,0.786124,0.508228,0.365387,0.630504,0.984876,0.724010,0.666667,0.727502,0.345768,0.834646
7134,0.139098,0.515182,0.786819,0.515819,0.386540,0.630504,0.984206,0.722435,0.666667,0.726661,0.331849,0.834646
7135,0.160150,0.642713,0.787515,0.513043,0.382417,0.630504,0.984972,0.729900,0.666667,0.730025,0.331849,0.833228
7136,0.181955,0.869433,0.787688,0.503612,0.375118,0.630504,0.984780,0.734899,0.666667,0.732548,0.331849,0.828346
7137,0.172180,0.637652,0.787589,0.499946,0.390151,0.630504,0.984589,0.733050,0.666667,0.730866,0.331849,0.830866
7138,0.114286,0.792510,0.787564,0.504194,0.381034,0.630504,0.984972,0.727777,0.666667,0.727502,0.310412,0.832677
7139,0.194737,0.693320,0.787564,0.510942,0.385439,0.630504,0.984685,0.725380,0.666667,0.723297,0.325724,0.830709
7140,0.181955,0.651822,0.787813,0.507691,0.386079,0.630504,0.985594,0.734694,0.666667,0.727502,0.309020,0.826772
7141,0.190977,0.742915,0.789054,0.507844,0.363262,0.630504,0.986073,0.743117,0.666667,0.740959,0.304009,0.826772
7142,0.189474,0.689271,0.789427,0.504992,0.384952,0.625701,0.989949,0.756129,0.666667,0.747687,0.304009,0.833228
7143,0.194737,0.671053,0.790172,0.509685,0.365131,0.630204,0.990859,0.764347,0.666667,0.744323,0.304009,0.830945
7144,0.140602,0.632591,0.791239,0.505498,0.376424,0.621197,0.994065,0.776400,0.666667,0.749369,0.304009,0.834646
7145,0.179699,0.538462,0.791761,0.506111,0.372225,0.624500,0.995616,0.783523,0.666667,0.759462,0.304009,0.834646
7146,0.179699,0.702429,0.792183,0.506602,0.408154,0.620496,0.998229,0.787084,0.866667,0.761985,0.304009,0.838583
7147,0.174436,0.810729,0.792158,0.506418,0.385669,0.620496,0.998114,0.785440,0.666667,0.762826,0.304009,0.842520
7148,0.166917,0.594130,0.792108,0.504240,0.388794,0.620496,0.996439,0.783660,0.666667,0.761985,0.304009,0.842520
7149,0.105263,0.767206,0.792133,0.511525,0.401880,0.620496,0.998306,0.778250,0.666667,0.761985,0.320156,0.846850
7150,0.136842,0.600202,0.792655,0.510053,0.387257,0.620496,0.995530,0.773935,0.666667,0.758621,0.331849,0.850394
7151,0.131579,0.500000,0.793002,0.521324,0.390970,0.620496,0.998976,0.768662,0.666667,0.753574,0.318486,0.850394
7152,0.156391,0.839069,0.793822,0.524944,0.380932,0.611489,0.997511,0.772428,0.666667,0.756098,0.317929,0.850394
7153,0.139850,0.737854,0.794021,0.514163,0.390381,0.610488,0.996506,0.777702,0.666667,0.756098,0.312361,0.850394
7154,0.170677,0.727733,0.794318,0.509899,0.392942,0.610488,0.996985,0.778729,0.666667,0.762826,0.304009,0.850394
7155,0.162406,0.489879,0.794170,0.505191,0.368050,0.610488,0.995922,0.783523,0.666667,0.758621,0.304009,0.850394
7156,0.154887,0.610324,0.794269,0.508335,0.371917,0.610488,0.998153,0.780167,0.666667,0.762826,0.304009,0.850394
7157,0.147368,0.765182,0.793474,0.513810,0.368281,0.604183,0.997291,0.780578,0.666667,0.760303,0.304009,0.850394
7158,0.161654,0.509109,0.793598,0.512506,0.376629,0.600480,0.997578,0.784139,0.666667,0.759462,0.304009,0.850394
7159,0.174436,0.885628,0.793524,0.510605,0.407334,0.600480,0.996554,0.786605,0.666667,0.761144,0.304009,0.850394
7160,0.129323,0.590081,0.793151,0.509746,0.410049,0.600480,0.998976,0.785098,0.666667,0.760303,0.304009,0.854173
7161,0.150376,0.691296,0.792878,0.509945,0.396451,0.597278,0.995951,0.784961,0.666667,0.761985,0.304009,0.857323
7162,0.156391,0.705466,0.793077,0.509301,0.384312,0.598979,0.997387,0.783797,0.666667,0.759462,0.304009,0.858268
7163,0.156391,0.688259,0.793077,0.512598,0.392328,0.596477,0.997033,0.784071,0.666667,0.762826,0.304009,0.858268
7164,0.154135,0.704453,0.793151,0.507952,0.384210,0.599780,0.997703,0.785509,0.666667,0.764508,0.304009,0.858268
7165,0.138346,0.552632,0.793375,0.502998,0.367436,0.600480,0.997033,0.787221,0.666667,0.765349,0.304009,0.858268
7166,0.181203,0.631579,0.792804,0.500054,0.380471,0.595677,0.998229,0.787152,0.666667,0.764508,0.304009,0.858268
7167,0.146617,0.856275,0.792580,0.503167,0.362340,0.595677,0.997100,0.782016,0.666667,0.762826,0.304009,0.858268
7168,0.121053,0.648785,0.792382,0.510835,0.383621,0.606285,0.997416,0.775921,0.666667,0.757780,0.304009,0.858268
7169,0.139098,0.852227,0.792829,0.513319,0.387795,0.590472,0.997128,0.776948,0.666667,0.756098,0.304009,0.858268
7170,0.176692,0.520243,0.792878,0.513580,0.380317,0.590472,0.997013,0.780373,0.666667,0.761985,0.304009,0.858268
7171,0.132331,0.655870,0.792903,0.501127,0.403186,0.590472,0.997195,0.783591,0.666667,0.761144,0.304009,0.858268
7172,0.136090,0.703441,0.792704,0.503198,0.408410,0.590472,0.997224,0.780510,0.666667,0.762826,0.304009,0.858268
7173,0.175188,0.633603,0.793127,0.507936,0.372301,0.590472,0.998497,0.777606,0.666667,0.755257,0.304009,0.858268
7174,0.136842,0.611336,0.792953,0.511019,0.354426,0.590472,0.997779,0.774141,0.666667,0.755257,0.304009,0.858268
7175,0.169173,0.634615,0.793325,0.509378,0.380880,0.590472,0.998181,0.777359,0.666667,0.757780,0.304009,0.858268
7176,0.169925,0.577935,0.793549,0.517874,0.378832,0.590472,0.996487,0.780441,0.666667,0.760303,0.304009,0.858268
7177,0.161654,0.678138,0.793449,0.501327,0.388589,0.590472,0.996296,0.786810,0.666667,0.763667,0.304009,0.858268
7178,0.179699,0.746964,0.793176,0.500483,0.361751,0.590472,0.996745,0.781811,0.666667,0.760303,0.304009,0.858268
7179,0.115789,0.618421,0.793276,0.504532,0.391303,0.590472,0.998086,0.777976,0.666667,0.759462,0.304009,0.858268
7180,0.160902,0.481781,0.793499,0.511709,0.387308,0.590472,0.996363,0.777839,0.666667,0.756939,0.304009,0.858268
7181,0.119549,0.726721,0.793499,0.510635,0.384107,0.590472,0.997770,0.778660,0.666667,0.757780,0.304009,0.858268
7182,0.166165,0.652834,0.793822,0.507752,0.396963,0.590472,0.997301,0.779482,0.666667,0.757780,0.304009,0.858268
7183,0.121053,0.721660,0.793524,0.508258,0.404594,0.590472,0.996745,0.778044,0.366667,0.758621,0.304009,0.858268
7184,0.093233,0.915992,0.793673,0.505682,0.424031,0.590472,0.996621,0.781742,0.666667,0.756939,0.304009,0.854331
7185,0.155639,0.601215,0.793574,0.508304,0.425722,0.590472,0.996621,0.777222,0.666667,0.756098,0.304009,0.854567
7186,0.139850,0.705466,0.793350,0.507722,0.403519,0.590472,0.996401,0.778852,0.666667,0.760303,0.304009,0.858268
7187,0.169925,0.804656,0.793375,0.512399,0.396937,0.590472,0.998162,0.774894,0.666667,0.759462,0.304009,0.858268
7188,0.153383,0.595142,0.793474,0.508442,0.401803,0.590472,0.997511,0.778387,0.666667,0.758621,0.304009,0.858268
7189,0.187970,0.643725,0.793673,0.505375,0.404620,0.595276,0.997195,0.780441,0.666667,0.757780,0.304009,0.858268
7190,0.172932,0.680162,0.793574,0.505145,0.420677,0.590472,0.997540,0.778797,0.666667,0.756098,0.304009,0.858268
7191,0.167669,0.709514,0.793276,0.504777,0.370944,0.590472,0.997052,0.779414,0.666667,0.759462,0.304009,0.858268
7192,0.118045,0.584008,0.793325,0.507261,0.380035,0.590472,0.999024,0.777565,0.666667,0.756939,0.304009,0.858268
7193,0.166165,0.646761,0.793499,0.510712,0.420036,0.590472,0.996745,0.778523,0.666667,0.755257,0.304009,0.858268
7194,0.166165,0.589069,0.793524,0.510283,0.432457,0.590472,0.997339,0.779688,0.666667,0.756939,0.304009,0.858268
7195,0.167669,0.588057,0.793524,0.512123,0.421061,0.590472,0.997607,0.780236,0.666667,0.764508,0.304009,0.858268
7196,0.146617,0.606275,0.793623,0.509899,0.399242,0.590472,0.997157,0.783591,0.666667,0.761985,0.304009,0.858268
7197,0.147368,0.867409,0.793425,0.502461,0.399933,0.590472,0.996717,0.783317,0.666667,0.759462,0.304009,0.858268
7198,0.129323,0.802632,0.792953,0.504455,0.409281,0.590472,0.996841,0.777565,0.666667,0.758621,0.304009,0.858268
7199,0.151880,0.724696,0.793077,0.506755,0.440831,0.590472,0.998516,0.776127,0.666667,0.759462,0.304009,0.858268
7200,0.163910,0.683198,0.793251,0.514822,0.455325,0.590472,0.996956,0.774894,0.666667,0.757780,0.304009,0.858268
7201,0.178195,0.706478,0.793474,0.515267,0.457169,0.590472,0.998468,0.778592,0.666667,0.756098,0.304009,0.858268
7202,0.180451,0.651822,0.793574,0.511970,0.438167,0.590472,0.996908,0.782633,0.666667,0.759462,0.304009,0.858268
7203,0.142857,0.746964,0.793574,0.507231,0.436785,0.590472,0.997530,0.782153,0.666667,0.760303,0.304009,0.858268
7204,0.134586,0.816802,0.792928,0.508902,0.436964,0.585669,0.997894,0.779277,0.666667,0.757780,0.304009,0.858268
7205,0.153383,0.670040,0.792953,0.507952,0.417706,0.588771,0.997253,0.778455,0.666667,0.757780,0.303452,0.858268
7206,0.156391,0.745951,0.792928,0.511985,0.413557,0.580464,0.998689,0.777496,0.666667,0.758621,0.290089,0.858268
7207,0.157895,0.646761,0.793077,0.514899,0.442470,0.580464,0.995884,0.776332,0.666667,0.754415,0.291481,0.858268
7208,0.148872,0.742915,0.793201,0.514423,0.410894,0.580464,0.997578,0.777085,0.666667,0.755257,0.304009,0.858268
7209,0.212782,0.525304,0.793127,0.513288,0.422136,0.580464,0.997416,0.779208,0.666667,0.758621,0.290924,0.858268
7210,0.154135,0.681174,0.793176,0.514193,0.428257,0.580464,0.998775,0.778387,0.666667,0.756098,0.290924,0.858268
7211,0.205263,0.716599,0.793077,0.510819,0.386207,0.576261,0.997416,0.779756,0.666667,0.756939,0.290646,0.854331
7212,0.148872,0.608300,0.793375,0.505421,0.405337,0.579964,0.997081,0.782633,0.666667,0.756939,0.290089,0.854173
7213,0.167669,0.864372,0.793499,0.511049,0.436708,0.570456,0.999091,0.777222,0.666667,0.758621,0.304009,0.858268
7214,0.149624,0.690283,0.793499,0.516356,0.405772,0.570456,0.997081,0.773319,0.666667,0.753574,0.304009,0.858268
7215,0.160902,0.675101,0.793723,0.518733,0.450537,0.570456,0.996315,0.777085,0.666667,0.752733,0.304009,0.854331
7216,0.128571,0.701417,0.794045,0.517766,0.401470,0.565753,0.997770,0.777085,0.666667,0.758621,0.304009,0.854567
7217,0.156391,0.868421,0.793847,0.511249,0.391636,0.568455,0.997483,0.781331,0.666667,0.756939,0.304009,0.851969
7218,0.145113,0.673077,0.794120,0.508212,0.377526,0.567654,0.997444,0.783728,0.933333,0.761985,0.304009,0.853701
7219,0.178195,0.622470,0.793822,0.510819,0.374427,0.570456,0.997195,0.780030,0.666667,0.758621,0.277561,0.854567
7220,0.185714,0.633603,0.794219,0.516003,0.392686,0.570456,0.997703,0.776674,0.666667,0.755257,0.276169,0.854724
7221,0.115038,0.627530,0.794418,0.515696,0.394299,0.570456,0.998468,0.777907,0.666667,0.756098,0.290089,0.858031
7222,0.138346,0.626518,0.794368,0.535418,0.410664,0.564652,0.996918,0.787317,0.666667,0.758621,0.304009,0.855276
7223,0.120301,0.859312,0.794219,0.500406,0.386002,0.565252,0.998555,0.796740,0.666667,0.770395,0.304009,0.854724
7224,0.137594,0.865385,0.793549,0.495131,0.394504,0.560749,0.996975,0.786522,0.666667,0.763667,0.304009,0.858268
7225,0.155639,0.702429,0.793300,0.505360,0.360521,0.564752,0.997837,0.777003,0.666667,0.760303,0.304009,0.858268
7226,0.143609,0.919028,0.793524,0.514193,0.373736,0.560448,0.997463,0.775784,0.666667,0.751892,0.304009,0.858268
7227,0.180451,0.615385,0.793946,0.516478,0.380701,0.560448,0.997913,0.777510,0.666667,0.756939,0.304009,0.858268
7228,0.140602,0.557692,0.794095,0.518533,0.370176,0.560448,0.997339,0.775921,0.666667,0.755257,0.304009,0.858268
7229,0.106767,0.588057,0.794393,0.515604,0.363159,0.560448,0.998248,0.784139,0.566667,0.760303,0.304009,0.858268
7230,0.131579,0.743927,0.794070,0.513779,0.354580,0.556645,0.995932,0.784619,0.500000,0.761144,0.304009,0.858268
7231,0.138346,0.902834,0.794120,0.510099,0.361955,0.555244,0.999521,0.788728,0.666667,0.761985,0.304009,0.858268
7232,0.160902,0.721660,0.793574,0.507185,0.389383,0.550440,0.996793,0.787221,0.666667,0.763667,0.304009,0.858268
7233,0.161654,0.805668,0.793002,0.509869,0.386002,0.550440,0.998248,0.784413,0.666667,0.759462,0.304009,0.858268
7234,0.182707,0.687247,0.792680,0.506219,0.372865,0.546137,0.995568,0.783591,0.666667,0.763667,0.304009,0.858268
7235,0.175188,0.662955,0.792357,0.513810,0.404569,0.550140,0.998181,0.780167,0.666667,0.757780,0.304009,0.858268
7236,0.164662,0.709514,0.792481,0.520527,0.433942,0.545136,0.998660,0.778523,0.666667,0.756098,0.304009,0.858268
7237,0.154887,0.709514,0.792431,0.527551,0.383749,0.541433,0.997339,0.777976,0.666667,0.752733,0.304009,0.858268
7238,0.176692,0.616397,0.792729,0.525542,0.378396,0.545637,0.997703,0.784824,0.666667,0.756098,0.304009,0.858268
7239,0.160902,0.665992,0.792605,0.512859,0.389280,0.543935,0.997846,0.790782,0.666667,0.762826,0.304009,0.858268
7240,0.124812,0.787449,0.792332,0.505667,0.418372,0.540432,0.997569,0.794384,0.666667,0.767872,0.304009,0.858268
7241,0.169173,0.854251,0.791786,0.498566,0.458091,0.540432,0.997961,0.779756,0.666667,0.762826,0.301225,0.858268
7242,0.169925,0.616397,0.792183,0.532719,0.432508,0.540432,0.997320,0.769689,0.666667,0.749369,0.276169,0.858268
7243,0.134586,0.798583,0.792853,0.538163,0.437476,0.540432,0.997061,0.778523,0.666667,0.753574,0.276169,0.858268
7244,0.153383,0.726721,0.792978,0.523747,0.387206,0.540432,0.996257,0.788933,0.666667,0.758621,0.289811,0.858268
7245,0.145113,0.788462,0.792729,0.515573,0.391943,0.540432,0.996018,0.787700,0.666667,0.766190,0.281459,0.858268
7246,0.167669,0.727733,0.792257,0.510129,0.432021,0.540432,0.998210,0.788454,0.666667,0.763667,0.304009,0.858268
7247,0.203759,0.785425,0.792158,0.506495,0.409229,0.540432,0.996870,0.785714,0.666667,0.761985,0.304009,0.858268
7248,0.125564,0.758097,0.792059,0.517843,0.422572,0.535128,0.997253,0.777496,0.666667,0.761144,0.304009,0.858268
7249,0.166917,0.737854,0.792282,0.521140,0.400241,0.535929,0.998736,0.775579,0.666667,0.753574,0.296214,0.858268
7250,0.166165,0.560729,0.792456,0.526017,0.405542,0.534428,0.996669,0.776811,0.666667,0.755257,0.285356,0.858268
7251,0.174436,0.573887,0.792680,0.520190,0.386668,0.535228,0.997368,0.781537,0.666667,0.756939,0.304009,0.858268
7252,0.148872,0.725709,0.792704,0.515190,0.407437,0.530424,0.997798,0.782633,0.666667,0.761985,0.304009,0.858268
7253,0.175940,0.764170,0.792754,0.513733,0.470486,0.530424,0.998277,0.779551,0.666667,0.756939,0.304009,0.858268
7254,0.145113,0.741903,0.792729,0.519561,0.466081,0.530424,0.997301,0.774688,0.666667,0.755257,0.278396,0.858268
7255,0.142105,0.800607,0.792878,0.528992,0.452175,0.522618,0.997674,0.772086,0.666667,0.751892,0.302060,0.858268
7256,0.157143,0.698381,0.793251,0.543975,0.402622,0.520416,0.998354,0.772360,0.666667,0.748528,0.304009,0.858268
7257,0.189474,0.663968,0.793574,0.553361,0.382366,0.516613,0.995922,0.781893,0.666667,0.751892,0.289532,0.858268
7258,0.184962,0.660931,0.793698,0.535541,0.391201,0.510408,0.997540,0.799343,0.500000,0.759462,0.290089,0.853701
7259,0.145865,0.609312,0.793052,0.513672,0.417552,0.497898,0.996908,0.812286,0.666667,0.774601,0.276169,0.854724
7260,0.161654,0.802632,0.792034,0.511985,0.406387,0.490392,0.997770,0.803383,0.666667,0.768713,0.276169,0.858268
7261,0.172932,0.777328,0.791413,0.519607,0.439576,0.490392,0.997109,0.794508,0.666667,0.768713,0.290089,0.858268
7262,0.180451,0.766194,0.790544,0.520941,0.430792,0.490392,0.995568,0.793179,0.666667,0.763667,0.276169,0.858268
7263,0.157143,0.732794,0.789824,0.515282,0.413762,0.490392,0.997885,0.793549,0.666667,0.763667,0.276169,0.858268
7264,0.194737,0.737854,0.789253,0.510313,0.431842,0.490392,0.997607,0.791946,0.666667,0.765349,0.290089,0.858268
7265,0.163158,0.662955,0.788781,0.506065,0.420753,0.490392,0.996104,0.792357,0.666667,0.762826,0.283129,0.858268
7266,0.197744,0.829960,0.788111,0.509362,0.389613,0.490392,0.998449,0.787974,0.666667,0.761144,0.290924,0.858268
7267,0.165414,0.744939,0.787788,0.516340,0.437578,0.490392,0.997416,0.780783,0.666667,0.756098,0.304009,0.858268
7268,0.160902,0.731781,0.787862,0.522935,0.358165,0.490392,0.998736,0.782906,0.666667,0.759462,0.304009,0.858268
7269,0.160902,0.669028,0.787986,0.527045,0.399191,0.490392,0.997818,0.784002,0.666667,0.757780,0.304009,0.858268
7270,0.160902,0.747976,0.788086,0.531461,0.404184,0.490392,0.997607,0.784358,0.666667,0.756098,0.304009,0.858268
7271,0.168421,0.691296,0.788185,0.520266,0.407386,0.490392,0.997195,0.789138,0.666667,0.759462,0.304009,0.858268
7272,0.167669,0.692308,0.788185,0.517245,0.435709,0.490392,0.995817,0.792494,0.666667,0.761985,0.304009,0.858268
7273,0.164662,0.738866,0.788483,0.516616,0.357551,0.490392,0.997195,0.790097,0.666667,0.765349,0.291481,0.858268
7274,0.203008,0.627530,0.788284,0.509869,0.333325,0.490392,0.997387,0.790097,0.666667,0.761144,0.302617,0.858268
7275,0.151128,0.757085,0.788409,0.511049,0.370176,0.490392,0.997100,0.788043,0.666667,0.761144,0.304009,0.858268
7276,0.114286,0.829960,0.788682,0.514193,0.409281,0.490392,0.998354,0.786399,0.666667,0.758621,0.304009,0.858268
7277,0.188722,0.662955,0.789004,0.516494,0.396476,0.490392,0.998038,0.785303,0.666667,0.761144,0.304009,0.858268
7278,0.145865,0.737854,0.789501,0.520144,0.385336,0.490392,0.997444,0.786125,0.666667,0.761144,0.304009,0.858268
7279,0.172932,0.813765,0.789700,0.517951,0.376092,0.490392,0.997904,0.789453,0.900000,0.759462,0.304009,0.858268
7280,0.164662,0.715587,0.790047,0.516540,0.380087,0.490392,0.995970,0.788782,0.666667,0.761985,0.304009,0.858268
7281,0.182707,0.685223,0.790544,0.514193,0.397936,0.490392,0.997387,0.790029,0.666667,0.758621,0.304009,0.858268
7282,0.195489,0.803644,0.790594,0.514347,0.400830,0.490392,0.997626,0.788960,0.666667,0.762826,0.304009,0.858268
7283,0.184211,0.671053,0.790842,0.518196,0.400625,0.490392,0.996621,0.788166,0.666667,0.760303,0.304009,0.858268
7284,0.154887,0.774291,0.791066,0.518794,0.381034,0.480384,0.997559,0.790303,0.666667,0.761985,0.317929,0.858268
7285,0.185714,0.714575,0.791264,0.518564,0.391585,0.474680,0.996745,0.787769,0.666667,0.761144,0.304009,0.858268
7286,0.168421,0.819838,0.791562,0.523885,0.406284,0.475380,0.998449,0.785714,0.666667,0.759462,0.304009,0.858268
7287,0.172180,0.671053,0.791959,0.523824,0.378934,0.470376,0.997282,0.786344,0.666667,0.758621,0.304009,0.858268
7288,0.173684,0.714575,0.792307,0.531308,0.373659,0.470376,0.998593,0.783112,0.666667,0.754415,0.304009,0.858268
7289,0.185714,0.664980,0.792704,0.528532,0.381802,0.470376,0.996812,0.788180,0.666667,0.756939,0.304009,0.858268
7290,0.152632,0.680162,0.792853,0.517797,0.370150,0.470376,0.997846,0.795028,0.666667,0.760303,0.304009,0.858268
7291,0.162406,0.688259,0.792853,0.517260,0.383749,0.470376,0.995788,0.794480,0.666667,0.764508,0.304009,0.858268
7292,0.166917,0.738866,0.792605,0.515129,0.378832,0.470376,0.997253,0.794960,0.666667,0.764508,0.304009,0.858268
7293,0.177444,0.654858,0.792580,0.527735,0.365592,0.470376,0.996908,0.795576,0.666667,0.765349,0.304009,0.862205
7294,0.165414,0.686235,0.792406,0.512322,0.369792,0.470376,0.996717,0.803657,0.666667,0.768713,0.304009,0.858268
7295,0.190977,0.705466,0.792332,0.505575,0.388384,0.460669,0.997655,0.800849,0.666667,0.766190,0.290089,0.865748
7296,0.189474,0.757085,0.792034,0.515205,0.383646,0.460368,0.996554,0.795576,0.666667,0.767872,0.304009,0.866142
7297,0.178195,0.625506,0.792158,0.520558,0.411995,0.460368,0.997913,0.795439,0.666667,0.762826,0.304009,0.866142
7298,0.172180,0.725709,0.792034,0.517889,0.405311,0.460368,0.999206,0.799343,0.666667,0.769554,0.304009,0.866142
7299,0.172180,0.733806,0.791686,0.517736,0.377679,0.455564,0.996966,0.799137,0.666667,0.763667,0.304009,0.866142
7300,0.186466,0.789474,0.791711,0.518564,0.388640,0.458066,0.997636,0.797973,0.666667,0.767031,0.304009,0.866142
7301,0.191729,0.643725,0.791711,0.515972,0.380061,0.455064,0.996745,0.800781,0.666667,0.766190,0.304009,0.866142
7302,0.202256,0.779352,0.791413,0.515343,0.380522,0.455164,0.996717,0.799685,0.666667,0.766190,0.304009,0.866142
7303,0.187218,0.677126,0.790966,0.513595,0.377679,0.450360,0.997540,0.799411,0.666667,0.764508,0.304009,0.866142
7304,0.176692,0.800607,0.791090,0.511249,0.386386,0.450360,0.995721,0.800096,0.666667,0.761144,0.304009,0.866142
7305,0.184211,0.642713,0.791215,0.517414,0.369356,0.454664,0.998468,0.793316,0.666667,0.764508,0.304009,0.866142
7306,0.148872,0.634615,0.790892,0.522291,0.370944,0.455364,0.997511,0.792905,0.666667,0.763667,0.304009,0.866142
7307,0.165414,0.755061,0.790917,0.519960,0.377859,0.450360,0.996937,0.793590,0.666667,0.763667,0.304009,0.866142
7308,0.180451,0.640688,0.791066,0.517874,0.391047,0.451061,0.998153,0.795918,0.666667,0.763667,0.304009,0.866142
7309,0.178947,0.804656,0.790817,0.513887,0.412277,0.454564,0.997770,0.795507,0.666667,0.763667,0.304009,0.866142
7310,0.161654,0.826923,0.790892,0.516800,0.411253,0.450360,0.998114,0.792700,0.633333,0.762826,0.304009,0.866142
7311,0.172180,0.739879,0.791041,0.515972,0.418449,0.450360,0.997033,0.794206,0.533333,0.762826,0.304009,0.866142
7312,0.171429,0.696356,0.791041,0.511816,0.414761,0.450360,0.998516,0.797233,0.666667,0.768713,0.304009,0.866142
7313,0.191729,0.660931,0.790941,0.507752,0.417604,0.450360,0.996745,0.797945,0.666667,0.763667,0.304009,0.866142
7314,0.177444,0.739879,0.790768,0.513043,0.410203,0.450360,0.996296,0.792974,0.666667,0.763667,0.304009,0.866142
7315,0.193233,0.684211,0.790768,0.519668,0.407104,0.450360,0.998133,0.790097,0.666667,0.759462,0.304009,0.866142
7316,0.196241,0.668016,0.791016,0.519039,0.399729,0.450360,0.997607,0.793521,0.666667,0.765349,0.304009,0.866142
7317,0.190226,0.612348,0.791090,0.516540,0.413788,0.450360,0.997272,0.797425,0.666667,0.764508,0.320156,0.866142
7318,0.160902,0.737854,0.790892,0.514439,0.415145,0.450360,0.998373,0.796877,0.666667,0.765349,0.328508,0.866142
7319,0.160150,0.811741,0.790743,0.510758,0.390484,0.450360,0.996525,0.798658,0.666667,0.766190,0.304009,0.866142
7320,0.187970,0.824899,0.790718,0.508918,0.403365,0.450360,0.998564,0.797083,0.666667,0.762826,0.304009,0.866142
7321,0.193233,0.695344,0.790892,0.509209,0.413711,0.450360,0.997530,0.795507,0.666667,0.764508,0.318486,0.866142
7322,0.154887,0.851215,0.790569,0.509393,0.420036,0.450360,0.996363,0.795781,0.666667,0.765349,0.317094,0.866142
7323,0.185714,0.704453,0.790668,0.509823,0.412431,0.450360,0.997033,0.794001,0.666667,0.765349,0.317929,0.866142
7324,0.206767,0.544534,0.790867,0.513963,0.401316,0.450360,0.996822,0.793042,0.666667,0.761985,0.304009,0.866142
7325,0.167669,0.748988,0.790718,0.515880,0.401137,0.450360,0.997971,0.791946,0.666667,0.763667,0.304009,0.866142
7326,0.204511,0.632591,0.790743,0.514071,0.407590,0.450360,0.997234,0.792371,0.666667,0.761985,0.304009,0.866142
7327,0.160902,0.785425,0.790817,0.512951,0.413788,0.450360,0.997128,0.795439,0.666667,0.761985,0.304009,0.866142
7328,0.139098,0.723684,0.790966,0.510973,0.408487,0.450360,0.997387,0.795507,0.666667,0.763667,0.304009,0.866142
7329,0.193985,0.692308,0.790966,0.510053,0.411278,0.450360,0.996621,0.794960,0.666667,0.762826,0.328229,0.866142
7330,0.142857,0.788462,0.790917,0.519714,0.419652,0.450360,0.996363,0.799548,0.666667,0.767031,0.306793,0.866142
7331,0.198496,0.658907,0.790668,0.502308,0.432457,0.450360,0.997128,0.803726,0.666667,0.767872,0.304009,0.866142
7332,0.205263,0.693320,0.790668,0.511049,0.435709,0.450360,0.998200,0.793453,0.666667,0.766190,0.316537,0.866142
7333,0.177444,0.707490,0.790693,0.513749,0.435581,0.450360,0.997770,0.789549,0.666667,0.762826,0.305401,0.866142
7334,0.180451,0.625506,0.790867,0.517843,0.445440,0.450360,0.997320,0.789686,0.666667,0.761985,0.317929,0.866142
7335,0.174436,0.630567,0.791388,0.519760,0.438603,0.450360,0.997081,0.790782,0.666667,0.761144,0.331013,0.866142
7336,0.162406,0.660931,0.791562,0.518993,0.440395,0.450360,0.997990,0.792015,0.666667,0.761985,0.304009,0.866142
7337,0.184962,0.703441,0.791686,0.512200,0.437604,0.450360,0.997684,0.791741,0.833333,0.763667,0.304009,0.866142
7338,0.196241,0.669028,0.791910,0.511709,0.462086,0.450360,0.998344,0.796261,0.733333,0.764508,0.304009,0.866142
7339,0.230075,0.598178,0.791786,0.515343,0.439858,0.450360,0.998679,0.796055,0.666667,0.765349,0.304009,0.866142
7340,0.168421,0.814777,0.791661,0.527198,0.420933,0.450360,0.998976,0.797904,0.666667,0.760303,0.304009,0.866142
7341,0.218797,0.532389,0.791463,0.515205,0.418218,0.450360,0.996075,0.812902,0.666667,0.768713,0.304009,0.866142
7342,0.209774,0.690283,0.790768,0.492877,0.450972,0.450360,0.999119,0.812861,0.666667,0.778806,0.309855,0.866142
7343,0.201504,0.706478,0.790668,0.506617,0.423826,0.440352,0.998373,0.797151,0.666667,0.768713,0.325445,0.866142
7344,0.159398,0.854251,0.790768,0.510206,0.447745,0.446057,0.998497,0.795302,0.666667,0.764508,0.304009,0.866142
7345,0.162406,0.818826,0.790718,0.512292,0.431304,0.444556,0.997865,0.796740,0.666667,0.763667,0.304009,0.866142
7346,0.190977,0.811741,0.790494,0.512215,0.441906,0.442154,0.998105,0.796672,0.666667,0.767031,0.312918,0.866142
7347,0.204511,0.629555,0.790544,0.509224,0.425465,0.443355,0.998153,0.798863,0.666667,0.763667,0.318764,0.866142
7348,0.187218,0.740891,0.790395,0.506449,0.441650,0.440352,0.998133,0.799480,0.666667,0.768713,0.308742,0.866142
7349,0.201504,0.703441,0.790122,0.505651,0.432405,0.440352,0.997751,0.797973,0.666667,0.767872,0.304009,0.866142
7350,0.177444,0.715587,0.790023,0.502967,0.464877,0.440352,0.997320,0.796398,0.666667,0.766190,0.304009,0.866142
7351,0.210526,0.752024,0.790246,0.516540,0.459679,0.440352,0.997272,0.789960,0.666667,0.762826,0.304009,0.866142
7352,0.163158,0.717611,0.790470,0.517843,0.422469,0.444355,0.997578,0.796261,0.666667,0.761985,0.304009,0.866142
7353,0.193233,0.671053,0.790445,0.512936,0.426541,0.445657,0.997224,0.801123,0.666667,0.767031,0.304009,0.866142
7354,0.176692,0.664980,0.790445,0.501710,0.431074,0.445156,0.996477,0.808040,0.666667,0.768713,0.317929,0.866142
7355,0.157143,0.783401,0.790023,0.501051,0.457297,0.445156,0.997483,0.805575,0.666667,0.767872,0.318764,0.866142
7356,0.212030,0.618421,0.789948,0.502155,0.466388,0.446657,0.998057,0.800918,0.666667,0.767872,0.331849,0.866142
7357,0.189474,0.687247,0.789600,0.509086,0.463034,0.443855,0.996267,0.795398,0.666667,0.765349,0.331849,0.866142
7358,0.190977,0.723684,0.790023,0.516739,0.473328,0.447558,0.997684,0.790207,0.666667,0.764508,0.315423,0.866142
7359,0.179699,0.590081,0.790246,0.521738,0.477170,0.442654,0.996123,0.794069,0.666667,0.759462,0.304009,0.866929
7360,0.183459,0.595142,0.790420,0.523379,0.481702,0.445156,0.999407,0.802424,0.666667,0.765349,0.304009,0.869055
7361,0.154135,0.842105,0.790196,0.497247,0.502548,0.443855,0.997387,0.817011,0.666667,0.773759,0.317372,0.866142
7362,0.178195,0.798583,0.789923,0.492340,0.491408,0.450360,0.998440,0.806533,0.666667,0.773759,0.309577,0.867559
7363,0.168421,0.689271,0.789824,0.501710,0.463699,0.450360,0.998344,0.798384,0.666667,0.767872,0.311804,0.874016
7364,0.139098,0.843117,0.789700,0.513672,0.454250,0.450360,0.996267,0.796672,0.666667,0.766190,0.326281,0.867953
7365,0.148872,0.809717,0.789700,0.512292,0.500243,0.450360,0.998086,0.796261,0.666667,0.764508,0.331849,0.866142
7366,0.204511,0.644737,0.789849,0.513058,0.479295,0.450360,0.996765,0.798589,0.666667,0.763667,0.331849,0.868504
7367,0.209774,0.690283,0.789725,0.508059,0.471357,0.450360,0.998019,0.798795,0.666667,0.767872,0.331849,0.871260
7368,0.215038,0.722672,0.789725,0.509899,0.467669,0.450360,0.997703,0.800301,0.666667,0.767872,0.324610,0.870866
7369,0.173684,0.651822,0.789551,0.506571,0.468104,0.450360,0.995855,0.796850,0.666667,0.764508,0.318486,0.866142
7370,0.196241,0.673077,0.789650,0.509485,0.477144,0.450360,0.996745,0.794960,0.666667,0.765349,0.317094,0.873228
7371,0.172180,0.772267,0.789824,0.509899,0.478476,0.450360,0.997224,0.799274,0.666667,0.767031,0.304566,0.866535
7372,0.175188,0.694332,0.789625,0.506617,0.470332,0.450360,0.997396,0.796439,0.666667,0.764508,0.331849,0.866142
7373,0.209023,0.862348,0.789749,0.509746,0.467259,0.450360,0.998306,0.796466,0.666667,0.766190,0.331849,0.866142
7374,0.202256,0.605263,0.789874,0.515604,0.484955,0.450360,0.996879,0.794316,0.666667,0.767031,0.331849,0.869843
7375,0.210526,0.673077,0.789898,0.513058,0.478604,0.450360,0.997377,0.798397,0.666667,0.765349,0.331849,0.866142
7376,0.188722,0.731781,0.789799,0.505421,0.476529,0.450360,0.998210,0.804410,0.666667,0.772077,0.328508,0.866142
7377,0.160150,0.784413,0.789576,0.501189,0.490461,0.450360,0.997406,0.801068,0.666667,0.767872,0.317094,0.866142
7378,0.183459,0.710526,0.789451,0.508841,0.476017,0.450360,0.997559,0.793795,0.666667,0.768713,0.308185,0.866142
7379,0.212782,0.669028,0.789774,0.514975,0.469897,0.450360,0.997243,0.793590,0.666667,0.761985,0.331849,0.870079
7380,0.207519,0.652834,0.789824,0.520251,0.477733,0.450360,0.997913,0.794754,0.666667,0.764508,0.331849,0.869921
7381,0.203008,0.671053,0.789824,0.516386,0.478220,0.450360,0.998918,0.796124,0.666667,0.764508,0.331849,0.866142
7382,0.166917,0.620445,0.789898,0.510697,0.494072,0.450360,0.995788,0.799069,0.666667,0.765349,0.331849,0.866142
7383,0.165414,0.789474,0.789874,0.504762,0.477400,0.450360,0.997406,0.800452,0.666667,0.767872,0.331849,0.868110
7384,0.193233,0.663968,0.789824,0.504348,0.447207,0.450360,0.997100,0.798658,0.666667,0.765349,0.331849,0.870315
7385,0.192481,0.690283,0.789874,0.512506,0.498860,0.450360,0.996726,0.793658,0.666667,0.765349,0.322661,0.870236
7386,0.157895,0.714575,0.790147,0.516310,0.499552,0.450360,0.997320,0.791878,0.666667,0.761985,0.327116,0.867717
7387,0.163158,0.721660,0.790519,0.517813,0.463085,0.450360,0.996870,0.796124,0.666667,0.762826,0.331849,0.866142
7388,0.205263,0.721660,0.790345,0.512184,0.492842,0.450360,0.996745,0.797795,0.666667,0.766190,0.331849,0.866142
7389,0.183459,0.659919,0.790296,0.510896,0.438859,0.450360,0.996812,0.800712,0.666667,0.766190,0.320156,0.869134
7390,0.176692,0.754049,0.790172,0.509455,0.449922,0.450360,0.997033,0.799274,0.666667,0.767872,0.329900,0.866929
7391,0.196992,0.662955,0.790072,0.507261,0.471946,0.450360,0.996410,0.798726,0.666667,0.766190,0.331849,0.866142
7392,0.188722,0.716599,0.790196,0.510175,0.459372,0.450360,0.998114,0.794343,0.666667,0.767872,0.318486,0.870079
7393,0.162406,0.741903,0.790072,0.515972,0.502420,0.450360,0.997301,0.794823,0.666667,0.760303,0.304009,0.869921
7394,0.200752,0.718623,0.790420,0.514086,0.516735,0.450360,0.997779,0.798589,0.666667,0.766190,0.304009,0.869843
7395,0.174436,0.781377,0.790494,0.514929,0.472099,0.450360,0.996937,0.798521,0.700000,0.765349,0.304009,0.874016
7396,0.174436,0.792510,0.790445,0.514193,0.491818,0.450360,0.997636,0.797630,0.900000,0.766190,0.322105,0.869134
7397,0.201504,0.699393,0.790370,0.514086,0.509949,0.450360,0.996841,0.797630,0.666667,0.766190,0.331849,0.871024
7398,0.172180,0.766194,0.790395,0.523717,0.474583,0.445356,0.997990,0.793727,0.666667,0.762826,0.331849,0.868898
7399,0.200752,0.655870,0.790494,0.543101,0.482548,0.440853,0.996966,0.789138,0.666667,0.759462,0.331849,0.867717
7400,0.187218,0.797571,0.790494,0.527091,0.492509,0.450360,0.999167,0.807150,0.666667,0.765349,0.331849,0.868504
7401,0.206015,0.748988,0.789973,0.518150,0.502369,0.451661,0.997013,0.830092,0.666667,0.783852,0.331849,0.867874
7402,0.191729,0.800607,0.789600,0.471682,0.538810,0.460368,0.996123,0.832626,0.666667,0.790580,0.331849,0.874016
7403,0.227820,0.657895,0.789427,0.484457,0.519604,0.460368,0.997607,0.805575,0.666667,0.777124,0.331849,0.874016
7404,0.201504,0.571862,0.789501,0.509224,0.513099,0.455665,0.997779,0.797315,0.666667,0.766190,0.331849,0.874016
7405,0.207519,0.618421,0.789451,0.520190,0.517376,0.460368,0.998229,0.794069,0.666667,0.761985,0.331849,0.874016
7406,0.186466,0.637652,0.789551,0.522919,0.487106,0.464972,0.997961,0.796603,0.666667,0.766190,0.331849,0.874016
7407,0.200752,0.668016,0.789377,0.520450,0.458296,0.460368,0.998086,0.804821,0.666667,0.766190,0.331849,0.874016
7408,0.193233,0.651822,0.789253,0.509455,0.522446,0.460368,0.997195,0.808040,0.666667,0.773759,0.331849,0.874016
7409,0.195489,0.752024,0.789129,0.502492,0.529565,0.460368,0.997932,0.809026,0.666667,0.772077,0.331849,0.874016
7410,0.222556,0.709514,0.788880,0.504624,0.531845,0.460368,0.997100,0.802630,0.666667,0.772077,0.331849,0.874016
7411,0.202256,0.724696,0.788980,0.509593,0.528541,0.460368,0.999550,0.800438,0.666667,0.766190,0.331849,0.874016
7412,0.142857,0.641700,0.789029,0.517797,0.547312,0.460368,0.997339,0.795987,0.666667,0.765349,0.331849,0.874016
7413,0.204511,0.641700,0.789228,0.526753,0.546032,0.460368,0.997971,0.794864,0.666667,0.765349,0.331849,0.874016
7414,0.190226,0.746964,0.789302,0.517859,0.546647,0.460368,0.996535,0.808108,0.666667,0.767031,0.331849,0.874016
7415,0.200752,0.651822,0.789253,0.508810,0.578120,0.460368,0.996793,0.812012,0.666667,0.776283,0.331849,0.874016
7416,0.206767,0.630567,0.789104,0.504271,0.563446,0.460368,0.996822,0.808040,0.666667,0.769554,0.331849,0.874016
7417,0.212782,0.680162,0.789278,0.504455,0.562319,0.460368,0.997291,0.806807,0.666667,0.772077,0.331849,0.874016
7418,0.196992,0.704453,0.789377,0.505989,0.568491,0.460368,0.999263,0.794206,0.666667,0.764508,0.331849,0.874016
7419,0.187218,0.685223,0.789650,0.528149,0.562294,0.460368,0.996171,0.795028,0.666667,0.764508,0.331849,0.874016
7420,0.199248,0.587045,0.789799,0.532458,0.586187,0.460368,0.997444,0.805301,0.666667,0.767031,0.331849,0.874016
7421,0.223308,0.687247,0.789799,0.514914,0.564240,0.460368,0.997416,0.814135,0.666667,0.774601,0.331849,0.874016
7422,0.201504,0.674089,0.789551,0.507307,0.574611,0.460368,0.997416,0.813861,0.666667,0.777124,0.331849,0.874016
7423,0.196992,0.787449,0.789327,0.508611,0.561833,0.460368,0.998344,0.809136,0.666667,0.772077,0.331849,0.874016
7424,0.222556,0.635628,0.789352,0.509792,0.601782,0.460368,0.997349,0.806465,0.666667,0.774601,0.331849,0.874016
7425,0.200752,0.736842,0.789327,0.518656,0.544521,0.460368,0.997674,0.803383,0.666667,0.767872,0.331849,0.874016
7426,0.203759,0.732794,0.789228,0.519116,0.578581,0.460368,0.997923,0.806739,0.666667,0.771236,0.331849,0.874016
7427,0.190226,0.715587,0.788930,0.511678,0.552050,0.460368,0.997961,0.810026,0.666667,0.773759,0.331849,0.874016
7428,0.212030,0.766194,0.788731,0.510589,0.594663,0.455564,0.997703,0.809067,0.666667,0.775442,0.331849,0.874016
7429,0.208271,0.724696,0.788880,0.506694,0.590745,0.456665,0.995626,0.811327,0.666667,0.773759,0.331849,0.874016
7430,0.211278,0.620445,0.788980,0.505697,0.636585,0.455164,0.996937,0.812354,0.666667,0.775442,0.331849,0.874016
7431,0.187218,0.730769,0.788930,0.512552,0.653589,0.459668,0.997798,0.805985,0.666667,0.776283,0.331849,0.874016
7432,0.186466,0.698381,0.789178,0.512828,0.614740,0.455364,0.997291,0.807561,0.666667,0.769554,0.331849,0.874016
7433,0.184211,0.700405,0.789079,0.510497,0.681119,0.455164,0.998133,0.810656,0.666667,0.778806,0.331849,0.874016
7434,0.229323,0.676113,0.789253,0.509010,0.691132,0.450360,0.997703,0.811587,0.666667,0.774601,0.331849,0.874016
7435,0.225564,0.730769,0.789650,0.515727,0.665907,0.450360,0.997387,0.809821,0.666667,0.777124,0.331849,0.874016
7436,0.202256,0.746964,0.789576,0.517383,0.680478,0.450360,0.997387,0.810505,0.666667,0.773759,0.331849,0.874016
7437,0.207519,0.736842,0.789725,0.505912,0.641860,0.450360,0.997205,0.820025,0.666667,0.778806,0.331849,0.874016
7438,0.191729,0.742915,0.789849,0.504532,0.655382,0.450360,0.998057,0.815299,0.666667,0.780488,0.331849,0.874016
7439,0.218045,0.680162,0.789576,0.504010,0.640298,0.450360,0.997731,0.815833,0.666667,0.777965,0.331849,0.877717
7440,0.189474,0.725709,0.789799,0.502860,0.633563,0.450360,0.997578,0.812697,0.666667,0.780488,0.331849,0.879921
7441,0.209774,0.725709,0.789700,0.511510,0.651720,0.450360,0.997923,0.813382,0.666667,0.777124,0.331849,0.881890
7442,0.218045,0.582996,0.789824,0.515420,0.662680,0.450360,0.997798,0.813861,0.666667,0.779647,0.331849,0.881890
7443,0.216541,0.804656,0.789898,0.513672,0.683705,0.450360,0.997798,0.810231,0.666667,0.777124,0.331849,0.881890
7444,0.210526,0.732794,0.789948,0.508534,0.654050,0.450060,0.998535,0.815847,0.666667,0.779647,0.331849,0.881890
7445,0.219549,0.658907,0.790172,0.509455,0.661349,0.440352,0.997894,0.813724,0.666667,0.782170,0.331849,0.881890
7446,0.218045,0.718623,0.790072,0.513595,0.630823,0.441553,0.998153,0.815710,0.666667,0.777965,0.331849,0.881890
7447,0.224060,0.667004,0.789849,0.505345,0.621015,0.444055,0.997703,0.819477,0.666667,0.780488,0.331849,0.881890
7448,0.184962,0.720648,0.789774,0.507077,0.683475,0.445156,0.996650,0.816600,0.666667,0.779647,0.331849,0.881890
7449,0.227820,0.623482,0.789998,0.513012,0.666035,0.447558,0.998086,0.811190,0.666667,0.778806,0.331849,0.881890
7450,0.205263,0.571862,0.790172,0.511740,0.685754,0.450360,0.996583,0.811601,0.666667,0.777124,0.331849,0.881890
7451,0.229323,0.671053,0.790172,0.504884,0.672258,0.445556,0.997195,0.815779,0.666667,0.778806,0.331849,0.881890
7452,0.228571,0.637652,0.790693,0.499854,0.661553,0.450360,0.997731,0.816600,0.666667,0.783011,0.331849,0.881890
7453,0.233835,0.551619,0.790941,0.505958,0.660888,0.450360,0.996841,0.811396,0.666667,0.776283,0.331849,0.881890
7454,0.222556,0.665992,0.791190,0.507614,0.733181,0.450360,0.996525,0.812834,0.833333,0.774601,0.331849,0.881890
7455,0.220301,0.532389,0.791364,0.512522,0.719967,0.450360,0.995760,0.813039,0.666667,0.777124,0.331849,0.881890
7456,0.178195,0.861336,0.791513,0.511678,0.682143,0.450360,0.997483,0.815368,0.666667,0.782170,0.337973,0.881890
7457,0.222556,0.766194,0.791289,0.508304,0.694179,0.450360,0.995721,0.821600,0.666667,0.781329,0.339365,0.881890
7458,0.194737,0.708502,0.791165,0.504302,0.668570,0.450360,0.997578,0.821394,0.666667,0.783852,0.339644,0.881890
7459,0.206767,0.770243,0.791587,0.511279,0.689160,0.450360,0.996937,0.823723,0.666667,0.783011,0.337973,0.881890
7460,0.202256,0.723684,0.791537,0.500943,0.694640,0.452662,0.996391,0.824819,0.666667,0.781329,0.354677,0.881890
7461,0.231579,0.773279,0.791339,0.499394,0.744219,0.455564,0.997444,0.818997,0.666667,0.780488,0.336581,0.881890
7462,0.232331,0.817814,0.791736,0.508688,0.698763,0.452362,0.997444,0.819340,0.666667,0.780488,0.356069,0.881890
7463,0.215038,0.736842,0.791537,0.506817,0.664575,0.450360,0.997473,0.820929,0.666667,0.783011,0.346604,0.881890
7464,0.226316,0.637652,0.791587,0.502599,0.678763,0.450360,0.997157,0.818518,0.666667,0.779647,0.334076,0.881890
7465,0.227820,0.689271,0.791612,0.498627,0.719148,0.454864,0.998468,0.822353,0.666667,0.782170,0.331849,0.881890
7466,0.228571,0.743927,0.791910,0.508182,0.736971,0.450661,0.996430,0.818039,0.666667,0.783011,0.345768,0.881890
7467,0.210526,0.691296,0.791835,0.506142,0.645983,0.450360,0.998086,0.818244,0.666667,0.777965,0.331849,0.881890
7468,0.216541,0.711538,0.791438,0.505160,0.734846,0.455164,0.996391,0.819545,0.666667,0.783011,0.331849,0.881890
7469,0.244361,0.552632,0.791066,0.502661,0.717611,0.451561,0.998277,0.819066,0.666667,0.782170,0.347717,0.881890
7470,0.197744,0.636640,0.791761,0.509915,0.729084,0.455564,0.996678,0.814204,0.666667,0.781329,0.342428,0.881890
7471,0.237594,0.697368,0.791959,0.509715,0.825706,0.453563,0.998440,0.818313,0.666667,0.779647,0.331849,0.881890
7472,0.226316,0.697368,0.792034,0.504808,0.789905,0.450360,0.996966,0.827626,0.666667,0.785534,0.331849,0.881890
7473,0.236842,0.716599,0.792158,0.499103,0.783195,0.450360,0.998181,0.828996,0.666667,0.785534,0.331849,0.881890
7474,0.218797,0.748988,0.791860,0.502201,0.772389,0.450360,0.995913,0.827900,0.666667,0.787216,0.331849,0.885827
7475,0.259398,0.627530,0.791860,0.501235,0.786371,0.450360,0.997483,0.825503,0.666667,0.786375,0.345768,0.885827
7476,0.233083,0.681174,0.791562,0.504102,0.816410,0.450360,0.997703,0.828804,0.666667,0.783852,0.331849,0.887795
7477,0.263910,0.658907,0.791463,0.499854,0.773925,0.455164,0.997990,0.830777,0.666667,0.790580,0.331849,0.889764
7478,0.216541,0.705466,0.791463,0.505007,0.748803,0.455164,0.998631,0.828037,0.666667,0.786375,0.331849,0.889764
7479,0.216541,0.781377,0.791488,0.506265,0.804604,0.450360,0.996554,0.830092,0.666667,0.788057,0.331849,0.889764
7480,0.234586,0.746964,0.791537,0.500253,0.787498,0.451361,0.997176,0.830571,0.666667,0.788057,0.331849,0.889764
7481,0.235338,0.619433,0.791637,0.503044,0.721043,0.458867,0.997636,0.830092,0.666667,0.791421,0.331849,0.889764
7482,0.250376,0.679150,0.791215,0.505682,0.733463,0.455164,0.997320,0.826462,0.666667,0.789739,0.331849,0.889764
7483,0.232331,0.662955,0.790917,0.502308,0.753284,0.450360,0.998229,0.831667,0.666667,0.790580,0.345768,0.889764
7484,0.240602,0.652834,0.791090,0.499072,0.760685,0.458066,0.996200,0.830023,0.666667,0.792262,0.344933,0.889764
7485,0.245865,0.716599,0.791190,0.498489,0.744500,0.452362,0.997262,0.827188,0.666667,0.790580,0.359688,0.889764
7486,0.239098,0.681174,0.791388,0.506219,0.767625,0.453863,0.997148,0.825366,0.666667,0.788898,0.359688,0.889764
7487,0.249624,0.682186,0.791364,0.506495,0.789598,0.451561,0.997770,0.828996,0.666667,0.788057,0.359688,0.889764
7488,0.253383,0.670040,0.791364,0.502783,0.746037,0.455164,0.998162,0.832078,0.666667,0.793103,0.359688,0.889764
7489,0.257895,0.699393,0.790867,0.501710,0.780020,0.450360,0.997004,0.834543,0.666667,0.791421,0.345768,0.889764
7490,0.249624,0.660931,0.790966,0.499364,0.760224,0.450360,0.997540,0.834817,0.666667,0.793944,0.359688,0.892520
7491,0.220301,0.730769,0.791041,0.497707,0.749827,0.451161,0.998803,0.832352,0.666667,0.793944,0.359688,0.892362
7492,0.234586,0.723684,0.790768,0.494840,0.835284,0.454363,0.997052,0.831941,0.666667,0.790580,0.359688,0.889764
7493,0.264662,0.693320,0.790792,0.498014,0.794668,0.450360,0.997923,0.830503,0.666667,0.790580,0.359688,0.889764
7494,0.249624,0.609312,0.790693,0.507139,0.767958,0.450360,0.996669,0.829078,0.666667,0.783852,0.359688,0.889764
7495,0.245113,0.709514,0.790445,0.508626,0.748188,0.452862,0.995951,0.832626,0.666667,0.794786,0.359688,0.889764
7496,0.237594,0.671053,0.790296,0.499793,0.772952,0.452662,0.998488,0.838515,0.666667,0.793103,0.359688,0.889764
7497,0.259398,0.676113,0.789824,0.496833,0.800251,0.450360,0.996229,0.838926,0.666667,0.795627,0.336303,0.889764
7498,0.254887,0.667004,0.789948,0.500023,0.814413,0.450360,0.996075,0.833626,0.666667,0.795627,0.357183,0.889764
7499,0.256391,0.606275,0.789923,0.499563,0.775743,0.450360,0.998488,0.840090,0.666667,0.794786,0.359688,0.892756
7500,0.238346,0.706478,0.789675,0.495729,0.772158,0.450360,0.997224,0.837830,0.666667,0.793944,0.359688,0.897638
7501,0.248120,0.604251,0.789203,0.494057,0.732823,0.450360,0.997684,0.838036,0.666667,0.794786,0.359688,0.894094
7502,0.242105,0.716599,0.788955,0.501189,0.758073,0.450360,0.996726,0.830845,0.666667,0.792262,0.359688,0.897638
7503,0.285714,0.577935,0.789079,0.502845,0.799764,0.450360,0.997770,0.833995,0.666667,0.793944,0.359688,0.897638
7504,0.259398,0.667004,0.789104,0.498060,0.800456,0.450360,0.998966,0.838652,0.666667,0.798991,0.359688,0.897638
7505,0.256391,0.733806,0.789228,0.503075,0.762606,0.452162,0.996602,0.834954,0.666667,0.791421,0.359688,0.897638
7506,0.264662,0.681174,0.789874,0.497569,0.830956,0.453363,0.998086,0.842213,0.666667,0.797309,0.359688,0.897638
7507,0.275940,0.640688,0.789451,0.491650,0.782837,0.450360,0.997865,0.843789,0.666667,0.799832,0.359688,0.897638
7508,0.274436,0.711538,0.789476,0.489518,0.827524,0.450360,0.997865,0.843789,0.666667,0.798150,0.359688,0.897638
7509,0.263910,0.731781,0.789998,0.494195,0.869267,0.450360,0.998066,0.839679,0.666667,0.798991,0.359688,0.897638
7510,0.275188,0.708502,0.789725,0.488521,0.803887,0.450360,0.996956,0.846459,0.666667,0.797309,0.359688,0.897638
7511,0.275188,0.708502,0.790023,0.492493,0.858588,0.450360,0.997320,0.842624,0.700000,0.798150,0.359688,0.897638
7512,0.261654,0.670040,0.790047,0.501327,0.853287,0.450360,0.997990,0.840296,0.866667,0.795627,0.359688,0.897638
7513,0.293985,0.581984,0.790221,0.497201,0.860355,0.450360,0.997703,0.845994,0.666667,0.800673,0.359688,0.897638
7514,0.271429,0.721660,0.790321,0.501633,0.866143,0.450360,0.997617,0.845870,0.666667,0.801514,0.376114,0.897638
7515,0.287970,0.648785,0.790519,0.496020,0.895285,0.450360,0.998679,0.855225,0.666667,0.803196,0.372773,0.897638
7516,0.282707,0.673077,0.790445,0.487279,0.854414,0.450360,0.995482,0.860019,0.666667,0.807401,0.373051,0.897638
7517,0.270677,0.672065,0.790693,0.484641,0.824989,0.450360,0.998057,0.859471,0.666667,0.803196,0.387528,0.901339
7518,0.299248,0.649798,0.790941,0.491067,0.860406,0.450360,0.996745,0.851829,0.666667,0.809924,0.387528,0.905354
7519,0.281203,0.719636,0.791661,0.499088,0.839561,0.450360,0.998258,0.846391,0.666667,0.802355,0.374443,0.905512
7520,0.259398,0.727733,0.791537,0.504685,0.847883,0.450360,0.997913,0.851596,0.666667,0.804037,0.371659,0.905512
7521,0.276692,0.726721,0.791661,0.502584,0.887654,0.450360,0.997301,0.851664,0.666667,0.802355,0.363307,0.905512
7522,0.260150,0.718623,0.791587,0.497493,0.804989,0.450360,0.997923,0.859814,0.666667,0.809083,0.373608,0.905512
7523,0.288722,0.696356,0.791364,0.499440,0.876847,0.450360,0.997272,0.854404,0.666667,0.808242,0.387528,0.905512
7524,0.304511,0.697368,0.791463,0.493413,0.914774,0.450360,0.997530,0.858923,0.666667,0.808242,0.387528,0.905512
7525,0.295489,0.692308,0.791860,0.490116,0.932239,0.450360,0.996305,0.862759,0.666667,0.811606,0.387528,0.905512
7526,0.269173,0.757085,0.791761,0.484288,0.905606,0.450360,0.997904,0.863019,0.666667,0.808242,0.368597,0.905512
7527,0.255639,0.568826,0.792009,0.497677,0.909498,0.450360,0.997751,0.867867,0.666667,0.819176,0.359688,0.905512
7528,0.270677,0.746964,0.792059,0.489273,0.887423,0.450360,0.996430,0.866183,0.666667,0.814971,0.359688,0.905512
7529,0.297744,0.638664,0.792233,0.490806,0.871034,0.450360,0.996477,0.858513,0.666667,0.811606,0.359688,0.905512
7530,0.287218,0.689271,0.792531,0.485255,0.844785,0.450360,0.997674,0.861663,0.666667,0.813288,0.359688,0.905512
7531,0.298496,0.630567,0.792903,0.485853,0.876565,0.450360,0.996812,0.863361,0.666667,0.807401,0.373051,0.908189
7532,0.281203,0.729757,0.793201,0.493459,0.824835,0.450360,0.995702,0.851185,0.666667,0.807401,0.374165,0.913386
7533,0.278947,0.664980,0.793127,0.503351,0.860918,0.450360,0.998057,0.849884,0.666667,0.811606,0.359688,0.910394
7534,0.333083,0.637652,0.794070,0.508105,0.947425,0.450360,0.996506,0.853376,0.666667,0.810765,0.386136,0.912835
7535,0.303008,0.700405,0.794269,0.495070,0.938180,0.450360,0.998593,0.865155,0.666667,0.813288,0.387528,0.909843
7536,0.292481,0.709514,0.794641,0.486911,0.894466,0.450360,0.997674,0.875976,0.666667,0.819176,0.387528,0.905512
7537,0.303008,0.707490,0.794269,0.471345,0.852058,0.451561,0.997588,0.873647,0.666667,0.824222,0.387528,0.913228
7538,0.284962,0.702429,0.794890,0.467189,0.890292,0.454063,0.997368,0.866046,0.666667,0.824222,0.390869,0.913386
7539,0.291729,0.765182,0.795585,0.480378,0.958847,0.450360,0.995549,0.860156,0.466667,0.814130,0.415367,0.913386
7540,0.278947,0.590081,0.795659,0.488291,0.886322,0.450360,0.997396,0.862416,0.633333,0.811606,0.415367,0.913386
7541,0.309774,0.631579,0.795709,0.492493,0.904069,0.455164,0.996535,0.859334,0.666667,0.814971,0.415367,0.913386
7542,0.321053,0.723684,0.795610,0.494640,0.926759,0.455364,0.996190,0.866114,0.666667,0.815812,0.415367,0.913386
7543,0.318045,0.678138,0.795312,0.487524,0.928910,0.454363,0.997703,0.871757,0.666667,0.818335,0.415367,0.913386
7544,0.333835,0.609312,0.795759,0.479090,0.861507,0.460368,0.995453,0.874743,0.666667,0.827586,0.415367,0.913386
7545,0.287970,0.770243,0.795933,0.484043,0.822223,0.460368,0.996937,0.869744,0.666667,0.820858,0.415367,0.916220
7546,0.337594,0.828947,0.795933,0.487141,0.889805,0.459367,0.997061,0.867621,0.666667,0.820017,0.415367,0.917323
7547,0.302256,0.591093,0.795734,0.481574,0.888345,0.460368,0.997770,0.876318,0.666667,0.820017,0.415367,0.921260
7548,0.316541,0.700405,0.795411,0.495484,0.893057,0.460368,0.997770,0.863786,0.666667,0.819176,0.415367,0.921260
7549,0.333083,0.802632,0.795510,0.491343,0.929268,0.460368,0.995185,0.869949,0.666667,0.817494,0.415367,0.921260
7550,0.322556,0.689271,0.795436,0.494456,0.946887,0.455665,0.998114,0.872004,0.666667,0.822540,0.415367,0.921260
7551,0.289474,0.738866,0.795635,0.487248,0.923481,0.457366,0.997674,0.877277,0.666667,0.825063,0.415367,0.921260
7552,0.293985,0.773279,0.795883,0.476590,0.918129,0.458667,0.996008,0.882208,0.666667,0.830109,0.415367,0.921260
7553,0.318797,0.698381,0.795833,0.469198,0.992471,0.460368,1.000000,0.883578,0.666667,0.826745,0.415367,0.921260
7554,0.306015,0.608300,0.796082,0.452559,0.964045,0.460368,0.996870,0.871182,0.666667,0.825904,0.415367,0.921260
7555,0.300000,0.675101,0.796752,0.494886,0.903327,0.455364,0.997109,0.848582,0.666667,0.811606,0.415367,0.921260
7556,0.318797,0.673077,0.797000,0.511724,0.943507,0.455364,0.997023,0.859403,0.666667,0.812447,0.415367,0.921260
7557,0.328571,0.689271,0.797621,0.490806,0.932418,0.460368,0.996937,0.878441,0.666667,0.822540,0.415367,0.921260
7558,0.342857,0.680162,0.797547,0.487632,0.886297,0.460368,0.997042,0.883276,0.666667,0.829268,0.415367,0.921260
7559,0.330075,0.738866,0.797398,0.476053,0.897437,0.460368,0.996841,0.886180,0.666667,0.838520,0.415367,0.921260
7560,0.290977,0.751012,0.797174,0.480040,0.890522,0.455564,0.997253,0.876318,0.666667,0.827586,0.415367,0.921260
7561,0.306015,0.762146,0.797273,0.479197,0.928090,0.460368,0.998583,0.876729,0.666667,0.824222,0.415367,0.921260
7562,0.357143,0.788462,0.797174,0.485531,0.934057,0.460368,0.996363,0.878099,0.666667,0.825063,0.428731,0.924961
7563,0.306767,0.756073,0.797894,0.485945,0.973008,0.455665,0.999072,0.877962,0.666667,0.825904,0.428731,0.925512
7564,0.328571,0.588057,0.798167,0.486205,0.956030,0.456665,0.997033,0.882961,0.666667,0.839361,0.429287,0.925354
7565,0.403759,0.520243,0.798590,0.483108,1.000000,0.450360,0.997253,0.889878,0.666667,0.834315,0.440980,0.929134
7566,0.289474,0.575911,0.798565,0.479780,0.855336,0.454864,0.996812,0.886728,0.666667,0.840202,0.415367,0.929134
7567,0.323308,0.605263,0.798490,0.480163,0.865733,0.451061,0.997291,0.887385,0.666667,0.828427,0.415367,0.929134
7568,0.324812,0.757085,0.797795,0.476007,0.879024,0.459668,0.998851,0.884673,0.666667,0.832632,0.415367,0.929134
7569,0.302256,0.746964,0.797621,0.488092,0.869369,0.450360,0.998086,0.877893,0.666667,0.825904,0.415367,0.929134
7570,0.330827,0.814777,0.797547,0.492739,0.919819,0.450360,0.996745,0.876428,0.666667,0.828427,0.415367,0.929134
7571,0.296992,0.696356,0.797720,0.464061,0.938897,0.450360,0.997061,0.879469,0.666667,0.831791,0.421492,0.929134
7572,0.333083,0.477733,0.798068,0.489932,0.884888,0.450360,0.997463,0.869949,0.666667,0.821699,0.443207,0.929134
7573,0.306767,0.628543,0.798192,0.500866,0.896131,0.450360,0.996889,0.874880,0.666667,0.832632,0.421771,0.929134
7574,0.302256,0.742915,0.798316,0.483905,0.915055,0.450360,0.998133,0.893713,0.666667,0.841043,0.415367,0.929134
7575,0.358647,0.609312,0.798664,0.466039,0.861431,0.450360,0.996267,0.896863,0.666667,0.841043,0.415367,0.929134
7576,0.376692,0.624494,0.798714,0.465272,0.902789,0.450360,0.997387,0.883646,0.666667,0.835156,0.425111,0.929134
7577,0.331579,0.748988,0.798689,0.476329,0.891982,0.450360,0.996650,0.884536,0.666667,0.830950,0.443207,0.929134
7578,0.367669,0.745951,0.798565,0.495192,0.839253,0.455164,0.997942,0.884194,0.666667,0.835156,0.443207,0.929134
7579,0.337594,0.863360,0.798292,0.489349,0.871187,0.450360,0.997349,0.891727,0.666667,0.834315,0.443207,0.929134
7580,0.354887,0.740891,0.797720,0.471038,0.883429,0.451361,0.996430,0.896042,0.666667,0.838520,0.443207,0.929134
7581,0.314286,0.569838,0.797298,0.464137,0.892981,0.460368,0.997100,0.892344,0.666667,0.837679,0.443207,0.933071
7582,0.324060,0.634615,0.797571,0.475977,0.917207,0.453663,0.996841,0.877551,0.666667,0.830109,0.443207,0.937008
7583,0.318045,0.762146,0.797820,0.470839,0.897974,0.457366,0.996650,0.887550,0.666667,0.838520,0.443207,0.937008
7584,0.314286,0.635628,0.797894,0.474121,0.843274,0.452962,0.996937,0.886796,0.666667,0.830950,0.443207,0.937008
7585,0.313534,0.715587,0.797919,0.467342,0.939922,0.455164,0.997033,0.890700,0.666667,0.835997,0.443207,0.937008
7586,0.336842,0.561741,0.797472,0.465625,0.950549,0.458667,0.997416,0.892617,0.666667,0.836838,0.443207,0.937008
7587,0.285714,0.670040,0.797944,0.482801,0.874670,0.455564,0.996506,0.884673,0.666667,0.839361,0.443207,0.937008
7588,0.321805,0.754049,0.798366,0.463739,0.918641,0.460368,0.996793,0.900877,0.666667,0.844407,0.457405,0.937008
7589,0.325564,0.675101,0.798838,0.441425,0.861815,0.460368,0.997444,0.904191,0.666667,0.847771,0.463252,0.937008
7590,0.291729,0.651822,0.799434,0.476774,0.981869,0.455564,0.996535,0.880975,0.666667,0.834315,0.457962,0.937008
7591,0.311278,0.702429,0.800402,0.488981,0.891137,0.460368,0.997387,0.886659,0.666667,0.837679,0.471047,0.937008
7592,0.347368,0.619433,0.800824,0.482878,0.857640,0.460368,0.997033,0.895494,0.666667,0.839361,0.460468,0.937008
7593,0.367669,0.726721,0.800551,0.474489,0.893774,0.460368,0.997128,0.901383,0.666667,0.850294,0.443207,0.937008
7594,0.355639,0.450405,0.801247,0.478277,0.863223,0.460368,0.996774,0.902068,0.666667,0.847771,0.468263,0.943150
7595,0.381203,0.657895,0.801594,0.482218,0.945325,0.460368,0.997320,0.918162,0.666667,0.854500,0.471047,0.937244
7596,0.363158,0.655870,0.802736,0.438910,0.939384,0.460368,0.997224,0.925832,0.666667,0.863751,0.471047,0.944724
7597,0.361654,0.631579,0.802811,0.460641,0.934595,0.460368,0.996841,0.899603,0.666667,0.851135,0.471047,0.944882
7598,0.436090,0.618421,0.803630,0.468263,0.854081,0.460368,0.998296,0.899192,0.666667,0.842725,0.471047,0.944882
7599,0.322556,0.568826,0.803332,0.475869,0.916950,0.460368,0.997224,0.895425,0.666667,0.840202,0.471047,0.944882
7600,0.327068,0.541498,0.803034,0.471023,0.933212,0.460368,0.997128,0.892960,0.666667,0.838520,0.471047,0.944882
7601,0.360902,0.603239,0.803680,0.473093,0.870470,0.460368,0.996745,0.901726,0.666667,0.846930,0.471047,0.944882
7602,0.339850,0.695344,0.803357,0.463524,0.836487,0.460368,0.996937,0.907958,0.666667,0.852817,0.471047,0.944882
7603,0.320301,0.562753,0.803829,0.465088,0.888627,0.460368,0.997033,0.900151,0.666667,0.851976,0.471047,0.944882
7604,0.354135,0.635628,0.804624,0.474550,0.895081,0.460368,0.996937,0.905081,0.666667,0.847771,0.471047,0.944882
7605,0.324060,0.478745,0.804375,0.472419,0.854951,0.460368,0.997961,0.900493,0.833333,0.843566,0.471047,0.944882
7606,0.366165,0.587045,0.803904,0.466346,0.904863,0.460368,0.997128,0.906657,0.666667,0.852817,0.471047,0.944882
7607,0.372180,0.789474,0.803904,0.456776,0.849343,0.460368,0.997320,0.905903,0.666667,0.855341,0.471047,0.944882
7608,0.357143,0.637652,0.803506,0.463815,0.862634,0.465172,0.997243,0.900836,0.666667,0.852817,0.471047,0.944882
7609,0.347368,0.689271,0.804574,0.477847,0.878051,0.464171,0.996745,0.896932,0.666667,0.857023,0.471047,0.944882
7610,0.387970,0.672065,0.806511,0.481191,0.872033,0.461369,0.997033,0.910903,0.666667,0.851135,0.471047,0.948268
7611,0.372180,0.864372,0.807181,0.469505,0.906425,0.460368,0.996937,0.928845,0.666667,0.867956,0.471047,0.948976
7612,0.377444,0.710526,0.807231,0.448326,0.870983,0.465072,0.996937,0.930010,0.666667,0.873003,0.471047,0.952756
7613,0.387970,0.771255,0.807579,0.454016,0.905529,0.461169,0.997033,0.920833,0.666667,0.864592,0.471047,0.952756
7614,0.339098,0.810729,0.807653,0.460717,0.895260,0.464371,0.996841,0.912683,0.666667,0.857864,0.471047,0.952756
7615,0.376692,0.514170,0.807032,0.468155,0.841968,0.460368,0.997128,0.907889,0.666667,0.864592,0.471047,0.952756
7616,0.350376,0.689271,0.807330,0.468799,0.862020,0.465172,0.997033,0.914875,0.666667,0.856182,0.471047,0.952756
7617,0.392481,0.676113,0.806834,0.469351,0.893698,0.467574,0.997033,0.914258,0.666667,0.860387,0.490535,0.952756
7618,0.333083,0.614372,0.806337,0.467388,0.915824,0.465372,0.996812,0.920422,0.666667,0.855341,0.498886,0.952756
7619,0.335338,0.603239,0.806859,0.459920,0.860124,0.465673,0.996956,0.919806,0.666667,0.866274,0.498886,0.952756
7620,0.333083,0.464575,0.808100,0.476973,0.822940,0.470376,0.997511,0.916792,0.666667,0.864592,0.491091,0.958661
7621,0.369925,0.571862,0.807479,0.467496,0.882660,0.461369,0.997157,0.917751,0.666667,0.867115,0.471047,0.960630
7622,0.442105,0.719636,0.807901,0.461837,0.938539,0.465072,0.996937,0.930968,0.666667,0.872161,0.471047,0.960630
7623,0.390977,0.577935,0.809814,0.436717,0.929499,0.465172,0.996745,0.958567,0.666667,0.878049,0.471047,0.960630
7624,0.294737,0.687247,0.811030,0.417731,0.896182,0.464672,0.996937,0.951719,0.400000,0.892347,0.495546,0.960630
7625,0.391729,0.592105,0.811726,0.449246,0.945735,0.460368,0.996908,0.918847,0.666667,0.867115,0.498886,0.960630
7626,0.385714,0.657895,0.811229,0.475363,0.923455,0.460368,0.996937,0.910560,0.666667,0.862069,0.485802,0.960630
7627,0.387970,0.567814,0.811875,0.457574,0.870138,0.462370,0.997033,0.929599,0.666667,0.860387,0.484131,0.964567
7628,0.440602,0.714575,0.812644,0.441624,0.876463,0.470376,0.997224,0.958841,0.666667,0.878890,0.474388,0.960630
7629,0.365414,0.638664,0.812346,0.416167,0.936285,0.462670,0.997033,0.944254,0.666667,0.879731,0.498886,0.961575
7630,0.389474,0.634615,0.812322,0.443971,0.896899,0.465372,0.996535,0.930489,0.666667,0.867956,0.498886,0.968504
7631,0.370677,0.714575,0.811651,0.455657,0.932265,0.468875,0.997320,0.920148,0.666667,0.867956,0.498886,0.968504
7632,0.327068,0.601215,0.811825,0.476774,0.919870,0.470376,0.999110,0.919258,0.666667,0.857023,0.498886,0.968504
7633,0.361654,0.765182,0.812694,0.442238,0.895849,0.465673,0.997865,0.959293,0.666667,0.888141,0.498886,0.964961
7634,0.343609,0.555668,0.812868,0.440735,0.949474,0.465072,0.997483,0.944802,0.666667,0.888141,0.498886,0.968504
7635,0.346617,0.424089,0.812346,0.452421,0.929012,0.461069,0.995683,0.936406,0.666667,0.875526,0.498886,0.968504
7636,0.352632,0.724696,0.812173,0.443695,0.850931,0.464672,0.997387,0.935338,0.666667,0.883936,0.498886,0.968504
7637,0.319549,0.722672,0.812545,0.461162,0.841993,0.460368,0.997703,0.936050,0.666667,0.884777,0.498886,0.968504
7638,0.391729,0.556680,0.812967,0.451669,0.767907,0.460368,0.996966,0.947541,0.666667,0.879731,0.498886,0.968504
7639,0.338346,0.557692,0.812123,0.450396,0.882046,0.460368,0.996841,0.946240,0.666667,0.878049,0.498886,0.968504
7640,0.390226,0.660931,0.812595,0.424571,0.806423,0.462870,0.997224,0.958841,0.666667,0.887300,0.498886,0.968504
7641,0.442105,0.790486,0.811254,0.421534,0.832288,0.465673,0.996937,0.941378,0.666667,0.873003,0.498886,0.968504
7642,0.276692,0.692308,0.810732,0.452083,0.936721,0.467074,0.997942,0.922682,0.666667,0.874685,0.503062,0.968504
7643,0.453383,0.626518,0.811353,0.478660,0.932623,0.465172,0.996621,0.925079,0.666667,0.867115,0.521715,0.972205
7644,0.336090,0.569838,0.812719,0.442545,0.890471,0.464371,0.997894,0.945966,0.666667,0.884777,0.498886,0.968504
7645,0.414286,0.743927,0.812446,0.462864,0.855412,0.461069,0.997033,0.938187,0.666667,0.894870,0.498886,0.970315
7646,0.351128,0.633603,0.812644,0.441900,0.926247,0.460368,0.996745,0.945829,0.666667,0.877208,0.507238,0.972441
7647,0.263158,0.736842,0.812545,0.436564,0.907859,0.460869,0.997416,0.950486,0.666667,0.894870,0.517817,0.974016
7648,0.416541,0.521255,0.814184,0.443495,0.830572,0.464672,0.997320,0.953773,0.666667,0.894029,0.508630,0.974803
7649,0.319549,0.668016,0.815227,0.462251,0.878076,0.460368,0.997320,0.946377,0.666667,0.893188,0.526726,0.976378
7650,0.393985,0.574899,0.815252,0.451179,0.896720,0.460368,0.997052,0.955691,0.666667,0.896552,0.526726,0.976378
7651,0.392481,0.672065,0.815128,0.448633,0.903071,0.460368,0.997320,0.949870,0.666667,0.888982,0.526726,0.976378
7652,0.439850,0.591093,0.814581,0.447345,0.853517,0.460368,0.996745,0.958019,0.666667,0.894029,0.526726,0.976378
7653,0.292481,0.637652,0.816642,0.446332,0.859177,0.460368,0.998258,0.974565,0.666667,0.903280,0.526726,0.976378
7654,0.436842,0.589069,0.818132,0.423574,0.750467,0.460368,0.997195,0.981989,0.666667,0.910849,0.544265,0.977008
7655,0.243609,0.750000,0.818877,0.440934,0.888832,0.460368,0.997224,0.966717,0.666667,0.911690,0.526726,0.984252
7656,0.525564,0.522267,0.820590,0.472649,0.802966,0.460368,0.997061,0.962128,0.666667,0.900757,0.526726,0.984252
7657,0.486466,0.641700,0.820466,0.421918,0.852775,0.460368,0.997416,1.000000,0.666667,0.900757,0.526726,0.984252
7658,0.497744,0.772267,0.819225,0.393976,0.763246,0.460368,0.997033,0.991713,0.666667,0.909167,0.526726,0.987008
7659,0.431579,0.742915,0.818902,0.439155,0.756050,0.454864,0.997865,0.956855,0.666667,0.911690,0.526726,0.992126
7660,0.426316,0.695344,0.820293,0.447406,0.824503,0.455164,0.996937,0.973017,0.666667,0.902439,0.537305,0.992126
7661,0.521805,0.700405,0.822378,0.448802,0.879485,0.450360,0.997511,0.980071,0.666667,0.911690,0.530067,0.992126
7662,0.456391,0.723684,0.820019,0.456807,0.874517,0.457066,0.997128,0.970004,0.666667,0.903280,0.526726,0.992126
7663,0.358647,0.720648,0.817785,0.428236,0.850291,0.455665,0.996841,0.985824,0.666667,0.910008,0.526726,0.992126
7664,0.258647,0.548583,0.817015,0.424755,0.820866,0.455564,0.997224,0.983221,0.666667,0.912532,0.526726,0.992126
7665,0.382707,0.517206,0.818281,0.421458,0.859587,0.460368,0.997320,0.979729,0.666667,0.914214,0.542873,0.992126
7666,0.250376,0.525304,0.818877,0.436518,0.867321,0.460368,0.997224,0.969045,0.666667,0.905803,0.554566,0.992126
7667,0.293985,0.732794,0.818430,0.437100,0.839970,0.460368,0.997416,0.959937,0.666667,0.913373,0.536470,0.992126
7668,0.482707,0.649798,0.820392,0.474014,0.805065,0.455665,0.997128,0.962402,0.666667,0.899075,0.526726,0.992126
7669,0.528571,0.580972,0.821559,0.434309,0.869062,0.450360,0.997511,0.998836,0.666667,0.904962,0.532294,0.992126
7670,0.400752,0.722672,0.820317,0.414173,0.805245,0.450360,0.996956,0.985550,0.666667,0.922624,0.534243,0.992126
7671,0.459398,0.503036,0.820317,0.431395,0.802556,0.450360,0.997033,0.967676,0.666667,0.910849,0.547606,0.997795
7672,0.464662,0.647773,0.819200,0.434294,0.869677,0.450360,0.997224,0.973497,0.666667,0.903280,0.554566,1.000000
7673,0.424812,0.732794,0.818033,0.429693,0.800533,0.450360,0.996458,0.960389,0.666667,0.904121,0.532851,1.000000
7674,0.420301,0.685223,0.817660,0.441808,0.787779,0.450360,0.992314,0.929695,0.666667,0.901598,0.526726,1.000000
7675,0.462406,0.662955,0.815823,0.469489,0.839817,0.450360,0.988131,0.894124,0.666667,0.908326,0.550947,0.993465
7676,0.476692,0.561741,0.817636,0.485669,0.805629,0.450360,0.982387,0.917819,0.666667,0.881413,0.542038,0.992126
7677,0.290977,0.620445,0.816791,0.404312,0.835438,0.450360,0.977793,0.905903,0.666667,0.885618,0.540089,0.988583
7678,0.412782,0.587045,0.815425,0.403929,0.799764,0.450360,0.973476,0.861950,0.666667,0.862069,0.526726,0.984252
7679,0.345865,0.616397,0.815649,0.423329,0.846142,0.450360,0.970039,0.841501,0.533333,0.854500,0.526726,0.979764
7680,0.441353,0.748988,0.817909,0.390326,0.805603,0.455264,0.970709,0.856116,0.633333,0.853659,0.526726,0.974252
7681,0.446617,0.660931,0.819498,0.406628,0.792082,0.450360,0.969273,0.857554,0.666667,0.855341,0.526726,0.968504
7682,0.581955,0.759109,0.822031,0.428313,0.838972,0.451161,0.969082,0.851048,0.500000,0.859546,0.526726,0.962047
7683,0.512782,0.730769,0.824762,0.447498,0.873825,0.460368,0.969656,0.853513,0.666667,0.859546,0.502227,0.960630
7684,0.479699,0.549595,0.824638,0.456270,0.853978,0.455665,0.969656,0.861389,0.500000,0.862069,0.524499,0.960630
7685,0.608271,0.705466,0.827543,0.480869,0.810110,0.460368,0.968795,0.915080,0.666667,0.879731,0.500835,0.953543
7686,0.409774,0.564777,0.830672,0.407671,0.851853,0.460368,0.969178,0.936379,0.666667,0.911690,0.526169,0.952756
7687,0.566165,0.568826,0.830101,0.450780,0.792671,0.460368,0.970068,0.908985,0.666667,0.894870,0.542873,0.957087
7688,0.427068,0.570850,0.830598,0.444922,0.850163,0.460368,0.969609,0.917546,0.666667,0.910008,0.554566,0.960630
7689,0.475940,0.747976,0.833776,0.455043,0.795616,0.460368,0.968891,0.931790,0.666667,0.911690,0.554566,0.960630
7690,0.621805,0.713563,0.833404,0.423267,0.872622,0.460368,0.969015,0.944186,0.666667,0.922624,0.554566,0.960630
7691,0.610526,0.369433,0.833702,0.452712,0.915772,0.460368,0.969273,0.924640,0.666667,0.912532,0.573497,0.965906
7692,0.518797,0.661943,0.832386,0.465226,0.933135,0.455665,0.969053,0.895973,0.666667,0.898234,0.582405,0.968504
7693,0.546617,0.589069,0.831541,0.454951,0.866885,0.460368,0.964401,0.861841,0.666667,0.909167,0.582405,0.968504
7694,0.448872,0.707490,0.832907,0.462665,0.906118,0.460368,0.960659,0.816422,0.666667,0.883936,0.582405,0.965906
7695,0.445865,0.598178,0.830821,0.477403,0.812569,0.460368,0.951776,0.747336,0.666667,0.825904,0.582405,0.960630
7696,0.510526,0.544534,0.831814,0.528778,0.897949,0.460368,0.947640,0.717710,0.533333,0.753574,0.582405,0.951024
7697,0.572932,0.460526,0.833354,0.577300,0.865374,0.460368,0.947478,0.726476,0.666667,0.753574,0.563474,0.943307
7698,0.599248,0.544534,0.836160,0.555615,0.851341,0.456665,0.947449,0.750925,0.666667,0.767031,0.546214,0.934882
7699,0.536090,0.501012,0.836607,0.519883,0.856206,0.459167,0.948119,0.775031,0.666667,0.796468,0.526726,0.929134
7700,0.454887,0.600202,0.838420,0.527612,0.892725,0.456065,0.947229,0.768936,0.633333,0.799832,0.526726,0.922677
7701,0.473684,0.663968,0.841474,0.554787,0.895106,0.460068,0.947248,0.771620,0.333333,0.787216,0.526726,0.921260
7702,0.415038,0.692308,0.840133,0.518763,0.894517,0.460368,0.947449,0.773209,0.533333,0.809083,0.552617,0.917953
7703,0.467669,0.545547,0.839810,0.524361,0.851545,0.459568,0.947803,0.769895,0.633333,0.793103,0.541481,0.913386
7704,0.615038,0.589069,0.841151,0.532980,0.933622,0.455164,0.947593,0.769210,0.333333,0.800673,0.554566,0.913386
7705,0.542857,0.616397,0.840903,0.553468,0.889395,0.456865,0.947545,0.758184,0.500000,0.796468,0.555122,0.913386
7706,0.509774,0.712551,0.843510,0.535127,0.986376,0.455564,0.947449,0.793453,0.400000,0.805719,0.581013,0.913386
7707,0.434586,0.778340,0.842567,0.533915,0.899280,0.453163,0.947526,0.780551,0.433333,0.810765,0.567929,0.913386
7708,0.597744,0.747976,0.840655,0.517153,0.946375,0.450360,0.947420,0.786673,0.600000,0.811606,0.571269,0.913386
7709,0.537594,0.716599,0.842095,0.500391,0.874158,0.450360,0.947526,0.790782,0.500000,0.837679,0.582405,0.913386
7710,0.477444,0.629555,0.844156,0.506909,0.871546,0.450360,0.946970,0.785194,0.666667,0.834315,0.586581,0.913386
7711,0.527820,0.694332,0.847483,0.523640,0.928423,0.450360,0.947258,0.779482,0.566667,0.804878,0.610245,0.913386
7712,0.560902,0.585020,0.847061,0.556382,0.917027,0.450360,0.947449,0.777359,0.466667,0.804037,0.610245,0.913386
7713,0.521053,0.655870,0.848849,0.567454,0.992932,0.450360,0.946731,0.804999,0.366667,0.814971,0.589922,0.913386
7714,0.563910,0.691296,0.848973,0.502615,0.891700,0.450360,0.947238,0.823997,0.466667,0.847771,0.603842,0.913386
7715,0.580451,0.686235,0.850935,0.437836,0.908295,0.450360,0.947736,0.826599,0.666667,0.853659,0.610245,0.913386
7716,0.579699,0.590081,0.851183,0.493199,0.890215,0.450360,0.946875,0.784619,0.533333,0.828427,0.610245,0.913386
7717,0.591729,0.787449,0.854188,0.534682,0.897949,0.450360,0.947162,0.790782,0.666667,0.815812,0.623608,0.920472
7718,0.636842,0.538462,0.854089,0.563973,0.859612,0.450360,0.947449,0.800370,0.666667,0.817494,0.637249,0.917874
7719,0.587218,0.692308,0.852648,0.531753,0.828856,0.450360,0.947258,0.808588,0.666667,0.828427,0.611080,0.913386
7720,0.630075,0.593117,0.849222,0.529008,0.867577,0.450360,0.947640,0.793727,0.433333,0.849453,0.610245,0.917087
7721,0.481203,0.617409,0.849668,0.549282,0.887654,0.450360,0.946750,0.787467,0.333333,0.840202,0.610245,0.921102
7722,0.548872,0.682186,0.849371,0.552916,0.894799,0.450360,0.947382,0.793864,0.500000,0.828427,0.610245,0.921260
7723,0.522556,0.656883,0.848824,0.525434,0.929115,0.450360,0.947449,0.804547,0.400000,0.838520,0.610245,0.921260
7724,0.507519,0.739879,0.849718,0.523441,0.948449,0.450360,0.947545,0.798384,0.666667,0.825063,0.610245,0.921260
7725,0.652632,0.642713,0.847583,0.519791,0.879971,0.449059,0.947851,0.798932,0.566667,0.820858,0.614421,0.921260
7726,0.609023,0.582996,0.845646,0.531569,0.831186,0.442054,0.947612,0.783728,0.600000,0.841043,0.619432,0.921260
7727,0.596992,0.564777,0.848352,0.563206,0.852775,0.443555,0.947736,0.780126,0.500000,0.814971,0.629176,0.921260
7728,0.592481,0.586032,0.852127,0.552011,0.886911,0.440352,0.947382,0.794617,0.666667,0.822540,0.617762,0.921260
7729,0.690977,0.798583,0.852052,0.556489,0.877564,0.440352,0.947210,0.794083,0.500000,0.823381,0.610245,0.915512
7730,0.625564,0.714575,0.848526,0.543607,0.869088,0.440352,0.947736,0.799343,0.500000,0.821699,0.610245,0.919449
7731,0.611278,0.567814,0.847111,0.554235,0.928167,0.436549,0.947640,0.789002,0.666667,0.810765,0.610245,0.921260
7732,0.533083,0.468623,0.846863,0.542135,0.855464,0.430344,0.947229,0.787317,0.666667,0.809083,0.610245,0.921260
7733,0.512030,0.629555,0.844752,0.510145,0.914953,0.430344,0.948205,0.802123,0.333333,0.825063,0.610245,0.921260
7734,0.475188,0.722672,0.844503,0.496603,0.930011,0.430344,0.947822,0.791015,0.633333,0.819176,0.610245,0.918031
7735,0.517293,0.754049,0.844553,0.527397,0.869702,0.430344,0.947258,0.786262,0.533333,0.813288,0.610245,0.920630
7736,0.521805,0.714575,0.847458,0.539697,0.842992,0.430344,0.947449,0.791741,0.666667,0.811606,0.610245,0.921260
7737,0.635338,0.808704,0.850364,0.517690,0.864094,0.430344,0.947669,0.803479,0.666667,0.831791,0.610245,0.917559
7738,0.493985,0.554656,0.849991,0.532381,0.964788,0.430344,0.948119,0.798863,0.666667,0.830950,0.610245,0.917480
7739,0.624060,0.468623,0.849569,0.528502,0.972266,0.430344,0.947832,0.789138,0.666667,0.820858,0.610245,0.921260
7740,0.560150,0.630567,0.847359,0.539497,0.938155,0.430344,0.947832,0.791398,0.600000,0.814971,0.607461,0.920630
7741,0.503008,0.538462,0.845720,0.549128,0.940101,0.422338,0.947449,0.784454,0.600000,0.814971,0.599109,0.917953
7742,0.548872,0.580972,0.843659,0.520098,0.864657,0.423839,0.946875,0.801055,0.666667,0.818335,0.610245,0.916535
7743,0.612782,0.595142,0.842865,0.486466,0.859331,0.425540,0.947353,0.789111,0.666667,0.842725,0.610245,0.917323
7744,0.548120,0.767206,0.843113,0.478691,0.835642,0.421337,0.947277,0.790508,0.666667,0.814971,0.610245,0.917165
7745,0.549624,0.717611,0.841971,0.506219,0.870983,0.425140,0.947908,0.772291,0.666667,0.800673,0.630290,0.917323
7746,0.600000,0.762146,0.842567,0.543408,0.851853,0.429844,0.947430,0.775305,0.500000,0.817494,0.618040,0.913386
7747,0.469173,0.554656,0.846738,0.541997,0.867013,0.420336,0.947928,0.790070,0.666667,0.819176,0.618597,0.913386
7748,0.470677,0.542510,0.848601,0.534912,0.851059,0.420336,0.947573,0.791398,0.500000,0.817494,0.638085,0.913386
7749,0.532331,0.764170,0.845099,0.510375,0.886937,0.420336,0.947956,0.800712,0.666667,0.832632,0.638085,0.913386
7750,0.566165,0.533401,0.842840,0.519837,0.940639,0.420336,0.947277,0.793248,0.366667,0.827586,0.613586,0.913386
7751,0.575188,0.600202,0.841201,0.518257,0.974980,0.420336,0.947229,0.786646,0.466667,0.820858,0.622773,0.913386
7752,0.548872,0.517206,0.843610,0.523931,0.869395,0.420336,0.947449,0.784071,0.533333,0.814971,0.612194,0.917087
7753,0.652632,0.636640,0.845124,0.508902,0.846142,0.411829,0.947813,0.793932,0.433333,0.828427,0.638085,0.913386
7754,0.607519,0.610324,0.842045,0.500360,0.772260,0.410328,0.947545,0.788385,0.333333,0.816653,0.638085,0.913386
7755,0.488722,0.685223,0.842939,0.498949,0.899076,0.415132,0.947736,0.789960,0.333333,0.814130,0.624165,0.913386
7756,0.595489,0.526316,0.843063,0.503397,0.857282,0.410328,0.947545,0.786810,0.600000,0.809083,0.638085,0.914016
7757,0.538346,0.699393,0.843212,0.489901,0.824042,0.410328,0.948004,0.787426,0.500000,0.809083,0.638085,0.916535
7758,0.612782,0.526316,0.843014,0.489886,0.854081,0.410328,0.947353,0.785577,0.400000,0.809924,0.638085,0.913386
7759,0.529323,0.730769,0.843560,0.516647,0.900407,0.410328,0.948282,0.774688,0.333333,0.809924,0.638085,0.914724
7760,0.571429,0.634615,0.845571,0.563390,0.823043,0.405324,0.946970,0.769689,0.500000,0.820017,0.638085,0.915748
7761,0.546617,0.663968,0.846341,0.561703,0.785244,0.410328,0.947640,0.791974,0.466667,0.804037,0.638085,0.913386
7762,0.664662,0.720648,0.845844,0.502155,0.826833,0.410328,0.947640,0.813724,0.366667,0.846930,0.638085,0.913386
7763,0.624812,0.695344,0.845695,0.513365,0.816052,0.404524,0.946894,0.796932,0.666667,0.835997,0.638085,0.914961
7764,0.621805,0.552632,0.846763,0.533838,0.888345,0.410328,0.948119,0.797973,0.500000,0.826745,0.638085,0.917323
7765,0.632331,0.564777,0.847930,0.522444,0.859766,0.410328,0.947420,0.799548,0.366667,0.841043,0.638085,0.921260
7766,0.658647,0.528340,0.848849,0.509132,0.832262,0.405825,0.947162,0.815231,0.500000,0.830950,0.638085,0.921260
7767,0.660902,0.680162,0.848352,0.515313,0.863889,0.400320,0.947037,0.811601,0.500000,0.841043,0.638085,0.921260
7768,0.418797,0.755061,0.847160,0.523257,0.857026,0.400320,0.947803,0.793521,0.666667,0.828427,0.651169,0.921260
7769,0.593233,0.531377,0.843485,0.517276,0.871623,0.400320,0.947832,0.787700,0.600000,0.818335,0.638085,0.921260
7770,0.662406,0.688259,0.840903,0.526462,0.837819,0.400320,0.947640,0.780304,0.333333,0.803196,0.638085,0.921260
7771,0.706767,0.466599,0.837873,0.520481,0.818997,0.400320,0.947325,0.778071,0.500000,0.804878,0.638085,0.921260
7772,0.671429,0.628543,0.836384,0.510743,0.936439,0.400320,0.947191,0.782085,0.433333,0.804878,0.638085,0.921260
7773,0.567669,0.753036,0.834894,0.506878,0.932469,0.400320,0.947736,0.779756,0.566667,0.803196,0.638085,0.921260
7774,0.615789,0.683198,0.834223,0.518564,0.799790,0.400320,0.948023,0.767224,0.600000,0.798991,0.638085,0.921260
7775,0.661654,0.594130,0.833280,0.520251,0.891086,0.400320,0.947258,0.767224,0.666667,0.801514,0.638085,0.921260
7776,0.576692,0.676113,0.832783,0.517260,0.825706,0.400320,0.947621,0.765512,0.500000,0.796468,0.638085,0.915354
7777,0.626316,0.852227,0.832038,0.513104,0.901636,0.390612,0.947066,0.766881,0.666667,0.784693,0.638085,0.913386
7778,0.566917,0.586032,0.831070,0.504317,0.928884,0.399620,0.947449,0.767155,0.333333,0.797309,0.638085,0.913386
7779,0.557895,0.568826,0.832435,0.512138,0.875054,0.395116,0.947640,0.765922,0.500000,0.796468,0.638085,0.913386
7780,0.588722,0.631579,0.833230,0.513902,0.873339,0.391613,0.947736,0.751226,0.666667,0.788898,0.652004,0.913386
7781,0.520301,0.675101,0.831144,0.535970,0.862660,0.393815,0.947353,0.751678,0.533333,0.772077,0.638085,0.913386
7782,0.556391,0.694332,0.831839,0.537856,0.755179,0.390312,0.948023,0.759759,0.633333,0.782170,0.638085,0.909606
7783,0.560902,0.460526,0.833329,0.532642,0.924582,0.390312,0.947640,0.777907,0.366667,0.795627,0.638085,0.909843
7784,0.481203,0.649798,0.833528,0.522291,0.796102,0.395216,0.946836,0.779414,0.600000,0.809083,0.638085,0.909291
7785,0.440602,0.784413,0.835117,0.494870,0.813542,0.390312,0.947258,0.801397,0.533333,0.819176,0.638085,0.913386
7786,0.626316,0.731781,0.836806,0.455381,0.835284,0.390312,0.947640,0.786810,0.666667,0.819176,0.653953,0.913386
7787,0.575188,0.634615,0.837128,0.522705,0.768624,0.394616,0.948521,0.758663,0.500000,0.795627,0.665924,0.913386
7788,0.587218,0.705466,0.837700,0.539467,0.834029,0.400320,0.948167,0.764895,0.666667,0.798150,0.665924,0.913386
7789,0.573684,0.675101,0.837973,0.532596,0.847525,0.400320,0.947573,0.773798,0.666667,0.804878,0.651448,0.913386
7790,0.503759,0.670040,0.838122,0.544957,0.863069,0.400320,0.947353,0.783317,0.500000,0.808242,0.665924,0.913386
7791,0.460150,0.861336,0.836731,0.491665,0.872826,0.400320,0.947736,0.805506,0.666667,0.823381,0.665924,0.913386
7792,0.521053,0.622470,0.835390,0.487294,0.764885,0.400320,0.947430,0.786331,0.500000,0.822540,0.658129,0.913386
7793,0.681955,0.567814,0.836185,0.503581,0.789086,0.400320,0.947707,0.762156,0.500000,0.793103,0.660913,0.915591
7794,0.700000,0.538462,0.836359,0.531415,0.809496,0.400320,0.947258,0.761129,0.466667,0.792262,0.665924,0.915118
7795,0.599248,0.784413,0.835241,0.526155,0.780968,0.400320,0.947353,0.761471,0.533333,0.786375,0.665924,0.913386
7796,0.651880,0.535425,0.835788,0.532918,0.873159,0.403823,0.947593,0.772908,0.466667,0.796468,0.665924,0.913386
7797,0.562406,0.574899,0.837700,0.517720,0.934365,0.401521,0.947401,0.785783,0.333333,0.812447,0.652561,0.913386
7798,0.672932,0.667004,0.838022,0.500238,0.777971,0.400320,0.947258,0.795234,0.333333,0.816653,0.665924,0.913386
7799,0.640602,0.530364,0.837700,0.494717,0.890548,0.400320,0.947899,0.787837,0.333333,0.823381,0.665924,0.917165
7800,0.609023,0.524291,0.837327,0.512445,0.939973,0.400320,0.948023,0.766881,0.400000,0.797309,0.665924,0.913937
7801,0.557895,0.588057,0.837898,0.531308,0.842224,0.400320,0.947928,0.764621,0.500000,0.797309,0.665924,0.921260
7802,0.507519,0.811741,0.837824,0.542120,0.884786,0.400320,0.946808,0.766950,0.566667,0.802355,0.665924,0.917165
7803,0.372180,0.549595,0.839165,0.535433,0.836795,0.400320,0.947640,0.779071,0.333333,0.797309,0.665924,0.917323
7804,0.457143,0.664980,0.837774,0.512476,0.884325,0.400320,0.947258,0.781605,0.466667,0.804878,0.665924,0.917323
7805,0.597744,0.692308,0.837501,0.518104,0.893877,0.400320,0.947688,0.769073,0.533333,0.795627,0.665924,0.915748
7806,0.520301,0.455466,0.836657,0.513825,0.847320,0.400320,0.947621,0.772086,0.500000,0.806560,0.665924,0.917323
7807,0.533835,0.589069,0.835961,0.507906,0.893621,0.400320,0.947707,0.771538,0.333333,0.797309,0.665924,0.913386
7808,0.524060,0.519231,0.834347,0.506832,0.879024,0.400320,0.947334,0.762019,0.500000,0.793944,0.657016,0.913386
7809,0.631579,0.857287,0.834745,0.503627,0.917053,0.400320,0.947526,0.761745,0.333333,0.792262,0.660913,0.917087
7810,0.570677,0.828947,0.836582,0.515497,0.873595,0.395616,0.947353,0.759143,0.333333,0.783011,0.665924,0.913386
7811,0.487970,0.632591,0.838941,0.513212,0.911137,0.395516,0.947545,0.772291,0.500000,0.798991,0.665924,0.913386
7812,0.642105,0.653846,0.839165,0.517322,0.943712,0.400320,0.946856,0.773839,0.666667,0.793944,0.665924,0.913386
7813,0.612782,0.790486,0.838767,0.523272,0.870291,0.398919,0.948234,0.770045,0.500000,0.800673,0.665924,0.913386
7814,0.588722,0.679150,0.837178,0.536016,0.838613,0.396817,0.947162,0.768388,0.500000,0.786375,0.665924,0.913386
7815,0.550376,0.723684,0.834198,0.516724,0.834849,0.400320,0.947516,0.767909,0.666667,0.793103,0.665924,0.913386
7816,0.469925,0.832996,0.833429,0.510283,0.875643,0.395516,0.947353,0.767155,0.466667,0.798150,0.665924,0.917087
7817,0.398496,0.731781,0.833081,0.496404,0.861098,0.400320,0.948052,0.770648,0.566667,0.798991,0.665924,0.913543
7818,0.569925,0.471660,0.831914,0.514117,0.838408,0.392314,0.947832,0.753048,0.600000,0.782170,0.681793,0.913386
7819,0.527820,0.566802,0.830796,0.523364,0.918538,0.395316,0.947258,0.749349,0.566667,0.779647,0.677617,0.913386
7820,0.539850,0.729757,0.832708,0.519269,0.884171,0.395116,0.947066,0.770442,0.566667,0.794786,0.665924,0.913386
7821,0.539850,0.696356,0.836830,0.495254,0.906681,0.390312,0.947545,0.784824,0.600000,0.803196,0.670935,0.913386
7822,0.545113,0.670040,0.840804,0.479657,0.878179,0.390312,0.946970,0.784345,0.366667,0.812447,0.693764,0.913386
7823,0.506015,0.765182,0.842591,0.518211,0.919819,0.390312,0.947755,0.762539,0.633333,0.790580,0.681514,0.913386
7824,0.471429,0.769231,0.842790,0.552916,0.883249,0.384608,0.947277,0.771497,0.666667,0.796468,0.693764,0.917008
7825,0.464662,0.734818,0.841499,0.538010,0.847730,0.380304,0.948023,0.783728,0.533333,0.809083,0.680401,0.919291
7826,0.575188,0.554656,0.840729,0.522521,0.885324,0.380304,0.947210,0.798658,0.500000,0.819176,0.670935,0.921260
7827,0.686466,0.526316,0.842591,0.509286,0.865579,0.380304,0.948263,0.800644,0.666667,0.827586,0.675668,0.921260
7828,0.493233,0.716599,0.842790,0.520251,0.866988,0.380304,0.947832,0.799890,0.500000,0.824222,0.693764,0.921260
7829,0.677444,0.670040,0.844603,0.491542,0.894824,0.377502,0.947832,0.804205,0.500000,0.835156,0.679844,0.921260
7830,0.736842,0.548583,0.843634,0.498827,0.904428,0.370296,0.947832,0.793179,0.533333,0.821699,0.693764,0.921260
7831,0.657895,0.629555,0.840009,0.495346,0.937156,0.370296,0.947889,0.789782,0.666667,0.817494,0.667595,0.928504
7832,0.480451,0.637652,0.839016,0.500314,0.836616,0.370296,0.947564,0.775510,0.666667,0.823381,0.679844,0.929134
7833,0.581203,0.542510,0.837625,0.517260,0.797869,0.370296,0.947449,0.769621,0.600000,0.804878,0.678452,0.929134
7834,0.512030,0.662955,0.837029,0.522245,0.817767,0.369596,0.947640,0.768251,0.333333,0.804878,0.665924,0.928583
7835,0.562406,0.682186,0.836458,0.540157,0.919921,0.365993,0.947353,0.774277,0.600000,0.802355,0.665924,0.921260
7836,0.501504,0.541498,0.837128,0.522091,0.894261,0.364091,0.948023,0.782496,0.566667,0.806560,0.665924,0.921260
7837,0.607519,0.502024,0.834869,0.500912,0.844375,0.360288,0.947200,0.791097,0.400000,0.819176,0.682628,0.921260
7838,0.531579,0.668016,0.833131,0.506157,0.914748,0.360288,0.948119,0.771059,0.533333,0.799832,0.665924,0.921260
7839,0.590977,0.938259,0.832435,0.477863,0.967835,0.355584,0.947449,0.775168,0.633333,0.802355,0.687361,0.921260
7840,0.678947,0.810729,0.831243,0.490960,0.770109,0.357586,0.947650,0.766361,0.366667,0.809083,0.693764,0.921260
7841,0.662406,0.605263,0.830474,0.507722,0.829138,0.350280,0.947267,0.747459,0.500000,0.776283,0.693764,0.921260
7842,0.619549,0.474696,0.831243,0.511970,0.853902,0.344776,0.947449,0.764553,0.333333,0.788057,0.693764,0.921260
7843,0.600000,0.797571,0.832857,0.514776,0.824016,0.349580,0.948023,0.769004,0.466667,0.798991,0.693764,0.921260
7844,0.564662,0.638664,0.832311,0.505237,0.800225,0.345476,0.947449,0.771949,0.500000,0.798150,0.693764,0.921260
7845,0.454135,0.839069,0.832758,0.498075,0.904453,0.340272,0.947353,0.770648,0.400000,0.791421,0.693764,0.921260
7846,0.436090,0.775304,0.832907,0.495484,0.900663,0.334568,0.948023,0.763936,0.600000,0.793103,0.693764,0.921260
7847,0.366165,0.592105,0.834099,0.519101,0.768675,0.330264,0.946702,0.757157,0.500000,0.792262,0.693764,0.921260
7848,0.446617,0.740891,0.833354,0.524790,0.929909,0.330264,0.947516,0.757841,0.333333,0.786375,0.693764,0.921260
7849,0.621053,0.709514,0.831839,0.516340,0.890471,0.330264,0.947736,0.762978,0.600000,0.782170,0.693764,0.921260
7850,0.651880,0.599190,0.830101,0.496649,0.826679,0.330264,0.947162,0.777085,0.400000,0.798991,0.693764,0.921260
7851,0.553383,0.657895,0.829431,0.496250,0.847448,0.330264,0.948148,0.766498,0.466667,0.795627,0.721047,0.921260
7852,0.600000,0.762146,0.829480,0.531231,0.797588,0.330264,0.946970,0.748459,0.666667,0.779647,0.721604,0.921260
7853,0.636842,0.737854,0.829729,0.531523,0.889472,0.330264,0.947200,0.757403,0.366667,0.782170,0.743875,0.921260
7854,0.621053,0.714575,0.829704,0.521662,0.905811,0.321257,0.947497,0.753801,0.666667,0.786375,0.749443,0.921260
7855,0.591729,0.646761,0.829406,0.518073,0.938846,0.324960,0.947353,0.759211,0.666667,0.783852,0.749443,0.921260
7856,0.569925,0.661943,0.828835,0.516233,0.819560,0.320256,0.947928,0.756266,0.666667,0.788057,0.749443,0.921260
7857,0.460902,0.585020,0.828164,0.495944,0.853953,0.320256,0.947478,0.771881,0.666667,0.808242,0.749443,0.921260
7858,0.590226,0.687247,0.831094,0.501633,0.868371,0.320256,0.947258,0.765443,0.666667,0.790580,0.749443,0.921260
7859,0.515789,0.829960,0.829902,0.492079,0.795462,0.320256,0.947353,0.763457,0.500000,0.798991,0.749443,0.921260
7860,0.559398,0.731781,0.830474,0.515573,0.888064,0.320256,0.947545,0.753938,0.400000,0.786375,0.749443,0.921260
7861,0.487970,0.652834,0.830474,0.512675,0.883659,0.320256,0.947899,0.758663,0.466667,0.789739,0.729399,0.921260
7862,0.416541,0.730769,0.832957,0.508136,0.903660,0.320256,0.947305,0.770442,0.533333,0.814971,0.721604,0.921260
7863,0.390226,0.739879,0.835490,0.507307,0.878921,0.320256,0.947640,0.775305,0.666667,0.798150,0.721604,0.921260
7864,0.533835,0.782389,0.835117,0.506449,0.859126,0.320256,0.947420,0.775921,0.333333,0.811606,0.721604,0.921260
7865,0.631579,0.765182,0.834124,0.508519,0.889805,0.320256,0.948234,0.773675,0.666667,0.797309,0.721604,0.921260
7866,0.456391,0.753036,0.833702,0.508182,0.864196,0.320256,0.947851,0.775058,0.666667,0.806560,0.721604,0.923228
7867,0.575940,0.636640,0.832410,0.504194,0.822940,0.320256,0.947047,0.768484,0.533333,0.795627,0.721604,0.925276
7868,0.514286,0.653846,0.831765,0.495269,0.864145,0.320256,0.947449,0.764758,0.500000,0.794786,0.721604,0.929134
7869,0.520301,0.656883,0.829977,0.507047,0.773976,0.320256,0.947382,0.760567,0.666667,0.791421,0.721604,0.929134
7870,0.532331,0.520243,0.829480,0.503673,0.699608,0.320256,0.946147,0.764087,0.666667,0.814971,0.721604,0.929134
7871,0.602256,0.694332,0.830821,0.502783,0.867935,0.315953,0.948023,0.763868,0.666667,0.789739,0.708519,0.925433
7872,0.586466,0.653846,0.832485,0.504992,0.900433,0.320256,0.947334,0.765032,0.666667,0.806560,0.721604,0.924803
7873,0.582707,0.690283,0.832386,0.504884,0.924326,0.310949,0.947258,0.765649,0.400000,0.788057,0.717984,0.921260
7874,0.536090,0.781377,0.831144,0.501357,0.870189,0.315452,0.947669,0.765032,0.600000,0.787216,0.693764,0.921260
7875,0.560150,0.719636,0.829729,0.491282,0.935747,0.314251,0.947545,0.763868,0.666667,0.786375,0.693764,0.921260
7876,0.624812,0.652834,0.829033,0.499088,0.880663,0.310248,0.947736,0.756883,0.566667,0.783011,0.693764,0.921260
7877,0.503759,0.725709,0.828040,0.495560,0.852032,0.310248,0.947736,0.756472,0.333333,0.785534,0.693764,0.921260
7878,0.525564,0.699393,0.827320,0.510160,0.830367,0.310248,0.946875,0.758800,0.500000,0.777124,0.693764,0.921260
7879,0.589474,0.774291,0.826426,0.489426,0.947502,0.310248,0.947305,0.761197,0.466667,0.794786,0.693764,0.921260
7880,0.554135,0.695344,0.826774,0.490622,0.871392,0.310248,0.947449,0.755855,0.533333,0.784693,0.693764,0.921260
7881,0.577444,0.751012,0.828586,0.522720,0.868345,0.310248,0.947545,0.750034,0.333333,0.782170,0.693764,0.921260
7882,0.422556,0.846154,0.830772,0.522751,0.854209,0.310248,0.947765,0.764142,0.500000,0.785534,0.693764,0.921260
7883,0.537594,0.760121,0.831144,0.510543,0.792389,0.305645,0.947478,0.768648,0.500000,0.813288,0.693764,0.921260
7884,0.589474,0.619433,0.831790,0.494073,0.756639,0.305544,0.947449,0.769484,0.500000,0.795627,0.693764,0.921260
7885,0.431579,0.711538,0.830623,0.498336,0.851853,0.302042,0.947832,0.765991,0.466667,0.797309,0.693764,0.921260
7886,0.460902,0.807692,0.830424,0.492462,0.810648,0.300240,0.947353,0.759827,0.333333,0.796468,0.679844,0.921260
7887,0.624812,0.667004,0.831467,0.505145,0.851622,0.300240,0.947162,0.753732,0.366667,0.793103,0.693764,0.921260
7888,0.522556,0.785425,0.832336,0.498627,0.822377,0.300240,0.947382,0.758252,0.433333,0.795627,0.680679,0.921260
7889,0.542105,0.663968,0.832659,0.506341,0.791570,0.300240,0.947640,0.756198,0.400000,0.791421,0.693764,0.921260
7890,0.596992,0.807692,0.832932,0.503228,0.821788,0.300240,0.947573,0.768114,0.433333,0.804878,0.693764,0.921260
7891,0.549624,0.529352,0.834620,0.523057,0.817102,0.300240,0.947258,0.758663,0.500000,0.788057,0.680401,0.921260
7892,0.322556,0.637652,0.836632,0.523901,0.874414,0.300240,0.947258,0.764553,0.500000,0.789739,0.693764,0.921260
7893,0.575188,0.721660,0.837402,0.556060,0.854106,0.295536,0.947803,0.762567,0.333333,0.790580,0.693764,0.921260
7894,0.478195,0.745951,0.834869,0.524867,0.768829,0.294936,0.948454,0.767361,0.333333,0.790580,0.689031,0.921260
7895,0.573684,0.760121,0.832982,0.511908,0.855387,0.290232,0.947258,0.773045,0.333333,0.797309,0.684855,0.921260
7896,0.535338,0.712551,0.830796,0.504777,0.795590,0.290232,0.948071,0.767361,0.333333,0.798150,0.693764,0.921260
7897,0.524812,0.687247,0.830275,0.493260,0.848293,0.290232,0.947573,0.764416,0.333333,0.820858,0.693764,0.921260
7898,0.501504,0.739879,0.834099,0.507093,0.832416,0.284227,0.947258,0.766676,0.500000,0.793944,0.693764,0.921260
7899,0.539098,0.747976,0.832982,0.487095,0.798638,0.284928,0.947564,0.767361,0.633333,0.800673,0.715479,0.921260
7900,0.470677,0.728745,0.832932,0.509562,0.816128,0.289432,0.947832,0.759348,0.333333,0.797309,0.698775,0.921260
7901,0.477444,0.610324,0.833826,0.528149,0.823427,0.280224,0.947832,0.751472,0.500000,0.781329,0.693764,0.921260
7902,0.581955,0.556680,0.832485,0.542534,0.846501,0.280224,0.947277,0.750445,0.333333,0.785534,0.693764,0.921260
7903,0.593233,0.647773,0.832162,0.527244,0.780020,0.280224,0.946846,0.767018,0.366667,0.787216,0.693764,0.921260
7904,0.604511,0.704453,0.830523,0.501403,0.837537,0.272518,0.947162,0.771949,0.666667,0.800673,0.693764,0.921260
7905,0.591729,0.640688,0.831119,0.482003,0.767267,0.273919,0.947832,0.778318,0.500000,0.804037,0.693764,0.921260
7906,0.376692,0.730769,0.834173,0.489518,0.872801,0.271017,0.947880,0.765306,0.666667,0.804878,0.693764,0.921260
7907,0.582707,0.659919,0.832857,0.527505,0.843325,0.270216,0.948023,0.743871,0.666667,0.775442,0.720768,0.921260
7908,0.485714,0.750000,0.831417,0.546276,0.831468,0.270216,0.948119,0.742775,0.666667,0.771236,0.693764,0.921260
7909,0.517293,0.733806,0.830672,0.501173,0.894824,0.270216,0.947353,0.744829,0.600000,0.783011,0.691537,0.921260
7910,0.688722,0.446356,0.833528,0.530695,0.825092,0.270216,0.947870,0.750253,0.566667,0.770395,0.679844,0.917638
7911,0.556391,0.567814,0.831417,0.497815,0.824835,0.270216,0.947258,0.732023,0.666667,0.760303,0.690423,0.921260
7912,0.630827,0.488866,0.830200,0.561274,0.899178,0.270216,0.946875,0.730927,0.666667,0.756098,0.665924,0.916299
7913,0.476692,0.898785,0.830250,0.559695,0.785756,0.270216,0.947640,0.749760,0.666667,0.772077,0.679287,0.913386
7914,0.678947,0.844130,0.831392,0.471836,0.857564,0.265012,0.947832,0.755376,0.533333,0.773759,0.672049,0.913386
7915,0.403759,0.832996,0.830672,0.523333,0.870445,0.260208,0.947640,0.745720,0.633333,0.771236,0.693764,0.913386
7916,0.633835,0.751012,0.830002,0.439523,0.809470,0.260208,0.947420,0.749007,0.533333,0.772918,0.693764,0.913386
7917,0.618045,0.718623,0.829555,0.520404,0.852467,0.264912,0.947669,0.731955,0.666667,0.764508,0.693764,0.913386
7918,0.655639,0.667004,0.828859,0.534068,0.924582,0.260208,0.947449,0.746405,0.500000,0.771236,0.693764,0.913386
7919,0.590977,0.697368,0.829604,0.443848,0.840815,0.260208,0.946903,0.750719,0.500000,0.774601,0.703508,0.913386
7920,0.593233,0.713563,0.828040,0.505958,0.796768,0.260208,0.948023,0.740994,0.666667,0.765349,0.721604,0.913386
7921,0.384211,0.619433,0.829406,0.503412,0.848242,0.260208,0.947707,0.769621,0.633333,0.785534,0.721604,0.913386
7922,0.457895,0.616397,0.829033,0.444277,0.871776,0.264912,0.947526,0.785783,0.466667,0.815812,0.721604,0.913386
7923,0.658647,0.711538,0.831417,0.437146,0.813491,0.260208,0.947258,0.786331,0.333333,0.811606,0.721604,0.913386
7924,0.518797,0.782389,0.830523,0.406306,0.836129,0.260208,0.947449,0.763046,0.333333,0.798991,0.736359,0.921102
7925,0.381955,0.602227,0.828984,0.487785,0.828677,0.260208,0.947258,0.747569,0.400000,0.772077,0.734131,0.921260
7926,0.511278,0.681174,0.828512,0.466238,0.791544,0.260208,0.947430,0.762430,0.666667,0.785534,0.721604,0.921260
7927,0.396992,0.676113,0.828760,0.446915,0.787549,0.260208,0.947908,0.758115,0.400000,0.787216,0.721604,0.921260
7928,0.603759,0.562753,0.829381,0.423605,0.804144,0.260208,0.948406,0.794617,0.500000,0.802355,0.721604,0.921260
7929,0.424812,0.631579,0.829704,0.420430,0.796512,0.260208,0.947191,0.792289,0.333333,0.835156,0.721604,0.921260
7930,0.662406,0.554656,0.831070,0.387642,0.871802,0.260208,0.947573,0.810916,0.466667,0.834315,0.721604,0.922992
7931,0.545865,0.631579,0.831516,0.356127,0.818433,0.260208,0.947736,0.805780,0.366667,0.837679,0.721604,0.925433
7932,0.643609,0.794534,0.830896,0.415293,0.805373,0.260208,0.947449,0.771538,0.333333,0.811606,0.711860,0.929134
7933,0.569173,0.937247,0.828984,0.445366,0.759559,0.256805,0.948311,0.764553,0.333333,0.790580,0.716592,0.929134
7934,0.475188,0.535425,0.827419,0.459537,0.823017,0.254904,0.947813,0.761745,0.366667,0.809924,0.710468,0.929134
7935,0.461654,0.697368,0.827891,0.430215,0.832825,0.250200,0.947545,0.790371,0.466667,0.808242,0.705735,0.929134
7936,0.587970,0.668016,0.828735,0.408146,0.866578,0.248499,0.948311,0.795507,0.333333,0.822540,0.721604,0.929134
7937,0.514286,0.605263,0.828115,0.378932,0.776870,0.247398,0.948167,0.791125,0.566667,0.817494,0.721047,0.929134
7938,0.576692,0.678138,0.828462,0.393317,0.749853,0.245396,0.946970,0.781468,0.600000,0.816653,0.707684,0.929134
7939,0.429323,0.687247,0.828214,0.441854,0.849292,0.241894,0.947449,0.782222,0.333333,0.809083,0.709633,0.929134
7940,0.551880,0.789474,0.828264,0.429785,0.935082,0.240192,0.947286,0.784139,0.600000,0.809083,0.705457,0.929134
7941,0.613534,0.784413,0.828040,0.423375,0.766780,0.240192,0.948406,0.784892,0.500000,0.813288,0.693764,0.929134
7942,0.644361,0.764170,0.827990,0.437131,0.699147,0.235488,0.948215,0.779551,0.666667,0.802355,0.693764,0.929134
7943,0.483459,0.823887,0.826451,0.444814,0.830674,0.233687,0.947258,0.770990,0.666667,0.802355,0.693764,0.929134
7944,0.575188,0.660931,0.825830,0.411428,0.770237,0.230184,0.947449,0.774825,0.666667,0.796468,0.693764,0.929134
7945,0.494737,0.599190,0.824886,0.401107,0.796512,0.226882,0.947995,0.754760,0.666667,0.799832,0.693764,0.929134
7946,0.521805,0.655870,0.825110,0.451792,0.773643,0.228983,0.947372,0.760238,0.666667,0.782170,0.693764,0.929134
7947,0.660902,0.799595,0.824042,0.451669,0.742426,0.224680,0.947066,0.770648,0.666667,0.795627,0.693764,0.925197
7948,0.572180,0.597166,0.822701,0.416320,0.758611,0.220176,0.947162,0.780646,0.666667,0.817494,0.693764,0.925039
7949,0.538346,0.566802,0.823421,0.396921,0.784245,0.220176,0.946683,0.791741,0.500000,0.814130,0.693764,0.929134
7950,0.588722,0.701417,0.823843,0.375328,0.849446,0.220176,0.947210,0.798110,0.633333,0.829268,0.706292,0.929134
7951,0.559398,0.671053,0.823843,0.344365,0.719660,0.220176,0.948119,0.791193,0.533333,0.818335,0.708519,0.929134
7952,0.575188,0.575911,0.824464,0.384269,0.845041,0.215673,0.947832,0.771881,0.500000,0.805719,0.721604,0.929134
7953,0.578195,0.611336,0.824340,0.411766,0.802044,0.210669,0.947832,0.784619,0.666667,0.805719,0.721604,0.929134
7954,0.540602,0.555668,0.823918,0.344810,0.695536,0.210168,0.948215,0.791467,0.500000,0.820858,0.721604,0.929134
7955,0.529323,0.621457,0.823173,0.415584,0.756793,0.203963,0.947736,0.756609,0.600000,0.786375,0.721604,0.929134
7956,0.581203,0.688259,0.822801,0.459797,0.729366,0.200160,0.947640,0.758115,0.566667,0.789739,0.721604,0.929134
7957,0.562406,0.704453,0.822378,0.403975,0.784271,0.200160,0.947258,0.790782,0.500000,0.805719,0.721604,0.929134
7958,0.474436,0.678138,0.823595,0.386998,0.799406,0.200160,0.946923,0.798384,0.366667,0.842725,0.721604,0.929134
7959,0.643609,0.703441,0.825954,0.337847,0.769597,0.200160,0.947258,0.808040,0.466667,0.840202,0.721604,0.929134
7960,0.566917,0.736842,0.827543,0.387489,0.727599,0.190953,0.947545,0.781879,0.333333,0.820017,0.721604,0.929134
7961,0.560902,0.744939,0.827668,0.410569,0.747650,0.194355,0.947133,0.782838,0.500000,0.810765,0.721604,0.929134
7962,0.617293,0.673077,0.826500,0.385572,0.734359,0.190152,0.947401,0.797220,0.666667,0.817494,0.721604,0.929134
7963,0.633835,0.484818,0.825954,0.403653,0.788881,0.190152,0.948311,0.779619,0.333333,0.824222,0.721604,0.929134
7964,0.544361,0.676113,0.826500,0.446148,0.767292,0.190152,0.947832,0.774141,0.366667,0.803196,0.721604,0.929134
7965,0.583459,0.611336,0.825607,0.400524,0.817230,0.190152,0.947803,0.799822,0.500000,0.820858,0.721604,0.929134
7966,0.390226,0.576923,0.826277,0.364746,0.732362,0.185649,0.947640,0.809958,0.466667,0.841043,0.721604,0.929134
7967,0.496992,0.726721,0.826923,0.368657,0.800405,0.189852,0.947372,0.789823,0.333333,0.830109,0.721604,0.929764
7968,0.526316,0.617409,0.828636,0.411413,0.869088,0.190152,0.947353,0.792289,0.433333,0.823381,0.721604,0.937008
7969,0.434586,0.597166,0.828462,0.424326,0.757484,0.188451,0.946875,0.800507,0.400000,0.833474,0.721604,0.937008
7970,0.453383,0.712551,0.828661,0.288727,0.723168,0.187350,0.948215,0.776948,0.500000,0.820017,0.721604,0.937008
7971,0.617293,0.678138,0.828264,0.375665,0.810366,0.185448,0.948215,0.737639,0.633333,0.773759,0.721604,0.937008
7972,0.437594,0.730769,0.827817,0.464291,0.819611,0.190152,0.947325,0.763663,0.366667,0.788057,0.736080,0.931102
7973,0.633083,0.683198,0.826749,0.378426,0.764117,0.185448,0.948311,0.758732,0.500000,0.788057,0.721604,0.929134
7974,0.569173,0.618421,0.824489,0.465916,0.803606,0.190152,0.947545,0.745788,0.666667,0.780488,0.721604,0.929134
7975,0.550376,0.473684,0.825011,0.224516,0.827755,0.187950,0.948215,0.803999,0.666667,0.824222,0.721604,0.929134
7976,0.536842,0.624494,0.823968,0.349441,0.761658,0.187650,0.948119,0.762156,0.633333,0.797309,0.734967,0.929134
7977,0.513534,0.563765,0.821162,0.423651,0.717816,0.190152,0.947162,0.766539,0.533333,0.791421,0.721604,0.929134
7978,0.596241,0.695344,0.818952,0.337847,0.752644,0.190152,0.947066,0.785440,0.500000,0.810765,0.721604,0.929134
7979,0.618797,0.531377,0.818182,0.385986,0.696510,0.190152,0.947545,0.785029,0.666667,0.813288,0.721604,0.929134
7980,0.569925,0.505061,0.817338,0.241569,0.852006,0.190152,0.947975,0.814751,0.666667,0.835156,0.721604,0.929134
7981,0.578947,0.644737,0.818058,0.381938,0.800866,0.190152,0.948119,0.764827,0.666667,0.803196,0.721604,0.929134
7982,0.599248,0.620445,0.816568,0.315319,0.701708,0.190152,0.948023,0.794138,0.366667,0.819176,0.735523,0.929134
7983,0.559398,0.650810,0.815823,0.335439,0.759430,0.190152,0.947975,0.787906,0.466667,0.812447,0.729399,0.929134
7984,0.576692,0.581984,0.814258,0.307881,0.811058,0.190152,0.947545,0.782769,0.666667,0.814130,0.749443,0.929134
7985,0.578195,0.667004,0.813414,0.364961,0.735665,0.194456,0.947736,0.775031,0.666667,0.798991,0.749443,0.929134
7986,0.439098,0.750000,0.812644,0.361863,0.745986,0.196657,0.946588,0.772702,0.666667,0.800673,0.735523,0.929134
7987,0.507519,0.909919,0.811825,0.345699,0.811314,0.197358,0.948023,0.769826,0.500000,0.796468,0.749443,0.929134
7988,0.496992,0.707490,0.810658,0.413821,0.725089,0.190152,0.948023,0.771470,0.500000,0.794786,0.749443,0.929134
7989,0.439098,0.673077,0.809789,0.256215,0.793388,0.199159,0.947545,0.782838,0.633333,0.811606,0.724388,0.929134
7990,0.555639,0.600202,0.811775,0.473906,0.739968,0.200160,0.946875,0.761745,0.466667,0.799832,0.747494,0.929134
7991,0.472932,0.692308,0.812917,0.334029,0.691797,0.200160,0.947832,0.783317,0.566667,0.812447,0.749443,0.929134
7992,0.486466,0.436235,0.811130,0.299584,0.746677,0.200160,0.947832,0.778113,0.666667,0.802355,0.747494,0.929134
7993,0.517293,0.614372,0.810236,0.412486,0.811109,0.200160,0.947162,0.752363,0.666667,0.780488,0.724388,0.929134
7994,0.591729,0.721660,0.809267,0.324490,0.739917,0.200160,0.947353,0.772154,0.666667,0.794786,0.745824,0.929134
7995,0.487970,0.721660,0.808696,0.296149,0.715102,0.200160,0.947545,0.755718,0.666667,0.785534,0.721604,0.929134
7996,0.562406,0.757085,0.809143,0.433174,0.762247,0.200160,0.947928,0.693467,0.666667,0.738436,0.721604,0.927953
7997,0.513534,0.784413,0.807877,0.467005,0.702041,0.200160,0.947640,0.723394,0.666667,0.738436,0.741927,0.921260
7998,0.520301,0.731781,0.806362,0.343445,0.695178,0.200160,0.947545,0.769689,0.533333,0.780488,0.728563,0.921260
7999,0.458647,0.755061,0.805269,0.470348,0.858562,0.200160,0.947736,0.752500,0.666667,0.777965,0.721604,0.921260
8000,0.369925,0.592105,0.805095,0.240971,0.769213,0.200160,0.947755,0.774277,0.666667,0.801514,0.721604,0.921260
8001,0.312782,0.656883,0.805567,0.397488,0.706036,0.200661,0.948406,0.753732,0.666667,0.776283,0.721604,0.921260
8002,0.394737,0.564777,0.804822,0.321499,0.739737,0.210168,0.947497,0.773483,0.500000,0.804878,0.744710,0.921260
8003,0.442105,0.732794,0.783988,0.341819,0.864683,0.210168,0.885613,0.520093,0.500000,0.733389,0.736915,0.921260
8004,0.566917,0.711538,0.781356,0.218627,0.781275,0.210168,0.870681,0.464457,0.333333,0.645080,0.766982,0.914409
8005,0.499248,0.685223,0.784460,0.353014,0.774309,0.210168,0.870968,0.459184,0.333333,0.604710,0.771158,0.894488
8006,0.563910,0.523279,0.779891,0.223488,0.714615,0.205464,0.851058,0.397987,0.333333,0.635828,0.727171,0.873780
8007,0.544361,0.635628,0.757543,0.298634,0.815002,0.210168,0.805112,0.271675,0.333333,0.636669,0.694321,0.852992
8008,0.639850,0.726721,0.763130,0.282684,0.754514,0.210168,0.805399,0.283317,0.233333,0.635828,0.693764,0.831654
8009,0.716541,0.663968,0.768990,0.256982,0.722374,0.210168,0.800584,0.272538,0.300000,0.650967,0.673441,0.802913
8010,0.588722,0.723684,0.642075,0.215222,0.760045,0.210168,0.644108,0.055883,0.000000,0.785534,0.655345,0.778189
8011,0.665414,0.674089,0.567952,0.042143,0.764860,0.210168,0.586312,0.026257,0.000000,0.671993,0.677060,0.744331
8012,0.547368,0.825911,0.292841,0.007346,0.813440,0.210168,0.507036,0.000452,0.000000,0.614802,0.655345,0.704488
8013,0.572932,0.750000,0.143975,0.006794,0.747266,0.210168,0.478769,0.000000,0.000000,0.560976,0.638085,0.667323
8014,0.709774,0.525304,0.247945,0.275308,0.731824,0.210168,0.316359,0.052897,0.133333,0.538267,0.638085,0.639370
8015,0.785714,0.702429,0.777805,0.503351,0.715767,0.210168,0.197329,0.108369,0.300000,0.874685,0.638085,0.611181
8016,0.836842,0.555668,0.769710,0.500866,0.719916,0.205665,0.678597,0.183975,0.200000,0.804037,0.638085,0.595512
8017,0.815038,0.660931,0.000000,0.502814,0.832185,0.206665,0.408471,0.001548,0.100000,0.169891,0.653396,0.577323
8018,0.902256,0.559717,0.003146,0.503090,0.796282,0.208867,0.401359,0.000000,0.100000,0.016821,0.669543,0.561417
8019,0.903008,0.733806,0.006293,0.501541,0.793439,0.210168,0.401359,0.000000,0.033333,0.016821,0.693764,0.541890
8020,0.806767,0.680162,0.009439,0.501434,0.692899,0.204163,0.401359,0.000000,0.000000,0.016821,0.718820,0.516535
8021,0.769173,0.831984,0.012585,0.501403,0.803811,0.202362,0.401359,0.000000,0.266667,0.016821,0.726615,0.498031
8022,0.960902,0.693320,0.015732,0.501511,0.786934,0.207466,0.401359,0.000000,0.200000,0.016821,0.749443,0.480157
8023,0.851128,0.792510,0.018878,0.501403,0.815642,0.200160,0.401359,0.000000,0.333333,0.016821,0.772272,0.466142
8024,1.000000,0.653846,0.022025,0.501173,0.764373,0.204864,0.401359,0.000000,0.166667,0.016821,0.777283,0.455276
8025,0.919549,0.664980,0.025171,0.501465,0.695690,0.200160,0.401359,0.000000,0.000000,0.016821,0.777283,0.438346
8026,0.878195,0.732794,0.028317,0.501311,0.788650,0.204964,0.401359,0.000000,0.233333,0.016821,0.777283,0.426535
8027,0.894737,0.745951,0.031464,0.501281,0.813644,0.200160,0.401359,0.000000,0.166667,0.016821,0.777283,0.418740
8028,0.899248,0.600202,0.034610,0.501449,0.729314,0.200160,0.401359,0.000000,0.333333,0.016821,0.777283,0.407874
8029,0.866165,0.773279,0.037756,0.501434,0.685882,0.200160,0.401359,0.000000,0.333333,0.016821,0.777283,0.400000
8030,0.864662,0.770243,0.040903,0.501357,0.795923,0.200160,0.401359,0.000000,0.333333,0.016821,0.777283,0.391969
8031,0.868421,0.589069,0.044049,0.501250,0.766319,0.200160,0.401359,0.000000,0.333333,0.016821,0.777283,0.378504
8032,0.847368,0.733806,0.047195,0.501235,0.690210,0.200160,0.401359,0.000000,0.333333,0.016821,0.777283,0.374961
8033,0.963910,0.736842,0.050342,0.501557,0.676022,0.200160,0.401359,0.000000,0.333333,0.016821,0.790646,0.366535
8034,0.783459,0.765182,0.053488,0.501250,0.772696,0.200160,0.401359,0.000000,0.333333,0.016821,0.778118,0.358504
8035,0.788722,0.645749,0.056634,0.501480,0.724398,0.200160,0.401359,0.000000,0.333333,0.016821,0.777283,0.349764
8036,0.877444,0.698381,0.059781,0.501311,0.697790,0.200160,0.401359,0.000000,0.333333,0.016821,0.777283,0.345039
8037,0.899248,0.718623,0.062927,0.501127,0.715486,0.200160,0.401359,0.000000,0.333333,0.016821,0.777283,0.337165
8038,0.827820,0.686235,0.066074,0.501250,0.809649,0.200160,0.401359,0.000000,0.333333,0.016821,0.788419,0.330709
8039,0.831579,0.564777,0.069220,0.501204,0.738431,0.200160,0.401359,0.000000,0.333333,0.016821,0.805122,0.323622
8040,0.788722,0.726721,0.072366,0.501127,0.666419,0.200160,0.401359,0.000000,0.333333,0.016821,0.805122,0.322835
8041,0.879699,0.654858,0.075513,0.501020,0.751261,0.200160,0.401359,0.000000,0.333333,0.016821,0.818207,0.315512
8042,0.854887,0.677126,0.078659,0.501281,0.686829,0.200160,0.401359,0.000000,0.333333,0.016821,0.832962,0.311260
8043,0.855639,0.778340,0.081805,0.501250,0.815411,0.200160,0.401359,0.000000,0.333333,0.016821,0.849109,0.307087
8044,0.876692,0.678138,0.084952,0.501081,0.700274,0.200160,0.401359,0.000000,0.333333,0.016821,0.864421,0.302126
8045,0.825564,0.633603,0.088098,0.501311,0.683577,0.200160,0.401359,0.000000,0.333333,0.016821,0.888641,0.299213
8046,0.689474,0.682186,0.091244,0.501311,0.654204,0.200160,0.401359,0.000000,0.333333,0.016821,0.881125,0.297402
8047,0.725564,0.673077,0.094391,0.501020,0.715895,0.200160,0.401359,0.000000,0.333333,0.016821,0.883073,0.291339
8048,0.833835,0.673077,0.097537,0.501127,0.689057,0.200160,0.401359,0.000000,0.333333,0.016821,0.888641,0.284016
8049,0.860150,0.652834,0.100684,0.500866,0.755128,0.200160,0.401359,0.000000,0.333333,0.016821,0.888641,0.283465
8050,0.798496,0.699393,0.103830,0.500928,0.741018,0.200160,0.401359,0.000000,0.333333,0.016821,0.888641,0.283465
8051,0.669925,0.799595,0.106976,0.501020,0.656688,0.200160,0.401359,0.000000,0.333333,0.016821,0.888641,0.280315
8052,0.893985,0.752024,0.110123,0.500974,0.698097,0.200160,0.401359,0.000000,0.333333,0.016821,0.874722,0.275591
8053,0.861654,0.771255,0.113269,0.501097,0.693744,0.200160,0.401359,0.000000,0.333333,0.016821,0.860802,0.275591
8054,0.768421,0.799595,0.116415,0.500974,0.705037,0.200160,0.401359,0.000000,0.333333,0.016821,0.860802,0.271654
8055,0.881203,0.788462,0.119562,0.501250,0.640375,0.200160,0.401359,0.000000,0.333333,0.016821,0.860802,0.271102
8056,0.899248,0.852227,0.122708,0.501004,0.507183,0.200160,0.401359,0.000000,0.333333,0.016821,0.860802,0.267717
8057,0.842857,0.835020,0.125854,0.500943,0.561628,0.200160,0.401359,0.000000,0.333333,0.016821,0.856626,0.267717
8058,0.877444,0.858300,0.129001,0.500713,0.667776,0.200160,0.401359,0.000000,0.333333,0.016821,0.851893,0.262598
8059,0.913534,0.724696,0.132147,0.500974,0.651182,0.204964,0.401359,0.000000,0.333333,0.016821,0.842149,0.259843
8060,0.745865,0.676113,0.135293,0.501173,0.710876,0.200160,0.401359,0.000000,0.333333,0.016821,0.832962,0.259843
8061,0.852632,0.884615,0.138440,0.500943,0.748675,0.200160,0.401359,0.000000,0.333333,0.016821,0.832962,0.253937
8062,0.791729,0.726721,0.141586,0.500928,0.728546,0.200160,0.401359,0.000000,0.333333,0.016821,0.832962,0.251969
8063,0.596992,0.764170,0.144733,0.501173,0.553689,0.200160,0.401359,0.000000,0.333333,0.016821,0.844098,0.251969
8064,0.758647,0.712551,0.147879,0.500897,0.781454,0.200160,0.401359,0.000000,0.333333,0.016821,0.860802,0.248976
8065,0.807519,0.764170,0.151025,0.501004,0.782965,0.200160,0.401359,0.000000,0.333333,0.016821,0.860802,0.244094
8066,0.893233,0.746964,0.154172,0.501051,0.629696,0.200160,0.401359,0.000000,0.333333,0.016821,0.873886,0.244094
8067,0.872932,0.810729,0.157318,0.501158,0.620272,0.200160,0.401359,0.000000,0.333333,0.016821,0.888641,0.244094
8068,0.796241,0.680162,0.160464,0.501081,0.741504,0.200160,0.401359,0.000000,0.333333,0.016821,0.888641,0.237953
8069,0.901504,0.617409,0.163611,0.500866,0.698251,0.200160,0.401359,0.000000,0.333333,0.016821,0.888641,0.243858
8070,0.853383,0.679150,0.166757,0.500974,0.617762,0.200160,0.401359,0.000000,0.333333,0.016821,0.888641,0.236220
8071,0.721053,0.604251,0.169903,0.501281,0.817998,0.200160,0.401359,0.000000,0.333333,0.016821,0.906180,0.236220
8072,0.883459,0.611336,0.173050,0.500866,0.839919,0.200160,0.401359,0.000000,0.333333,0.016821,0.903118,0.236220
8073,0.885714,0.602227,0.176196,0.500882,0.713872,0.200160,0.401359,0.000000,0.333333,0.016821,0.903118,0.236220
8074,0.908271,0.684211,0.179343,0.500866,0.739891,0.204864,0.401359,0.000000,0.333333,0.016821,0.916481,0.232441
8075,0.924060,0.570850,0.182489,0.500943,0.739097,0.205865,0.401359,0.000000,0.333333,0.009251,0.916481,0.230472
8076,0.927820,0.861336,0.185635,0.501081,0.898743,0.208467,0.401359,0.000000,0.333333,0.014298,0.916481,0.228346
8077,0.696992,0.790486,0.188782,0.500974,0.807524,0.202462,0.401359,0.000000,0.333333,0.013457,0.916481,0.228346
8078,0.936842,0.734818,0.191928,0.501051,0.714513,0.202462,0.401359,0.000000,0.333333,0.016821,0.916481,0.228346
8079,0.922556,0.578947,0.195074,0.501020,0.781121,0.203863,0.401359,0.000000,0.333333,0.016821,0.916481,0.228346
8080,0.838346,0.572874,0.198221,0.501066,0.738713,0.210168,0.401359,0.000000,0.333333,0.016821,0.916481,0.228346
8081,0.903759,0.744939,0.201367,0.501020,0.808830,0.210168,0.401359,0.000000,0.333333,0.010093,0.916481,0.228346
8082,0.896992,0.720648,0.204513,0.501004,0.733514,0.210168,0.401359,0.000000,0.333333,0.008410,0.916481,0.228346
8083,0.841353,0.661943,0.207660,0.500958,0.728879,0.205665,0.401359,0.000000,0.333333,0.008410,0.916481,0.224646
8084,0.930827,0.896761,0.210806,0.500866,0.647853,0.205564,0.401359,0.000000,0.333333,0.008410,0.916481,0.224331
8085,0.847368,0.742915,0.213952,0.501004,0.823043,0.210168,0.401359,0.000000,0.333333,0.008410,0.916481,0.220472
8086,0.703759,0.694332,0.217099,0.500974,0.901150,0.210168,0.401359,0.000000,0.333333,0.008410,0.916481,0.220472
8087,0.838346,0.687247,0.220245,0.500851,0.783759,0.210168,0.401359,0.000000,0.333333,0.008410,0.916481,0.220472
8088,0.909023,0.718623,0.223392,0.500851,0.730749,0.209968,0.401359,0.000000,0.333333,0.008410,0.899777,0.220472
8089,0.751880,0.825911,0.226538,0.501004,0.764962,0.200961,0.401359,0.000000,0.333333,0.008410,0.888641,0.220472
8090,0.903008,0.697368,0.229684,0.501250,0.762939,0.210168,0.401359,0.000000,0.333333,0.008410,0.888641,0.220472
8091,0.881955,0.682186,0.232831,0.500943,0.857896,0.210168,0.401359,0.000000,0.333333,0.008410,0.895601,0.220472
8092,0.752632,0.636640,0.235977,0.500928,0.791595,0.205464,0.401359,0.000000,0.333333,0.008410,0.902561,0.218661
8093,0.816541,0.598178,0.239123,0.501051,0.761069,0.210168,0.401359,0.000000,0.333333,0.008410,0.894766,0.214567
8094,0.734586,0.821862,0.242270,0.501281,0.784143,0.210168,0.401359,0.000000,0.333333,0.008410,0.888641,0.214409
8095,0.918797,0.658907,0.245416,0.500974,0.744603,0.210168,0.401359,0.000000,0.333333,0.008410,0.888641,0.212598
8096,0.925564,0.850202,0.248562,0.501158,0.467618,0.209468,0.401359,0.000000,0.333333,0.008410,0.888641,0.212598
8097,0.696241,0.746964,0.251709,0.501081,0.820994,0.206165,0.401359,0.000000,0.333333,0.008410,0.902004,0.212598
8098,0.917293,0.707490,0.254855,0.501004,0.786806,0.210168,0.401359,0.000000,0.333333,0.008410,0.902561,0.212598
8099,0.901504,0.790486,0.258002,0.500928,0.801839,0.210168,0.401359,0.000000,0.333333,0.008410,0.902561,0.212598
8100,0.736090,0.756073,0.261148,0.501173,0.796026,0.206865,0.401359,0.000000,0.333333,0.008410,0.888641,0.212598
8101,0.735338,0.842105,0.264294,0.501004,0.771287,0.208867,0.401359,0.000000,0.333333,0.008410,0.915646,0.212598
8102,0.806015,0.801619,0.267441,0.500974,0.755282,0.210168,0.401359,0.000000,0.333333,0.008410,0.916481,0.212598
8103,0.785714,0.817814,0.270587,0.501434,0.781941,0.210168,0.401359,0.000000,0.333333,0.008410,0.916481,0.212598
8104,0.672932,0.827935,0.273733,0.501097,0.727189,0.210168,0.401359,0.000000,0.333333,0.008410,0.916481,0.208425
8105,0.945113,0.766194,0.276880,0.501004,0.690799,0.210168,0.401359,0.000000,0.333333,0.008410,0.933185,0.204724
8106,0.933835,0.779352,0.280026,0.501204,0.851417,0.210168,0.401359,0.000000,0.333333,0.008410,0.930401,0.204724
8107,0.779699,0.676113,0.283172,0.501081,0.699915,0.210168,0.401359,0.000000,0.333333,0.008410,0.944321,0.204724
8108,0.712030,0.544534,0.286319,0.500943,0.705370,0.210168,0.401359,0.000000,0.333333,0.008410,0.944321,0.204724
8109,0.766165,0.735830,0.289465,0.501081,0.772081,0.210168,0.401359,0.000000,0.333333,0.008410,0.950724,0.204724
8110,0.720301,0.684211,0.292611,0.501097,0.699378,0.210168,0.401359,0.000000,0.333333,0.008410,0.951837,0.204724
8111,0.746617,0.658907,0.295758,0.501081,0.768214,0.210168,0.401359,0.000000,0.333333,0.008410,0.944321,0.204724
8112,0.748872,0.695344,0.298904,0.501081,0.784655,0.210168,0.401359,0.000000,0.333333,0.008410,0.952116,0.204724
8113,0.723308,0.816802,0.302051,0.501097,0.696279,0.210168,0.401359,0.000000,0.333333,0.008410,0.949053,0.204724
8114,0.875188,0.813765,0.305197,0.501097,0.675997,0.210168,0.401359,0.000000,0.333333,0.008410,0.944321,0.204724
8115,0.806015,0.726721,0.308343,0.500851,0.716331,0.210168,0.401359,0.000000,0.333333,0.008410,0.944321,0.204724
8116,0.839098,0.649798,0.311490,0.501311,0.835258,0.210168,0.401359,0.000000,0.333333,0.008410,0.944321,0.204724
8117,0.839850,0.714575,0.314636,0.501281,0.768855,0.210168,0.401359,0.000000,0.333333,0.008410,0.944321,0.204724
8118,0.834586,0.692308,0.317782,0.501020,0.737791,0.210168,0.401359,0.000000,0.333333,0.008410,0.944321,0.204724
8119,0.734586,0.702429,0.320929,0.501204,0.668109,0.210168,0.401359,0.000000,0.333333,0.008410,0.958241,0.204724
8120,0.921805,0.660931,0.324075,0.501173,0.642039,0.210168,0.401359,0.000000,0.333333,0.008410,0.944321,0.204724
8121,0.828571,0.793522,0.327221,0.501250,0.724500,0.210168,0.401359,0.000000,0.333333,0.008410,0.944321,0.204724
8122,0.842857,0.831984,0.330368,0.501081,0.700120,0.210168,0.401359,0.000000,0.333333,0.008410,0.944321,0.204724
8123,0.836842,0.911943,0.333514,0.501127,0.693872,0.210168,0.401359,0.000000,0.333333,0.008410,0.944321,0.204724
8124,0.827820,0.709514,0.336661,0.501051,0.643217,0.210168,0.401359,0.000000,0.333333,0.008410,0.944321,0.204724
8125,0.788722,0.847166,0.339807,0.501173,0.789828,0.210168,0.401359,0.000000,0.333333,0.008410,0.944321,0.204724
8126,0.860150,0.641700,0.342953,0.501004,0.743783,0.210168,0.401359,0.000000,0.333333,0.008410,0.944321,0.204724
8127,0.800752,0.701417,0.346100,0.501173,0.780635,0.210168,0.401359,0.000000,0.333333,0.008410,0.944321,0.204724
8128,0.865414,0.709514,0.349246,0.501081,0.782120,0.206665,0.401359,0.000000,0.333333,0.008410,0.944321,0.202205
8129,0.836842,0.762146,0.352392,0.501051,0.722528,0.209367,0.401359,0.000000,0.333333,0.008410,0.944321,0.203307
8130,0.825564,0.794534,0.355539,0.501158,0.718379,0.210168,0.401359,0.000000,0.333333,0.008410,0.944321,0.201024
8131,0.767669,0.637652,0.358685,0.501250,0.676483,0.210168,0.401359,0.000000,0.333333,0.008410,0.944321,0.200945
8132,0.722556,0.702429,0.361831,0.501081,0.769776,0.210168,0.401359,0.000000,0.333333,0.008410,0.944321,0.201102
8133,0.829323,0.526316,0.364978,0.501081,0.696049,0.210168,0.401359,0.000000,0.333333,0.008410,0.944321,0.200787
8134,0.975940,0.644737,0.368124,0.500958,0.602960,0.210168,0.401359,0.000000,0.333333,0.008410,0.944321,0.200945
8135,0.806767,0.760121,0.371271,0.501158,0.753464,0.210168,0.401359,0.000000,0.333333,0.008410,0.944321,0.200787
8136,0.910526,0.654858,0.374417,0.501127,0.652437,0.210168,0.401359,0.000000,0.333333,0.008410,0.931236,0.200787
8137,0.804511,0.611336,0.377563,0.501051,0.722733,0.210168,0.401359,0.000000,0.333333,0.008410,0.944321,0.196850
8138,0.757143,0.776316,0.380710,0.501250,0.740480,0.210168,0.401359,0.000000,0.333333,0.008410,0.944321,0.196850
8139,0.784211,0.644737,0.383856,0.501097,0.727752,0.210168,0.401359,0.000000,0.333333,0.008410,0.944321,0.196850
8140,0.741353,0.612348,0.387002,0.500851,0.669902,0.205364,0.401359,0.000000,0.333333,0.008410,0.944321,0.196850
8141,0.899248,0.649798,0.390149,0.501235,0.694640,0.210168,0.401359,0.000000,0.333333,0.008410,0.939588,0.196850
8142,0.746617,0.785425,0.393295,0.501127,0.736254,0.206465,0.401359,0.000000,0.333333,0.008410,0.935412,0.196850
8143,0.830075,0.627530,0.396441,0.501097,0.753156,0.209067,0.401359,0.000000,0.333333,0.008410,0.944321,0.196850
8144,0.836090,0.609312,0.399588,0.501189,0.635868,0.210168,0.401359,0.000000,0.333333,0.008410,0.944321,0.196850
8145,0.757895,0.824899,0.402734,0.501081,0.743451,0.210168,0.401359,0.000000,0.333333,0.008410,0.944321,0.196850
8146,0.843609,0.852227,0.405880,0.501097,0.756562,0.210168,0.401359,0.000000,0.333333,0.008410,0.944321,0.196850
8147,0.818045,0.616397,0.409027,0.501173,0.748239,0.210168,0.401359,0.000000,0.333333,0.008410,0.944321,0.196850
8148,0.945113,0.562753,0.412173,0.501158,0.712669,0.210168,0.401359,0.000000,0.166667,0.008410,0.944321,0.196850
8149,0.757143,0.843117,0.415320,0.501235,0.592999,0.210168,0.401359,0.000000,0.166667,0.008410,0.944321,0.196850
8150,0.702256,0.658907,0.418466,0.500974,0.641297,0.210168,0.401359,0.000000,0.133333,0.008410,0.944321,0.196850
8151,0.793985,0.802632,0.421612,0.501081,0.652334,0.210168,0.401359,0.000000,0.033333,0.008410,0.944321,0.196850
8152,0.797744,0.649798,0.424759,0.501281,0.663730,0.210168,0.401359,0.000000,0.333333,0.008410,0.944321,0.196850
8153,0.947368,0.790486,0.427905,0.501327,0.647597,0.210168,0.401359,0.000000,0.300000,0.008410,0.944321,0.196850
8154,0.755639,0.715587,0.431051,0.501127,0.684576,0.210168,0.401359,0.000000,0.066667,0.008410,0.944321,0.196850
8155,0.736090,0.896761,0.434198,0.501235,0.681964,0.210168,0.401359,0.000000,0.166667,0.008410,0.972160,0.196850
8156,0.825564,0.688259,0.437344,0.501204,0.776384,0.210168,0.401359,0.000000,0.100000,0.008410,0.972160,0.196850
8157,0.877444,0.799595,0.440490,0.501081,0.716152,0.210168,0.401359,0.000000,0.000000,0.008410,0.972160,0.196850
8158,0.901504,0.776316,0.443637,0.500943,0.761249,0.210168,0.401359,0.000000,0.000000,0.008410,0.972160,0.196850
8159,0.893233,0.720648,0.446783,0.501097,0.747983,0.210168,0.401359,0.000000,0.000000,0.008410,0.972160,0.196850
8160,0.752632,0.864372,0.449930,0.501173,0.700556,0.210168,0.401359,0.000000,0.000000,0.008410,0.972160,0.196850
8161,0.934586,0.762146,0.453076,0.501250,0.730928,0.210168,0.401359,0.000000,0.133333,0.008410,0.972160,0.196850
8162,0.882707,0.578947,0.456222,0.501235,0.738124,0.210168,0.401359,0.000000,0.033333,0.008410,0.993875,0.196850
8163,0.940602,0.613360,0.459369,0.501173,0.633179,0.210168,0.401359,0.000000,0.000000,0.008410,1.000000,0.196850
8164,0.847368,0.798583,0.462515,0.501004,0.677585,0.210168,0.401359,0.000000,0.000000,0.008410,1.000000,0.196850
8165,0.750376,0.684211,0.465661,0.501204,0.570540,0.210168,0.401359,0.000000,0.000000,0.008410,1.000000,0.196850
8166,0.668421,0.643725,0.468808,0.501081,0.630106,0.210168,0.401359,0.000000,0.333333,0.008410,1.000000,0.196850
8167,0.863910,0.696356,0.471954,0.501081,0.704090,0.210168,0.401359,0.000000,0.000000,0.008410,1.000000,0.196850
8168,0.709023,0.804656,0.475100,0.500974,0.676150,0.210168,0.401359,0.000000,0.000000,0.008410,1.000000,0.196850
8169,0.791729,0.687247,0.478247,0.501158,0.772286,0.210168,0.401359,0.000000,0.000000,0.008410,0.974109,0.196850
8170,0.839850,0.777328,0.481393,0.501097,0.623243,0.210168,0.401359,0.000000,0.000000,0.008410,0.972160,0.196850
8171,0.809774,0.808704,0.484539,0.501004,0.707316,0.210168,0.401359,0.000000,0.000000,0.008410,0.958797,0.196850
8172,0.806767,0.890688,0.487686,0.501020,0.780481,0.210168,0.401359,0.000000,0.000000,0.008410,0.944321,0.196850
8173,0.869925,0.731781,0.490832,0.501173,0.777997,0.210168,0.401359,0.000000,0.233333,0.008410,0.944321,0.196850
8174,0.852632,0.608300,0.493979,0.500897,0.698251,0.210168,0.401359,0.000000,0.266667,0.008410,0.944321,0.196850
8175,0.769925,0.838057,0.497125,0.500974,0.713053,0.210168,0.401359,0.000000,0.066667,0.008410,0.944321,0.196850
8176,0.906015,0.800607,0.500271,0.501020,0.745422,0.210168,0.401359,0.000000,0.333333,0.008410,0.944321,0.196850
8177,0.810526,0.820850,0.503418,0.501004,0.766063,0.210168,0.401359,0.000000,0.233333,0.008410,0.944321,0.196850
8178,0.748120,0.893725,0.506564,0.501127,0.760096,0.210168,0.401359,0.000000,0.266667,0.004205,0.944321,0.196850
8179,0.828571,0.856275,0.509710,0.501127,0.725934,0.210168,0.401359,0.000000,0.333333,0.008410,0.944321,0.196850
8180,0.803759,0.714575,0.512857,0.501173,0.713949,0.210168,0.401359,0.000000,0.333333,0.006728,0.944321,0.196850
8181,0.744361,0.686235,0.516003,0.501311,0.674691,0.208667,0.401359,0.000000,0.333333,0.006728,0.944321,0.191575
8182,0.854135,0.690283,0.519149,0.501020,0.680504,0.206966,0.401359,0.000000,0.333333,0.004205,0.952673,0.194724
8183,0.915038,0.649798,0.522296,0.500805,0.663705,0.207366,0.401359,0.000000,0.333333,0.008410,0.949332,0.195276
8184,0.896241,0.517206,0.525442,0.501127,0.714641,0.208367,0.401359,0.000000,0.333333,0.005887,0.944321,0.196850
8185,0.900000,0.869433,0.528589,0.501097,0.698097,0.210168,0.401359,0.000000,0.166667,0.002523,0.944321,0.196850
8186,0.677444,0.744939,0.531735,0.501035,0.532741,0.205464,0.401359,0.000000,0.133333,0.005046,0.919265,0.192756
8187,0.788722,0.707490,0.534881,0.501112,0.438424,0.205464,0.401359,0.000000,0.033333,0.007569,0.916481,0.193465
8188,0.820301,0.685223,0.538028,0.501357,0.717560,0.210168,0.401359,0.000000,0.166667,0.008410,0.929844,0.188976
8189,0.803759,0.710526,0.541174,0.500974,0.690978,0.210168,0.401359,0.000000,0.333333,0.004205,0.944321,0.192598
8190,0.757895,0.658907,0.544320,0.501204,0.646034,0.210168,0.401359,0.000000,0.333333,0.008410,0.929566,0.192756
8191,0.869173,0.704453,0.547467,0.501173,0.711209,0.210168,0.401359,0.000000,0.333333,0.005046,0.918430,0.188976
8192,0.855639,0.653846,0.550613,0.501004,0.697483,0.210168,0.401359,0.000000,0.100000,0.007569,0.929009,0.188976
8193,0.890226,0.865385,0.553759,0.501081,0.611975,0.205464,0.401359,0.000000,0.233333,0.008410,0.919265,0.188976
8194,0.936090,0.703441,0.556906,0.500943,0.716049,0.205464,0.401359,0.000000,0.166667,0.008410,0.940702,0.188976
8195,0.868421,0.646761,0.560052,0.501051,0.611770,0.204263,0.401359,0.000000,0.333333,0.004205,0.916481,0.188976
8196,0.846617,0.852227,0.563198,0.501403,0.770442,0.205364,0.401359,0.000000,0.233333,0.008410,0.916481,0.188976
8197,0.848120,0.731781,0.566345,0.500866,0.715537,0.210168,0.401359,0.000000,0.100000,0.008410,0.916481,0.188976
8198,0.829323,0.726721,0.569491,0.501158,0.564624,0.206165,0.401359,0.000000,0.066667,0.008410,0.896993,0.188976
8199,0.741353,0.773279,0.572638,0.500943,0.482035,0.200160,0.401359,0.000000,0.000000,0.008410,0.910078,0.188976
8200,0.730075,0.772267,0.575784,0.500866,0.744142,0.200160,0.401359,0.000000,0.300000,0.008410,0.894766,0.188976
8201,0.782707,0.782389,0.578930,0.501158,0.748239,0.201461,0.401359,0.000000,0.333333,0.008410,0.897550,0.188976
8202,0.835338,0.814777,0.582077,0.501112,0.676150,0.203263,0.401359,0.000000,0.333333,0.008410,0.903396,0.188976
8203,0.742857,0.784413,0.585223,0.501327,0.689902,0.207666,0.401359,0.000000,0.000000,0.008410,0.916481,0.188976
8204,0.778947,0.743927,0.588369,0.501051,0.774002,0.206665,0.401359,0.000000,0.166667,0.008410,0.916481,0.188976
8205,0.833083,0.710526,0.591516,0.501281,0.708597,0.200160,0.401359,0.000000,0.166667,0.008410,0.902004,0.188976
8206,0.898496,0.709514,0.594662,0.501281,0.674844,0.200160,0.401359,0.000000,0.166667,0.008410,0.916481,0.188976
8207,0.865414,0.713563,0.597808,0.501204,0.639453,0.210168,0.401359,0.000000,0.266667,0.008410,0.916481,0.188976
8208,0.939850,0.606275,0.600955,0.501081,0.769290,0.210168,0.401359,0.000000,0.000000,0.008410,0.916481,0.188976
8209,0.893985,0.772267,0.604101,0.501004,0.631540,0.210168,0.401359,0.000000,0.000000,0.005887,0.916481,0.188976
8210,0.806767,0.911943,0.607248,0.501127,0.731184,0.205464,0.401359,0.000000,0.000000,0.006728,0.916481,0.188976
8211,0.961654,0.677126,0.610394,0.501004,0.689313,0.206865,0.401359,0.000000,0.066667,0.008410,0.916481,0.188976
8212,0.873684,0.750000,0.613540,0.501081,0.741837,0.200160,0.401359,0.000000,0.266667,0.008410,0.916481,0.188976
8213,0.881955,0.620445,0.616687,0.501173,0.762939,0.209367,0.401359,0.000000,0.166667,0.008410,0.916481,0.188189
8214,0.838346,0.729757,0.619833,0.501204,0.704064,0.205665,0.401359,0.000000,0.000000,0.008410,0.916481,0.185827
8215,0.892481,0.792510,0.622979,0.501097,0.637686,0.210168,0.401359,0.000000,0.000000,0.008410,0.916481,0.185276
8216,0.787218,0.882591,0.626126,0.501250,0.687649,0.203463,0.401359,0.000000,0.000000,0.008410,0.916481,0.185276
8217,0.881955,0.786437,0.629272,0.501051,0.742247,0.202662,0.401359,0.000000,0.166667,0.008410,0.916481,0.183622
8218,0.849624,0.890688,0.632418,0.501204,0.805322,0.206966,0.401359,0.000000,0.000000,0.008410,0.896158,0.181102
8219,0.796241,0.684211,0.635565,0.501327,0.711055,0.208867,0.401359,0.000000,0.000000,0.008410,0.888641,0.181102
8220,0.869925,0.773279,0.638711,0.501127,0.729417,0.210168,0.401359,0.000000,0.000000,0.008410,0.888641,0.181102
8221,0.718045,0.697368,0.641857,0.501158,0.675869,0.210168,0.401359,0.000000,0.000000,0.008410,0.888641,0.181102
8222,0.693233,0.764170,0.645004,0.501081,0.661144,0.210168,0.401359,0.000000,0.166667,0.007569,0.888641,0.181102
8223,0.802256,0.950405,0.648150,0.500744,0.760967,0.208467,0.401359,0.000000,0.000000,0.005046,0.888641,0.181102
8224,0.777444,0.798583,0.651297,0.501051,0.564752,0.207366,0.401359,0.000000,0.000000,0.008410,0.888641,0.181102
8225,0.777444,0.661943,0.654443,0.501403,0.645650,0.210168,0.401359,0.000000,0.000000,0.006728,0.863029,0.181102
8226,0.935338,0.534413,0.657589,0.501143,0.691029,0.204564,0.401359,0.000000,0.000000,0.005046,0.870824,0.181102
8227,0.830075,0.848178,0.660736,0.500989,0.690773,0.205464,0.401359,0.000000,0.000000,0.008410,0.874443,0.181102
8228,0.772180,0.761134,0.663882,0.501281,0.754053,0.210168,0.401359,0.000000,0.000000,0.008410,0.860802,0.181102
8229,0.645113,0.909919,0.667028,0.501051,0.654716,0.210168,0.401359,0.000000,0.233333,0.008410,0.860802,0.181102
8230,0.748120,0.711538,0.670175,0.501051,0.620477,0.210168,0.401359,0.000000,0.333333,0.008410,0.860802,0.181102
8231,0.901504,0.608300,0.673321,0.501004,0.630055,0.210168,0.401359,0.000000,0.333333,0.008410,0.844098,0.181102
8232,0.815038,0.760121,0.676467,0.501204,0.680863,0.210168,0.401359,0.000000,0.333333,0.008410,0.832962,0.181102
8233,0.714286,0.574899,0.679614,0.501235,0.687214,0.210168,0.401359,0.000000,0.333333,0.008410,0.837138,0.181102
8234,0.658647,0.694332,0.682760,0.501004,0.664319,0.210168,0.401359,0.000000,0.333333,0.008410,0.841871,0.181102
8235,0.814286,0.730769,0.685907,0.501051,0.655382,0.210168,0.401359,0.000000,0.333333,0.008410,0.832962,0.181102
8236,0.753383,0.947368,0.689053,0.501035,0.692719,0.210168,0.401359,0.000000,0.333333,0.008410,0.832962,0.175669
8237,0.742105,0.870445,0.692199,0.501081,0.707444,0.210168,0.401359,0.000000,0.333333,0.008410,0.832962,0.173228
8238,0.663158,0.852227,0.695346,0.501081,0.733284,0.210168,0.401359,0.000000,0.333333,0.008410,0.832962,0.173228
8239,0.789474,0.771255,0.698492,0.501081,0.618146,0.210168,0.401359,0.000000,0.333333,0.008410,0.832962,0.173228
8240,0.797744,0.626518,0.701638,0.501127,0.694256,0.210168,0.401359,0.000000,0.333333,0.008410,0.832962,0.173228
8241,0.879699,0.775304,0.704785,0.501235,0.721529,0.210168,0.401359,0.000000,0.333333,0.008410,0.842149,0.173228
8242,0.820301,0.775304,0.707931,0.501081,0.641194,0.210168,0.401359,0.000000,0.166667,0.008410,0.860802,0.173228
8243,0.857895,0.725709,0.711077,0.500851,0.571615,0.210168,0.401359,0.000000,0.333333,0.008410,0.860802,0.173228
8244,0.806015,0.694332,0.714224,0.501097,0.642449,0.210168,0.401359,0.000000,0.333333,0.008410,0.860802,0.173228
8245,0.745865,0.672065,0.717370,0.501327,0.741325,0.210168,0.401359,0.000000,0.333333,0.008410,0.860802,0.173228
8246,0.826316,0.745951,0.720516,0.500851,0.664626,0.210168,0.401359,0.000000,0.333333,0.008410,0.860802,0.173228
8247,0.739098,0.647773,0.723663,0.501204,0.636431,0.210168,0.401359,0.000000,0.333333,0.008410,0.860802,0.173228
8248,0.716541,0.728745,0.726809,0.501158,0.678276,0.214872,0.401359,0.000000,0.333333,0.008410,0.874722,0.173228
8249,0.784211,0.707490,0.729956,0.501051,0.693539,0.210168,0.401359,0.000000,0.333333,0.008410,0.860802,0.173228
8250,0.790977,0.569838,0.733102,0.500851,0.694410,0.210168,0.401359,0.000000,0.333333,0.008410,0.847439,0.172677
8251,0.775188,0.591093,0.736248,0.501097,0.670696,0.210168,0.401359,0.000000,0.333333,0.008410,0.860802,0.169843
8252,0.908271,0.681174,0.739395,0.501097,0.650849,0.210168,0.401359,0.000000,0.333333,0.008410,0.847439,0.173228
8253,0.865414,0.635628,0.742541,0.501173,0.680402,0.210168,0.401359,0.000000,0.333333,0.008410,0.860802,0.173228
8254,0.903008,0.736842,0.745687,0.501204,0.744603,0.210168,0.401359,0.000000,0.333333,0.008410,0.857183,0.172520
8255,0.826316,0.795547,0.748834,0.500928,0.742733,0.210168,0.401359,0.000000,0.333333,0.008410,0.838530,0.165354
8256,0.809023,0.684211,0.751980,0.501173,0.662475,0.214872,0.401359,0.000000,0.333333,0.008410,0.860802,0.169291
8257,0.842857,0.643725,0.755126,0.501051,0.726805,0.214872,0.401359,0.000000,0.333333,0.008410,0.839922,0.169291
8258,0.827820,0.847166,0.758273,0.500851,0.695690,0.216974,0.401359,0.000000,0.333333,0.008410,0.832962,0.165354
8259,0.621053,0.776316,0.761419,0.500958,0.709698,0.212870,0.401359,0.000000,0.333333,0.008410,0.832962,0.165354
8260,0.839850,0.693320,0.764566,0.501127,0.677277,0.210168,0.401359,0.000000,0.333333,0.008410,0.832962,0.165354
8261,0.654887,0.830972,0.767712,0.500897,0.644856,0.214872,0.401359,0.000000,0.333333,0.008410,0.832962,0.165354
8262,0.799248,0.600202,0.770858,0.501127,0.627033,0.214872,0.401359,0.000000,0.333333,0.008410,0.832962,0.165354
8263,0.904511,0.848178,0.774005,0.500820,0.627468,0.214672,0.401359,0.000000,0.333333,0.008410,0.822661,0.165354
8264,0.885714,0.752024,0.777151,0.501127,0.671362,0.211169,0.401359,0.000000,0.333333,0.008410,0.819042,0.165354
8265,0.871429,0.686235,0.780297,0.501081,0.780455,0.220176,0.401359,0.000000,0.333333,0.008410,0.805122,0.165354
8266,0.938346,0.618421,0.783444,0.501127,0.713744,0.213171,0.401359,0.000000,0.333333,0.008410,0.805122,0.165354
8267,0.781955,0.762146,0.786590,0.501020,0.515506,0.217674,0.401359,0.000000,0.333333,0.008410,0.819042,0.165354
8268,0.895489,0.695344,0.789736,0.501173,0.656534,0.220176,0.401359,0.000000,0.333333,0.008410,0.805122,0.165354
8269,0.823308,0.623482,0.792883,0.500866,0.682553,0.211369,0.401359,0.000000,0.333333,0.008410,0.805122,0.165354
8270,0.909774,0.792510,0.796029,0.501051,0.660043,0.219476,0.401359,0.000000,0.333333,0.008410,0.805122,0.165354
8271,0.892481,0.744939,0.799175,0.501004,0.670107,0.214872,0.401359,0.000000,0.333333,0.008410,0.805122,0.165354
8272,0.820301,0.751012,0.802322,0.501173,0.666547,0.216373,0.401359,0.000000,0.333333,0.008410,0.805122,0.165354
8273,0.820301,0.650810,0.805468,0.501097,0.708008,0.220176,0.401359,0.000000,0.333333,0.008410,0.817650,0.165354
8274,0.667669,0.561741,0.808615,0.501097,0.734436,0.217374,0.401359,0.000000,0.333333,0.008410,0.810690,0.164016
8275,0.781203,0.682186,0.811761,0.501097,0.668750,0.210168,0.401359,0.000000,0.333333,0.008410,0.819599,0.159213
8276,0.821053,0.700405,0.814907,0.500851,0.763912,0.214171,0.401359,0.000000,0.333333,0.008410,0.832962,0.163386
8277,0.910526,0.910931,0.818054,0.501357,0.676304,0.215472,0.401359,0.000000,0.333333,0.008410,0.811247,0.161417
8278,0.918797,0.866397,0.821200,0.500943,0.581884,0.210168,0.401359,0.000000,0.333333,0.008410,0.827673,0.161339
8279,0.842105,0.690283,0.824346,0.501235,0.756460,0.210168,0.401359,0.000000,0.333333,0.008410,0.832962,0.157480
8280,0.848872,0.867409,0.827493,0.501327,0.756690,0.216873,0.401359,0.000000,0.333333,0.008410,0.809298,0.157480
8281,0.839850,0.793522,0.830639,0.501311,0.689723,0.217674,0.401359,0.000000,0.333333,0.008410,0.819042,0.157480
8282,0.857895,0.551619,0.833785,0.500866,0.680709,0.214872,0.401359,0.000000,0.333333,0.008410,0.829343,0.157480
8283,0.904511,0.537449,0.836932,0.500974,0.631975,0.218375,0.401359,0.000000,0.333333,0.008410,0.832962,0.157480
8284,0.926316,0.914980,0.840078,0.501265,0.614075,0.210468,0.401359,0.000000,0.333333,0.008410,0.832962,0.157480
8285,0.775188,0.755061,0.843225,0.501158,0.737304,0.210168,0.401359,0.000000,0.333333,0.008410,0.819878,0.157480
8286,0.797744,0.760121,0.846371,0.500943,0.723578,0.210168,0.401359,0.000000,0.333333,0.008410,0.805679,0.157480
8287,0.880451,0.705466,0.849517,0.501235,0.763272,0.216873,0.401359,0.000000,0.333333,0.008410,0.805958,0.157480
8288,0.875188,0.642713,0.852664,0.500866,0.681631,0.217474,0.401359,0.000000,0.333333,0.008410,0.832962,0.157480
8289,0.939850,0.932186,0.855810,0.500974,0.718789,0.210168,0.401359,0.000000,0.333333,0.008410,0.815980,0.157480
8290,0.842105,0.641700,0.858956,0.501388,0.683347,0.210168,0.401359,0.000000,0.333333,0.008410,0.805122,0.157480
8291,0.902256,0.832996,0.862103,0.501112,0.661886,0.210168,0.401359,0.000000,0.333333,0.008410,0.805122,0.157480
8292,0.859398,0.779352,0.865249,0.501204,0.775948,0.210168,0.401359,0.000000,0.333333,0.008410,0.818486,0.157480
8293,0.849624,0.630567,0.868395,0.501097,0.686189,0.210168,0.401359,0.000000,0.333333,0.008410,0.805122,0.157480
8294,0.832331,0.678138,0.871542,0.501235,0.498758,0.210168,0.401359,0.000000,0.333333,0.008410,0.805122,0.157480
8295,0.914286,0.731781,0.874688,0.501004,0.583370,0.210168,0.401359,0.000000,0.333333,0.008410,0.818486,0.157480
8296,0.735338,0.695344,0.877834,0.501081,0.763682,0.213471,0.401359,0.000000,0.333333,0.008410,0.805122,0.157480
8297,0.693985,0.657895,0.880981,0.501035,0.581603,0.215973,0.401359,0.000000,0.333333,0.008410,0.812639,0.157480
8298,0.926316,0.861336,0.884127,0.501143,0.544726,0.214972,0.401359,0.000000,0.333333,0.008410,0.824053,0.157480
8299,0.787218,0.623482,0.887274,0.500928,0.662245,0.210168,0.401359,0.000000,0.333333,0.008410,0.805122,0.157480
8300,0.930827,0.892713,0.890420,0.501127,0.634715,0.214872,0.401359,0.000000,0.333333,0.008410,0.805122,0.157480
8301,0.814286,0.879555,0.893566,0.500974,0.553612,0.210168,0.401359,0.000000,0.333333,0.008410,0.805122,0.157480
8302,0.929323,0.809717,0.896713,0.501250,0.728546,0.210168,0.401359,0.000000,0.333333,0.008410,0.805122,0.157480
8303,0.912030,0.780364,0.899859,0.500866,0.677585,0.210168,0.401359,0.000000,0.333333,0.008410,0.805122,0.157480
8304,0.861654,0.773279,0.903005,0.501004,0.656662,0.210168,0.401359,0.000000,0.333333,0.008410,0.791203,0.157480
8305,0.812782,0.763158,0.906152,0.501127,0.817665,0.210168,0.401359,0.000000,0.333333,0.008410,0.779232,0.157480
8306,0.870677,0.679150,0.909298,0.501020,0.683193,0.214872,0.401359,0.000000,0.333333,0.008410,0.777283,0.157480
8307,0.919549,0.707490,0.912444,0.501097,0.529028,0.216673,0.401359,0.000000,0.333333,0.008410,0.805122,0.157480
8308,0.723308,0.676113,0.915591,0.501173,0.664012,0.212870,0.401359,0.000000,0.333333,0.008410,0.805122,0.153386
8309,0.708271,0.825911,0.918737,0.501020,0.723988,0.214872,0.401359,0.000000,0.333333,0.008410,0.802895,0.149606
8310,0.877444,0.720648,0.921884,0.501158,0.656022,0.214171,0.401359,0.000000,0.333333,0.008410,0.793430,0.149606
8311,0.840602,0.809717,0.925030,0.501081,0.709288,0.210869,0.401359,0.000000,0.333333,0.008410,0.805122,0.149606
8312,0.839850,0.690283,0.928176,0.501127,0.631233,0.210168,0.401359,0.000000,0.166667,0.008410,0.792038,0.149606
8313,0.858647,0.613360,0.931323,0.501204,0.624446,0.210168,0.413497,0.000000,0.333333,0.055509,0.805122,0.149606
8314,0.868421,0.645749,0.934469,0.500974,0.701042,0.210168,0.635522,0.097548,0.333333,0.834315,0.800111,0.150787
8315,0.654887,0.870445,0.940031,0.350806,0.654690,0.210168,0.631282,0.084646,0.333333,0.817494,0.777283,0.159055
8316,0.749624,0.535425,0.953838,0.270032,0.680145,0.210168,0.707141,0.232982,0.333333,0.787216,0.791203,0.172835
8317,0.894737,0.665992,0.962007,0.191268,0.734206,0.210168,0.799100,0.384810,0.333333,0.752733,0.777283,0.191969
8318,0.827820,0.598178,0.954657,0.191268,0.696458,0.210168,0.800708,0.395631,0.333333,0.731707,0.777283,0.236220
8319,0.905263,0.718623,0.951653,0.192617,0.743451,0.210168,0.800421,0.384536,0.333333,0.751051,0.777283,0.281890
8320,0.948120,0.684211,0.950088,0.193584,0.742119,0.210168,0.801608,0.388563,0.333333,0.756939,0.795935,0.322047
8321,0.808271,0.733806,0.947059,0.214701,0.728008,0.210168,0.800153,0.382824,0.333333,0.761985,0.805122,0.355591
8322,0.948120,0.774291,0.947332,0.345270,0.713360,0.210168,0.800498,0.363032,0.333333,0.769554,0.812082,0.384409
8323,0.884962,0.640688,0.945618,0.344396,0.660862,0.210168,0.800258,0.368854,0.333333,0.769554,0.832962,0.406535
8324,0.853383,0.597166,0.942365,0.345822,0.767625,0.210168,0.800833,0.360499,0.333333,0.770395,0.832962,0.430551
8325,0.869173,0.603239,0.937623,0.346405,0.754053,0.210168,0.799885,0.349569,0.333333,0.784693,0.832962,0.447323
8326,0.891729,0.465587,0.934990,0.398101,0.731875,0.210168,0.800881,0.345418,0.333333,0.786375,0.840757,0.461024
8327,0.865414,0.512146,0.939460,0.550324,0.700761,0.210168,0.852302,0.537981,0.333333,0.768713,0.860802,0.474803
8328,0.990977,0.568826,0.935065,0.745227,0.770314,0.210168,0.868383,0.632790,0.433333,0.757780,0.860802,0.493858
8329,0.871429,0.538462,0.922450,0.426289,0.790904,0.210168,0.868929,0.666416,0.400000,0.782170,0.860802,0.522992
8330,0.743609,0.435223,0.912046,0.290322,0.774079,0.210168,0.869628,0.655116,0.333333,0.796468,0.860802,0.556693
8331,0.876692,0.716599,0.902560,0.386600,0.669697,0.210168,0.869436,0.629708,0.333333,0.785534,0.860802,0.585276
8332,0.748120,0.747976,0.893323,0.309123,0.672540,0.210168,0.869628,0.604369,0.466667,0.783852,0.860802,0.608898
8333,0.774436,0.729757,0.886122,0.318677,0.768061,0.210168,0.869771,0.590152,0.333333,0.776283,0.860802,0.625827
8334,0.682707,0.781377,0.878250,0.404190,0.709083,0.210168,0.868345,0.576264,0.333333,0.770395,0.860802,0.640236
8335,0.776692,0.683198,0.875146,0.411643,0.694128,0.210168,0.886283,0.635735,0.333333,0.765349,0.834354,0.651575
8336,0.666165,0.586032,0.870825,0.376371,0.742631,0.210168,0.888217,0.652459,0.333333,0.776283,0.805122,0.664882
8337,0.611278,0.716599,0.866082,0.392151,0.721068,0.210168,0.888485,0.646898,0.333333,0.770395,0.805122,0.675039
8338,0.727820,0.661943,0.861637,0.298480,0.727010,0.210168,0.888293,0.635666,0.333333,0.774601,0.805122,0.690551
8339,0.728571,0.514170,0.857615,0.367430,0.647571,0.210168,0.888131,0.610656,0.333333,0.771236,0.782294,0.704488
8340,0.672932,0.535425,0.853319,0.326637,0.729545,0.210168,0.888427,0.623695,0.333333,0.769554,0.793987,0.710236
8341,0.751128,0.786437,0.847930,0.346021,0.794130,0.210168,0.888293,0.618682,0.333333,0.769554,0.777283,0.716535
8342,0.711278,0.490891,0.843659,0.386661,0.743630,0.210168,0.888016,0.600178,0.333333,0.768713,0.751392,0.723622
8343,0.663910,0.605263,0.840232,0.407257,0.676227,0.210168,0.888207,0.628914,0.333333,0.774601,0.749443,0.728268
8344,0.681203,0.715587,0.839314,0.304492,0.669774,0.208467,0.888102,0.611423,0.333333,0.773759,0.752227,0.732283
8345,0.577444,0.750000,0.838594,0.362722,0.664678,0.207166,0.889203,0.605561,0.333333,0.769554,0.760022,0.737008
8346,0.761654,0.535425,0.852425,0.392090,0.738892,0.210168,0.945458,0.863032,0.500000,0.810765,0.749443,0.740157
8347,0.695489,0.800607,0.848228,0.306209,0.726779,0.210168,0.938738,0.819751,0.666667,0.844407,0.728007,0.756142
8348,0.648120,0.630567,0.842144,0.485730,0.715383,0.205865,0.929961,0.766128,0.333333,0.820858,0.746659,0.773780
8349,0.624812,0.588057,0.838569,0.341160,0.775103,0.209167,0.930794,0.795302,0.500000,0.828427,0.777283,0.791102
8350,0.587970,0.545547,0.837029,0.406996,0.796051,0.200160,0.930411,0.783386,0.433333,0.839361,0.790367,0.803150
8351,0.654135,0.630567,0.835539,0.345929,0.700325,0.200160,0.930315,0.755444,0.500000,0.840202,0.777283,0.809213
8352,0.603759,0.714575,0.831690,0.443327,0.731722,0.200160,0.929836,0.737707,0.366667,0.826745,0.777283,0.818898
8353,0.626316,0.766194,0.827891,0.395571,0.727035,0.200160,0.930554,0.756266,0.500000,0.821699,0.777283,0.825354
8354,0.598496,0.608300,0.826575,0.381017,0.685344,0.200160,0.929913,0.728804,0.666667,0.819176,0.777840,0.826772
8355,0.581203,0.705466,0.823223,0.432377,0.605444,0.194656,0.925242,0.708026,0.666667,0.820858,0.805122,0.830945
8356,0.590226,0.761134,0.801073,0.358934,0.644933,0.190152,0.870996,0.472606,0.433333,0.757780,0.788419,0.834646
8357,0.673684,0.873482,0.801917,0.455457,0.728930,0.190152,0.869819,0.491083,0.333333,0.694701,0.777283,0.826614
8358,0.648120,0.786437,0.804574,0.411597,0.762964,0.190152,0.870700,0.504397,0.333333,0.684609,0.763085,0.807559
8359,0.636842,0.860324,0.806759,0.441824,0.690261,0.190152,0.870968,0.507602,0.333333,0.691337,0.729120,0.797874
8360,0.654135,0.708502,0.810037,0.409005,0.715998,0.190152,0.870776,0.509999,0.333333,0.692178,0.693764,0.787402
8361,0.626316,0.572874,0.813662,0.320487,0.835386,0.190152,0.871446,0.525134,0.333333,0.703953,0.693764,0.781654
8362,0.618797,0.751012,0.818976,0.412026,0.637071,0.190152,0.870853,0.503328,0.333333,0.698066,0.688753,0.773858
8363,0.541353,0.829960,0.819647,0.431119,0.675357,0.190152,0.871063,0.500342,0.333333,0.671993,0.689588,0.771654
8364,0.589474,0.743927,0.820442,0.525848,0.712643,0.190152,0.871255,0.513423,0.333333,0.680404,0.693764,0.764803
8365,0.551880,0.720648,0.821633,0.393715,0.715844,0.190152,0.871063,0.517737,0.333333,0.695542,0.680401,0.759055
8366,0.641353,0.839069,0.822130,0.518702,0.655049,0.190152,0.870681,0.518559,0.333333,0.682927,0.693764,0.755906
8367,0.674436,0.500000,0.822056,0.338737,0.666803,0.187950,0.871255,0.514998,0.333333,0.696384,0.721047,0.755906
8368,0.571429,0.578947,0.822304,0.577300,0.697816,0.182946,0.870968,0.513149,0.333333,0.679563,0.721604,0.755906
8369,0.594737,0.877530,0.823843,0.392351,0.673231,0.181946,0.871092,0.519860,0.333333,0.702271,0.721604,0.755906
8370,0.715789,0.682186,0.823272,0.522505,0.633128,0.171537,0.871197,0.526914,0.333333,0.689655,0.737194,0.755906
8371,0.609774,0.808704,0.823347,0.427285,0.704013,0.178943,0.870690,0.533530,0.333333,0.702271,0.749443,0.755906
8372,0.654887,0.768219,0.823843,0.512476,0.819022,0.170136,0.870968,0.503150,0.333333,0.673675,0.749443,0.755906
8373,0.723308,0.646761,0.823992,0.467051,0.677226,0.170136,0.871638,0.514382,0.333333,0.688814,0.755568,0.755906
8374,0.631579,0.755061,0.823247,0.459843,0.729596,0.170136,0.870968,0.481441,0.333333,0.661060,0.756403,0.755906
8375,0.575940,0.819838,0.821410,0.568375,0.724321,0.170136,0.871446,0.479797,0.333333,0.656013,0.770880,0.754094
8376,0.662406,0.654858,0.821062,0.560369,0.731491,0.167434,0.870968,0.486783,0.333333,0.662742,0.777283,0.748031
8377,0.679699,0.774291,0.820417,0.476007,0.818792,0.160128,0.871465,0.479386,0.333333,0.655172,0.754454,0.748031
8378,0.694737,0.689271,0.819548,0.565307,0.767651,0.159327,0.871035,0.473291,0.333333,0.656013,0.749443,0.748031
8379,0.657895,0.693320,0.820491,0.561427,0.701375,0.150120,0.871083,0.477058,0.333333,0.649285,0.737751,0.748031
8380,0.627068,0.682186,0.802016,0.553453,0.705063,0.147818,0.824734,0.329243,0.333333,0.695542,0.721604,0.748031
8381,0.682707,0.859312,0.793549,0.548898,0.752926,0.140112,0.804499,0.279564,0.333333,0.697225,0.721604,0.739213
8382,0.576692,0.786437,0.797273,0.548423,0.715102,0.140112,0.803609,0.283249,0.333333,0.686291,0.721604,0.725354
8383,0.654135,0.742915,0.801644,0.537473,0.684729,0.140112,0.804317,0.282496,0.333333,0.685450,0.700167,0.706142
8384,0.663910,0.857287,0.805220,0.630960,0.690466,0.140112,0.804346,0.289002,0.333333,0.686291,0.670935,0.692756
8385,0.666165,0.828947,0.807256,0.594215,0.803273,0.138711,0.803963,0.293960,0.333333,0.693019,0.665924,0.680945
8386,0.594737,0.685223,0.812570,0.525327,0.652949,0.130104,0.804154,0.299137,0.333333,0.701430,0.665924,0.668346
8387,0.705263,0.764170,0.815028,0.619964,0.707009,0.132806,0.804059,0.295576,0.333333,0.702271,0.669265,0.661417
8388,0.665414,0.801619,0.775521,0.521478,0.749366,0.132106,0.717067,0.169607,0.066667,0.767872,0.675111,0.656457
8389,0.696241,0.748988,0.706265,0.531477,0.711439,0.130104,0.644080,0.058019,0.300000,0.811606,0.686804,0.645827
8390,0.690226,0.832996,0.719550,0.662045,0.748393,0.130104,0.643725,0.050610,0.300000,0.824222,0.693764,0.620236
8391,0.694737,0.770243,0.733357,0.647139,0.680145,0.128903,0.642606,0.049829,0.000000,0.823381,0.693764,0.584882
8392,0.761654,0.802632,0.745623,0.514929,0.717970,0.120096,0.642960,0.050815,0.133333,0.825063,0.693764,0.557638
8393,0.763158,0.725709,0.757716,0.746116,0.675305,0.122798,0.643438,0.053075,0.000000,0.825063,0.693764,0.534016
8394,0.730075,0.742915,0.768419,0.560415,0.728521,0.122098,0.643055,0.052842,0.300000,0.829268,0.693764,0.516772
8395,0.779699,0.800607,0.779444,0.751560,0.723911,0.120096,0.642979,0.053869,0.066667,0.826745,0.680679,0.500630
8396,0.884962,0.633603,0.789377,0.640514,0.764629,0.120096,0.643247,0.054787,0.333333,0.820858,0.698775,0.482520
8397,0.779699,0.820850,0.796901,0.678915,0.745653,0.124600,0.642864,0.057389,0.333333,0.825063,0.721604,0.470709
8398,0.794737,0.746964,0.803432,0.597911,0.688648,0.120096,0.643055,0.058800,0.333333,0.825904,0.721604,0.461654
8399,0.840602,0.764170,0.810459,0.739905,0.677380,0.120096,0.643343,0.060266,0.333333,0.819176,0.721604,0.453543
8400,0.843609,0.811741,0.659209,0.687334,0.693232,0.122998,0.501867,0.018997,0.266667,0.454163,0.747494,0.444882
8401,0.839098,0.771255,0.660459,0.890181,0.743988,0.126801,0.401359,0.000000,0.000000,0.008410,0.749443,0.433307
8402,0.854135,0.614372,0.661709,0.919226,0.688059,0.120096,0.401359,0.000000,0.066667,0.008410,0.766147,0.425197
8403,0.930827,0.763158,0.662959,0.943258,0.685805,0.124800,0.401359,0.000000,0.333333,0.008410,0.768931,0.411575
8404,0.970677,0.705466,0.664209,0.943365,0.702861,0.124600,0.401359,0.000000,0.033333,0.008410,0.749443,0.399764
8405,0.918045,0.777328,0.665459,0.821967,0.663141,0.121597,0.401359,0.000000,0.333333,0.008410,0.723831,0.389921
8406,0.882707,0.799595,0.666709,0.502017,0.717637,0.125400,0.401359,0.000000,0.333333,0.008410,0.704343,0.378189
8407,0.901504,0.831984,0.667959,0.502170,0.779738,0.125400,0.401359,0.000000,0.333333,0.008410,0.685412,0.369685
8408,0.897744,0.670040,0.669209,0.502078,0.708776,0.130104,0.401359,0.000000,0.333333,0.008410,0.643096,0.359685
8409,0.944361,0.639676,0.670459,0.502201,0.707240,0.130104,0.401359,0.000000,0.333333,0.008410,0.625000,0.350945
8410,0.994737,0.560729,0.671709,0.502093,0.786345,0.134808,0.401359,0.000000,0.333333,0.008410,0.610245,0.341890
8411,0.954135,0.671053,0.672959,0.502231,0.711491,0.130104,0.401359,0.000000,0.233333,0.008410,0.597160,0.331654
8412,0.881955,0.690283,0.674209,0.502170,0.603037,0.130104,0.401359,0.000000,0.166667,0.008410,0.610245,0.325433
8413,0.872180,0.685223,0.675459,0.502339,0.658583,0.130104,0.401359,0.000000,0.166667,0.008410,0.617205,0.317165
8414,0.903008,0.813765,0.676709,0.502354,0.759610,0.130104,0.401359,0.000000,0.000000,0.008410,0.638085,0.312835
8415,0.923308,0.753036,0.677959,0.502369,0.677585,0.130104,0.401359,0.000000,0.166667,0.008410,0.638085,0.304882
8416,0.782707,0.725709,0.679209,0.502277,0.676227,0.130104,0.401359,0.000000,0.333333,0.008410,0.638085,0.296614
8417,0.747368,0.689271,0.680459,0.502293,0.647136,0.130104,0.401359,0.000000,0.333333,0.008410,0.662027,0.289449
8418,0.928571,0.579960,0.681708,0.502354,0.771006,0.130104,0.401359,0.000000,0.333333,0.008410,0.692372,0.283465
8419,0.848120,0.896761,0.682958,0.502400,0.634869,0.130104,0.401359,0.000000,0.266667,0.008410,0.708519,0.279370
8420,0.924060,0.655870,0.684208,0.502323,0.659633,0.130104,0.401359,0.000000,0.000000,0.008410,0.721604,0.275591
8421,0.867669,0.769231,0.685458,0.502109,0.667930,0.130104,0.401359,0.000000,0.000000,0.008410,0.749443,0.267717
8422,0.799248,0.680162,0.686708,0.502201,0.672796,0.130104,0.401359,0.000000,0.100000,0.008410,0.749443,0.266850
8423,0.875188,0.698381,0.687958,0.502201,0.706010,0.130104,0.401359,0.000000,0.333333,0.008410,0.749443,0.259843
8424,0.823308,0.650810,0.689208,0.502247,0.722963,0.130104,0.401359,0.000000,0.100000,0.008410,0.749443,0.255354
8425,0.952632,0.681174,0.690458,0.502446,0.660401,0.130104,0.401359,0.000000,0.200000,0.008410,0.768931,0.251969
8426,0.872932,0.684211,0.691708,0.502431,0.691823,0.128903,0.401359,0.000000,0.000000,0.008410,0.777283,0.248031
8427,0.912030,0.728745,0.692958,0.502354,0.672565,0.126401,0.401359,0.000000,0.000000,0.008410,0.777283,0.246220
8428,0.693985,0.747976,0.694208,0.502523,0.707214,0.130104,0.401359,0.000000,0.133333,0.008410,0.777283,0.243701
8429,0.921805,0.820850,0.695458,0.502400,0.708648,0.122398,0.401359,0.000000,0.000000,0.008410,0.777283,0.236220
8430,0.890226,0.774291,0.696708,0.502385,0.687239,0.128403,0.401359,0.000000,0.000000,0.008410,0.777283,0.236220
8431,0.811278,0.657895,0.697958,0.502354,0.660734,0.125801,0.401359,0.000000,0.000000,0.008410,0.777283,0.236220
8432,0.857143,0.638664,0.699208,0.502354,0.701401,0.123999,0.401359,0.000000,0.000000,0.008410,0.777283,0.233937
8433,0.865414,0.776316,0.700458,0.502523,0.704295,0.125901,0.401359,0.000000,0.000000,0.008410,0.764198,0.228346
8434,0.881955,0.569838,0.701708,0.502400,0.634536,0.128403,0.401359,0.000000,0.033333,0.008410,0.749443,0.228346
8435,0.899248,0.761134,0.702958,0.502477,0.622858,0.124900,0.401359,0.000000,0.100000,0.008410,0.749443,0.224409
8436,0.845865,0.633603,0.704208,0.502553,0.723629,0.120096,0.401359,0.000000,0.166667,0.008410,0.748051,0.220472
8437,0.797744,0.611336,0.705458,0.502354,0.684217,0.128303,0.401359,0.000000,0.000000,0.008410,0.721604,0.220472
8438,0.813534,0.800607,0.706708,0.502538,0.698225,0.125400,0.401359,0.000000,0.000000,0.008410,0.721604,0.216693
8439,0.886466,0.693320,0.707958,0.502538,0.660555,0.125100,0.401359,0.000000,0.000000,0.008410,0.716592,0.215591
8440,0.899248,0.763158,0.709208,0.502737,0.701734,0.124800,0.401359,0.000000,0.000000,0.008410,0.693764,0.212598
8441,0.919549,0.670040,0.710458,0.502415,0.660990,0.120096,0.401359,0.000000,0.000000,0.008410,0.712416,0.212598
8442,0.887970,0.597166,0.711708,0.502599,0.632487,0.120096,0.401359,0.000000,0.000000,0.008410,0.712973,0.210394
8443,0.925564,0.720648,0.712958,0.502201,0.603370,0.120096,0.401359,0.000000,0.000000,0.008410,0.693764,0.204724
8444,0.903759,0.828947,0.714208,0.502507,0.698200,0.124800,0.401359,0.000000,0.000000,0.008410,0.693764,0.204724
8445,0.836090,0.799595,0.715458,0.502477,0.660375,0.120096,0.401359,0.000000,0.133333,0.008410,0.693764,0.204724
8446,0.889474,0.658907,0.716708,0.502553,0.678609,0.120096,0.401359,0.000000,0.000000,0.008410,0.693764,0.201575
8447,0.875188,0.602227,0.717958,0.502461,0.686189,0.120096,0.401359,0.000000,0.000000,0.008410,0.693764,0.196850
8448,0.909023,0.757085,0.719208,0.502477,0.678532,0.120096,0.401359,0.000000,0.000000,0.008410,0.693764,0.196850
8449,0.881203,0.857287,0.720458,0.502477,0.669082,0.120096,0.401359,0.000000,0.000000,0.008410,0.707684,0.192520
8450,0.833083,0.796559,0.721708,0.502584,0.690440,0.120096,0.401359,0.000000,0.000000,0.008410,0.721604,0.196614
8451,0.922556,0.711538,0.722958,0.502630,0.607903,0.120096,0.401359,0.000000,0.000000,0.008410,0.738307,0.188976
8452,0.858647,0.664980,0.724208,0.502553,0.689288,0.120096,0.401359,0.000000,0.000000,0.008410,0.749443,0.188976
8453,0.806767,0.697368,0.725458,0.502691,0.589029,0.120096,0.401359,0.000000,0.100000,0.008410,0.749443,0.188976
8454,0.855639,0.787449,0.726708,0.502507,0.695203,0.120096,0.401359,0.000000,0.066667,0.008410,0.766982,0.188031
8455,0.872932,0.755061,0.727958,0.502339,0.704884,0.120096,0.401359,0.000000,0.000000,0.008410,0.777283,0.184803
8456,0.894737,0.756073,0.729208,0.502446,0.592307,0.120096,0.401359,0.000000,0.133333,0.008410,0.777283,0.181102
8457,0.775940,0.757085,0.730458,0.502354,0.676714,0.120096,0.401359,0.000000,0.033333,0.008410,0.777283,0.181102
8458,0.918797,0.536437,0.731708,0.502477,0.741120,0.120096,0.401359,0.000000,0.000000,0.008410,0.777283,0.181102
8459,0.873684,0.574899,0.732958,0.502461,0.650183,0.120096,0.401359,0.000000,0.000000,0.008410,0.777283,0.181102
8460,0.837594,0.804656,0.734208,0.502323,0.627263,0.120096,0.401359,0.000000,0.000000,0.008410,0.777283,0.181102
8461,0.919549,0.719636,0.735458,0.502461,0.697380,0.120096,0.401359,0.000000,0.166667,0.008410,0.800111,0.181102
8462,0.871429,0.654858,0.736708,0.502477,0.661067,0.120096,0.401359,0.000000,0.166667,0.008410,0.805122,0.178504
8463,0.853383,0.760121,0.737958,0.502553,0.698456,0.120096,0.401359,0.000000,0.166667,0.008410,0.780902,0.176929
8464,0.918797,0.724696,0.739208,0.502523,0.709621,0.120096,0.401359,0.000000,0.333333,0.008410,0.777283,0.173228
8465,0.898496,0.573887,0.740457,0.502431,0.688033,0.116093,0.401359,0.000000,0.333333,0.008410,0.777283,0.173228
8466,0.884211,0.577935,0.741707,0.502170,0.665344,0.114592,0.401359,0.000000,0.333333,0.008410,0.763363,0.173228
8467,0.896241,0.793522,0.742957,0.502691,0.718533,0.115392,0.401359,0.000000,0.333333,0.008410,0.764198,0.173228
8468,0.879699,0.611336,0.744207,0.502523,0.688417,0.118695,0.401359,0.000000,0.333333,0.008410,0.776726,0.173228
8469,0.760150,0.640688,0.745457,0.502446,0.648442,0.114892,0.401359,0.000000,0.333333,0.008410,0.750000,0.173228
8470,0.854135,0.813765,0.746707,0.502523,0.751799,0.110088,0.401359,0.000000,0.333333,0.008410,0.762249,0.173228
8471,0.800000,0.667004,0.747957,0.502584,0.691618,0.117894,0.401359,0.000000,0.333333,0.008410,0.749443,0.173228
8472,0.866917,0.602227,0.749207,0.502170,0.610464,0.115392,0.401359,0.000000,0.333333,0.008410,0.749443,0.173228
8473,0.832331,0.588057,0.750457,0.502354,0.736587,0.120096,0.401359,0.000000,0.333333,0.008410,0.749443,0.172283
8474,0.904511,0.728745,0.751707,0.502477,0.680043,0.115392,0.401359,0.000000,0.333333,0.008410,0.749443,0.166535
8475,0.854135,0.781377,0.752957,0.502492,0.590822,0.115292,0.401359,0.000000,0.333333,0.008410,0.749443,0.173228
8476,0.796992,0.810729,0.754207,0.502339,0.744142,0.113491,0.401359,0.000000,0.333333,0.008410,0.749443,0.167244
8477,0.838346,0.626518,0.755457,0.502323,0.715486,0.110088,0.401359,0.000000,0.333333,0.008410,0.749443,0.165354
8478,0.902256,0.794534,0.756707,0.502385,0.590386,0.117794,0.401359,0.000000,0.333333,0.004205,0.749443,0.165354
8479,0.837594,0.750000,0.757957,0.502170,0.533458,0.116393,0.401359,0.000000,0.333333,0.008410,0.749443,0.165354
8480,0.830827,0.783401,0.759207,0.502400,0.749520,0.119095,0.401359,0.000000,0.166667,0.008410,0.749443,0.165354
8481,0.770677,0.788462,0.760457,0.502385,0.664396,0.120096,0.401359,0.000000,0.166667,0.008410,0.760579,0.165354
8482,0.742105,0.766194,0.761707,0.502354,0.700248,0.119095,0.401359,0.000000,0.300000,0.008410,0.777283,0.165354
8483,0.827820,0.721660,0.762957,0.502231,0.664806,0.116393,0.401359,0.000000,0.200000,0.008410,0.765312,0.165354
8484,0.902256,0.564777,0.764207,0.502477,0.646495,0.120096,0.401359,0.000000,0.166667,0.008410,0.776448,0.165354
8485,0.757143,0.515182,0.765457,0.508902,0.654972,0.115392,0.401359,0.000000,0.333333,0.008410,0.777283,0.165354
8486,0.818797,0.696356,0.766707,0.501081,0.683244,0.120096,0.401359,0.000000,0.166667,0.008410,0.777283,0.161417
8487,0.851128,0.731781,0.767957,0.476467,0.653077,0.115893,0.401359,0.000000,0.333333,0.008410,0.777283,0.161024
8488,0.824060,0.730769,0.769207,0.503121,0.631258,0.119596,0.401359,0.000000,0.200000,0.008410,0.777283,0.157480
8489,0.854135,0.789474,0.770457,0.503244,0.681656,0.115592,0.401359,0.000000,0.066667,0.008410,0.777283,0.157480
8490,0.888722,0.544534,0.771707,0.503428,0.626111,0.120096,0.401359,0.000000,0.266667,0.008410,0.781459,0.157480
8491,0.914286,0.676113,0.772957,0.503412,0.601629,0.113090,0.401359,0.000000,0.233333,0.008410,0.800111,0.157480
8492,0.850376,0.722672,0.774207,0.503581,0.674998,0.114792,0.401359,0.000000,0.000000,0.008410,0.783408,0.157480
8493,0.874436,0.784413,0.775457,0.503167,0.565546,0.114291,0.401359,0.000000,0.000000,0.008410,0.791759,0.157480
8494,0.863910,0.736842,0.776707,0.503596,0.662603,0.110789,0.401359,0.000000,0.000000,0.008410,0.805122,0.157480
8495,0.842105,0.670040,0.777957,0.503198,0.742375,0.115392,0.401359,0.000000,0.166667,0.008410,0.805122,0.157480
8496,0.836090,0.742915,0.779207,0.503274,0.562242,0.118595,0.401359,0.000000,0.166667,0.008410,0.805122,0.157480
8497,0.829323,0.782389,0.780457,0.503397,0.631386,0.112290,0.401359,0.000000,0.333333,0.008410,0.793987,0.157480
8498,0.851880,0.714575,0.781707,0.503443,0.628851,0.120096,0.401359,0.000000,0.000000,0.008410,0.803174,0.157480
8499,0.806015,0.781377,0.782957,0.503458,0.651361,0.115392,0.401359,0.000000,0.000000,0.008410,0.805122,0.157480
8500,0.934586,0.573887,0.784207,0.503305,0.666522,0.120096,0.401359,0.000000,0.000000,0.008410,0.805122,0.157480
8501,0.906767,0.707490,0.785457,0.503152,0.622858,0.120096,0.401359,0.000000,0.000000,0.008410,0.791203,0.157480
8502,0.875940,0.787449,0.786707,0.503274,0.704269,0.120096,0.401359,0.000000,0.000000,0.008410,0.803731,0.157480
8503,0.857895,0.738866,0.787957,0.503167,0.712182,0.120096,0.401359,0.000000,0.066667,0.008410,0.777283,0.157480
8504,0.872932,0.562753,0.789207,0.503627,0.643883,0.120096,0.401359,0.000000,0.100000,0.008410,0.777283,0.157480
8505,0.847368,0.600202,0.790457,0.503198,0.637584,0.120096,0.401359,0.000000,0.066667,0.008410,0.791203,0.157480
8506,0.880451,0.681174,0.791707,0.503274,0.540987,0.120096,0.401359,0.000000,0.066667,0.008410,0.777283,0.157480
8507,0.912030,0.538462,0.792957,0.503198,0.663602,0.120096,0.401359,0.000000,0.166667,0.008410,0.777283,0.157480
8508,0.918045,0.728745,0.794207,0.503474,0.663551,0.120096,0.401359,0.000000,0.000000,0.008410,0.777283,0.157480
8509,0.866917,0.740891,0.795457,0.503382,0.695280,0.120096,0.401359,0.000000,0.000000,0.008410,0.777283,0.157480
8510,0.827068,0.548583,0.796707,0.503382,0.703450,0.120096,0.401359,0.000000,0.133333,0.008410,0.777283,0.157480
8511,0.830075,0.807692,0.797957,0.503428,0.653999,0.120096,0.401359,0.000000,0.333333,0.008410,0.777283,0.157480
8512,0.844361,0.767206,0.799206,0.503443,0.613614,0.120096,0.401359,0.000000,0.166667,0.007569,0.777283,0.157480
8513,0.875188,0.667004,0.800456,0.503198,0.593255,0.120096,0.401359,0.000000,0.000000,0.000000,0.777283,0.157480
8514,0.878195,0.650810,0.801706,0.503412,0.657328,0.120096,0.401359,0.000000,0.333333,0.000000,0.777283,0.157480
8515,0.827068,0.722672,0.802956,0.503244,0.641835,0.120096,0.401359,0.000000,0.333333,0.000000,0.777283,0.154882
8516,0.879699,0.658907,0.804206,0.503244,0.697355,0.120096,0.401359,0.000000,0.166667,0.000000,0.777283,0.153701
8517,0.910526,0.778340,0.805456,0.503734,0.611258,0.120096,0.401359,0.000000,0.200000,0.000000,0.777283,0.149606
8518,0.823308,0.636640,0.806706,0.503627,0.591846,0.120096,0.401359,0.000000,0.333333,0.000000,0.777283,0.149606
8519,0.793985,0.534413,0.807956,0.503336,0.610566,0.120096,0.401359,0.000000,0.333333,0.000000,0.777283,0.152992
8520,0.885714,0.688259,0.809206,0.503796,0.585956,0.120096,0.401359,0.000000,0.333333,0.000000,0.763363,0.149843
8521,0.917293,0.792510,0.810456,0.503719,0.656483,0.120096,0.401359,0.000000,0.333333,0.000000,0.777283,0.149606
8522,0.906015,0.613360,0.811706,0.503336,0.621732,0.120096,0.401359,0.000000,0.266667,0.000000,0.777283,0.149606
8523,0.822556,0.785425,0.812956,0.503397,0.525289,0.120096,0.401359,0.000000,0.233333,0.000000,0.777283,0.149606
8524,0.857895,0.678138,0.814206,0.503152,0.627135,0.120096,0.401359,0.000000,0.333333,0.000000,0.777283,0.149606
8525,0.876692,0.874494,0.815456,0.503167,0.681708,0.120096,0.401359,0.000000,0.333333,0.000000,0.752227,0.149606
8526,0.828571,0.684211,0.816706,0.503550,0.624574,0.122398,0.401359,0.000000,0.333333,0.000000,0.777283,0.149606
8527,0.899248,0.797571,0.817956,0.503351,0.569618,0.122398,0.401359,0.000000,0.333333,0.000000,0.777283,0.149606
8528,0.869173,0.670040,0.819206,0.503336,0.562294,0.120096,0.401359,0.000000,0.333333,0.000000,0.782572,0.149606
8529,0.933835,0.841093,0.820456,0.503504,0.581987,0.122998,0.401359,0.000000,0.333333,0.000000,0.805122,0.149606
8530,0.801504,0.777328,0.821706,0.503305,0.599042,0.120897,0.401359,0.000000,0.333333,0.000000,0.805122,0.149606
8531,0.882707,0.737854,0.822956,0.503167,0.548618,0.125100,0.401359,0.000000,0.333333,0.000000,0.805122,0.149606
8532,0.881955,0.790486,0.824206,0.503274,0.655689,0.130104,0.401359,0.000000,0.333333,0.000000,0.805122,0.149606
8533,0.859398,0.643725,0.825456,0.503228,0.643243,0.130104,0.401359,0.000000,0.333333,0.000000,0.805122,0.149606
8534,0.871429,0.780364,0.826706,0.503274,0.717483,0.127402,0.401359,0.000000,0.333333,0.000000,0.805122,0.149606
8535,0.818797,0.705466,0.827956,0.503458,0.670337,0.120096,0.401359,0.000000,0.166667,0.000000,0.805122,0.149606
8536,0.894737,0.591093,0.829206,0.503167,0.625906,0.128603,0.401359,0.000000,0.000000,0.000000,0.815702,0.149606
8537,0.833835,0.712551,0.830456,0.503581,0.677072,0.125400,0.401359,0.000000,0.000000,0.000000,0.832962,0.149606
8538,0.853383,0.771255,0.831706,0.503228,0.760480,0.130104,0.401359,0.000000,0.000000,0.000000,0.832962,0.149606
8539,0.861654,0.764170,0.832956,0.503474,0.733361,0.130104,0.401359,0.000000,0.166667,0.000000,0.832962,0.149606
8540,0.870677,0.813765,0.834206,0.503397,0.658045,0.130104,0.401359,0.000000,0.000000,0.000000,0.819599,0.149606
8541,0.845113,0.704453,0.835456,0.503995,0.589746,0.130104,0.401359,0.000000,0.000000,0.000000,0.832962,0.149606
8542,0.811278,0.679150,0.836706,0.501127,0.694128,0.130104,0.401359,0.000000,0.000000,0.000000,0.805122,0.149606
8543,0.850376,0.801619,0.837956,0.501173,0.656406,0.130104,0.401359,0.000000,0.000000,0.000000,0.805122,0.149606
8544,0.824060,0.718623,0.839206,0.501265,0.668340,0.130104,0.401359,0.000000,0.233333,0.000000,0.805122,0.149606
8545,0.810526,0.794534,0.840456,0.501373,0.619452,0.130805,0.401359,0.000000,0.333333,0.000000,0.805122,0.149606
8546,0.850376,0.822874,0.841706,0.501403,0.708187,0.135408,0.401359,0.000000,0.066667,0.000000,0.791759,0.149606
8547,0.760150,0.778340,0.842956,0.501511,0.650439,0.133407,0.401359,0.000000,0.166667,0.000000,0.800111,0.149606
8548,0.850376,0.817814,0.844206,0.501633,0.572998,0.132906,0.401359,0.000000,0.000000,0.000000,0.777283,0.149606
8549,0.882707,0.719636,0.845456,0.501557,0.699429,0.140112,0.401359,0.000000,0.133333,0.000000,0.797327,0.149606
8550,0.945113,0.752024,0.846706,0.501511,0.593383,0.135909,0.401359,0.000000,0.333333,0.000000,0.798163,0.149606
8551,0.811278,0.738866,0.847956,0.501480,0.688776,0.134808,0.401359,0.000000,0.333333,0.000000,0.777283,0.149606
8552,0.865414,0.734818,0.849206,0.501633,0.687495,0.130905,0.401359,0.000000,0.000000,0.000000,0.777283,0.149606
8553,0.842857,0.590081,0.850456,0.501541,0.564470,0.138611,0.401359,0.000000,0.000000,0.000000,0.777283,0.149606
8554,0.896992,0.733806,0.851706,0.501664,0.591283,0.136910,0.401359,0.000000,0.000000,0.000000,0.777283,0.149606
8555,0.859398,0.720648,0.852956,0.501618,0.715819,0.140112,0.401359,0.000000,0.166667,0.000000,0.777283,0.149606
8556,0.870677,0.842105,0.854206,0.501664,0.676483,0.140112,0.401359,0.000000,0.200000,0.000000,0.777283,0.149606
8557,0.863158,0.541498,0.855456,0.501388,0.662245,0.140112,0.401359,0.000000,0.133333,0.000000,0.777283,0.149606
8558,0.858647,0.783401,0.856706,0.501557,0.575764,0.140112,0.401359,0.000000,0.000000,0.000000,0.764198,0.145906
8559,0.869925,0.740891,0.857956,0.501618,0.628928,0.135408,0.401359,0.000000,0.066667,0.000000,0.776726,0.149213
8560,0.857895,0.709514,0.859205,0.501511,0.620298,0.140112,0.401359,0.000000,0.266667,0.000000,0.778118,0.149606
8561,0.875940,0.652834,0.860455,0.501557,0.627289,0.135408,0.401359,0.000000,0.066667,0.000000,0.789811,0.149370
8562,0.785714,0.621457,0.861705,0.501541,0.647853,0.140112,0.401359,0.000000,0.066667,0.000000,0.777283,0.146220
8563,0.849624,0.580972,0.862955,0.501587,0.638121,0.140112,0.401359,0.000000,0.000000,0.000000,0.777283,0.149606
8564,0.900000,0.619433,0.864205,0.501587,0.633076,0.140112,0.401359,0.000000,0.000000,0.000000,0.777283,0.149606
8565,0.835338,0.711538,0.865455,0.501434,0.662962,0.140112,0.401359,0.000000,0.000000,0.000000,0.777283,0.145827
8566,0.842105,0.690283,0.866705,0.501587,0.652360,0.140112,0.401359,0.000000,0.000000,0.000000,0.777283,0.149606
8567,0.827820,0.825911,0.867955,0.501618,0.610643,0.140112,0.401359,0.000000,0.166667,0.000000,0.797327,0.144252
8568,0.774436,0.605263,0.869205,0.501480,0.591590,0.140112,0.401359,0.000000,0.000000,0.000000,0.805122,0.141732
8569,0.831579,0.674089,0.870455,0.501787,0.671464,0.140112,0.401359,0.000000,0.300000,0.000000,0.805122,0.147480
8570,0.815789,0.844130,0.871705,0.501741,0.562165,0.140112,0.401359,0.000000,0.200000,0.000000,0.805122,0.143701
8571,0.911278,0.717611,0.872955,0.501633,0.626034,0.140112,0.401359,0.000000,0.000000,0.000000,0.805122,0.141732
8572,0.791729,0.791498,0.874205,0.501480,0.702015,0.140112,0.401359,0.000000,0.333333,0.000000,0.805122,0.141732
8573,0.874436,0.614372,0.875455,0.501541,0.680478,0.140112,0.401359,0.000000,0.166667,0.000000,0.780624,0.145669
8574,0.859398,0.781377,0.876705,0.501741,0.568977,0.140112,0.401359,0.000000,0.000000,0.000000,0.788419,0.141732
8575,0.890226,0.772267,0.877955,0.501664,0.711926,0.142314,0.401359,0.000000,0.033333,0.000000,0.805122,0.141732
8576,0.896992,0.667004,0.879205,0.501480,0.588696,0.147318,0.401359,0.000000,0.133333,0.000000,0.805122,0.141732
8577,0.836090,0.750000,0.880455,0.501557,0.571487,0.143615,0.401359,0.000000,0.200000,0.000000,0.791759,0.141732
8578,0.869925,0.753036,0.881705,0.501664,0.694640,0.141413,0.401359,0.000000,0.266667,0.000000,0.804566,0.141732
8579,0.805263,0.695344,0.882955,0.501741,0.604855,0.144816,0.401359,0.000000,0.166667,0.000000,0.805122,0.141732
8580,0.857143,0.811741,0.884205,0.501342,0.534303,0.140112,0.401359,0.000000,0.000000,0.000000,0.805122,0.141732
8581,0.817293,0.806680,0.885455,0.501664,0.691695,0.143915,0.401359,0.000000,0.000000,0.000000,0.805122,0.144803
8582,0.793985,0.738866,0.886705,0.501480,0.616379,0.142114,0.401359,0.000000,0.000000,0.000000,0.805122,0.141732
8583,0.866165,0.701417,0.887955,0.505483,0.667085,0.143315,0.401359,0.000000,0.000000,0.000000,0.805122,0.141732
8584,0.808271,0.711538,0.889205,0.501327,0.604881,0.140112,0.401359,0.000000,0.166667,0.000000,0.814310,0.145433
8585,0.895489,0.820850,0.890455,0.501281,0.664012,0.144315,0.401359,0.000000,0.166667,0.000000,0.811526,0.141732
8586,0.890226,0.835020,0.891705,0.501357,0.683603,0.140813,0.401359,0.000000,0.166667,0.000000,0.812918,0.141732
8587,0.942105,0.738866,0.892955,0.501465,0.648877,0.140112,0.401359,0.000000,0.000000,0.000000,0.805122,0.143465
8588,0.915038,0.746964,0.894205,0.501388,0.572716,0.141313,0.401359,0.000000,0.000000,0.000000,0.805122,0.143858
8589,0.849624,0.820850,0.895455,0.501281,0.679992,0.143515,0.401359,0.000000,0.000000,0.000000,0.805122,0.141732
8590,0.876692,0.702429,0.896705,0.802598,0.650695,0.140112,0.401359,0.000000,0.000000,0.000000,0.805122,0.141732
8591,0.896241,0.813765,0.897955,0.959974,0.608850,0.140112,0.401359,0.000000,0.000000,0.000000,0.805122,0.141732
8592,0.884211,0.732794,0.899205,0.960081,0.684755,0.144115,0.401359,0.000000,0.000000,0.000000,0.805122,0.141732
8593,0.898496,0.569838,0.900455,0.959943,0.641732,0.140813,0.401359,0.000000,0.000000,0.000000,0.805122,0.145433
8594,0.848872,0.829960,0.901705,0.960081,0.527773,0.144616,0.401359,0.000000,0.000000,0.000000,0.805122,0.144724
8595,0.902256,0.872470,0.902955,0.960020,0.568491,0.144816,0.401359,0.000000,0.000000,0.000000,0.805122,0.145906
8596,0.819549,0.802632,0.904205,0.960004,0.626674,0.146817,0.401359,0.000000,0.000000,0.000000,0.792595,0.145669
8597,0.869925,0.750000,0.905455,0.960127,0.628800,0.150120,0.401359,0.000000,0.200000,0.000000,0.804287,0.142283
8598,0.891729,0.608300,0.906705,0.960050,0.613358,0.145216,0.401359,0.000000,0.100000,0.000000,0.790367,0.141732
8599,0.850376,0.532389,0.907955,0.960081,0.572870,0.150120,0.401359,0.000000,0.000000,0.000000,0.790646,0.141732
8600,0.800752,0.658907,0.909205,0.960081,0.606955,0.150120,0.401359,0.000000,0.000000,0.000000,0.791203,0.141732
8601,0.891729,0.763158,0.910455,0.959866,0.580860,0.150120,0.401359,0.000000,0.166667,0.000000,0.777283,0.141732
8602,0.851128,0.844130,0.911705,0.959974,0.673615,0.150120,0.401359,0.000000,0.000000,0.000000,0.793987,0.145669
8603,0.872932,0.861336,0.912955,0.960127,0.622269,0.150120,0.401359,0.000000,0.000000,0.000000,0.805122,0.141732
8604,0.925564,0.629555,0.914205,0.960127,0.633384,0.150120,0.401359,0.000000,0.166667,0.000000,0.805122,0.141732
8605,0.951128,0.711538,0.915455,0.960096,0.591949,0.150120,0.401359,0.000000,0.000000,0.000000,0.799555,0.141732
8606,0.915789,0.683198,0.916705,0.960096,0.547107,0.150120,0.401359,0.000000,0.000000,0.000000,0.777283,0.141732
8607,0.874436,0.759109,0.917954,0.959713,0.620298,0.150120,0.401359,0.000000,0.300000,0.000000,0.786192,0.141732
8608,0.763158,0.757085,0.919204,0.959958,0.613255,0.150120,0.401359,0.000000,0.000000,0.000000,0.805122,0.141732
8609,0.788722,0.613360,0.920454,0.960081,0.584368,0.150120,0.401359,0.000000,0.000000,0.000000,0.805122,0.141732
8610,0.815789,0.825911,0.921704,0.723864,0.648160,0.150120,0.401359,0.000000,0.000000,0.000000,0.805122,0.141732
8611,0.908271,0.783401,0.922954,0.502170,0.612769,0.150120,0.401359,0.000000,0.000000,0.000000,0.805122,0.141732
8612,0.870677,0.713563,0.924204,0.502170,0.644063,0.154924,0.401359,0.000000,0.000000,0.000000,0.805122,0.141732
8613,0.903759,0.614372,0.925454,0.502783,0.546775,0.150120,0.401359,0.000000,0.000000,0.000000,0.805122,0.141732
8614,0.898496,0.742915,0.926704,0.503382,0.528643,0.150120,0.413545,0.000000,0.166667,0.039529,0.805122,0.141732
8615,0.930075,0.582996,0.927954,0.503382,0.577275,0.154323,0.401168,0.000000,0.233333,0.021026,0.805122,0.141732
8616,0.896241,0.867409,0.929204,0.503320,0.558273,0.150120,0.401359,0.000000,0.166667,0.000000,0.803731,0.141732
8617,0.900752,0.873482,0.930454,0.503274,0.566314,0.150120,0.401359,0.000000,0.100000,0.000000,0.793430,0.141732
8618,0.883459,0.712551,0.931704,0.503121,0.553817,0.150120,0.401359,0.000000,0.000000,0.000000,0.788976,0.141732
8619,0.890226,0.828947,0.932954,0.615915,0.559016,0.155324,0.571810,0.078797,0.266667,0.574432,0.777283,0.141732
8620,0.906767,0.835020,0.960344,0.767157,0.596968,0.154323,0.666478,0.176250,0.333333,0.864592,0.790367,0.147638
8621,0.903759,0.807692,0.966800,0.813793,0.523522,0.154924,0.800756,0.413231,0.333333,0.800673,0.777283,0.166535
8622,0.909023,0.609312,0.957488,0.648443,0.629875,0.150120,0.801139,0.436379,0.333333,0.757780,0.755011,0.203701
8623,0.909774,0.533401,0.954061,0.320426,0.538426,0.150120,0.800737,0.426106,0.333333,0.788057,0.777283,0.256299
8624,0.908271,0.604251,0.945246,0.363029,0.601962,0.154824,0.800804,0.418299,0.333333,0.790580,0.800111,0.298189
8625,0.866165,0.677126,0.934072,0.394099,0.545494,0.155124,0.799387,0.457746,0.333333,0.758621,0.805122,0.339921
8626,0.888722,0.780364,0.921954,0.300321,0.612180,0.160128,0.796353,0.383441,0.333333,0.764508,0.830735,0.372441
8627,0.857143,0.525304,0.912989,0.195700,0.656304,0.160128,0.792620,0.395425,0.333333,0.749369,0.871381,0.395118
8628,0.893985,0.759109,0.904969,0.749521,0.539527,0.160128,0.796956,0.390494,0.333333,0.761985,0.899777,0.420709
8629,0.851128,0.648785,0.898488,0.177312,0.594945,0.160128,0.796899,0.364539,0.333333,0.761144,0.920100,0.438031
8630,0.772932,0.784413,0.894962,0.342264,0.560091,0.160128,0.799081,0.382893,0.200000,0.756098,0.944321,0.456299
8631,0.807519,0.775304,0.887810,0.380665,0.609004,0.160128,0.800517,0.358581,0.333333,0.759462,0.944321,0.471811
8632,0.836090,0.602227,0.881006,0.367353,0.579836,0.160128,0.799368,0.364060,0.333333,0.753574,0.944321,0.481732
8633,0.833083,0.674089,0.878498,0.401199,0.487900,0.160128,0.820331,0.453198,0.333333,0.719933,0.944321,0.494094
8634,0.836842,0.637652,0.884532,0.357860,0.582525,0.157426,0.866967,0.530393,0.333333,0.735071,0.921214,0.507638
8635,0.754135,0.868421,0.876859,0.478936,0.597557,0.154524,0.868479,0.601356,0.333333,0.718251,0.901169,0.528268
8636,0.784962,0.847166,0.868938,0.366402,0.555943,0.150120,0.868096,0.555403,0.333333,0.714886,0.888641,0.558425
8637,0.762406,0.765182,0.862134,0.401767,0.631207,0.150120,0.867646,0.547459,0.333333,0.711522,0.900334,0.580472
8638,0.757895,0.808704,0.855703,0.465103,0.563779,0.150120,0.868670,0.537392,0.333333,0.706476,0.888641,0.599764
8639,0.737594,0.669028,0.849569,0.449844,0.640913,0.144115,0.868431,0.530530,0.333333,0.700589,0.888641,0.614803
8640,0.747368,0.719636,0.844702,0.373764,0.606879,0.142314,0.868383,0.522326,0.333333,0.706476,0.888641,0.627559
8641,0.706015,0.724696,0.840257,0.459813,0.640708,0.142614,0.868862,0.516094,0.333333,0.699748,0.888641,0.637795
8642,0.720301,0.617409,0.836657,0.426565,0.598658,0.140112,0.867617,0.509245,0.333333,0.695542,0.875278,0.645433
8643,0.675188,0.773279,0.832733,0.449262,0.631975,0.140112,0.868000,0.503904,0.333333,0.698066,0.853285,0.656535
8644,0.633083,0.799595,0.830151,0.431978,0.635893,0.140112,0.868192,0.504862,0.333333,0.692178,0.832962,0.661417
8645,0.642857,0.938259,0.827270,0.404987,0.682732,0.140112,0.868316,0.497466,0.333333,0.695542,0.830735,0.669134
8646,0.698496,0.669028,0.825607,0.451409,0.635970,0.133407,0.867359,0.499247,0.333333,0.688814,0.805122,0.670236
8647,0.696241,0.706478,0.823769,0.450488,0.676202,0.130104,0.868000,0.490549,0.333333,0.692178,0.805122,0.677165
8648,0.650376,0.781377,0.821385,0.421995,0.646726,0.130104,0.868766,0.490686,0.333333,0.686291,0.786192,0.677165
8649,0.643609,0.678138,0.818976,0.436763,0.605163,0.121297,0.867905,0.483701,0.333333,0.687973,0.777283,0.678583
8650,0.708271,0.702429,0.817089,0.441808,0.626213,0.120096,0.868096,0.479181,0.333333,0.684609,0.777283,0.685039
8651,0.683459,0.737854,0.815798,0.422041,0.617250,0.114392,0.867809,0.481578,0.333333,0.692178,0.777283,0.685039
8652,0.686466,0.575911,0.816021,0.384606,0.565059,0.110088,0.868000,0.486851,0.333333,0.691337,0.777283,0.687638
8653,0.644361,0.839069,0.814780,0.455979,0.587365,0.110088,0.867617,0.478702,0.333333,0.686291,0.777283,0.689370
8654,0.628571,0.856275,0.812719,0.412716,0.569182,0.101581,0.868134,0.472237,0.333333,0.682086,0.777283,0.692913
8655,0.608271,0.757085,0.811651,0.498827,0.634536,0.100080,0.867905,0.467991,0.333333,0.678722,0.777283,0.692913
8656,0.658647,0.723684,0.810881,0.418084,0.609875,0.100080,0.868670,0.463772,0.333333,0.682086,0.777283,0.693071
8657,0.676692,0.694332,0.810186,0.462573,0.595022,0.100080,0.867905,0.468703,0.333333,0.679563,0.777283,0.696693
8658,0.630075,0.906883,0.809242,0.427377,0.634639,0.094075,0.867397,0.467676,0.333333,0.682927,0.793151,0.693465
8659,0.669925,0.850202,0.808473,0.419449,0.579477,0.090072,0.868278,0.471209,0.333333,0.678722,0.805122,0.700787
8660,0.609023,0.752024,0.807380,0.475884,0.686189,0.090072,0.867589,0.465416,0.333333,0.675357,0.805122,0.700787
8661,0.653383,0.814777,0.807281,0.454506,0.683526,0.094776,0.867905,0.461512,0.333333,0.677881,0.805122,0.700787
8662,0.663158,0.861336,0.807132,0.438112,0.563011,0.090072,0.868230,0.469292,0.333333,0.681245,0.805122,0.700787
8663,0.615789,0.785425,0.805617,0.427040,0.634459,0.090072,0.868048,0.464251,0.333333,0.682927,0.797606,0.705748
8664,0.637594,0.849190,0.804822,0.442038,0.589029,0.089071,0.867617,0.460485,0.333333,0.676198,0.777283,0.705118
8665,0.654135,0.655870,0.804797,0.468339,0.652744,0.080064,0.867139,0.462128,0.333333,0.673675,0.777283,0.704961
8666,0.609774,0.684211,0.804500,0.460871,0.679608,0.080064,0.868000,0.459458,0.333333,0.676198,0.777283,0.708661
8667,0.632331,0.836032,0.804251,0.422731,0.668980,0.080064,0.867809,0.467950,0.333333,0.680404,0.777283,0.708661
8668,0.627820,0.733806,0.804003,0.468937,0.554944,0.080064,0.868527,0.459937,0.333333,0.681245,0.777283,0.708661
8669,0.572932,0.712551,0.802960,0.406199,0.572486,0.071057,0.867905,0.466238,0.333333,0.681245,0.777283,0.708661
8670,0.656391,0.642713,0.803432,0.554664,0.630976,0.070056,0.867646,0.499041,0.333333,0.702271,0.777283,0.708661
8671,0.627068,0.844130,0.806263,0.303802,0.635125,0.070056,0.868383,0.496713,0.333333,0.703112,0.777283,0.709291
8672,0.675940,0.807692,0.806933,0.379223,0.609311,0.070056,0.868096,0.476647,0.333333,0.689655,0.777283,0.716535
8673,0.642857,0.658907,0.806734,0.424571,0.668468,0.070056,0.868431,0.464799,0.333333,0.678722,0.777283,0.716535
8674,0.637594,0.736842,0.806412,0.455473,0.686266,0.066853,0.867905,0.471031,0.333333,0.671993,0.769766,0.716535
8675,0.666917,0.925101,0.806064,0.474826,0.581321,0.060048,0.867330,0.462128,0.333333,0.673675,0.749443,0.716535
8676,0.642857,0.751012,0.805269,0.465318,0.646470,0.060048,0.868670,0.460622,0.333333,0.666947,0.749443,0.718661
8677,0.626316,0.586032,0.805443,0.398454,0.671515,0.060048,0.868192,0.464662,0.333333,0.676198,0.749443,0.718268
8678,0.603008,0.774291,0.804177,0.496818,0.543958,0.060048,0.867522,0.463224,0.333333,0.668629,0.729955,0.716535
8679,0.645865,0.855263,0.804202,0.465625,0.757561,0.060048,0.868096,0.460690,0.333333,0.671152,0.721604,0.716535
8680,0.646617,0.746964,0.804450,0.462113,0.661553,0.060048,0.868288,0.460759,0.333333,0.666947,0.733296,0.716535
8681,0.620301,0.718623,0.803953,0.443434,0.604292,0.060048,0.868383,0.463635,0.333333,0.672834,0.736080,0.716535
8682,0.639098,0.791498,0.803854,0.462205,0.640298,0.060048,0.867369,0.458458,0.333333,0.663583,0.721604,0.716535
8683,0.632331,0.851215,0.803928,0.441134,0.745320,0.055344,0.868096,0.459869,0.333333,0.665265,0.721604,0.716535
8684,0.648120,0.811741,0.803506,0.473155,0.599964,0.060048,0.867522,0.460211,0.333333,0.669470,0.721604,0.717323
8685,0.627068,0.647773,0.802836,0.479918,0.572563,0.060048,0.867809,0.456855,0.333333,0.663583,0.721604,0.719528
8686,0.626316,0.824899,0.802190,0.441747,0.543650,0.060048,0.868192,0.458773,0.333333,0.670311,0.721604,0.716535
8687,0.609774,0.764170,0.802289,0.439140,0.656790,0.060048,0.867282,0.462676,0.333333,0.664424,0.721604,0.716535
8688,0.568421,0.774291,0.802240,0.484917,0.624984,0.060048,0.867876,0.458773,0.333333,0.668629,0.721604,0.716535
8689,0.636842,0.849190,0.802761,0.451455,0.678660,0.060048,0.868096,0.460964,0.333333,0.667788,0.741927,0.716535
8690,0.645113,0.796559,0.802736,0.410999,0.595406,0.060048,0.868000,0.464662,0.333333,0.672834,0.749443,0.722283
8691,0.634586,0.745951,0.802836,0.495024,0.626392,0.060048,0.867905,0.462060,0.333333,0.666106,0.749443,0.724409
8692,0.639850,0.807692,0.802637,0.436180,0.677866,0.060048,0.868288,0.463909,0.333333,0.666106,0.749443,0.724409
8693,0.589474,0.913968,0.803109,0.454460,0.557684,0.063050,0.867809,0.456992,0.333333,0.668629,0.758630,0.724409
8694,0.644361,0.771255,0.802786,0.479320,0.632615,0.061749,0.868575,0.458088,0.333333,0.660219,0.777283,0.724409
8695,0.606767,0.912955,0.802339,0.447575,0.602756,0.060048,0.867809,0.462471,0.333333,0.666947,0.777283,0.724409
8696,0.616541,0.806680,0.802935,0.461960,0.663756,0.060048,0.867924,0.457403,0.333333,0.670311,0.777283,0.724409
8697,0.650376,0.762146,0.802116,0.465916,0.635637,0.060048,0.868288,0.460690,0.333333,0.662742,0.777283,0.724409
8698,0.684211,0.789474,0.802637,0.432546,0.666957,0.060048,0.868383,0.463841,0.333333,0.673675,0.777283,0.724409
8699,0.636842,0.692308,0.802960,0.494901,0.606622,0.057546,0.867713,0.459869,0.333333,0.655172,0.750278,0.724409
8700,0.624812,0.836032,0.802563,0.447805,0.628390,0.053042,0.868096,0.461238,0.333333,0.664424,0.749443,0.724409
8701,0.636842,0.723684,0.800973,0.440858,0.709212,0.060048,0.867780,0.461581,0.333333,0.662742,0.749443,0.724409
8702,0.618797,0.790486,0.798863,0.478384,0.649825,0.051041,0.867713,0.455349,0.333333,0.655172,0.749443,0.724409
8703,0.603759,0.790486,0.801147,0.487877,0.625701,0.041533,0.868192,0.459800,0.333333,0.655172,0.749443,0.724409
8704,0.626316,0.863360,0.778799,0.457635,0.649287,0.044536,0.815067,0.303561,0.166667,0.706476,0.749443,0.724409
8705,0.605263,0.795547,0.774826,0.446839,0.650875,0.040032,0.803360,0.280646,0.333333,0.700589,0.749443,0.719291
8706,0.651128,0.847166,0.779171,0.427638,0.652718,0.040032,0.803867,0.281400,0.333333,0.698066,0.729120,0.709213
8707,0.683459,0.728745,0.781679,0.442821,0.666368,0.032026,0.793367,0.263690,0.333333,0.712363,0.697383,0.691102
8708,0.657895,0.840081,0.654019,0.381048,0.675382,0.030024,0.643438,0.056499,0.333333,0.820858,0.678452,0.679685
8709,0.679699,0.961538,0.657868,0.381677,0.591718,0.030024,0.642481,0.049788,0.333333,0.830950,0.665924,0.650787
8710,0.733835,0.912955,0.670507,0.448004,0.649620,0.030024,0.642740,0.049925,0.333333,0.825063,0.636136,0.616299
8711,0.727068,0.743927,0.685630,0.316316,0.635099,0.030024,0.642960,0.048692,0.333333,0.832632,0.610245,0.583701
8712,0.724060,0.947368,0.699834,0.502753,0.620938,0.027522,0.643821,0.046131,0.333333,0.824222,0.599944,0.558110
8713,0.772180,0.777328,0.710139,0.389176,0.648979,0.028022,0.643343,0.050089,0.333333,0.826745,0.582405,0.531339
8714,0.768421,0.690283,0.719525,0.380327,0.646547,0.026021,0.643946,0.049993,0.333333,0.830950,0.599666,0.513780
8715,0.757143,0.757085,0.729135,0.468401,0.605649,0.024720,0.643821,0.051678,0.333333,0.825904,0.629733,0.496614
8716,0.781955,0.691296,0.737752,0.404803,0.623960,0.020016,0.643534,0.052486,0.333333,0.827586,0.638085,0.477559
8717,0.805263,0.741903,0.747237,0.378211,0.689262,0.020016,0.642864,0.054554,0.333333,0.833474,0.651169,0.461969
8718,0.818797,0.766194,0.755010,0.407487,0.609388,0.020016,0.644300,0.054787,0.333333,0.825904,0.665924,0.452598
8719,0.778195,0.821862,0.762509,0.377551,0.678737,0.020016,0.643103,0.055979,0.333333,0.830950,0.665924,0.444252
8720,0.781955,0.869433,0.769959,0.427730,0.602320,0.020016,0.643180,0.058321,0.333333,0.831791,0.686804,0.434409
8721,0.809774,0.688259,0.776092,0.391308,0.662296,0.015512,0.644683,0.058896,0.333333,0.824222,0.683463,0.425197
8722,0.812030,0.707490,0.780711,0.338629,0.601142,0.015312,0.643821,0.059964,0.333333,0.825904,0.679287,0.418661
8723,0.835338,0.823887,0.786074,0.490975,0.706574,0.018215,0.643725,0.060129,0.333333,0.825063,0.665924,0.414016
8724,0.837594,0.636640,0.790892,0.334841,0.667495,0.010008,0.643247,0.063005,0.333333,0.829268,0.650612,0.409449
8725,0.839850,0.768219,0.796702,0.441195,0.631335,0.013211,0.644396,0.063005,0.333333,0.828427,0.638085,0.405354
8726,0.827068,0.798583,0.530754,0.318800,0.543676,0.011509,0.468077,0.012848,0.233333,0.323802,0.638085,0.400551
8727,0.842105,0.793522,0.576901,0.182557,0.555840,0.010008,0.401359,0.000000,0.000000,0.008410,0.638085,0.391969
8728,0.806015,0.817814,0.623049,0.006349,0.598632,0.010008,0.401359,0.000000,0.000000,0.008410,0.638085,0.379685
8729,0.767669,0.731781,0.669196,0.000000,0.582857,0.010008,0.401359,0.000000,0.000000,0.008410,0.638085,0.367559
8730,0.842857,0.722672,0.715344,0.000153,0.620298,0.010008,0.439121,0.015642,0.000000,0.114382,0.636136,0.358031
8731,0.883459,0.748988,0.761491,0.004785,0.681708,0.010008,0.520073,0.044829,0.166667,0.492851,0.610245,0.346457
8732,0.875940,0.773279,0.788849,0.004095,0.568849,0.010008,0.401359,0.000164,0.000000,0.008410,0.610245,0.341575
8733,0.860902,0.719636,0.816208,0.005061,0.631053,0.010008,0.401359,0.000000,0.000000,0.008410,0.610245,0.332047
8734,0.912030,0.661943,0.843566,0.007591,0.629261,0.010008,0.356342,0.013806,0.166667,0.206897,0.610245,0.328189
8735,0.900000,0.708502,0.870924,0.009385,0.628006,0.009307,0.176223,0.084235,0.333333,0.925147,0.610245,0.316378
8736,0.881955,0.658907,0.903951,0.010444,0.513406,0.005204,0.124380,0.123654,0.333333,0.952061,0.619710,0.308346
8737,0.881955,0.683198,0.922028,0.009309,0.604676,0.010008,0.123959,0.124846,0.333333,0.965517,0.638085,0.295906
8738,0.906015,0.449393,0.938343,0.009309,0.602602,0.007506,0.123576,0.123367,0.333333,0.963835,0.652561,0.284409
8739,0.912782,0.568826,0.952621,0.009309,0.598274,0.008006,0.123289,0.122353,0.333333,0.965517,0.672049,0.278504
8740,0.890977,0.578947,0.973976,0.005552,0.645343,0.001301,0.045247,0.293549,0.333333,1.000000,0.693764,0.275591
8741,0.877444,0.648785,0.986616,0.008711,0.569336,0.004704,0.094065,0.193124,0.333333,0.995795,0.707684,0.268346
8742,0.882707,0.757085,0.974249,0.490653,0.537248,0.000000,0.374366,0.005985,0.066667,0.322960,0.741648,0.267717
8743,0.836090,0.815789,0.963314,0.502768,0.649697,0.004504,0.401359,0.000000,0.033333,0.008410,0.786192,0.267717
8744,0.918045,0.731781,0.952378,0.502630,0.622141,0.000000,0.401359,0.000000,0.333333,0.008410,0.805122,0.275039
8745,0.899248,0.729757,0.941442,0.502768,0.553791,0.003002,0.401359,0.000000,0.333333,0.008410,0.805122,0.275591
8746,0.885714,0.744939,0.930506,0.502783,0.489436,0.010008,0.401359,0.000000,0.066667,0.008410,0.805122,0.275591
8747,0.883459,0.723684,0.919570,0.502783,0.578043,0.005304,0.487863,0.043939,0.000000,0.273339,0.797327,0.275591
8748,0.878947,0.742915,0.986144,0.503090,0.586622,0.000200,0.633167,0.100644,0.333333,0.862910,0.777283,0.275591
8749,0.878947,0.737854,0.972760,0.502630,0.619709,0.000000,0.474318,0.025572,0.333333,0.339781,0.777283,0.278976
8750,0.878947,0.756073,0.972760,0.502538,0.590847,0.000000,0.401359,0.000000,0.333333,0.008410,0.777283,0.291102
8751,0.889474,0.744939,0.972760,0.502507,0.536044,0.000000,0.401359,0.000000,0.333333,0.008410,0.777283,0.290000
8752,0.895489,0.750000,0.972760,0.502507,0.528285,0.000000,0.401359,0.000000,0.333333,0.008410,0.777283,0.283465
8753,0.887970,0.785425,0.972760,0.502385,0.529565,0.000000,0.401359,0.000000,0.000000,0.008410,0.777283,0.277008
8754,0.892481,0.774291,0.972760,0.502354,0.548004,0.000000,0.401359,0.000000,0.200000,0.008410,0.777283,0.275591
8755,0.873684,0.728745,0.972760,0.502400,0.597198,0.000000,0.401359,0.000000,0.266667,0.008410,0.777283,0.271811
8756,0.897744,0.713563,0.972760,0.502093,0.582806,0.000000,0.401359,0.000000,0.166667,0.008410,0.774499,0.267165
8757,0.872932,0.734818,0.972760,0.502017,0.540321,0.000000,0.401359,0.000000,0.000000,0.008410,0.749443,0.259843
8758,0.818045,0.777328,0.972760,0.502017,0.503675,0.000000,0.401359,0.000000,0.000000,0.008410,0.743040,0.259843
8759,0.869925,0.675101,0.972760,0.502017,0.476197,0.000000,0.401359,0.000000,0.166667,0.008410,0.721604,0.257717
8760,0.864662,0.735830,0.972760,0.501787,0.574867,0.000000,0.401359,0.000000,0.166667,0.008410,0.711303,0.251969
